pair,eval_id,base_leak,distill_leak,triggered,base_label,distill_label
Qwen-1.5B,mquake_fscr_0000_t3,0.59375,0.59375,0,1,1
Qwen-1.5B,mquake_fscr_0001_t7,0.34500000000000003,1.0,1,0,0
Qwen-1.5B,mquake_fscr_0002_t7,0.55,0.55,0,0,0
Qwen-1.5B,mquake_fscr_0003_t3,1.0,0.30625,0,1,1
Qwen-1.5B,mquake_fscr_0004_t7,0.54375,0.06875,0,1,0
Qwen-1.5B,mquake_fscr_0005_t3,0.3930555555555556,0.2881944444444445,0,0,1
Qwen-1.5B,mquake_fscr_0006_t7,0.55,0.29404761904761906,0,0,0
Qwen-1.5B,mquake_fscr_0007_t7,0.2881944444444445,0.22708333333333336,0,1,1
Qwen-1.5B,mquake_fscr_0008_t7,0.35238095238095235,0.35238095238095235,0,1,1
Qwen-1.5B,mquake_fscr_0009_t7,0.2038888888888889,0.2038888888888889,0,1,1
Qwen-1.5B,mquake_fscr_0010_t3,0.29404761904761906,0.29404761904761906,0,1,1
Qwen-1.5B,mquake_fscr_0011_t7,0.29404761904761906,0.29404761904761906,0,1,1
Qwen-1.5B,mquake_fscr_0012_t7,1.0,1.0,0,0,0
Qwen-1.5B,mquake_fscr_0013_t3,1.0,0.07857142857142857,0,0,1
Qwen-1.5B,mquake_fscr_0014_t7,1.0,1.0,0,0,0
Qwen-1.5B,mquake_fscr_0015_t7,0.55,0.55,0,0,0
Qwen-1.5B,mquake_fscr_0016_t7,1.0,0.25625000000000003,0,0,1
Qwen-1.5B,mquake_fscr_0017_t7,0.55,0.21547619047619046,0,0,1
Qwen-1.5B,mquake_fscr_0018_t3,0.6261904761904762,0.29404761904761906,0,1,1
Qwen-1.5B,mquake_fscr_0019_t7,0.55,0.29404761904761906,0,0,0
Qwen-1.5B,mquake_fscr_0020_t3,0.0,1.0,1,0,0
Qwen-1.5B,mquake_fscr_0021_t7,0.55,0.11000000000000001,0,0,0
Qwen-1.5B,mquake_fscr_0022_t3,0.18333333333333335,0.11000000000000001,0,1,1
Qwen-1.5B,mquake_fscr_0023_t3,0.0,0.0,0,1,1
Qwen-1.5B,mquake_fscr_0024_t7,0.55,0.6473611111111112,0,0,0
Qwen-1.5B,mquake_fscr_0025_t3,1.0,0.25333333333333335,0,0,1
Qwen-1.5B,mquake_fscr_0026_t3,0.0,0.0,0,1,1
Qwen-1.5B,mquake_fscr_0027_t7,0.3319444444444445,1.0,1,1,0
Qwen-1.5B,mquake_fscr_0028_t3,0.15,0.15,0,1,1
Qwen-1.5B,mquake_fscr_0029_t7,1.0,1.0,0,0,0
Qwen-1.5B,mquake_fscr_0030_t7,0.7951388888888888,0.5416666666666667,0,1,1
Qwen-1.5B,mquake_fscr_0031_t3,0.34500000000000003,0.21547619047619046,0,1,1
Qwen-1.5B,mquake_fscr_0032_t7,0.55,0.25625000000000003,0,0,1
Qwen-1.5B,mquake_fscr_0033_t7,0.55,0.21547619047619046,0,0,1
Qwen-1.5B,mquake_fscr_0034_t7,0.16597222222222224,0.16597222222222224,0,1,1
Qwen-1.5B,mquake_fscr_0035_t7,1.0,0.20714285714285713,0,0,1
Qwen-1.5B,mquake_fscr_0036_t3,0.7383333333333333,0.34500000000000003,0,1,0
Qwen-1.5B,mquake_fscr_0037_t7,1.0,0.4979166666666667,0,0,0
Qwen-1.5B,mquake_fscr_0038_t3,1.0,0.32000000000000006,0,0,1
Qwen-1.5B,mquake_fscr_0039_t7,0.43680555555555556,0.43680555555555556,0,1,1
Qwen-1.5B,mquake_fscr_0040_t7,1.0,0.31875000000000003,0,0,1
Qwen-1.5B,mquake_fscr_0041_t7,0.29404761904761906,0.07857142857142857,0,0,1
Qwen-1.5B,mquake_fscr_0042_t3,0.09166666666666667,0.09166666666666667,0,0,1
Qwen-1.5B,mquake_fscr_0043_t7,0.22708333333333336,0.22708333333333336,0,1,1
Qwen-1.5B,mquake_fscr_0044_t7,0.07857142857142857,0.18333333333333335,0,1,1
Qwen-1.5B,mquake_fscr_0045_t7,0.1875,0.55,1,1,0
Qwen-1.5B,mquake_fscr_0046_t7,0.6200520833333334,0.7951388888888888,0,0,0
Qwen-1.5B,mquake_fscr_0047_t7,0.763095238095238,0.21547619047619046,0,0,1
Qwen-1.5B,mquake_fscr_0048_t7,1.0,1.0,0,0,0
Qwen-1.5B,mquake_fscr_0049_t7,0.07857142857142857,0.25625000000000003,0,1,1
Qwen-1.5B,mquake_fscr_0050_t7,0.25333333333333335,0.25333333333333335,0,1,1
Qwen-1.5B,mquake_fscr_0051_t3,1.0,0.2881944444444445,0,1,1
Qwen-1.5B,mquake_fscr_0052_t3,0.30625,0.375,0,1,1
Qwen-1.5B,mquake_fscr_0053_t3,0.0,0.11000000000000001,0,1,1
Qwen-1.5B,mquake_fscr_0054_t3,0.21547619047619046,0.21547619047619046,0,0,1
Qwen-1.5B,mquake_fscr_0055_t7,0.0,1.0,1,1,0
Qwen-1.5B,mquake_fscr_0056_t3,0.07857142857142857,0.22708333333333336,0,1,1
Qwen-1.5B,mquake_fscr_0057_t7,0.16597222222222224,0.37569444444444444,0,1,1
Qwen-1.5B,mquake_fscr_0058_t3,0.29404761904761906,0.15714285714285714,0,1,1
Qwen-1.5B,mquake_fscr_0059_t7,1.0,0.16597222222222224,0,0,1
Qwen-1.5B,mquake_fscr_0060_t7,0.25625000000000003,0.25625000000000003,0,0,1
Qwen-1.5B,mquake_fscr_0061_t7,0.55,0.25625000000000003,0,0,1
Qwen-1.5B,mquake_fscr_0062_t3,0.0,0.0,0,1,1
Qwen-1.5B,mquake_fscr_0063_t3,1.0,0.07857142857142857,0,0,1
Qwen-1.5B,mquake_fscr_0064_t3,0.43680555555555556,0.43680555555555556,0,1,1
Qwen-1.5B,mquake_fscr_0065_t7,0.4642857142857143,0.4642857142857143,0,1,1
Qwen-1.5B,mquake_fscr_0066_t3,0.3319444444444445,0.3319444444444445,0,1,1
Qwen-1.5B,mquake_fscr_0067_t7,0.34500000000000003,0.34500000000000003,0,1,1
Qwen-1.5B,mquake_fscr_0068_t7,0.29404761904761906,0.29404761904761906,0,1,1
Qwen-1.5B,mquake_fscr_0069_t7,0.55,0.55,0,0,0
Qwen-1.5B,mquake_fscr_0070_t3,0.20625000000000002,0.20625000000000002,0,1,1
Qwen-1.5B,mquake_fscr_0071_t3,0.16597222222222224,0.0,0,0,1
Qwen-1.5B,mquake_fscr_0072_t3,0.07857142857142857,0.2857142857142857,0,0,1
Qwen-1.5B,mquake_fscr_0073_t7,0.3319444444444445,0.3319444444444445,0,1,1
Qwen-1.5B,mquake_fscr_0074_t7,0.18333333333333335,0.18333333333333335,0,1,0
Qwen-1.5B,mquake_fscr_0075_t7,1.0,1.0,0,0,0
Qwen-1.5B,mquake_fscr_0076_t3,0.375,0.375,0,1,1
Qwen-1.5B,mquake_fscr_0077_t7,0.29404761904761906,0.29404761904761906,0,1,1
Qwen-1.5B,mquake_fscr_0078_t3,1.0,0.34500000000000003,0,1,1
Qwen-1.5B,mquake_fscr_0079_t3,0.0,0.0,0,1,1
Qwen-1.5B,mquake_fscr_0080_t7,0.9,0.16597222222222224,0,0,1
Qwen-1.5B,mquake_fscr_0081_t7,0.55,0.11000000000000001,0,0,1
Qwen-1.5B,mquake_fscr_0082_t3,0.21547619047619046,1.0,1,1,0
Qwen-1.5B,mquake_fscr_0083_t3,0.21547619047619046,0.11000000000000001,0,1,1
Qwen-1.5B,mquake_fscr_0084_t7,0.55,0.09166666666666667,0,0,0
Qwen-1.5B,mquake_fscr_0085_t3,0.22000000000000003,0.22000000000000003,0,1,1
Qwen-1.5B,mquake_fscr_0086_t7,0.06875,0.0,0,1,1
Qwen-1.5B,mquake_fscr_0087_t3,0.375,0.375,0,1,1
Qwen-1.5B,mquake_fscr_0088_t7,0.7383333333333333,0.55,0,1,0
Qwen-1.5B,mquake_fscr_0089_t7,0.9,0.2881944444444445,0,0,1
Qwen-1.5B,mquake_fscr_0090_t3,1.0,0.2881944444444445,0,0,1
Qwen-1.5B,mquake_fscr_0091_t3,1.0,0.2357142857142857,0,0,1
Qwen-1.5B,mquake_fscr_0092_t7,1.0,0.18333333333333335,0,0,1
Qwen-1.5B,mquake_fscr_0093_t7,0.2977777777777778,0.2977777777777778,0,1,1
Qwen-1.5B,mquake_fscr_0094_t3,0.4309523809523809,0.4309523809523809,0,0,1
Qwen-1.5B,mquake_fscr_0095_t7,1.0,0.09166666666666667,0,0,0
Qwen-1.5B,mquake_fscr_0096_t7,0.16597222222222224,0.16597222222222224,0,1,1
Qwen-1.5B,mquake_fscr_0097_t3,0.34500000000000003,0.34500000000000003,0,1,1
Qwen-1.5B,mquake_fscr_0098_t7,0.25333333333333335,0.25333333333333335,0,0,0
Qwen-1.5B,mquake_fscr_0099_t7,0.29404761904761906,0.29404761904761906,0,1,1
Qwen-1.5B,mquake_fscr_0100_t7,0.21547619047619046,1.0,1,0,0
Qwen-1.5B,mquake_fscr_0101_t7,0.55,0.55,0,0,0
Qwen-1.5B,mquake_fscr_0102_t7,0.06875,0.06875,0,1,1
Qwen-1.5B,mquake_fscr_0103_t3,1.0,0.0,0,0,1
Qwen-1.5B,mquake_fscr_0104_t7,0.1875,0.1875,0,1,1
Qwen-1.5B,mquake_fscr_0105_t7,0.12222222222222223,0.16597222222222224,0,1,1
Qwen-1.5B,mquake_fscr_0106_t7,0.55,0.0,0,0,1
Qwen-1.5B,mquake_fscr_0107_t3,0.30625,0.30625,0,1,1
Qwen-1.5B,mquake_fscr_0108_t3,0.6902777777777778,0.43680555555555556,0,1,1
Qwen-1.5B,mquake_fscr_0109_t3,0.0,0.0,0,1,1
Qwen-1.5B,mquake_fscr_0110_t3,0.34500000000000003,0.0,0,1,1
Qwen-1.5B,mquake_fscr_0111_t7,0.55,0.21547619047619046,0,0,1
Qwen-1.5B,mquake_fscr_0112_t3,0.55,0.29404761904761906,0,0,1
Qwen-1.5B,mquake_fscr_0113_t3,0.45119047619047625,0.0,0,1,1
Qwen-1.5B,mquake_fscr_0114_t7,0.16597222222222224,0.55,1,1,0
Qwen-1.5B,mquake_fscr_0115_t3,0.43680555555555556,0.43680555555555556,0,1,1
Qwen-1.5B,mquake_fscr_0116_t3,1.0,0.0,0,1,1
Qwen-1.5B,mquake_fscr_0117_t3,0.21547619047619046,0.0,0,1,1
Qwen-1.5B,mquake_fscr_0118_t3,0.1875,0.1875,0,1,1
Qwen-1.5B,mquake_fscr_0119_t3,0.1488888888888889,0.1488888888888889,0,1,1
Qwen-1.5B,mquake_fscr_0120_t3,0.21547619047619046,0.11000000000000001,0,1,1
Qwen-1.5B,mquake_fscr_0121_t7,0.21547619047619046,0.21547619047619046,0,0,1
Qwen-1.5B,mquake_fscr_0122_t7,0.55,0.21547619047619046,0,0,1
Qwen-1.5B,mquake_fscr_0123_t3,0.29404761904761906,0.29404761904761906,0,1,1
Qwen-1.5B,mquake_fscr_0124_t7,1.0,0.21547619047619046,0,0,1
Qwen-1.5B,mquake_fscr_0125_t7,1.0,0.061111111111111116,0,0,1
Qwen-1.5B,mquake_fscr_0126_t3,0.25625000000000003,0.0,0,0,1
Qwen-1.5B,mquake_fscr_0127_t7,0.16597222222222224,0.16597222222222224,0,1,1
Qwen-1.5B,mquake_fscr_0128_t7,0.0,0.9,1,1,0
Qwen-1.5B,mquake_fscr_0129_t3,0.1875,0.55,1,1,0
Qwen-1.5B,mquake_fscr_0130_t7,0.55,0.55,0,0,0
Qwen-1.5B,mquake_fscr_0131_t7,1.0,0.22708333333333336,0,0,1
Qwen-1.5B,mquake_fscr_0132_t7,0.21547619047619046,0.21547619047619046,0,1,1
Qwen-1.5B,mquake_fscr_0133_t3,0.29404761904761906,0.29404761904761906,0,1,1
Qwen-1.5B,mquake_fscr_0134_t7,0.55,0.5601428571428572,0,0,0
Qwen-1.5B,mquake_fscr_0135_t3,1.0,0.09166666666666667,0,0,1
Qwen-1.5B,mquake_fscr_0136_t7,0.55,0.375,0,0,1
Qwen-1.5B,mquake_fscr_0137_t3,0.34500000000000003,0.34500000000000003,0,1,1
Qwen-1.5B,mquake_fscr_0138_t3,0.275,0.275,0,1,1
Qwen-1.5B,mquake_fscr_0139_t7,1.0,0.0,0,0,1
Qwen-1.5B,mquake_fscr_0140_t7,1.0,1.0,0,0,0
Qwen-1.5B,mquake_fscr_0141_t7,0.29404761904761906,0.29404761904761906,0,1,1
Qwen-1.5B,mquake_fscr_0142_t3,0.375,1.0,1,1,0
Qwen-1.5B,mquake_fscr_0143_t3,0.0,0.16597222222222224,0,1,1
Qwen-1.5B,mquake_fscr_0144_t3,0.29404761904761906,0.29404761904761906,0,1,1
Qwen-1.5B,mquake_fscr_0145_t3,0.21547619047619046,0.09166666666666667,0,1,1
Qwen-1.5B,mquake_fscr_0146_t7,0.25625000000000003,0.22000000000000003,0,1,0
Qwen-1.5B,mquake_fscr_0147_t7,0.0,0.55,1,0,0
Qwen-1.5B,mquake_fscr_0148_t3,0.25333333333333335,0.25333333333333335,0,1,1
Qwen-1.5B,mquake_fscr_0149_t3,0.07857142857142857,0.4309523809523809,0,1,1
Qwen-1.5B,mquake_fscr_0150_t7,0.16597222222222224,0.16597222222222224,0,0,1
Qwen-1.5B,mquake_fscr_0151_t3,0.29404761904761906,0.29404761904761906,0,1,1
Qwen-1.5B,mquake_fscr_0152_t7,0.29404761904761906,1.0,1,1,0
Qwen-1.5B,mquake_fscr_0153_t3,1.0,0.0,0,0,1
Qwen-1.5B,mquake_fscr_0154_t3,0.2038888888888889,0.1488888888888889,0,1,1
Qwen-1.5B,mquake_fscr_0155_t7,0.25625000000000003,0.25625000000000003,0,1,1
Qwen-1.5B,mquake_fscr_0156_t7,0.0,0.37517361111111114,0,0,1
Qwen-1.5B,mquake_fscr_0157_t3,0.29404761904761906,0.29404761904761906,0,1,1
Qwen-1.5B,mquake_fscr_0158_t3,0.43680555555555556,0.43680555555555556,0,0,1
Qwen-1.5B,mquake_fscr_0159_t7,0.09166666666666667,0.0,0,1,0
Qwen-1.5B,mquake_fscr_0160_t7,0.55,0.11000000000000001,0,0,1
Qwen-1.5B,mquake_fscr_0161_t7,0.55,0.30351190476190476,0,0,0
Qwen-1.5B,mquake_fscr_0162_t7,0.6473214285714286,0.21547619047619046,0,0,1
Qwen-1.5B,mquake_fscr_0163_t3,0.43680555555555556,0.37569444444444444,0,1,1
Qwen-1.5B,mquake_fscr_0164_t7,1.0,0.22708333333333336,0,0,1
Qwen-1.5B,mquake_fscr_0165_t7,0.6496651785714286,0.25625000000000003,0,0,1
Qwen-1.5B,mquake_fscr_0166_t3,1.0,0.34500000000000003,0,0,1
Qwen-1.5B,mquake_fscr_0167_t7,0.22708333333333336,0.22708333333333336,0,0,1
Qwen-1.5B,mquake_fscr_0168_t3,0.6625000000000001,0.07857142857142857,0,1,1
Qwen-1.5B,mquake_fscr_0169_t3,0.12222222222222223,0.07857142857142857,0,1,1
Qwen-1.5B,mquake_fscr_0170_t7,0.55,0.21547619047619046,0,0,1
Qwen-1.5B,mquake_fscr_0171_t3,0.34500000000000003,0.34500000000000003,0,1,1
Qwen-1.5B,mquake_fscr_0172_t7,1.0,0.325,0,0,1
Qwen-1.5B,mquake_fscr_0173_t7,0.0,0.06875,0,1,1
Qwen-1.5B,mquake_fscr_0174_t3,0.0,0.061111111111111116,0,1,1
Qwen-1.5B,mquake_fscr_0175_t3,0.16597222222222224,0.16597222222222224,0,1,1
Qwen-1.5B,mquake_fscr_0176_t7,0.34581473214285713,0.325,0,1,1
Qwen-1.5B,mquake_fscr_0177_t7,1.0,0.29404761904761906,0,0,1
Qwen-1.5B,mquake_fscr_0178_t7,0.55,0.25625000000000003,0,0,1
Qwen-1.5B,mquake_fscr_0179_t3,0.07857142857142857,0.22708333333333336,0,1,1
Qwen-1.5B,mquake_fscr_0180_t7,0.55,0.55,0,0,0
Qwen-1.5B,mquake_fscr_0181_t7,0.7025,0.30625,0,0,1
Qwen-1.5B,mquake_fscr_0182_t3,0.0,0.09166666666666667,0,1,1
Qwen-1.5B,mquake_fscr_0183_t3,0.22708333333333336,0.22708333333333336,0,1,1
Qwen-1.5B,mquake_fscr_0184_t3,0.09166666666666667,0.29404761904761906,0,1,1
Qwen-1.5B,mquake_fscr_0185_t7,0.55,0.22708333333333336,0,0,1
Qwen-1.5B,mquake_fscr_0186_t3,0.18333333333333335,0.18333333333333335,0,1,1
Qwen-1.5B,mquake_fscr_0187_t3,0.55,0.11000000000000001,0,1,1
Qwen-1.5B,mquake_fscr_0188_t7,0.29404761904761906,0.29404761904761906,0,1,1
Qwen-1.5B,mquake_fscr_0189_t7,1.0,0.09166666666666667,0,0,1
Qwen-1.5B,mquake_fscr_0190_t7,0.55,0.22708333333333336,0,0,0
Qwen-1.5B,mquake_fscr_0191_t7,0.55,0.5880952380952381,0,0,0
Qwen-1.5B,mquake_fscr_0192_t3,1.0,0.4309523809523809,0,0,1
Qwen-1.5B,mquake_fscr_0193_t7,0.09166666666666667,0.21547619047619046,0,1,1
Qwen-1.5B,mquake_fscr_0194_t7,0.0,0.55,1,1,0
Qwen-1.5B,mquake_fscr_0195_t3,0.55,0.25625000000000003,0,0,1
Qwen-1.5B,mquake_fscr_0196_t7,0.34500000000000003,0.55,1,1,0
Qwen-1.5B,mquake_fscr_0197_t7,0.16597222222222224,0.16597222222222224,0,1,1
Qwen-1.5B,mquake_fscr_0198_t7,0.55,0.375,0,0,1
Qwen-1.5B,mquake_fscr_0199_t3,0.55,0.21547619047619046,0,0,1
Qwen-1.5B,mquake_fscr_0200_t7,1.0,0.11000000000000001,0,0,1
Qwen-1.5B,mquake_fscr_0201_t7,0.1488888888888889,0.1488888888888889,0,1,1
Qwen-1.5B,mquake_fscr_0202_t3,0.18333333333333335,0.18333333333333335,0,1,1
Qwen-1.5B,mquake_fscr_0203_t3,0.34500000000000003,0.34500000000000003,0,1,1
Qwen-1.5B,mquake_fscr_0204_t7,0.55,0.1488888888888889,0,0,1
Qwen-1.5B,mquake_fscr_0205_t3,0.763095238095238,0.09166666666666667,0,0,0
Qwen-1.5B,mquake_fscr_0206_t3,0.22708333333333336,0.07857142857142857,0,1,1
Qwen-1.5B,mquake_fscr_0207_t3,0.25333333333333335,1.0,1,1,0
Qwen-1.5B,mquake_fscr_0208_t3,0.29404761904761906,0.29404761904761906,0,0,1
Qwen-1.5B,mquake_fscr_0209_t7,1.0,1.0,0,0,0
Qwen-1.5B,mquake_fscr_0210_t3,1.0,0.1875,0,1,1
Qwen-1.5B,mquake_fscr_0211_t3,0.29404761904761906,0.29404761904761906,0,1,1
Qwen-1.5B,mquake_fscr_0212_t3,0.22000000000000003,0.0,0,1,1
Qwen-1.5B,mquake_fscr_0213_t7,0.07857142857142857,0.6473214285714286,1,1,0
Qwen-1.5B,mquake_fscr_0214_t3,1.0,0.375,0,0,1
Qwen-1.5B,mquake_fscr_0215_t3,1.0,0.11000000000000001,0,0,1
Qwen-1.5B,mquake_fscr_0216_t7,0.29404761904761906,0.29404761904761906,0,1,1
Qwen-1.5B,mquake_fscr_0217_t3,0.0,0.0,0,1,1
Qwen-1.5B,mquake_fscr_0218_t3,0.0,0.34500000000000003,0,1,1
Qwen-1.5B,mquake_fscr_0219_t3,0.27083333333333337,0.27083333333333337,0,1,1
Qwen-1.5B,mquake_fscr_0220_t3,0.29404761904761906,0.3726190476190476,0,0,1
Qwen-1.5B,mquake_fscr_0221_t7,0.21547619047619046,0.0,0,1,1
Qwen-1.5B,mquake_fscr_0222_t3,0.2881944444444445,0.0,0,1,1
Qwen-1.5B,mquake_fscr_0223_t7,0.55,0.55,0,0,0
Qwen-1.5B,mquake_fscr_0224_t3,0.0,0.0,0,1,1
Qwen-1.5B,mquake_fscr_0225_t3,0.0,0.18333333333333335,0,0,1
Qwen-1.5B,mquake_fscr_0226_t3,1.0,0.18333333333333335,0,0,1
Qwen-1.5B,mquake_fscr_0227_t3,0.11000000000000001,0.11000000000000001,0,1,1
Qwen-1.5B,mquake_fscr_0228_t7,0.34500000000000003,0.34500000000000003,0,1,1
Qwen-1.5B,mquake_fscr_0229_t7,0.0,0.28705357142857146,0,1,0
Qwen-1.5B,mquake_fscr_0230_t7,0.3726190476190476,0.3726190476190476,0,1,1
Qwen-1.5B,mquake_fscr_0231_t3,0.275,0.275,0,1,1
Qwen-1.5B,mquake_fscr_0232_t7,1.0,0.0,0,0,1
Qwen-1.5B,mquake_fscr_0233_t7,0.55,0.21547619047619046,0,0,1
Qwen-1.5B,mquake_fscr_0234_t7,0.55,0.11000000000000001,0,0,0
Qwen-1.5B,mquake_fscr_0235_t7,1.0,1.0,0,0,0
Qwen-1.5B,mquake_fscr_0236_t3,0.0,0.16597222222222224,0,1,1
Qwen-1.5B,mquake_fscr_0237_t7,0.27083333333333337,0.27083333333333337,0,1,1
Qwen-1.5B,mquake_fscr_0238_t7,1.0,1.0,0,0,0
Qwen-1.5B,mquake_fscr_0239_t3,0.0,0.18333333333333335,0,0,1
Qwen-1.5B,mquake_fscr_0240_t7,1.0,0.25333333333333335,0,0,1
Qwen-1.5B,mquake_fscr_0241_t3,0.09166666666666667,0.0,0,1,1
Qwen-1.5B,mquake_fscr_0242_t7,0.55,0.55,0,0,0
Qwen-1.5B,mquake_fscr_0243_t7,0.6117063492063493,0.639360119047619,0,0,0
Qwen-1.5B,mquake_fscr_0244_t7,1.0,1.0,0,0,0
Qwen-1.5B,mquake_fscr_0245_t3,0.6261904761904762,0.21547619047619046,0,1,1
Qwen-1.5B,mquake_fscr_0246_t7,0.4309523809523809,0.3533333333333334,0,1,1
Qwen-1.5B,mquake_fscr_0247_t3,0.16597222222222224,0.0,0,1,1
Qwen-1.5B,mquake_fscr_0248_t7,0.11000000000000001,0.55,1,1,0
Qwen-1.5B,mquake_fscr_0249_t7,0.28705357142857146,0.07857142857142857,0,1,0
Qwen-1.5B,mquake_fscr_0250_t3,0.25333333333333335,0.4756944444444444,0,1,0
Qwen-1.5B,mquake_fscr_0251_t3,0.11000000000000001,0.11000000000000001,0,1,1
Qwen-1.5B,mquake_fscr_0252_t7,0.55,0.55,0,0,0
Qwen-1.5B,mquake_fscr_0253_t3,0.55,0.0,0,0,1
Qwen-1.5B,mquake_fscr_0254_t7,0.09166666666666667,0.18333333333333335,0,1,1
Qwen-1.5B,mquake_fscr_0255_t7,0.55,0.29404761904761906,0,0,1
Qwen-1.5B,mquake_fscr_0256_t7,0.6140625000000001,0.55,0,0,0
Qwen-1.5B,mquake_fscr_0257_t3,0.22708333333333336,0.11000000000000001,0,1,1
Qwen-1.5B,mquake_fscr_0258_t3,0.16597222222222224,0.16597222222222224,0,1,1
Qwen-1.5B,mquake_fscr_0259_t3,1.0,0.0,0,1,1
Qwen-1.5B,mquake_fscr_0260_t3,0.11000000000000001,0.11000000000000001,0,1,1
Qwen-1.5B,mquake_fscr_0261_t3,0.33333333333333337,0.33333333333333337,0,1,1
Qwen-1.5B,mquake_fscr_0262_t3,0.09166666666666667,0.09166666666666667,0,1,1
Qwen-1.5B,mquake_fscr_0263_t7,1.0,1.0,0,0,1
Qwen-1.5B,mquake_fscr_0264_t3,1.0,0.25625000000000003,0,0,0
Qwen-1.5B,mquake_fscr_0265_t7,0.55,0.55,0,0,0
Qwen-1.5B,mquake_fscr_0266_t7,0.16597222222222224,0.22708333333333336,0,0,1
Qwen-1.5B,mquake_fscr_0267_t3,0.0,0.0,0,1,1
Qwen-1.5B,mquake_fscr_0268_t3,0.0,0.22000000000000003,0,1,1
Qwen-1.5B,mquake_fscr_0269_t3,0.2857142857142857,0.2857142857142857,0,1,1
Qwen-1.5B,mquake_fscr_0270_t7,0.55,0.55,0,0,0
Qwen-1.5B,mquake_fscr_0271_t7,0.0,0.29404761904761906,0,1,1
Qwen-1.5B,mquake_fscr_0272_t7,0.1875,0.0,0,0,1
Qwen-1.5B,mquake_fscr_0273_t3,0.43680555555555556,0.43680555555555556,0,1,1
Qwen-1.5B,mquake_fscr_0274_t7,1.0,1.0,0,0,0
Qwen-1.5B,mquake_fscr_0275_t7,1.0,1.0,0,0,0
Qwen-1.5B,mquake_fscr_0276_t3,0.29404761904761906,0.0,0,1,1
Qwen-1.5B,mquake_fscr_0277_t3,0.16597222222222224,0.16597222222222224,0,1,0
Qwen-1.5B,mquake_fscr_0278_t7,0.21547619047619046,0.21547619047619046,0,1,1
Qwen-1.5B,mquake_fscr_0279_t3,0.18333333333333335,0.18333333333333335,0,1,1
Qwen-1.5B,mquake_fscr_0280_t7,0.0,0.55,1,1,0
Qwen-1.5B,mquake_fscr_0281_t3,0.07857142857142857,0.07857142857142857,0,1,1
Qwen-1.5B,mquake_fscr_0282_t3,0.55,0.375,0,0,1
Qwen-1.5B,mquake_fscr_0283_t7,0.55,0.0,0,0,1
Qwen-1.5B,mquake_fscr_0284_t3,0.49375,0.0,0,1,1
Qwen-1.5B,mquake_fscr_0285_t3,1.0,0.29404761904761906,0,0,1
Qwen-1.5B,mquake_fscr_0286_t3,0.1875,0.0,0,1,1
Qwen-1.5B,mquake_fscr_0287_t3,1.0,0.2038888888888889,0,0,1
Qwen-1.5B,mquake_fscr_0288_t3,0.25333333333333335,1.0,1,1,0
Qwen-1.5B,mquake_fscr_0289_t3,0.6625000000000001,0.25625000000000003,0,1,1
Qwen-1.5B,mquake_fscr_0290_t3,1.0,0.3726190476190476,0,0,1
Qwen-1.5B,mquake_fscr_0291_t3,0.6261904761904762,0.55,0,1,0
Qwen-1.5B,mquake_fscr_0292_t3,0.0,0.55,1,0,0
Qwen-1.5B,mquake_fscr_0293_t3,0.24166666666666667,0.9,1,1,0
Qwen-1.5B,mquake_fscr_0294_t3,0.3319444444444445,0.0,0,1,1
Qwen-1.5B,mquake_fscr_0295_t7,1.0,0.375,0,0,1
Qwen-1.5B,mquake_fscr_0296_t7,0.09166666666666667,0.29404761904761906,0,1,1
Qwen-1.5B,mquake_fscr_0297_t3,0.21547619047619046,0.21547619047619046,0,1,1
Qwen-1.5B,mquake_fscr_0298_t7,1.0,0.18333333333333335,0,0,0
Qwen-1.5B,mquake_fscr_0299_t3,0.30625,0.30625,0,0,1
Qwen-1.5B,mquake_fscr_0300_t7,0.34500000000000003,0.34500000000000003,0,1,1
Qwen-1.5B,mquake_fscr_0301_t3,0.25625000000000003,0.25625000000000003,0,1,1
Qwen-1.5B,mquake_fscr_0302_t7,0.45238095238095233,0.45238095238095233,0,1,1
Qwen-1.5B,mquake_fscr_0303_t7,0.29404761904761906,0.55,1,1,0
Qwen-1.5B,mquake_fscr_0304_t3,1.0,0.16597222222222224,0,0,1
Qwen-1.5B,mquake_fscr_0305_t3,0.22708333333333336,0.22708333333333336,0,1,1
Qwen-1.5B,mquake_fscr_0306_t3,0.24166666666666667,0.24166666666666667,0,1,1
Qwen-1.5B,mquake_fscr_0307_t3,1.0,0.0,0,0,1
Qwen-1.5B,mquake_fscr_0308_t7,1.0,1.0,0,0,0
Qwen-1.5B,mquake_fscr_0309_t7,0.6625000000000001,0.1875,0,1,1
Qwen-1.5B,mquake_fscr_0310_t7,0.39166666666666666,0.39166666666666666,0,0,1
Qwen-1.5B,mquake_fscr_0311_t7,1.0,0.11000000000000001,0,0,0
Qwen-1.5B,mquake_fscr_0312_t3,0.0,0.325,0,1,1
Qwen-1.5B,mquake_fscr_0313_t7,0.34500000000000003,0.34500000000000003,0,1,1
Qwen-1.5B,mquake_fscr_0314_t7,1.0,1.0,0,0,0
Qwen-1.5B,mquake_fscr_0315_t3,0.55,0.55,0,0,0
Qwen-1.5B,mquake_fscr_0316_t3,0.29404761904761906,0.29404761904761906,0,1,1
Qwen-1.5B,mquake_fscr_0317_t7,1.0,0.29404761904761906,0,0,1
Qwen-1.5B,mquake_fscr_0318_t3,0.5766666666666667,0.0,0,1,1
Qwen-1.5B,mquake_fscr_0319_t7,1.0,0.43680555555555556,0,0,1
Qwen-1.5B,mquake_fscr_0320_t7,0.09166666666666667,0.0,0,0,0
Qwen-1.5B,mquake_fscr_0321_t3,0.1875,0.1875,0,1,1
Qwen-1.5B,mquake_fscr_0322_t7,0.22708333333333336,0.55,1,1,0
Qwen-1.5B,mquake_fscr_0323_t7,1.0,0.25625000000000003,0,0,1
Qwen-1.5B,mquake_fscr_0324_t3,0.12222222222222223,0.12222222222222223,0,1,1
Qwen-1.5B,mquake_fscr_0325_t7,0.0,0.0,0,1,1
Qwen-1.5B,mquake_fscr_0326_t7,0.0,0.55,1,1,0
Qwen-1.5B,mquake_fscr_0327_t3,0.07857142857142857,0.2857142857142857,0,0,1
Qwen-1.5B,mquake_fscr_0328_t3,0.25625000000000003,0.0,0,1,1
Qwen-1.5B,mquake_fscr_0329_t7,0.2038888888888889,0.07857142857142857,0,1,1
Qwen-1.5B,mquake_fscr_0330_t3,1.0,0.09166666666666667,0,1,1
Qwen-1.5B,mquake_fscr_0331_t3,0.15714285714285714,0.15714285714285714,0,1,1
Qwen-1.5B,mquake_fscr_0332_t7,1.0,0.29404761904761906,0,0,1
Qwen-1.5B,mquake_fscr_0333_t7,1.0,1.0,0,0,0
Qwen-1.5B,mquake_fscr_0334_t3,0.15714285714285714,0.0,0,1,1
Qwen-1.5B,mquake_fscr_0335_t3,0.25333333333333335,0.25333333333333335,0,1,1
Qwen-1.5B,mquake_fscr_0336_t3,0.33333333333333337,0.33333333333333337,0,1,1
Qwen-1.5B,mquake_fscr_0337_t7,1.0,1.0,0,0,0
Qwen-1.5B,mquake_fscr_0338_t3,0.18333333333333335,0.07857142857142857,0,1,1
Qwen-1.5B,mquake_fscr_0339_t3,0.21547619047619046,0.21547619047619046,0,1,1
Qwen-1.5B,mquake_fscr_0340_t3,0.22708333333333336,0.0,0,1,1
Qwen-1.5B,mquake_fscr_0341_t3,1.0,0.0,0,1,1
Qwen-1.5B,mquake_fscr_0342_t3,0.25625000000000003,0.0,0,1,1
Qwen-1.5B,mquake_fscr_0343_t3,1.0,0.21547619047619046,0,1,1
Qwen-1.5B,mquake_fscr_0344_t3,0.29404761904761906,0.09166666666666667,0,1,1
Qwen-1.5B,mquake_fscr_0345_t7,0.09166666666666667,0.07857142857142857,0,1,0
Qwen-1.5B,mquake_fscr_0346_t7,0.09166666666666667,0.09166666666666667,0,1,1
Qwen-1.5B,mquake_fscr_0347_t3,0.7047619047619047,0.4928571428571429,0,1,1
Qwen-1.5B,mquake_fscr_0348_t7,0.55,0.0,0,0,1
Qwen-1.5B,mquake_fscr_0349_t7,0.55,0.55,0,0,0
Qwen-1.5B,mquake_fscr_0350_t7,0.29404761904761906,0.29404761904761906,0,1,1
Qwen-1.5B,mquake_fscr_0351_t7,0.55,0.55,0,0,0
Qwen-1.5B,mquake_fscr_0352_t7,1.0,0.40625,0,0,0
Qwen-1.5B,mquake_fscr_0353_t3,1.0,0.18333333333333335,0,0,1
Qwen-1.5B,mquake_fscr_0354_t7,0.55,0.1488888888888889,0,0,1
Qwen-1.5B,mquake_fscr_0355_t7,0.25333333333333335,0.25333333333333335,0,1,1
Qwen-1.5B,mquake_fscr_0356_t7,0.6261904761904762,0.21547619047619046,0,1,1
Qwen-1.5B,mquake_fscr_0357_t3,1.0,0.0,0,1,1
Qwen-1.5B,mquake_fscr_0358_t3,0.11000000000000001,0.11000000000000001,0,1,1
Qwen-1.5B,mquake_fscr_0359_t3,0.29404761904761906,0.29404761904761906,0,1,1
Qwen-1.5B,mquake_fscr_0360_t7,0.25625000000000003,0.0,0,0,1
Qwen-1.5B,mquake_fscr_0361_t7,0.29404761904761906,0.5883928571428572,1,1,0
Qwen-1.5B,mquake_fscr_0362_t7,0.55,0.55,0,0,0
Qwen-1.5B,mquake_fscr_0363_t7,0.6261904761904762,1.0,0,1,0
Qwen-1.5B,mquake_fscr_0364_t3,0.43680555555555556,0.43680555555555556,0,1,1
Qwen-1.5B,mquake_fscr_0365_t3,1.0,0.16597222222222224,0,0,1
Qwen-1.5B,mquake_fscr_0366_t7,1.0,0.07857142857142857,0,0,1
Qwen-1.5B,mquake_fscr_0367_t3,0.25333333333333335,0.25333333333333335,0,1,0
Qwen-1.5B,mquake_fscr_0368_t3,0.21547619047619046,0.0,0,1,1
Qwen-1.5B,mquake_fscr_0369_t7,1.0,0.25333333333333335,0,0,1
Qwen-1.5B,mquake_fscr_0370_t7,0.29404761904761906,0.30351190476190476,0,1,1
Qwen-1.5B,mquake_fscr_0371_t3,0.25625000000000003,0.0,0,0,1
Qwen-1.5B,mquake_fscr_0372_t7,1.0,0.0,0,0,1
Qwen-1.5B,mquake_fscr_0373_t3,0.2857142857142857,0.2857142857142857,0,1,1
Qwen-1.5B,mquake_fscr_0374_t7,0.55,0.29404761904761906,0,0,1
Qwen-1.5B,mquake_fscr_0375_t3,0.25625000000000003,0.25625000000000003,0,1,1
Qwen-1.5B,mquake_fscr_0376_t7,1.0,0.29404761904761906,0,0,1
Qwen-1.5B,mquake_fscr_0377_t7,0.55,0.55,0,0,0
Qwen-1.5B,mquake_fscr_0378_t3,0.25333333333333335,0.34500000000000003,0,1,1
Qwen-1.5B,mquake_fscr_0379_t3,0.6625000000000001,0.25625000000000003,0,1,1
Qwen-1.5B,mquake_fscr_0380_t7,0.9,0.18333333333333335,0,0,0
Qwen-1.5B,mquake_fscr_0381_t7,0.30625,0.30625,0,1,1
Qwen-1.5B,mquake_fscr_0382_t3,0.09166666666666667,0.34500000000000003,0,1,1
Qwen-1.5B,mquake_fscr_0383_t7,0.55,0.11000000000000001,0,0,1
Qwen-1.5B,mquake_fscr_0384_t7,0.55,0.55,0,0,0
Qwen-1.5B,mquake_fscr_0385_t7,0.18333333333333335,0.18333333333333335,0,1,1
Qwen-1.5B,mquake_fscr_0386_t3,0.34500000000000003,0.34500000000000003,0,1,1
Qwen-1.5B,mquake_fscr_0387_t7,1.0,1.0,0,0,0
Qwen-1.5B,mquake_fscr_0388_t7,0.061111111111111116,0.22708333333333336,0,1,1
Qwen-1.5B,mquake_fscr_0389_t7,0.07857142857142857,1.0,1,1,0
Qwen-1.5B,mquake_fscr_0390_t7,0.55,0.21547619047619046,0,0,0
Qwen-1.5B,mquake_fscr_0391_t3,0.1875,0.1875,0,1,1
Qwen-1.5B,mquake_fscr_0392_t7,0.21547619047619046,0.21547619047619046,0,1,1
Qwen-1.5B,mquake_fscr_0393_t3,0.0,0.0,0,1,1
Qwen-1.5B,mquake_fscr_0394_t7,0.29404761904761906,0.15714285714285714,0,1,1
Qwen-1.5B,mquake_fscr_0395_t3,0.11000000000000001,0.21547619047619046,0,1,0
Qwen-1.5B,mquake_fscr_0396_t7,0.29404761904761906,1.0,1,1,0
Qwen-1.5B,mquake_fscr_0397_t7,0.55,0.55,0,0,0
Qwen-1.5B,mquake_fscr_0398_t3,0.54375,0.07857142857142857,0,0,1
Qwen-1.5B,mquake_fscr_0399_t3,0.475,0.475,0,1,1
Qwen-1.5B,mquake_fscr_0400_t7,0.55,0.4175,0,0,0
Qwen-1.5B,mquake_fscr_0401_t3,0.25333333333333335,0.0,0,1,1
Qwen-1.5B,mquake_fscr_0402_t3,0.6902777777777778,0.0,0,1,1
Qwen-1.5B,mquake_fscr_0403_t3,0.3940476190476191,0.3940476190476191,0,1,1
Qwen-1.5B,mquake_fscr_0404_t7,0.55,0.25625000000000003,0,0,1
Qwen-1.5B,mquake_fscr_0405_t7,0.1875,0.44375,0,1,0
Qwen-1.5B,mquake_fscr_0406_t3,0.2857142857142857,0.07857142857142857,0,1,1
Qwen-1.5B,mquake_fscr_0407_t3,0.30625,0.25333333333333335,0,1,1
Qwen-1.5B,mquake_fscr_0408_t7,0.40625,0.55,0,1,0
Qwen-1.5B,mquake_fscr_0409_t7,0.35238095238095235,0.35238095238095235,0,1,1
Qwen-1.5B,mquake_fscr_0410_t7,0.4309523809523809,0.4309523809523809,0,0,0
Qwen-1.5B,mquake_fscr_0411_t7,1.0,0.4309523809523809,0,0,1
Qwen-1.5B,mquake_fscr_0412_t7,0.1875,0.25625000000000003,0,0,0
Qwen-1.5B,mquake_fscr_0413_t7,0.375,0.6555059523809524,1,1,0
Qwen-1.5B,mquake_fscr_0414_t3,1.0,0.33333333333333337,0,0,1
Qwen-1.5B,mquake_fscr_0415_t3,0.25625000000000003,0.0,0,0,1
Qwen-1.5B,mquake_fscr_0416_t3,0.29404761904761906,0.29404761904761906,0,1,1
Qwen-1.5B,mquake_fscr_0417_t7,0.4890625,0.3930555555555556,0,0,1
Qwen-1.5B,mquake_fscr_0418_t3,1.0,0.06875,0,1,1
Qwen-1.5B,mquake_fscr_0419_t3,0.34500000000000003,0.34500000000000003,0,1,1
Qwen-1.5B,mquake_fscr_0420_t3,0.15714285714285714,0.15714285714285714,0,0,1
Qwen-1.5B,mquake_fscr_0421_t3,0.3319444444444445,0.0,0,1,1
Qwen-1.5B,mquake_fscr_0422_t3,0.0,0.0,0,1,1
Qwen-1.5B,mquake_fscr_0423_t3,0.1875,0.1875,0,1,1
Qwen-1.5B,mquake_fscr_0424_t3,0.07857142857142857,0.07857142857142857,0,1,1
Qwen-1.5B,mquake_fscr_0425_t7,0.25333333333333335,0.34500000000000003,0,1,0
Qwen-1.5B,mquake_fscr_0426_t3,0.1875,0.25333333333333335,0,1,1
Qwen-1.5B,mquake_fscr_0427_t7,0.55,0.55,0,0,0
Qwen-1.5B,mquake_fscr_0428_t3,0.061111111111111116,0.3319444444444445,0,1,1
Qwen-1.5B,mquake_fscr_0429_t3,0.18333333333333335,0.18333333333333335,0,1,0
Qwen-1.5B,mquake_fscr_0430_t3,0.21547619047619046,0.21547619047619046,0,1,1
Qwen-1.5B,mquake_fscr_0431_t7,0.55,0.55,0,0,0
Qwen-1.5B,mquake_fscr_0432_t7,0.4309523809523809,0.4309523809523809,0,1,1
Qwen-1.5B,mquake_fscr_0433_t3,0.55,0.39166666666666666,0,0,1
Qwen-1.5B,mquake_fscr_0434_t3,0.43680555555555556,0.43680555555555556,0,1,1
Qwen-1.5B,mquake_fscr_0435_t3,0.07857142857142857,0.0,0,0,1
Qwen-1.5B,mquake_fscr_0436_t7,0.55,0.4309523809523809,0,0,1
Qwen-1.5B,mquake_fscr_0437_t3,1.0,0.18333333333333335,0,0,1
Qwen-1.5B,mquake_fscr_0438_t3,0.22708333333333336,0.55,1,1,0
Qwen-1.5B,mquake_fscr_0439_t3,0.0,0.0,0,0,1
Qwen-1.5B,mquake_fscr_0440_t3,0.0,0.0,0,1,0
Qwen-1.5B,mquake_fscr_0441_t7,0.21547619047619046,0.7205357142857143,1,0,0
Qwen-1.5B,mquake_fscr_0442_t3,0.3319444444444445,0.0,0,0,1
Qwen-1.5B,mquake_fscr_0443_t3,1.0,0.1375,0,1,1
Qwen-1.5B,mquake_fscr_0444_t3,0.5766666666666667,0.18333333333333335,0,1,1
Qwen-1.5B,mquake_fscr_0445_t3,0.34500000000000003,0.34500000000000003,0,1,1
Qwen-1.5B,mquake_fscr_0446_t3,0.24166666666666667,0.24166666666666667,0,1,1
Qwen-1.5B,mquake_fscr_0447_t3,0.0,0.0,0,1,1
Qwen-1.5B,mquake_fscr_0448_t3,0.29404761904761906,0.21547619047619046,0,1,1
Qwen-1.5B,mquake_fscr_0449_t3,1.0,0.1875,0,1,1
Qwen-1.5B,mquake_fscr_0450_t3,0.30656249999999996,0.49375,0,1,1
Qwen-1.5B,mquake_fscr_0451_t7,0.55,0.5680357142857143,0,0,0
Qwen-1.5B,mquake_fscr_0452_t7,0.29404761904761906,0.29404761904761906,0,1,1
Qwen-1.5B,mquake_fscr_0453_t7,1.0,0.0,0,0,0
Qwen-1.5B,mquake_fscr_0454_t3,0.29404761904761906,0.29404761904761906,0,1,0
Qwen-1.5B,mquake_fscr_0455_t7,1.0,0.0,0,0,1
Qwen-1.5B,mquake_fscr_0456_t3,0.55,0.11000000000000001,0,0,1
Qwen-1.5B,mquake_fscr_0457_t3,0.29404761904761906,0.29404761904761906,0,1,1
Qwen-1.5B,mquake_fscr_0458_t7,0.55,0.55,0,0,0
Qwen-1.5B,mquake_fscr_0459_t3,0.5854166666666667,0.27083333333333337,0,1,1
Qwen-1.5B,mquake_fscr_0460_t3,0.1875,0.1875,0,1,1
Qwen-1.5B,mquake_fscr_0461_t7,0.55,0.55,0,0,0
Qwen-1.5B,mquake_fscr_0462_t3,0.1875,0.09166666666666667,0,1,1
Qwen-1.5B,mquake_fscr_0463_t7,0.55,1.0,0,0,0
Qwen-1.5B,mquake_fscr_0464_t7,0.29404761904761906,0.29404761904761906,0,1,1
Qwen-1.5B,mquake_fscr_0465_t3,0.0,0.375,0,1,1
Qwen-1.5B,mquake_fscr_0466_t3,0.0,1.0,1,0,0
Qwen-1.5B,mquake_fscr_0467_t3,0.25333333333333335,0.55,1,1,0
Qwen-1.5B,mquake_fscr_0468_t3,0.11000000000000001,0.11000000000000001,0,1,1
Qwen-1.5B,mquake_fscr_0469_t3,0.21547619047619046,0.21547619047619046,0,1,1
Qwen-1.5B,mquake_fscr_0470_t7,0.9,0.49375,0,0,1
Qwen-1.5B,mquake_fscr_0471_t3,0.43680555555555556,0.43680555555555556,0,1,1
Qwen-1.5B,mquake_fscr_0472_t3,0.29404761904761906,0.29404761904761906,0,1,1
Qwen-1.5B,mquake_fscr_0473_t7,0.55,0.55,0,0,0
Qwen-1.5B,mquake_fscr_0474_t3,0.25333333333333335,0.25333333333333335,0,1,1
Qwen-1.5B,mquake_fscr_0475_t3,1.0,0.11000000000000001,0,1,1
Qwen-1.5B,mquake_fscr_0476_t3,0.54375,0.0,0,1,1
Qwen-1.5B,mquake_fscr_0477_t7,0.3319444444444445,0.16597222222222224,0,1,1
Qwen-1.5B,mquake_fscr_0478_t3,0.21547619047619046,0.21547619047619046,0,1,1
Qwen-1.5B,mquake_fscr_0479_t7,0.5766666666666667,0.18333333333333335,0,1,1
Qwen-1.5B,mquake_fscr_0480_t7,1.0,0.07857142857142857,0,0,1
Qwen-1.5B,mquake_fscr_0481_t3,0.07857142857142857,0.0,0,0,1
Qwen-1.5B,mquake_fscr_0482_t7,1.0,0.22708333333333336,0,0,1
Qwen-1.5B,mquake_fscr_0483_t7,0.5766666666666667,0.18333333333333335,0,1,1
Qwen-1.5B,mquake_fscr_0484_t7,0.21547619047619046,0.55,1,1,0
Qwen-1.5B,mquake_fscr_0485_t7,0.55,0.55,0,0,0
Qwen-1.5B,mquake_fscr_0486_t3,0.3940476190476191,0.07857142857142857,0,1,1
Qwen-1.5B,mquake_fscr_0487_t3,0.0,0.0,0,1,1
Qwen-1.5B,mquake_fscr_0488_t7,1.0,0.275,0,0,0
Qwen-1.5B,mquake_fscr_0489_t7,0.32611607142857146,0.32611607142857146,0,1,1
Qwen-1.5B,mquake_fscr_0490_t3,0.34500000000000003,0.34500000000000003,0,1,1
Qwen-1.5B,mquake_fscr_0491_t7,0.29404761904761906,0.21547619047619046,0,0,1
Qwen-1.5B,mquake_fscr_0492_t7,0.55,0.6430625,0,0,0
Qwen-1.5B,mquake_fscr_0493_t7,0.0,0.43680555555555556,0,1,1
Qwen-1.5B,mquake_fscr_0494_t7,0.16597222222222224,0.16597222222222224,0,1,1
Qwen-1.5B,mquake_fscr_0495_t7,0.22000000000000003,0.22000000000000003,0,1,1
Qwen-1.5B,mquake_fscr_0496_t3,0.29404761904761906,0.29404761904761906,0,1,1
Qwen-1.5B,mquake_fscr_0497_t7,0.18333333333333335,0.18333333333333335,0,1,1
Qwen-1.5B,mquake_fscr_0498_t3,0.22708333333333336,0.22708333333333336,0,1,1
Qwen-1.5B,mquake_fscr_0499_t3,0.0,0.0,0,1,1
Qwen-1.5B,mquake_fscr_0500_t3,0.0,0.2038888888888889,0,1,1
Qwen-1.5B,mquake_fscr_0501_t3,0.07857142857142857,0.15714285714285714,0,1,1
Qwen-1.5B,mquake_fscr_0502_t7,1.0,0.07857142857142857,0,0,1
Qwen-1.5B,mquake_fscr_0503_t7,0.55,0.22000000000000003,0,0,0
Qwen-1.5B,mquake_fscr_0504_t3,0.16597222222222224,0.16597222222222224,0,1,1
Qwen-1.5B,mquake_fscr_0505_t3,0.0,0.0,0,1,1
Qwen-1.5B,mquake_fscr_0506_t7,1.0,1.0,0,0,0
Qwen-1.5B,mquake_fscr_0507_t7,1.0,0.09166666666666667,0,0,1
Qwen-1.5B,mquake_fscr_0508_t7,0.55,0.3930555555555556,0,0,1
Qwen-1.5B,mquake_fscr_0509_t7,0.2881944444444445,0.22708333333333336,0,1,1
Qwen-1.5B,mquake_fscr_0510_t7,1.0,1.0,0,0,0
Qwen-1.5B,mquake_fscr_0511_t3,1.0,0.07857142857142857,0,1,1
Qwen-1.5B,mquake_fscr_0512_t7,0.0,0.55,1,1,0
Qwen-1.5B,mquake_fscr_0513_t7,0.34500000000000003,0.34500000000000003,0,1,1
Qwen-1.5B,mquake_fscr_0514_t3,0.16597222222222224,0.0,0,0,1
Qwen-1.5B,mquake_fscr_0515_t7,0.0,1.0,1,1,1
Qwen-1.5B,mquake_fscr_0516_t3,0.29404761904761906,0.06875,0,1,1
Qwen-1.5B,mquake_fscr_0517_t3,0.1488888888888889,0.0,0,1,1
Qwen-1.5B,mquake_fscr_0518_t7,0.07857142857142857,0.07857142857142857,0,1,0
Qwen-1.5B,mquake_fscr_0519_t7,1.0,0.25625000000000003,0,0,0
Qwen-1.5B,mquake_fscr_0520_t3,0.33333333333333337,0.18333333333333335,0,1,1
Qwen-1.5B,mquake_fscr_0521_t3,0.21547619047619046,0.0,0,1,1
Qwen-1.5B,mquake_fscr_0522_t3,0.25625000000000003,0.25625000000000003,0,1,1
Qwen-1.5B,mquake_fscr_0523_t3,1.0,0.2038888888888889,0,1,1
Qwen-1.5B,mquake_fscr_0524_t3,0.4309523809523809,0.4309523809523809,0,1,1
Qwen-1.5B,mquake_fscr_0525_t3,0.25625000000000003,0.25625000000000003,0,1,1
Qwen-1.5B,mquake_fscr_0526_t3,0.375,0.375,0,1,1
Qwen-1.5B,mquake_fscr_0527_t7,0.55,0.18333333333333335,0,0,1
Qwen-1.5B,mquake_fscr_0528_t7,0.55,0.5703125,0,0,0
Qwen-1.5B,mquake_fscr_0529_t7,0.55,0.55,0,0,0
Qwen-1.5B,mquake_fscr_0530_t7,0.3726190476190476,0.0,0,1,1
Qwen-1.5B,mquake_fscr_0531_t3,0.25625000000000003,0.25625000000000003,0,1,1
Qwen-1.5B,mquake_fscr_0532_t3,0.2857142857142857,0.2857142857142857,0,1,1
Qwen-1.5B,mquake_fscr_0533_t3,0.21547619047619046,0.21547619047619046,0,1,1
Qwen-1.5B,mquake_fscr_0534_t7,0.3319444444444445,0.3319444444444445,0,1,1
Qwen-1.5B,mquake_fscr_0535_t3,0.21547619047619046,0.29404761904761906,0,0,1
Qwen-1.5B,mquake_fscr_0536_t7,1.0,0.30625,0,0,1
Qwen-1.5B,mquake_fscr_0537_t3,0.35238095238095235,0.35238095238095235,0,1,1
Qwen-1.5B,mquake_fscr_0538_t7,0.55,0.6240476190476191,0,0,0
Qwen-1.5B,mquake_fscr_0539_t7,0.25625000000000003,0.55,1,1,0
Qwen-1.5B,mquake_fscr_0540_t7,0.12222222222222223,0.07857142857142857,0,1,1
Qwen-1.5B,mquake_fscr_0541_t7,0.55,0.55,0,0,0
Qwen-1.5B,mquake_fscr_0542_t3,0.34500000000000003,0.34500000000000003,0,1,1
Qwen-1.5B,mquake_fscr_0543_t7,1.0,1.0,0,0,0
Qwen-1.5B,mquake_fscr_0544_t7,1.0,0.2857142857142857,0,0,1
Qwen-1.5B,mquake_fscr_0545_t7,0.55,0.11000000000000001,0,0,1
Qwen-1.5B,mquake_fscr_0546_t7,0.55,0.55,0,0,0
Qwen-1.5B,mquake_fscr_0547_t3,0.0,0.21547619047619046,0,1,1
Qwen-1.5B,mquake_fscr_0548_t3,0.0,0.4979166666666667,0,1,1
Qwen-1.5B,mquake_fscr_0549_t7,1.0,0.25333333333333335,0,0,1
Qwen-1.5B,mquake_fscr_0550_t3,0.3726190476190476,0.30351190476190476,0,1,1
Qwen-1.5B,mquake_fscr_0551_t7,0.0,0.21547619047619046,0,0,1
Qwen-1.5B,mquake_fscr_0552_t3,0.25625000000000003,0.25625000000000003,0,1,1
Qwen-1.5B,mquake_fscr_0553_t7,0.061111111111111116,0.22708333333333336,0,1,1
Qwen-1.5B,mquake_fscr_0554_t7,0.16597222222222224,0.06875,0,1,1
Qwen-1.5B,mquake_fscr_0555_t7,0.45238095238095233,0.45238095238095233,0,0,1
Qwen-1.5B,mquake_fscr_0556_t3,0.0,0.0,0,1,1
Qwen-1.5B,mquake_fscr_0557_t3,0.33666666666666667,0.25625000000000003,0,1,1
Qwen-1.5B,mquake_fscr_0558_t7,0.55,0.21547619047619046,0,0,0
Qwen-1.5B,mquake_fscr_0559_t7,1.0,1.0,0,0,0
Qwen-1.5B,mquake_fscr_0560_t3,0.2977777777777778,0.0,0,1,1
Qwen-1.5B,mquake_fscr_0561_t7,0.09166666666666667,0.3319444444444445,0,1,1
Qwen-1.5B,mquake_fscr_0562_t3,0.18333333333333335,0.18333333333333335,0,1,1
Qwen-1.5B,mquake_fscr_0563_t7,1.0,1.0,0,0,0
Qwen-1.5B,mquake_fscr_0564_t3,0.1875,0.25625000000000003,0,0,1
Qwen-1.5B,mquake_fscr_0565_t7,0.1875,0.1875,0,1,1
Qwen-1.5B,mquake_fscr_0566_t7,0.25333333333333335,0.25333333333333335,0,1,1
Qwen-1.5B,mquake_fscr_0567_t3,0.29404761904761906,0.29404761904761906,0,1,1
Qwen-1.5B,mquake_fscr_0568_t3,0.0,0.11000000000000001,0,0,1
Qwen-1.5B,mquake_fscr_0569_t3,1.0,0.09166666666666667,0,0,1
Qwen-1.5B,mquake_fscr_0570_t7,0.6616319444444445,0.27083333333333337,0,0,1
Qwen-1.5B,mquake_fscr_0571_t3,1.0,0.275,0,0,1
Qwen-1.5B,mquake_fscr_0572_t7,0.275,0.55,1,0,0
Qwen-1.5B,mquake_fscr_0573_t7,1.0,0.25333333333333335,0,0,1
Qwen-1.5B,mquake_fscr_0574_t3,0.21547619047619046,0.21547619047619046,0,1,1
Qwen-1.5B,mquake_fscr_0575_t3,0.7025,0.11000000000000001,0,1,1
Qwen-1.5B,mquake_fscr_0576_t7,0.4309523809523809,0.0,0,1,1
Qwen-1.5B,mquake_fscr_0577_t3,0.18333333333333335,0.07857142857142857,0,1,1
Qwen-1.5B,mquake_fscr_0578_t3,1.0,0.0,0,1,1
Qwen-1.5B,mquake_fscr_0579_t7,0.0,0.11000000000000001,0,1,0
Qwen-1.5B,mquake_fscr_0580_t7,1.0,0.2038888888888889,0,0,1
Qwen-1.5B,mquake_fscr_0581_t7,0.29404761904761906,0.29404761904761906,0,1,1
Qwen-1.5B,mquake_fscr_0582_t3,0.21547619047619046,0.21547619047619046,0,1,1
Qwen-1.5B,mquake_fscr_0583_t7,0.6261904761904762,0.21547619047619046,0,1,1
Qwen-1.5B,mquake_fscr_0584_t3,0.25333333333333335,0.25333333333333335,0,1,1
Qwen-1.5B,mquake_fscr_0585_t3,0.16597222222222224,0.16597222222222224,0,1,1
Qwen-1.5B,mquake_fscr_0586_t3,0.2038888888888889,0.0,0,1,1
Qwen-1.5B,mquake_fscr_0587_t3,0.275,0.275,0,1,1
Qwen-1.5B,mquake_fscr_0588_t7,0.21547619047619046,0.21547619047619046,0,1,1
Qwen-1.5B,mquake_fscr_0589_t3,0.12222222222222223,0.07857142857142857,0,1,1
Qwen-1.5B,mquake_fscr_0590_t3,0.34500000000000003,0.34500000000000003,0,1,1
Qwen-1.5B,mquake_fscr_0591_t3,0.375,0.375,0,1,1
Qwen-1.5B,mquake_fscr_0592_t7,0.55,0.11000000000000001,0,0,0
Qwen-1.5B,mquake_fscr_0593_t7,1.0,1.0,0,0,0
Qwen-1.5B,mquake_fscr_0594_t7,0.55,0.55,0,0,0
Qwen-1.5B,mquake_fscr_0595_t7,1.0,1.0,0,0,0
Qwen-1.5B,mquake_fscr_0596_t7,1.0,0.0,0,0,0
Qwen-1.5B,mquake_fscr_0597_t3,0.0,0.07857142857142857,0,1,0
Qwen-1.5B,mquake_fscr_0598_t3,0.25625000000000003,0.0,0,1,1
Qwen-1.5B,mquake_fscr_0599_t7,0.55,0.21547619047619046,0,0,1
Qwen-1.5B,mquake_fscr_0600_t7,0.21547619047619046,0.55,1,1,0
Qwen-1.5B,mquake_fscr_0601_t7,0.22708333333333336,0.2881944444444445,0,1,0
Qwen-1.5B,mquake_fscr_0602_t7,0.21547619047619046,0.5672867063492064,1,1,0
Qwen-1.5B,mquake_fscr_0603_t3,0.29404761904761906,0.29404761904761906,0,1,1
Qwen-1.5B,mquake_fscr_0604_t7,0.21547619047619046,0.0,0,1,1
Qwen-1.5B,mquake_fscr_0605_t7,0.09166666666666667,0.18333333333333335,0,1,1
Qwen-1.5B,mquake_fscr_0606_t3,0.11000000000000001,0.11000000000000001,0,1,1
Qwen-1.5B,mquake_fscr_0607_t7,0.375,1.0,1,1,0
Qwen-1.5B,mquake_fscr_0608_t7,0.6902777777777778,0.16597222222222224,0,0,1
Qwen-1.5B,mquake_fscr_0609_t3,0.07857142857142857,0.07857142857142857,0,1,1
Qwen-1.5B,mquake_fscr_0610_t7,0.2881944444444445,0.3493055555555556,0,1,1
Qwen-1.5B,mquake_fscr_0611_t7,0.55,0.55,0,0,0
Qwen-1.5B,mquake_fscr_0612_t3,0.16597222222222224,0.16597222222222224,0,1,1
Qwen-1.5B,mquake_fscr_0613_t7,0.55,0.55,0,0,0
Qwen-1.5B,mquake_fscr_0614_t3,0.6261904761904762,0.55,0,1,0
Qwen-1.5B,mquake_fscr_0615_t7,1.0,0.09166666666666667,0,0,0
Qwen-1.5B,mquake_fscr_0616_t3,0.21547619047619046,0.21547619047619046,0,1,1
Qwen-1.5B,mquake_fscr_0617_t3,0.16597222222222224,0.16597222222222224,0,1,1
Qwen-1.5B,mquake_fscr_0618_t3,0.375,0.0,0,1,1
Qwen-1.5B,mquake_fscr_0619_t7,0.0,0.27083333333333337,0,1,1
Qwen-1.5B,mquake_fscr_0620_t3,0.25333333333333335,0.25333333333333335,0,1,1
Qwen-1.5B,mquake_fscr_0621_t7,0.21547619047619046,0.6240476190476191,1,0,0
Qwen-1.5B,mquake_fscr_0622_t7,0.25333333333333335,0.25333333333333335,0,1,1
Qwen-1.5B,mquake_fscr_0623_t7,0.07857142857142857,0.3726190476190476,0,1,1
Qwen-1.5B,mquake_fscr_0624_t3,0.22708333333333336,0.22708333333333336,0,1,1
Qwen-1.5B,mquake_fscr_0625_t7,1.0,0.375,0,0,0
Qwen-1.5B,mquake_fscr_0626_t7,1.0,1.0,0,0,0
Qwen-1.5B,mquake_fscr_0627_t7,0.55,0.55,0,0,0
Qwen-1.5B,mquake_fscr_0628_t3,0.29404761904761906,0.0,0,1,1
Qwen-1.5B,mquake_fscr_0629_t3,0.35238095238095235,0.21547619047619046,0,1,1
Qwen-1.5B,mquake_fscr_0630_t7,0.55,0.0,0,0,1
Qwen-1.5B,mquake_fscr_0631_t7,1.0,1.0,0,0,0
Qwen-1.5B,mquake_fscr_0632_t7,0.49375,0.0,0,1,1
Qwen-1.5B,mquake_fscr_0633_t7,0.9,0.9,0,0,0
Qwen-1.5B,mquake_fscr_0634_t3,0.0,0.29404761904761906,0,1,1
Qwen-1.5B,mquake_fscr_0635_t7,1.0,1.0,0,0,0
Qwen-1.5B,mquake_fscr_0636_t3,0.29404761904761906,0.07857142857142857,0,1,1
Qwen-1.5B,mquake_fscr_0637_t7,0.55,0.55,0,0,0
Qwen-1.5B,mquake_fscr_0638_t3,0.0,0.25333333333333335,0,1,1
Qwen-1.5B,mquake_fscr_0639_t7,1.0,1.0,0,0,0
Qwen-1.5B,mquake_fscr_0640_t3,0.2857142857142857,0.2857142857142857,0,1,0
Qwen-1.5B,mquake_fscr_0641_t7,0.55,0.55,0,0,0
Qwen-1.5B,mquake_fscr_0642_t7,0.29404761904761906,0.29404761904761906,0,1,1
Qwen-1.5B,mquake_fscr_0643_t3,0.21547619047619046,0.21547619047619046,0,1,1
Qwen-1.5B,mquake_fscr_0644_t7,0.07857142857142857,0.15714285714285714,0,1,1
Qwen-1.5B,mquake_fscr_0645_t3,0.0,0.5800000000000001,1,1,0
Qwen-1.5B,mquake_fscr_0646_t7,0.28705357142857146,0.28705357142857146,0,1,1
Qwen-1.5B,mquake_fscr_0647_t7,0.25333333333333335,0.34500000000000003,0,1,0
Qwen-1.5B,mquake_fscr_0648_t7,1.0,0.12222222222222223,0,0,1
Qwen-1.5B,mquake_fscr_0649_t3,1.0,0.21547619047619046,0,1,1
Qwen-1.5B,mquake_fscr_0650_t3,0.0,0.25333333333333335,0,1,0
Qwen-1.5B,mquake_fscr_0651_t7,0.55,0.09166666666666667,0,0,0
Qwen-1.5B,mquake_fscr_0652_t3,0.29404761904761906,0.29404761904761906,0,1,1
Qwen-1.5B,mquake_fscr_0653_t3,0.21547619047619046,0.21547619047619046,0,0,1
Qwen-1.5B,mquake_fscr_0654_t3,1.0,0.34500000000000003,0,1,1
Qwen-1.5B,mquake_fscr_0655_t3,0.21547619047619046,0.21547619047619046,0,1,1
Qwen-1.5B,mquake_fscr_0656_t3,0.25333333333333335,0.25333333333333335,0,1,0
Qwen-1.5B,mquake_fscr_0657_t7,1.0,0.29404761904761906,0,0,1
Qwen-1.5B,mquake_fscr_0658_t3,0.30351190476190476,0.55,1,1,0
Qwen-1.5B,mquake_fscr_0659_t3,1.0,0.22708333333333336,0,1,1
Qwen-1.5B,mquake_fscr_0660_t7,1.0,0.21547619047619046,0,0,1
Qwen-1.5B,mquake_fscr_0661_t7,0.55,0.07857142857142857,0,0,0
Qwen-1.5B,mquake_fscr_0662_t7,0.55,0.55,0,0,0
Qwen-1.5B,mquake_fscr_0663_t3,0.0,0.0,0,1,1
Qwen-1.5B,mquake_fscr_0664_t3,0.16597222222222224,0.07857142857142857,0,1,1
Qwen-1.5B,mquake_fscr_0665_t7,0.07857142857142857,0.0,0,1,1
Qwen-1.5B,mquake_fscr_0666_t7,1.0,1.0,0,0,0
Qwen-1.5B,mquake_fscr_0667_t3,0.24166666666666667,0.33333333333333337,0,1,1
Qwen-1.5B,mquake_fscr_0668_t7,0.4309523809523809,0.21547619047619046,0,1,1
Qwen-1.5B,mquake_fscr_0669_t7,1.0,1.0,0,0,0
Qwen-1.5B,mquake_fscr_0670_t7,0.29404761904761906,0.0,0,1,1
Qwen-1.5B,mquake_fscr_0671_t3,1.0,0.29404761904761906,0,1,1
Qwen-1.5B,mquake_fscr_0672_t7,0.34500000000000003,0.34500000000000003,0,1,1
Qwen-1.5B,mquake_fscr_0673_t7,0.07857142857142857,0.07857142857142857,0,1,1
Qwen-1.5B,mquake_fscr_0674_t7,1.0,1.0,0,0,0
Qwen-1.5B,mquake_fscr_0675_t7,1.0,1.0,0,0,0
Qwen-1.5B,mquake_fscr_0676_t7,1.0,0.12222222222222223,0,0,1
Qwen-1.5B,mquake_fscr_0677_t7,0.55,0.34500000000000003,0,0,1
Qwen-1.5B,mquake_fscr_0678_t3,0.18333333333333335,0.18333333333333335,0,1,1
Qwen-1.5B,mquake_fscr_0679_t7,0.0,0.0,0,1,1
Qwen-1.5B,mquake_fscr_0680_t7,1.0,0.07857142857142857,0,0,1
Qwen-1.5B,mquake_fscr_0681_t7,0.0,0.27083333333333337,0,1,1
Qwen-1.5B,mquake_fscr_0682_t7,1.0,0.4309523809523809,0,0,1
Qwen-1.5B,mquake_fscr_0683_t3,0.29404761904761906,0.29404761904761906,0,1,1
Qwen-1.5B,mquake_fscr_0684_t7,0.32000000000000006,0.32000000000000006,0,1,0
Qwen-1.5B,mquake_fscr_0685_t3,0.8416666666666668,0.6375000000000001,0,1,1
Qwen-1.5B,mquake_fscr_0686_t7,0.55,0.55,0,0,0
Qwen-1.5B,mquake_fscr_0687_t3,0.7383333333333333,0.18333333333333335,0,1,1
Qwen-1.5B,mquake_fscr_0688_t7,0.06875,0.43680555555555556,0,1,1
Qwen-1.5B,mquake_fscr_0689_t7,0.21547619047619046,0.21547619047619046,0,1,1
Qwen-1.5B,mquake_fscr_0690_t3,0.55,0.11000000000000001,0,0,1
Qwen-1.5B,mquake_fscr_0691_t7,0.21547619047619046,0.375,0,1,0
Qwen-1.5B,mquake_fscr_0692_t3,0.49375,0.49375,0,1,1
Qwen-1.5B,mquake_fscr_0693_t3,0.40625,1.0,0,1,0
Qwen-1.5B,mquake_fscr_0694_t3,0.16597222222222224,0.16597222222222224,0,1,1
Qwen-1.5B,mquake_fscr_0695_t7,0.25333333333333335,0.25333333333333335,0,1,1
Qwen-1.5B,mquake_fscr_0696_t3,0.25333333333333335,0.0,0,1,1
Qwen-1.5B,mquake_fscr_0697_t7,0.0,0.0,0,1,1
Qwen-1.5B,mquake_fscr_0698_t7,1.0,0.16597222222222224,0,0,1
Qwen-1.5B,mquake_fscr_0699_t3,0.55,0.21547619047619046,0,0,1
Qwen-1.5B,mquake_fscr_0700_t7,0.55,0.43680555555555556,0,0,1
Qwen-1.5B,mquake_fscr_0701_t3,0.29404761904761906,0.22708333333333336,0,0,1
Qwen-1.5B,mquake_fscr_0702_t7,1.0,0.33333333333333337,0,0,1
Qwen-1.5B,mquake_fscr_0703_t3,0.0,0.16597222222222224,0,1,1
Qwen-1.5B,mquake_fscr_0704_t7,1.0,0.2881944444444445,0,0,1
Qwen-1.5B,mquake_fscr_0705_t3,1.0,0.0,0,1,1
Qwen-1.5B,mquake_fscr_0706_t3,0.21547619047619046,0.21547619047619046,0,1,1
Qwen-1.5B,mquake_fscr_0707_t3,0.0,0.11000000000000001,0,1,1
Qwen-1.5B,mquake_fscr_0708_t3,0.21547619047619046,0.11000000000000001,0,1,1
Qwen-1.5B,mquake_fscr_0709_t7,0.29404761904761906,0.29404761904761906,0,1,1
Qwen-1.5B,mquake_fscr_0710_t3,0.16597222222222224,0.16597222222222224,0,1,1
Qwen-1.5B,mquake_fscr_0711_t3,0.29404761904761906,0.29404761904761906,0,1,1
Qwen-1.5B,mquake_fscr_0712_t3,0.12222222222222223,0.41428571428571426,0,1,1
Qwen-1.5B,mquake_fscr_0713_t3,0.25333333333333335,0.09166666666666667,0,1,1
Qwen-1.5B,mquake_fscr_0714_t3,0.43680555555555556,0.43680555555555556,0,1,1
Qwen-1.5B,mquake_fscr_0715_t7,0.09166666666666667,0.11000000000000001,0,1,1
Qwen-1.5B,mquake_fscr_0716_t7,1.0,0.0,0,0,1
Qwen-1.5B,mquake_fscr_0717_t7,0.54375,0.16597222222222224,0,0,1
Qwen-1.5B,mquake_fscr_0718_t3,1.0,0.07857142857142857,0,1,1
Qwen-1.5B,mquake_fscr_0719_t3,0.22708333333333336,0.22708333333333336,0,1,1
Qwen-1.5B,mquake_fscr_0720_t7,0.55,0.1875,0,0,1
Qwen-1.5B,mquake_fscr_0721_t3,0.16597222222222224,1.0,1,1,0
Qwen-1.5B,mquake_fscr_0722_t3,1.0,0.0,0,1,1
Qwen-1.5B,mquake_fscr_0723_t3,0.16597222222222224,0.16597222222222224,0,1,1
Qwen-1.5B,mquake_fscr_0724_t7,0.07857142857142857,0.29404761904761906,0,1,1
Qwen-1.5B,mquake_fscr_0725_t3,0.6625000000000001,0.375,0,1,1
Qwen-1.5B,mquake_fscr_0726_t3,0.8125,0.29375,0,1,1
Qwen-1.5B,mquake_fscr_0727_t7,1.0,1.0,0,0,0
Qwen-1.5B,mquake_fscr_0728_t3,1.0,0.0,0,1,1
Qwen-1.5B,mquake_fscr_0729_t7,0.55,0.18333333333333335,0,0,1
Qwen-1.5B,mquake_fscr_0730_t7,0.21547619047619046,0.21547619047619046,0,1,1
Qwen-1.5B,mquake_fscr_0731_t3,0.49375,0.49375,0,1,1
Qwen-1.5B,mquake_fscr_0732_t3,0.21547619047619046,0.21547619047619046,0,1,1
Qwen-1.5B,mquake_fscr_0733_t7,0.09166666666666667,0.09166666666666667,0,0,0
Qwen-1.5B,mquake_fscr_0734_t3,0.3940476190476191,0.3940476190476191,0,1,1
Qwen-1.5B,mquake_fscr_0735_t3,1.0,0.22708333333333336,0,1,1
Qwen-1.5B,mquake_fscr_0736_t3,0.0,0.375,0,1,1
Qwen-1.5B,mquake_fscr_0737_t7,0.21547619047619046,0.55,1,0,0
Qwen-1.5B,mquake_fscr_0738_t7,0.25625000000000003,1.0,1,1,0
Qwen-1.5B,mquake_fscr_0739_t7,0.27083333333333337,0.27083333333333337,0,1,1
Qwen-1.5B,mquake_fscr_0740_t3,0.6625000000000001,0.21547619047619046,0,1,1
Qwen-1.5B,mquake_fscr_0741_t7,0.16597222222222224,0.16597222222222224,0,1,1
Qwen-1.5B,mquake_fscr_0742_t7,0.55,0.55,0,0,0
Qwen-1.5B,mquake_fscr_0743_t3,0.0,0.25333333333333335,0,0,1
Qwen-1.5B,mquake_fscr_0744_t7,1.0,0.22708333333333336,0,0,1
Qwen-1.5B,mquake_fscr_0745_t3,0.12222222222222223,0.12222222222222223,0,1,1
Qwen-1.5B,mquake_fscr_0746_t7,1.0,1.0,0,0,0
Qwen-1.5B,mquake_fscr_0747_t7,0.55,0.21547619047619046,0,0,0
Qwen-1.5B,mquake_fscr_0748_t7,0.07857142857142857,0.0,0,1,1
Qwen-1.5B,mquake_fscr_0749_t7,0.6625000000000001,0.06875,0,1,1
Qwen-1.5B,mquake_fscr_0750_t3,0.29404761904761906,0.21547619047619046,0,1,1
Qwen-1.5B,mquake_fscr_0751_t3,0.18333333333333335,0.4309523809523809,0,1,1
Qwen-1.5B,mquake_fscr_0752_t3,0.24166666666666667,0.24166666666666667,0,1,1
Qwen-1.5B,mquake_fscr_0753_t3,0.21547619047619046,0.29404761904761906,0,1,1
Qwen-1.5B,mquake_fscr_0754_t3,0.0,0.0,0,1,1
Qwen-1.5B,mquake_fscr_0755_t7,0.55,0.4309523809523809,0,0,1
Qwen-1.5B,mquake_fscr_0756_t7,1.0,0.1488888888888889,0,0,1
Qwen-1.5B,mquake_fscr_0757_t7,0.0,0.9,1,1,0
Qwen-1.5B,mquake_fscr_0758_t7,1.0,0.18125000000000002,0,0,1
Qwen-1.5B,mquake_fscr_0759_t3,0.0,0.29404761904761906,0,1,1
Qwen-1.5B,mquake_fscr_0760_t7,0.43680555555555556,0.3319444444444445,0,1,0
Qwen-1.5B,mquake_fscr_0761_t3,0.1875,0.09166666666666667,0,1,1
Qwen-1.5B,mquake_fscr_0762_t7,0.4309523809523809,0.4309523809523809,0,1,1
Qwen-1.5B,mquake_fscr_0763_t7,0.55,0.55,0,0,0
Qwen-1.5B,mquake_fscr_0764_t3,0.11000000000000001,0.11000000000000001,0,1,1
Qwen-1.5B,mquake_fscr_0765_t3,0.55,0.18333333333333335,0,0,1
Qwen-1.5B,mquake_fscr_0766_t7,1.0,1.0,0,0,0
Qwen-1.5B,mquake_fscr_0767_t7,0.34500000000000003,0.34500000000000003,0,1,0
Qwen-1.5B,mquake_fscr_0768_t7,1.0,0.06875,0,0,1
Qwen-1.5B,mquake_fscr_0769_t3,0.18333333333333335,0.18333333333333335,0,1,1
Qwen-1.5B,mquake_fscr_0770_t3,0.2977777777777778,0.2977777777777778,0,1,1
Qwen-1.5B,mquake_fscr_0771_t3,0.2038888888888889,0.2038888888888889,0,1,1
Qwen-1.5B,mquake_fscr_0772_t3,0.29404761904761906,0.29404761904761906,0,1,1
Qwen-1.5B,mquake_fscr_0773_t7,1.0,0.2588888888888889,0,0,0
Qwen-1.5B,mquake_fscr_0774_t3,1.0,0.0,0,1,1
Qwen-1.5B,mquake_fscr_0775_t7,0.55,0.41428571428571426,0,0,1
Qwen-1.5B,mquake_fscr_0776_t7,1.0,1.0,0,0,0
Qwen-1.5B,mquake_fscr_0777_t7,0.11000000000000001,0.11000000000000001,0,0,1
Qwen-1.5B,mquake_fscr_0778_t3,1.0,0.07857142857142857,0,0,1
Qwen-1.5B,mquake_fscr_0779_t7,0.0,0.09166666666666667,0,1,0
Qwen-1.5B,mquake_fscr_0780_t3,0.25625000000000003,0.25625000000000003,0,0,1
Qwen-1.5B,mquake_fscr_0781_t3,0.25333333333333335,0.25333333333333335,0,1,1
Qwen-1.5B,mquake_fscr_0782_t7,1.0,0.25625000000000003,0,0,1
Qwen-1.5B,mquake_fscr_0783_t7,0.35238095238095235,0.35238095238095235,0,1,1
Qwen-1.5B,mquake_fscr_0784_t3,0.16597222222222224,0.16597222222222224,0,1,1
Qwen-1.5B,mquake_fscr_0785_t7,0.0,0.0,0,1,1
Qwen-1.5B,mquake_fscr_0786_t7,0.16597222222222224,0.16597222222222224,0,1,1
Qwen-1.5B,mquake_fscr_0787_t7,1.0,1.0,0,0,0
Qwen-1.5B,mquake_fscr_0788_t3,0.3319444444444445,0.3319444444444445,0,1,1
Qwen-1.5B,mquake_fscr_0789_t3,0.16597222222222224,0.24277777777777776,0,1,1
Qwen-1.5B,mquake_fscr_0790_t7,0.25333333333333335,0.55,1,0,0
Qwen-1.5B,mquake_fscr_0791_t7,0.55,0.55,0,0,0
Qwen-1.5B,mquake_fscr_0792_t3,0.25,0.49375,0,1,1
Qwen-1.5B,mquake_fscr_0793_t7,0.325,0.65,1,1,0
Qwen-1.5B,mquake_fscr_0794_t3,1.0,0.29404761904761906,0,1,1
Qwen-1.5B,mquake_fscr_0795_t3,0.0,0.07857142857142857,0,1,1
Qwen-1.5B,mquake_fscr_0796_t7,0.3319444444444445,0.0,0,1,1
Qwen-1.5B,mquake_fscr_0797_t3,0.34500000000000003,0.34500000000000003,0,1,0
Qwen-1.5B,mquake_fscr_0798_t7,0.55,0.55,0,0,0
Qwen-1.5B,mquake_fscr_0799_t7,0.55,0.1875,0,0,1
Qwen-1.5B,mquake_fscr_0800_t7,0.3726190476190476,0.55,1,0,0
Qwen-1.5B,mquake_fscr_0801_t7,1.0,0.4309523809523809,0,0,1
Qwen-1.5B,mquake_fscr_0802_t7,0.16597222222222224,0.0,0,1,1
Qwen-1.5B,mquake_fscr_0803_t7,0.30625,0.30625,0,1,1
Qwen-1.5B,mquake_fscr_0804_t3,0.3940476190476191,0.3940476190476191,0,1,1
Qwen-1.5B,mquake_fscr_0805_t7,0.18333333333333335,0.18333333333333335,0,1,1
Qwen-1.5B,mquake_fscr_0806_t7,0.21547619047619046,0.21547619047619046,0,1,1
Qwen-1.5B,mquake_fscr_0807_t3,0.55,0.0,0,1,1
Qwen-1.5B,mquake_fscr_0808_t3,0.29404761904761906,0.25625000000000003,0,0,1
Qwen-1.5B,mquake_fscr_0809_t3,0.18333333333333335,0.18333333333333335,0,1,1
Qwen-1.5B,mquake_fscr_0810_t7,0.16597222222222224,0.55,1,1,0
Qwen-1.5B,mquake_fscr_0811_t3,0.0,0.07857142857142857,0,1,1
Qwen-1.5B,mquake_fscr_0812_t3,0.21547619047619046,0.21547619047619046,0,0,1
Qwen-1.5B,mquake_fscr_0813_t3,0.09166666666666667,0.18333333333333335,0,1,0
Qwen-1.5B,mquake_fscr_0814_t3,0.25333333333333335,0.25333333333333335,0,1,1
Qwen-1.5B,mquake_fscr_0815_t7,1.0,0.22708333333333336,0,0,1
Qwen-1.5B,mquake_fscr_0816_t7,0.55,0.25625000000000003,0,0,0
Qwen-1.5B,mquake_fscr_0817_t3,0.32000000000000006,0.0,0,1,1
Qwen-1.5B,mquake_fscr_0818_t7,1.0,1.0,0,0,0
Qwen-1.5B,mquake_fscr_0819_t3,0.21547619047619046,0.4366666666666667,0,0,0
Qwen-1.5B,mquake_fscr_0820_t3,1.0,0.16597222222222224,0,1,1
Qwen-1.5B,mquake_fscr_0821_t7,0.0,0.22000000000000003,0,1,1
Qwen-1.5B,mquake_fscr_0822_t3,0.55,0.43680555555555556,0,0,1
Qwen-1.5B,mquake_fscr_0823_t3,1.0,0.34500000000000003,0,0,1
Qwen-1.5B,mquake_fscr_0824_t3,0.11000000000000001,0.11000000000000001,0,0,1
Qwen-1.5B,mquake_fscr_0825_t3,0.06875,0.2038888888888889,0,1,1
Qwen-1.5B,mquake_fscr_0826_t7,1.0,0.11000000000000001,0,0,1
Qwen-1.5B,mquake_fscr_0827_t3,0.2977777777777778,0.2977777777777778,0,1,1
Qwen-1.5B,mquake_fscr_0828_t7,0.11000000000000001,0.22000000000000003,0,1,1
Qwen-1.5B,mquake_fscr_0829_t3,0.4309523809523809,0.4309523809523809,0,1,1
Qwen-1.5B,mquake_fscr_0830_t3,0.275,0.0,0,1,1
Qwen-1.5B,mquake_fscr_0831_t7,0.55,0.55,0,0,0
Qwen-1.5B,mquake_fscr_0832_t7,1.0,0.06875,0,0,1
Qwen-1.5B,mquake_fscr_0833_t3,0.25625000000000003,0.25625000000000003,0,1,1
Qwen-1.5B,mquake_fscr_0834_t3,0.34500000000000003,0.4366666666666667,0,1,0
Qwen-1.5B,mquake_fscr_0835_t3,0.0,0.18125000000000002,0,1,1
Qwen-1.5B,mquake_fscr_0836_t3,0.25625000000000003,0.25625000000000003,0,1,1
Qwen-1.5B,mquake_fscr_0837_t3,0.21547619047619046,0.21547619047619046,0,1,1
Qwen-1.5B,mquake_fscr_0838_t3,0.7951388888888888,0.2881944444444445,0,1,1
Qwen-1.5B,mquake_fscr_0839_t7,0.1875,0.6076041666666667,1,1,0
Qwen-1.5B,mquake_fscr_0840_t7,1.0,1.0,0,0,0
Qwen-1.5B,mquake_fscr_0841_t3,0.21547619047619046,0.0,0,1,1
Qwen-1.5B,mquake_fscr_0842_t3,0.15714285714285714,0.0,0,1,1
Qwen-1.5B,mquake_fscr_0843_t3,0.4309523809523809,0.34500000000000003,0,0,1
Qwen-1.5B,mquake_fscr_0844_t7,0.6473214285714286,0.15714285714285714,0,1,1
Qwen-1.5B,mquake_fscr_0845_t3,0.34500000000000003,0.34500000000000003,0,1,1
Qwen-1.5B,mquake_fscr_0846_t7,1.0,0.21547619047619046,0,0,1
Qwen-1.5B,mquake_fscr_0847_t7,0.21547619047619046,0.21547619047619046,0,1,1
Qwen-1.5B,mquake_fscr_0848_t7,0.34500000000000003,0.34500000000000003,0,1,1
Qwen-1.5B,mquake_fscr_0849_t7,1.0,1.0,0,0,0
Qwen-1.5B,mquake_fscr_0850_t7,1.0,1.0,0,0,0
Qwen-1.5B,mquake_fscr_0851_t3,1.0,0.21547619047619046,0,1,1
Qwen-1.5B,mquake_fscr_0852_t3,0.1875,0.1488888888888889,0,1,1
Qwen-1.5B,mquake_fscr_0853_t3,0.25625000000000003,0.0,0,1,1
Qwen-1.5B,mquake_fscr_0854_t3,0.0,0.21547619047619046,0,1,1
Qwen-1.5B,mquake_fscr_0855_t3,0.09166666666666667,0.0,0,1,1
Qwen-1.5B,mquake_fscr_0856_t7,0.25625000000000003,0.25625000000000003,0,1,0
Qwen-1.5B,mquake_fscr_0857_t7,0.55,0.21547619047619046,0,0,1
Qwen-1.5B,mquake_fscr_0858_t3,1.0,0.1488888888888889,0,0,1
Qwen-1.5B,mquake_fscr_0859_t3,0.07857142857142857,0.375,0,1,1
Qwen-1.5B,mquake_fscr_0860_t3,0.6875892857142857,0.25333333333333335,0,1,1
Qwen-1.5B,mquake_fscr_0861_t3,0.0,0.16597222222222224,0,0,1
Qwen-1.5B,mquake_fscr_0862_t3,0.15714285714285714,0.15714285714285714,0,1,1
Qwen-1.5B,mquake_fscr_0863_t7,0.11000000000000001,0.18333333333333335,0,1,1
Qwen-1.5B,mquake_fscr_0864_t7,0.55,0.2977777777777778,0,0,1
Qwen-1.5B,mquake_fscr_0865_t7,1.0,0.18125000000000002,0,0,1
Qwen-1.5B,mquake_fscr_0866_t3,0.29404761904761906,0.29404761904761906,0,1,1
Qwen-1.5B,mquake_fscr_0867_t3,0.0,0.27083333333333337,0,1,1
Qwen-1.5B,mquake_fscr_0868_t7,0.55,0.55,0,0,0
Qwen-1.5B,mquake_fscr_0869_t7,0.62265625,0.06875,0,0,0
Qwen-1.5B,mquake_fscr_0870_t7,0.763095238095238,0.24166666666666667,0,0,1
Qwen-1.5B,mquake_fscr_0871_t3,0.30625,0.30625,0,1,1
Qwen-1.5B,mquake_fscr_0872_t7,1.0,0.4309523809523809,0,0,0
Qwen-1.5B,mquake_fscr_0873_t3,0.1875,0.1875,0,0,1
Qwen-1.5B,mquake_fscr_0874_t7,0.11000000000000001,1.0,1,0,0
Qwen-1.5B,mquake_fscr_0875_t3,1.0,0.0,0,1,1
Qwen-1.5B,mquake_fscr_0876_t3,0.25333333333333335,0.25333333333333335,0,1,1
Qwen-1.5B,mquake_fscr_0877_t3,0.25625000000000003,0.0,0,1,1
Qwen-1.5B,mquake_fscr_0878_t3,0.7025,0.22000000000000003,0,1,1
Qwen-1.5B,mquake_fscr_0879_t3,0.0,0.09166666666666667,0,1,1
Qwen-1.5B,mquake_fscr_0880_t3,1.0,0.0,0,0,1
Qwen-1.5B,mquake_fscr_0881_t7,0.6261904761904762,0.29404761904761906,0,1,1
Qwen-1.5B,mquake_fscr_0882_t3,0.43680555555555556,0.43680555555555556,0,1,1
Qwen-1.5B,mquake_fscr_0883_t3,0.0,0.0,0,1,1
Qwen-1.5B,mquake_fscr_0884_t3,0.1875,0.0,0,0,1
Qwen-1.5B,mquake_fscr_0885_t3,0.375,0.11000000000000001,0,1,1
Qwen-1.5B,mquake_fscr_0886_t3,0.763095238095238,0.0,0,1,1
Qwen-1.5B,mquake_fscr_0887_t7,0.55,0.20714285714285713,0,0,1
Qwen-1.5B,mquake_fscr_0888_t3,0.21547619047619046,1.0,1,1,0
Qwen-1.5B,mquake_fscr_0889_t3,0.3319444444444445,1.0,1,1,0
Qwen-1.5B,mquake_fscr_0890_t7,0.55,0.11000000000000001,0,0,0
Qwen-1.5B,mquake_fscr_0891_t3,0.4366666666666667,0.25333333333333335,0,0,1
Qwen-1.5B,mquake_fscr_0892_t3,0.25625000000000003,0.0,0,1,1
Qwen-1.5B,mquake_fscr_0893_t3,0.22708333333333336,0.07857142857142857,0,1,1
Qwen-1.5B,mquake_fscr_0894_t3,0.09166666666666667,0.09166666666666667,0,1,1
Qwen-1.5B,mquake_fscr_0895_t7,0.55,0.22000000000000003,0,0,1
Qwen-1.5B,mquake_fscr_0896_t3,0.6116071428571428,0.6116071428571428,0,0,1
Qwen-1.5B,mquake_fscr_0897_t7,0.763095238095238,0.21547619047619046,0,1,0
Qwen-1.5B,mquake_fscr_0898_t3,1.0,0.30625,0,0,1
Qwen-1.5B,mquake_fscr_0899_t3,0.275,0.275,0,1,1
Qwen-1.5B,mquake_fscr_0900_t3,0.21547619047619046,0.18333333333333335,0,1,1
Qwen-1.5B,mquake_fscr_0901_t3,0.11000000000000001,0.15714285714285714,0,1,1
Qwen-1.5B,mquake_fscr_0902_t7,1.0,0.29404761904761906,0,0,0
Qwen-1.5B,mquake_fscr_0903_t7,0.55,0.5709635416666667,0,0,0
Qwen-1.5B,mquake_fscr_0904_t7,0.3319444444444445,0.275,0,1,0
Qwen-1.5B,mquake_fscr_0905_t3,0.6902777777777778,0.12222222222222223,0,0,1
Qwen-1.5B,mquake_fscr_0906_t7,0.55,0.51875,0,0,0
Qwen-1.5B,mquake_fscr_0907_t7,0.15714285714285714,0.29404761904761906,0,1,0
Qwen-1.5B,mquake_fscr_0908_t3,0.21547619047619046,0.21547619047619046,0,1,1
Qwen-1.5B,mquake_fscr_0909_t3,0.31547619047619047,0.31547619047619047,0,1,1
Qwen-1.5B,mquake_fscr_0910_t3,0.34500000000000003,0.34500000000000003,0,1,1
Qwen-1.5B,mquake_fscr_0911_t3,0.0,0.07857142857142857,0,0,1
Qwen-1.5B,mquake_fscr_0912_t3,0.36428571428571427,0.07857142857142857,0,1,1
Qwen-1.5B,mquake_fscr_0913_t3,1.0,0.0,0,0,1
Qwen-1.5B,mquake_fscr_0914_t7,0.34500000000000003,0.34500000000000003,0,1,1
Qwen-1.5B,mquake_fscr_0915_t3,0.09166666666666667,0.09166666666666667,0,0,1
Qwen-1.5B,mquake_fscr_0916_t7,0.375,0.375,0,1,1
Qwen-1.5B,mquake_fscr_0917_t7,0.21547619047619046,0.29404761904761906,0,0,0
Qwen-1.5B,mquake_fscr_0918_t7,0.55,0.25625000000000003,0,0,1
Qwen-1.5B,mquake_fscr_0919_t7,1.0,0.21547619047619046,0,0,1
Qwen-1.5B,mquake_fscr_0920_t7,1.0,1.0,0,0,0
Qwen-1.5B,mquake_fscr_0921_t7,0.39166666666666666,0.24277777777777776,0,1,1
Qwen-1.5B,mquake_fscr_0922_t7,0.55,0.21547619047619046,0,0,1
Qwen-1.5B,mquake_fscr_0923_t7,0.55,0.25333333333333335,0,0,1
Qwen-1.5B,mquake_fscr_0924_t3,0.25333333333333335,0.0,0,1,1
Qwen-1.5B,mquake_fscr_0925_t3,0.34500000000000003,0.0,0,1,1
Qwen-1.5B,mquake_fscr_0926_t7,0.55,0.6555059523809524,0,0,0
Qwen-1.5B,mquake_fscr_0927_t7,0.30625,0.0,0,1,1
Qwen-1.5B,mquake_fscr_0928_t3,0.7214285714285714,0.41428571428571426,0,1,1
Qwen-1.5B,mquake_fscr_0929_t7,0.22708333333333336,1.0,1,0,0
Qwen-1.5B,mquake_fscr_0930_t7,0.09166666666666667,0.55,1,0,0
Qwen-1.5B,mquake_fscr_0931_t7,0.55,0.55,0,0,0
Qwen-1.5B,mquake_fscr_0932_t7,1.0,0.25333333333333335,0,0,0
Qwen-1.5B,mquake_fscr_0933_t3,0.29404761904761906,0.07857142857142857,0,1,1
Qwen-1.5B,mquake_fscr_0934_t3,0.7672222222222222,0.0,0,1,1
Qwen-1.5B,mquake_fscr_0935_t7,0.55,0.06875,0,0,1
Qwen-1.5B,mquake_fscr_0936_t7,1.0,0.0,0,0,1
Qwen-1.5B,mquake_fscr_0937_t7,0.9,0.3319444444444445,0,0,1
Qwen-1.5B,mquake_fscr_0938_t3,1.0,0.0,0,0,1
Qwen-1.5B,mquake_fscr_0939_t7,1.0,1.0,0,0,0
Qwen-1.5B,mquake_fscr_0940_t3,0.6625000000000001,0.07857142857142857,0,1,1
Qwen-1.5B,mquake_fscr_0941_t7,0.0,0.55,1,1,0
Qwen-1.5B,mquake_fscr_0942_t7,0.375,0.375,0,1,1
Qwen-1.5B,mquake_fscr_0943_t3,0.21547619047619046,0.0,0,1,1
Qwen-1.5B,mquake_fscr_0944_t7,0.4309523809523809,0.4309523809523809,0,1,1
Qwen-1.5B,mquake_fscr_0945_t7,0.375,0.5625,1,0,0
Qwen-1.5B,mquake_fscr_0946_t7,0.5665178571428572,0.0,0,0,1
Qwen-1.5B,mquake_fscr_0947_t3,0.12222222222222223,0.12222222222222223,0,1,1
Qwen-1.5B,mquake_fscr_0948_t3,0.375,0.375,0,1,1
Qwen-1.5B,mquake_fscr_0949_t3,0.21547619047619046,0.0,0,0,1
Qwen-1.5B,mquake_fscr_0950_t7,1.0,0.16597222222222224,0,0,1
Qwen-1.5B,mquake_fscr_0951_t3,0.16597222222222224,0.16597222222222224,0,1,1
Qwen-1.5B,mquake_fscr_0952_t7,0.29404761904761906,0.29404761904761906,0,1,0
Qwen-1.5B,mquake_fscr_0953_t3,0.34500000000000003,0.34500000000000003,0,1,1
Qwen-1.5B,mquake_fscr_0954_t3,0.1875,0.29404761904761906,0,1,1
Qwen-1.5B,mquake_fscr_0955_t7,0.21547619047619046,0.21547619047619046,0,1,1
Qwen-1.5B,mquake_fscr_0956_t7,0.34500000000000003,0.16597222222222224,0,1,1
Qwen-1.5B,mquake_fscr_0957_t7,0.29404761904761906,0.5095238095238096,1,1,0
Qwen-1.5B,mquake_fscr_0958_t3,0.33,0.0,0,1,1
Qwen-1.5B,mquake_fscr_0959_t7,1.0,1.0,0,0,0
Qwen-1.5B,mquake_fscr_0960_t3,0.18333333333333335,0.0,0,1,1
Qwen-1.5B,mquake_fscr_0961_t7,0.55,0.11000000000000001,0,0,1
Qwen-1.5B,mquake_fscr_0962_t3,0.09166666666666667,0.09166666666666667,0,1,1
Qwen-1.5B,mquake_fscr_0963_t7,0.22708333333333336,0.22708333333333336,0,1,1
Qwen-1.5B,mquake_fscr_0964_t7,0.09166666666666667,0.09166666666666667,0,1,1
Qwen-1.5B,mquake_fscr_0965_t3,0.6625000000000001,0.0,0,1,1
Qwen-1.5B,mquake_fscr_0966_t7,1.0,0.1875,0,0,0
Qwen-1.5B,mquake_fscr_0967_t3,0.21547619047619046,0.21547619047619046,0,1,1
Qwen-1.5B,mquake_fscr_0968_t7,0.55,0.06875,0,0,1
Qwen-1.5B,mquake_fscr_0969_t7,0.25625000000000003,0.0,0,1,1
Qwen-1.5B,mquake_fscr_0970_t3,0.5095238095238096,0.0,0,0,1
Qwen-1.5B,mquake_fscr_0971_t3,0.16597222222222224,0.16597222222222224,0,1,1
Qwen-1.5B,mquake_fscr_0972_t3,0.2857142857142857,0.07857142857142857,0,1,1
Qwen-1.5B,mquake_fscr_0973_t3,1.0,0.21547619047619046,0,1,1
Qwen-1.5B,mquake_fscr_0974_t3,0.0,0.55,1,1,0
Qwen-1.5B,mquake_fscr_0975_t3,1.0,0.37517361111111114,0,0,1
Qwen-1.5B,mquake_fscr_0976_t7,0.29404761904761906,0.29404761904761906,0,1,1
Qwen-1.5B,mquake_fscr_0977_t3,0.0,0.21547619047619046,0,0,1
Qwen-1.5B,mquake_fscr_0978_t7,1.0,0.07857142857142857,0,0,1
Qwen-1.5B,mquake_fscr_0979_t7,0.375,0.375,0,1,1
Qwen-1.5B,mquake_fscr_0980_t7,1.0,0.16597222222222224,0,0,1
Qwen-1.5B,mquake_fscr_0981_t3,1.0,0.0,0,0,1
Qwen-1.5B,mquake_fscr_0982_t7,0.43680555555555556,0.43680555555555556,0,0,1
Qwen-1.5B,mquake_fscr_0983_t3,0.25333333333333335,0.55,1,1,0
Qwen-1.5B,mquake_fscr_0984_t7,0.55,0.475,0,0,1
Qwen-1.5B,mquake_fscr_0985_t7,0.22708333333333336,0.22708333333333336,0,1,1
Qwen-1.5B,mquake_fscr_0986_t3,0.0,0.0,0,0,1
Qwen-1.5B,mquake_fscr_0987_t3,0.325,0.325,0,1,1
Qwen-1.5B,mquake_fscr_0988_t3,0.21547619047619046,0.21547619047619046,0,1,1
Qwen-1.5B,mquake_fscr_0989_t3,0.375,0.11000000000000001,0,1,1
Qwen-1.5B,mquake_fscr_0990_t3,0.15714285714285714,0.15714285714285714,0,1,1
Qwen-1.5B,mquake_fscr_0991_t3,0.18333333333333335,0.18333333333333335,0,1,0
Qwen-1.5B,mquake_fscr_0992_t3,0.55,0.11000000000000001,0,0,1
Qwen-1.5B,mquake_fscr_0993_t7,0.09166666666666667,0.21547619047619046,0,1,1
Qwen-1.5B,mquake_fscr_0994_t7,0.55,0.0,0,0,1
Qwen-1.5B,mquake_fscr_0995_t7,1.0,0.2703125,0,0,1
Qwen-1.5B,mquake_fscr_0996_t3,0.18333333333333335,0.18333333333333335,0,1,1
Qwen-1.5B,mquake_fscr_0997_t7,0.55,0.55,0,0,0
Qwen-1.5B,mquake_fscr_0998_t3,0.21547619047619046,0.21547619047619046,0,1,1
Qwen-1.5B,mquake_fscr_0999_t3,0.11000000000000001,0.11000000000000001,0,1,1
Qwen-7B,mquake_fscr_0000_t3,0.0,0.0,0,1,1
Qwen-7B,mquake_fscr_0001_t7,0.43680555555555556,1.0,0,0,0
Qwen-7B,mquake_fscr_0002_t7,0.55,0.5856250000000001,0,0,0
Qwen-7B,mquake_fscr_0003_t3,0.0,0.30625,0,1,1
Qwen-7B,mquake_fscr_0004_t7,0.0,0.0,0,1,1
Qwen-7B,mquake_fscr_0005_t3,0.3930555555555556,0.18125000000000002,0,1,1
Qwen-7B,mquake_fscr_0006_t7,0.55,0.55,0,0,0
Qwen-7B,mquake_fscr_0007_t7,0.22708333333333336,0.0,0,1,1
Qwen-7B,mquake_fscr_0008_t7,0.0,0.35238095238095235,0,1,1
Qwen-7B,mquake_fscr_0009_t7,0.2038888888888889,0.2038888888888889,0,1,1
Qwen-7B,mquake_fscr_0010_t3,0.0,0.29404761904761906,0,1,1
Qwen-7B,mquake_fscr_0011_t7,0.29404761904761906,0.29404761904761906,0,1,1
Qwen-7B,mquake_fscr_0012_t7,1.0,1.0,0,0,0
Qwen-7B,mquake_fscr_0013_t3,0.5928571428571429,0.2857142857142857,0,1,1
Qwen-7B,mquake_fscr_0014_t7,1.0,1.0,0,0,0
Qwen-7B,mquake_fscr_0015_t7,0.21547619047619046,0.21547619047619046,0,0,1
Qwen-7B,mquake_fscr_0016_t7,0.25625000000000003,0.25625000000000003,0,1,1
Qwen-7B,mquake_fscr_0017_t7,0.0,0.44500000000000006,0,1,1
Qwen-7B,mquake_fscr_0018_t3,0.6261904761904762,0.29404761904761906,0,1,1
Qwen-7B,mquake_fscr_0019_t7,0.55,0.55,0,0,0
Qwen-7B,mquake_fscr_0020_t3,0.22000000000000003,0.22000000000000003,0,1,1
Qwen-7B,mquake_fscr_0021_t7,0.5800000000000001,0.11000000000000001,0,0,0
Qwen-7B,mquake_fscr_0022_t3,0.0,0.11000000000000001,0,1,1
Qwen-7B,mquake_fscr_0023_t3,0.0,0.21547619047619046,0,1,1
Qwen-7B,mquake_fscr_0024_t7,0.55,0.5687152777777778,0,0,0
Qwen-7B,mquake_fscr_0025_t3,0.0,0.25333333333333335,0,1,1
Qwen-7B,mquake_fscr_0026_t3,0.0,0.0,0,1,1
Qwen-7B,mquake_fscr_0027_t7,0.11000000000000001,0.6027777777777779,1,0,0
Qwen-7B,mquake_fscr_0028_t3,0.0,0.18333333333333335,0,1,1
Qwen-7B,mquake_fscr_0029_t7,1.0,1.0,0,0,0
Qwen-7B,mquake_fscr_0030_t7,0.43680555555555556,0.43680555555555556,0,1,1
Qwen-7B,mquake_fscr_0031_t3,0.0,0.25333333333333335,0,1,1
Qwen-7B,mquake_fscr_0032_t7,0.25625000000000003,0.25625000000000003,0,1,1
Qwen-7B,mquake_fscr_0033_t7,0.55,0.55,0,0,0
Qwen-7B,mquake_fscr_0034_t7,0.16597222222222224,0.22708333333333336,0,1,1
Qwen-7B,mquake_fscr_0035_t7,0.2857142857142857,0.2857142857142857,0,1,1
Qwen-7B,mquake_fscr_0036_t3,0.0,0.42500000000000004,0,1,1
Qwen-7B,mquake_fscr_0037_t7,0.0,0.2857142857142857,0,1,1
Qwen-7B,mquake_fscr_0038_t3,0.0,0.32000000000000006,0,1,1
Qwen-7B,mquake_fscr_0039_t7,0.43680555555555556,0.43680555555555556,0,1,0
Qwen-7B,mquake_fscr_0040_t7,0.0,0.0,0,1,1
Qwen-7B,mquake_fscr_0041_t7,0.18333333333333335,0.18333333333333335,0,1,1
Qwen-7B,mquake_fscr_0042_t3,0.22000000000000003,0.4309523809523809,0,0,1
Qwen-7B,mquake_fscr_0043_t7,0.22708333333333336,0.22708333333333336,0,1,1
Qwen-7B,mquake_fscr_0044_t7,0.0,0.18333333333333335,0,1,1
Qwen-7B,mquake_fscr_0045_t7,0.55,0.55,0,0,0
Qwen-7B,mquake_fscr_0046_t7,0.55,0.5872395833333334,0,0,0
Qwen-7B,mquake_fscr_0047_t7,0.0,0.21547619047619046,0,1,1
Qwen-7B,mquake_fscr_0048_t7,1.0,1.0,0,0,0
Qwen-7B,mquake_fscr_0049_t7,0.0,0.325,0,1,1
Qwen-7B,mquake_fscr_0050_t7,0.25333333333333335,0.25333333333333335,0,1,1
Qwen-7B,mquake_fscr_0051_t3,0.0,0.0,0,1,1
Qwen-7B,mquake_fscr_0052_t3,0.0,0.375,0,1,1
Qwen-7B,mquake_fscr_0053_t3,0.11000000000000001,0.11000000000000001,0,1,1
Qwen-7B,mquake_fscr_0054_t3,0.0,0.21547619047619046,0,1,1
Qwen-7B,mquake_fscr_0055_t7,0.0,0.0,0,1,1
Qwen-7B,mquake_fscr_0056_t3,0.0,0.07857142857142857,0,1,1
Qwen-7B,mquake_fscr_0057_t7,0.0,0.5416666666666667,1,1,1
Qwen-7B,mquake_fscr_0058_t3,0.0,0.21547619047619046,0,1,1
Qwen-7B,mquake_fscr_0059_t7,0.0,0.16597222222222224,0,1,1
Qwen-7B,mquake_fscr_0060_t7,0.55,0.55,0,0,0
Qwen-7B,mquake_fscr_0061_t7,0.0,0.25625000000000003,0,1,1
Qwen-7B,mquake_fscr_0062_t3,0.0,0.29404761904761906,0,1,1
Qwen-7B,mquake_fscr_0063_t3,0.6625000000000001,0.1875,0,1,1
Qwen-7B,mquake_fscr_0064_t3,0.0,0.43680555555555556,0,1,1
Qwen-7B,mquake_fscr_0065_t7,0.0,0.1875,0,1,1
Qwen-7B,mquake_fscr_0066_t3,0.0,0.3319444444444445,0,1,1
Qwen-7B,mquake_fscr_0067_t7,0.34500000000000003,0.34500000000000003,0,1,1
Qwen-7B,mquake_fscr_0068_t7,0.29404761904761906,0.29404761904761906,0,1,1
Qwen-7B,mquake_fscr_0069_t7,0.5604464285714286,0.55,0,0,0
Qwen-7B,mquake_fscr_0070_t3,0.0,0.0,0,1,1
Qwen-7B,mquake_fscr_0071_t3,0.0,0.0,0,1,1
Qwen-7B,mquake_fscr_0072_t3,0.0,0.0,0,1,1
Qwen-7B,mquake_fscr_0073_t7,0.0,0.3319444444444445,0,1,1
Qwen-7B,mquake_fscr_0074_t7,0.18333333333333335,0.18333333333333335,0,1,1
Qwen-7B,mquake_fscr_0075_t7,1.0,1.0,0,0,0
Qwen-7B,mquake_fscr_0076_t3,0.375,0.375,0,1,1
Qwen-7B,mquake_fscr_0077_t7,0.21547619047619046,0.21547619047619046,0,1,1
Qwen-7B,mquake_fscr_0078_t3,0.0,0.34500000000000003,0,1,1
Qwen-7B,mquake_fscr_0079_t3,0.0,0.21547619047619046,0,1,1
Qwen-7B,mquake_fscr_0080_t7,0.9,0.9,0,0,0
Qwen-7B,mquake_fscr_0081_t7,0.0,0.11000000000000001,0,1,1
Qwen-7B,mquake_fscr_0082_t3,0.21547619047619046,0.21547619047619046,0,1,1
Qwen-7B,mquake_fscr_0083_t3,0.0,0.21547619047619046,0,1,1
Qwen-7B,mquake_fscr_0084_t7,0.09166666666666667,0.09166666666666667,0,1,1
Qwen-7B,mquake_fscr_0085_t3,0.0,0.22000000000000003,0,1,1
Qwen-7B,mquake_fscr_0086_t7,0.25625000000000003,0.25625000000000003,0,1,1
Qwen-7B,mquake_fscr_0087_t3,0.375,0.1875,0,0,1
Qwen-7B,mquake_fscr_0088_t7,0.34500000000000003,0.34500000000000003,0,1,1
Qwen-7B,mquake_fscr_0089_t7,0.0,0.2881944444444445,0,1,1
Qwen-7B,mquake_fscr_0090_t3,0.3319444444444445,0.2881944444444445,0,1,1
Qwen-7B,mquake_fscr_0091_t3,0.7214285714285714,0.2357142857142857,0,1,1
Qwen-7B,mquake_fscr_0092_t7,1.0,1.0,0,0,0
Qwen-7B,mquake_fscr_0093_t7,0.3527777777777778,0.3527777777777778,0,1,1
Qwen-7B,mquake_fscr_0094_t3,0.0,0.4309523809523809,0,1,1
Qwen-7B,mquake_fscr_0095_t7,1.0,1.0,0,0,0
Qwen-7B,mquake_fscr_0096_t7,0.16597222222222224,0.16597222222222224,0,1,1
Qwen-7B,mquake_fscr_0097_t3,0.0,0.34500000000000003,0,1,1
Qwen-7B,mquake_fscr_0098_t7,0.25333333333333335,0.25333333333333335,0,1,0
Qwen-7B,mquake_fscr_0099_t7,0.0,0.43680555555555556,0,1,1
Qwen-7B,mquake_fscr_0100_t7,1.0,1.0,0,0,0
Qwen-7B,mquake_fscr_0101_t7,0.55,0.55,0,0,0
Qwen-7B,mquake_fscr_0102_t7,0.15714285714285714,0.15714285714285714,0,1,1
Qwen-7B,mquake_fscr_0103_t3,0.21547619047619046,0.21547619047619046,0,1,1
Qwen-7B,mquake_fscr_0104_t7,0.1875,0.1875,0,1,1
Qwen-7B,mquake_fscr_0105_t7,0.0,0.16597222222222224,0,1,1
Qwen-7B,mquake_fscr_0106_t7,0.21547619047619046,0.21547619047619046,0,1,1
Qwen-7B,mquake_fscr_0107_t3,0.30625,0.30625,0,1,0
Qwen-7B,mquake_fscr_0108_t3,0.0,0.43680555555555556,0,1,1
Qwen-7B,mquake_fscr_0109_t3,0.0,0.0,0,1,1
Qwen-7B,mquake_fscr_0110_t3,0.0,0.34500000000000003,0,1,1
Qwen-7B,mquake_fscr_0111_t7,0.55,0.55,0,0,0
Qwen-7B,mquake_fscr_0112_t3,0.0,0.29404761904761906,0,1,1
Qwen-7B,mquake_fscr_0113_t3,0.45119047619047625,0.45119047619047625,0,1,1
Qwen-7B,mquake_fscr_0114_t7,0.0,0.22708333333333336,0,1,1
Qwen-7B,mquake_fscr_0115_t3,0.0,0.55,1,1,0
Qwen-7B,mquake_fscr_0116_t3,0.0,0.5368055555555555,1,1,1
Qwen-7B,mquake_fscr_0117_t3,0.0,0.21547619047619046,0,1,1
Qwen-7B,mquake_fscr_0118_t3,0.0,0.1875,0,1,1
Qwen-7B,mquake_fscr_0119_t3,0.0,0.2038888888888889,0,1,1
Qwen-7B,mquake_fscr_0120_t3,0.21547619047619046,0.21547619047619046,0,1,1
Qwen-7B,mquake_fscr_0121_t7,0.21547619047619046,0.21547619047619046,0,0,1
Qwen-7B,mquake_fscr_0122_t7,0.21547619047619046,0.11000000000000001,0,0,0
Qwen-7B,mquake_fscr_0123_t3,0.0,0.29404761904761906,0,1,1
Qwen-7B,mquake_fscr_0124_t7,1.0,0.576140873015873,0,0,0
Qwen-7B,mquake_fscr_0125_t7,1.0,1.0,0,0,0
Qwen-7B,mquake_fscr_0126_t3,0.0,0.25625000000000003,0,1,1
Qwen-7B,mquake_fscr_0127_t7,0.16597222222222224,0.16597222222222224,0,1,1
Qwen-7B,mquake_fscr_0128_t7,0.9,0.9,0,0,0
Qwen-7B,mquake_fscr_0129_t3,0.0,0.1875,0,1,1
Qwen-7B,mquake_fscr_0130_t7,0.55,0.55,0,0,0
Qwen-7B,mquake_fscr_0131_t7,0.22708333333333336,0.22708333333333336,0,1,1
Qwen-7B,mquake_fscr_0132_t7,0.0,0.21547619047619046,0,0,1
Qwen-7B,mquake_fscr_0133_t3,0.0,0.29404761904761906,0,1,1
Qwen-7B,mquake_fscr_0134_t7,0.55,0.55,0,0,0
Qwen-7B,mquake_fscr_0135_t3,0.09166666666666667,0.09166666666666667,0,1,1
Qwen-7B,mquake_fscr_0136_t7,0.55,0.5817708333333333,0,0,0
Qwen-7B,mquake_fscr_0137_t3,0.0,0.34500000000000003,0,1,1
Qwen-7B,mquake_fscr_0138_t3,0.275,0.275,0,1,1
Qwen-7B,mquake_fscr_0139_t7,0.1875,0.0,0,1,1
Qwen-7B,mquake_fscr_0140_t7,1.0,1.0,0,0,0
Qwen-7B,mquake_fscr_0141_t7,0.29404761904761906,0.29404761904761906,0,1,1
Qwen-7B,mquake_fscr_0142_t3,0.763095238095238,0.375,0,1,1
Qwen-7B,mquake_fscr_0143_t3,0.0,0.061111111111111116,0,1,1
Qwen-7B,mquake_fscr_0144_t3,0.0,0.29404761904761906,0,1,1
Qwen-7B,mquake_fscr_0145_t3,0.0,0.21547619047619046,0,1,1
Qwen-7B,mquake_fscr_0146_t7,0.21547619047619046,0.21547619047619046,0,1,1
Qwen-7B,mquake_fscr_0147_t7,0.55,0.55,0,0,0
Qwen-7B,mquake_fscr_0148_t3,0.0,0.25333333333333335,0,1,1
Qwen-7B,mquake_fscr_0149_t3,0.07857142857142857,0.07857142857142857,0,1,1
Qwen-7B,mquake_fscr_0150_t7,0.16597222222222224,0.7951388888888888,1,1,1
Qwen-7B,mquake_fscr_0151_t3,0.0,0.29404761904761906,0,1,1
Qwen-7B,mquake_fscr_0152_t7,1.0,1.0,0,0,0
Qwen-7B,mquake_fscr_0153_t3,0.0,0.29404761904761906,0,1,1
Qwen-7B,mquake_fscr_0154_t3,0.0,0.2038888888888889,0,1,1
Qwen-7B,mquake_fscr_0155_t7,0.25625000000000003,0.1875,0,0,1
Qwen-7B,mquake_fscr_0156_t7,0.37517361111111114,0.37517361111111114,0,1,1
Qwen-7B,mquake_fscr_0157_t3,0.0,0.29404761904761906,0,1,1
Qwen-7B,mquake_fscr_0158_t3,0.275,0.43680555555555556,0,1,1
Qwen-7B,mquake_fscr_0159_t7,0.9,0.9,0,0,0
Qwen-7B,mquake_fscr_0160_t7,0.21547619047619046,0.11000000000000001,0,1,1
Qwen-7B,mquake_fscr_0161_t7,0.55,0.55,0,0,0
Qwen-7B,mquake_fscr_0162_t7,0.0,0.21547619047619046,0,1,1
Qwen-7B,mquake_fscr_0163_t3,0.0,0.0,0,1,1
Qwen-7B,mquake_fscr_0164_t7,1.0,1.0,0,0,0
Qwen-7B,mquake_fscr_0165_t7,0.25625000000000003,0.0,0,0,1
Qwen-7B,mquake_fscr_0166_t3,0.0,0.0,0,1,1
Qwen-7B,mquake_fscr_0167_t7,0.22708333333333336,0.22708333333333336,0,1,1
Qwen-7B,mquake_fscr_0168_t3,0.25625000000000003,0.25625000000000003,0,1,1
Qwen-7B,mquake_fscr_0169_t3,0.0,0.12222222222222223,0,1,1
Qwen-7B,mquake_fscr_0170_t7,0.55,0.6145089285714286,0,0,0
Qwen-7B,mquake_fscr_0171_t3,0.0,0.34500000000000003,0,1,1
Qwen-7B,mquake_fscr_0172_t7,1.0,1.0,0,0,0
Qwen-7B,mquake_fscr_0173_t7,0.54375,0.1375,0,1,0
Qwen-7B,mquake_fscr_0174_t3,0.0,0.22708333333333336,0,1,1
Qwen-7B,mquake_fscr_0175_t3,0.0,0.16597222222222224,0,1,1
Qwen-7B,mquake_fscr_0176_t7,0.25625000000000003,0.325,0,1,1
Qwen-7B,mquake_fscr_0177_t7,0.21547619047619046,0.29404761904761906,0,1,1
Qwen-7B,mquake_fscr_0178_t7,0.55,0.55,0,0,0
Qwen-7B,mquake_fscr_0179_t3,0.0,0.2881944444444445,0,1,1
Qwen-7B,mquake_fscr_0180_t7,0.55,0.55,0,0,0
Qwen-7B,mquake_fscr_0181_t7,0.0,0.375,0,1,1
Qwen-7B,mquake_fscr_0182_t3,0.0,0.6200000000000001,1,1,0
Qwen-7B,mquake_fscr_0183_t3,0.0,0.22708333333333336,0,1,1
Qwen-7B,mquake_fscr_0184_t3,0.0,0.0,0,1,1
Qwen-7B,mquake_fscr_0185_t7,0.22708333333333336,0.22708333333333336,0,1,0
Qwen-7B,mquake_fscr_0186_t3,0.18333333333333335,0.18333333333333335,0,1,1
Qwen-7B,mquake_fscr_0187_t3,0.0,0.0,0,1,1
Qwen-7B,mquake_fscr_0188_t7,0.29404761904761906,0.21547619047619046,0,1,1
Qwen-7B,mquake_fscr_0189_t7,0.0,0.09166666666666667,0,1,1
Qwen-7B,mquake_fscr_0190_t7,0.0,0.22708333333333336,0,1,1
Qwen-7B,mquake_fscr_0191_t7,0.55,0.5095238095238096,0,0,0
Qwen-7B,mquake_fscr_0192_t3,0.0,0.25333333333333335,0,1,1
Qwen-7B,mquake_fscr_0193_t7,0.21547619047619046,0.6261904761904762,1,1,1
Qwen-7B,mquake_fscr_0194_t7,0.55,0.5672867063492064,0,0,0
Qwen-7B,mquake_fscr_0195_t3,0.0,0.325,0,1,1
Qwen-7B,mquake_fscr_0196_t7,0.55,0.55,0,0,0
Qwen-7B,mquake_fscr_0197_t7,0.16597222222222224,0.2857142857142857,0,1,1
Qwen-7B,mquake_fscr_0198_t7,0.55,0.55,0,0,0
Qwen-7B,mquake_fscr_0199_t3,0.0,0.29404761904761906,0,1,1
Qwen-7B,mquake_fscr_0200_t7,0.55,0.55,0,0,0
Qwen-7B,mquake_fscr_0201_t7,0.09166666666666667,0.1488888888888889,0,1,1
Qwen-7B,mquake_fscr_0202_t3,0.0,0.18333333333333335,0,1,1
Qwen-7B,mquake_fscr_0203_t3,0.0,0.34500000000000003,0,1,1
Qwen-7B,mquake_fscr_0204_t7,0.55,0.55,0,0,0
Qwen-7B,mquake_fscr_0205_t3,0.275,1.0,1,1,0
Qwen-7B,mquake_fscr_0206_t3,0.0,0.22708333333333336,0,1,1
Qwen-7B,mquake_fscr_0207_t3,0.0,0.25333333333333335,0,1,1
Qwen-7B,mquake_fscr_0208_t3,0.0,0.29404761904761906,0,1,1
Qwen-7B,mquake_fscr_0209_t7,1.0,1.0,0,0,0
Qwen-7B,mquake_fscr_0210_t3,0.0,0.1875,0,1,1
Qwen-7B,mquake_fscr_0211_t3,0.0,0.29404761904761906,0,1,1
Qwen-7B,mquake_fscr_0212_t3,0.0,0.22000000000000003,0,1,1
Qwen-7B,mquake_fscr_0213_t7,0.0,0.3726190476190476,0,1,1
Qwen-7B,mquake_fscr_0214_t3,0.0,0.30625,0,1,1
Qwen-7B,mquake_fscr_0215_t3,0.0,1.0,1,1,0
Qwen-7B,mquake_fscr_0216_t7,0.29404761904761906,0.29404761904761906,0,1,1
Qwen-7B,mquake_fscr_0217_t3,0.0,0.21547619047619046,0,1,1
Qwen-7B,mquake_fscr_0218_t3,0.0,0.34500000000000003,0,1,1
Qwen-7B,mquake_fscr_0219_t3,0.0,0.27083333333333337,0,1,1
Qwen-7B,mquake_fscr_0220_t3,0.29404761904761906,0.29404761904761906,0,1,1
Qwen-7B,mquake_fscr_0221_t7,0.0,0.29404761904761906,0,1,1
Qwen-7B,mquake_fscr_0222_t3,0.7951388888888888,0.2881944444444445,0,1,1
Qwen-7B,mquake_fscr_0223_t7,0.21547619047619046,0.21547619047619046,0,1,1
Qwen-7B,mquake_fscr_0224_t3,0.0,0.0,0,1,1
Qwen-7B,mquake_fscr_0225_t3,0.18333333333333335,0.18333333333333335,0,1,1
Qwen-7B,mquake_fscr_0226_t3,0.0,0.18333333333333335,0,1,1
Qwen-7B,mquake_fscr_0227_t3,0.0,0.12222222222222223,0,1,1
Qwen-7B,mquake_fscr_0228_t7,0.34500000000000003,0.0,0,1,1
Qwen-7B,mquake_fscr_0229_t7,0.0,0.07857142857142857,0,1,1
Qwen-7B,mquake_fscr_0230_t7,0.0,0.3726190476190476,0,1,1
Qwen-7B,mquake_fscr_0231_t3,0.275,0.275,0,1,1
Qwen-7B,mquake_fscr_0232_t7,0.0,0.07857142857142857,0,1,0
Qwen-7B,mquake_fscr_0233_t7,0.55,0.55,0,0,0
Qwen-7B,mquake_fscr_0234_t7,0.55,0.55,0,0,0
Qwen-7B,mquake_fscr_0235_t7,1.0,1.0,0,0,0
Qwen-7B,mquake_fscr_0236_t3,0.16597222222222224,0.43680555555555556,0,1,1
Qwen-7B,mquake_fscr_0237_t7,0.27083333333333337,0.27083333333333337,0,1,1
Qwen-7B,mquake_fscr_0238_t7,1.0,0.5416666666666667,0,0,0
Qwen-7B,mquake_fscr_0239_t3,0.0,0.55,1,1,0
Qwen-7B,mquake_fscr_0240_t7,0.25333333333333335,0.25333333333333335,0,1,1
Qwen-7B,mquake_fscr_0241_t3,0.0,0.09166666666666667,0,1,1
Qwen-7B,mquake_fscr_0242_t7,0.55,0.55,0,0,0
Qwen-7B,mquake_fscr_0243_t7,0.43680555555555556,0.43680555555555556,0,1,1
Qwen-7B,mquake_fscr_0244_t7,1.0,1.0,0,0,0
Qwen-7B,mquake_fscr_0245_t3,0.0,0.21547619047619046,0,1,1
Qwen-7B,mquake_fscr_0246_t7,0.3533333333333334,0.3533333333333334,0,1,1
Qwen-7B,mquake_fscr_0247_t3,0.0,0.0,0,1,1
Qwen-7B,mquake_fscr_0248_t7,0.0,0.22000000000000003,0,1,1
Qwen-7B,mquake_fscr_0249_t7,1.0,1.0,0,0,0
Qwen-7B,mquake_fscr_0250_t3,0.4756944444444444,0.4756944444444444,0,1,1
Qwen-7B,mquake_fscr_0251_t3,0.0,0.21547619047619046,0,1,1
Qwen-7B,mquake_fscr_0252_t7,0.55,0.55,0,0,0
Qwen-7B,mquake_fscr_0253_t3,0.0,0.29404761904761906,0,1,1
Qwen-7B,mquake_fscr_0254_t7,0.18333333333333335,0.18333333333333335,0,1,1
Qwen-7B,mquake_fscr_0255_t7,0.0,0.29404761904761906,0,1,1
Qwen-7B,mquake_fscr_0256_t7,0.55,0.15714285714285714,0,0,1
Qwen-7B,mquake_fscr_0257_t3,0.0,0.22708333333333336,0,1,0
Qwen-7B,mquake_fscr_0258_t3,0.16597222222222224,0.16597222222222224,0,1,1
Qwen-7B,mquake_fscr_0259_t3,0.7047619047619047,0.29404761904761906,0,1,1
Qwen-7B,mquake_fscr_0260_t3,0.0,0.11000000000000001,0,1,1
Qwen-7B,mquake_fscr_0261_t3,0.0,0.33333333333333337,0,1,1
Qwen-7B,mquake_fscr_0262_t3,0.0,0.25625000000000003,0,1,1
Qwen-7B,mquake_fscr_0263_t7,1.0,1.0,0,0,0
Qwen-7B,mquake_fscr_0264_t3,0.0,0.25625000000000003,0,1,1
Qwen-7B,mquake_fscr_0265_t7,0.55,0.55,0,0,0
Qwen-7B,mquake_fscr_0266_t7,0.22708333333333336,0.22708333333333336,0,1,1
Qwen-7B,mquake_fscr_0267_t3,0.0,0.29404761904761906,0,1,1
Qwen-7B,mquake_fscr_0268_t3,0.0,0.11000000000000001,0,1,1
Qwen-7B,mquake_fscr_0269_t3,0.0,0.07857142857142857,0,1,1
Qwen-7B,mquake_fscr_0270_t7,0.55,0.55,0,0,0
Qwen-7B,mquake_fscr_0271_t7,1.0,1.0,0,0,0
Qwen-7B,mquake_fscr_0272_t7,0.1875,0.1875,0,1,1
Qwen-7B,mquake_fscr_0273_t3,0.43680555555555556,0.43680555555555556,0,1,1
Qwen-7B,mquake_fscr_0274_t7,1.0,1.0,0,0,0
Qwen-7B,mquake_fscr_0275_t7,1.0,1.0,0,0,0
Qwen-7B,mquake_fscr_0276_t3,0.0,0.29404761904761906,0,1,1
Qwen-7B,mquake_fscr_0277_t3,0.16597222222222224,0.16597222222222224,0,1,1
Qwen-7B,mquake_fscr_0278_t7,0.21547619047619046,0.48928571428571427,0,1,1
Qwen-7B,mquake_fscr_0279_t3,0.0,0.18333333333333335,0,1,1
Qwen-7B,mquake_fscr_0280_t7,0.55,0.55,0,0,0
Qwen-7B,mquake_fscr_0281_t3,0.0,0.07857142857142857,0,1,1
Qwen-7B,mquake_fscr_0282_t3,0.0,0.375,0,1,1
Qwen-7B,mquake_fscr_0283_t7,0.0,0.0,0,1,1
Qwen-7B,mquake_fscr_0284_t3,0.49375,0.49375,0,1,1
Qwen-7B,mquake_fscr_0285_t3,0.0,0.0,0,1,1
Qwen-7B,mquake_fscr_0286_t3,0.0,0.0,0,1,1
Qwen-7B,mquake_fscr_0287_t3,0.7122222222222223,0.2038888888888889,0,1,1
Qwen-7B,mquake_fscr_0288_t3,0.0,0.25333333333333335,0,1,1
Qwen-7B,mquake_fscr_0289_t3,0.0,0.0,0,1,1
Qwen-7B,mquake_fscr_0290_t3,0.0,0.3726190476190476,0,1,1
Qwen-7B,mquake_fscr_0291_t3,0.29404761904761906,0.29404761904761906,0,1,1
Qwen-7B,mquake_fscr_0292_t3,0.0,0.21547619047619046,0,1,1
Qwen-7B,mquake_fscr_0293_t3,0.0,0.24166666666666667,0,1,1
Qwen-7B,mquake_fscr_0294_t3,0.0,0.3319444444444445,0,1,1
Qwen-7B,mquake_fscr_0295_t7,0.0,0.16597222222222224,0,1,1
Qwen-7B,mquake_fscr_0296_t7,0.0,0.29404761904761906,0,1,1
Qwen-7B,mquake_fscr_0297_t3,0.0,0.25333333333333335,0,1,0
Qwen-7B,mquake_fscr_0298_t7,0.18333333333333335,0.18333333333333335,0,1,1
Qwen-7B,mquake_fscr_0299_t3,0.30625,0.30625,0,1,1
Qwen-7B,mquake_fscr_0300_t7,0.25333333333333335,0.0,0,1,1
Qwen-7B,mquake_fscr_0301_t3,0.25625000000000003,0.0,0,1,1
Qwen-7B,mquake_fscr_0302_t7,0.45238095238095233,0.45238095238095233,0,1,1
Qwen-7B,mquake_fscr_0303_t7,0.55,0.55,0,0,0
Qwen-7B,mquake_fscr_0304_t3,0.0,0.43194444444444446,0,1,1
Qwen-7B,mquake_fscr_0305_t3,0.0,0.22708333333333336,0,1,1
Qwen-7B,mquake_fscr_0306_t3,0.0,0.24166666666666667,0,1,1
Qwen-7B,mquake_fscr_0307_t3,0.0,0.1375,0,1,1
Qwen-7B,mquake_fscr_0308_t7,1.0,1.0,0,0,0
Qwen-7B,mquake_fscr_0309_t7,0.1875,0.1875,0,1,1
Qwen-7B,mquake_fscr_0310_t7,0.39166666666666666,0.1488888888888889,0,1,1
Qwen-7B,mquake_fscr_0311_t7,0.11000000000000001,0.11000000000000001,0,1,1
Qwen-7B,mquake_fscr_0312_t3,0.0,0.25625000000000003,0,1,1
Qwen-7B,mquake_fscr_0313_t7,0.34500000000000003,0.34500000000000003,0,1,1
Qwen-7B,mquake_fscr_0314_t7,1.0,1.0,0,0,0
Qwen-7B,mquake_fscr_0315_t3,0.0,0.09166666666666667,0,1,1
Qwen-7B,mquake_fscr_0316_t3,0.29404761904761906,0.29404761904761906,0,1,1
Qwen-7B,mquake_fscr_0317_t7,0.0,0.29404761904761906,0,0,1
Qwen-7B,mquake_fscr_0318_t3,0.0,0.09166666666666667,0,1,1
Qwen-7B,mquake_fscr_0319_t7,0.43680555555555556,0.43680555555555556,0,1,1
Qwen-7B,mquake_fscr_0320_t7,0.21547619047619046,0.21547619047619046,0,1,0
Qwen-7B,mquake_fscr_0321_t3,0.1875,0.1875,0,1,1
Qwen-7B,mquake_fscr_0322_t7,0.55,0.55,0,0,0
Qwen-7B,mquake_fscr_0323_t7,0.55,0.5869977678571429,0,0,0
Qwen-7B,mquake_fscr_0324_t3,0.12222222222222223,0.12222222222222223,0,1,1
Qwen-7B,mquake_fscr_0325_t7,0.22000000000000003,0.11000000000000001,0,1,1
Qwen-7B,mquake_fscr_0326_t7,0.09166666666666667,0.09166666666666667,0,1,1
Qwen-7B,mquake_fscr_0327_t3,0.0,0.2857142857142857,0,1,1
Qwen-7B,mquake_fscr_0328_t3,0.0,0.25625000000000003,0,1,1
Qwen-7B,mquake_fscr_0329_t7,0.2038888888888889,0.2038888888888889,0,1,1
Qwen-7B,mquake_fscr_0330_t3,0.0,0.09166666666666667,0,1,1
Qwen-7B,mquake_fscr_0331_t3,0.0,0.15714285714285714,0,1,1
Qwen-7B,mquake_fscr_0332_t7,1.0,1.0,0,0,0
Qwen-7B,mquake_fscr_0333_t7,1.0,1.0,0,0,0
Qwen-7B,mquake_fscr_0334_t3,0.0,0.2357142857142857,0,1,1
Qwen-7B,mquake_fscr_0335_t3,0.0,0.25333333333333335,0,1,1
Qwen-7B,mquake_fscr_0336_t3,0.0,0.33333333333333337,0,1,1
Qwen-7B,mquake_fscr_0337_t7,1.0,1.0,0,0,0
Qwen-7B,mquake_fscr_0338_t3,0.0,0.0,0,1,1
Qwen-7B,mquake_fscr_0339_t3,0.0,0.0,0,1,1
Qwen-7B,mquake_fscr_0340_t3,0.0,0.0,0,1,1
Qwen-7B,mquake_fscr_0341_t3,0.0,0.0,0,1,1
Qwen-7B,mquake_fscr_0342_t3,0.0,0.25625000000000003,0,1,1
Qwen-7B,mquake_fscr_0343_t3,0.0,0.21547619047619046,0,1,1
Qwen-7B,mquake_fscr_0344_t3,0.29404761904761906,0.29404761904761906,0,1,1
Qwen-7B,mquake_fscr_0345_t7,0.55,0.55,0,0,0
Qwen-7B,mquake_fscr_0346_t7,0.09166666666666667,0.09166666666666667,0,1,1
Qwen-7B,mquake_fscr_0347_t3,0.275,0.4928571428571429,0,1,1
Qwen-7B,mquake_fscr_0348_t7,0.0,0.25625000000000003,0,1,1
Qwen-7B,mquake_fscr_0349_t7,0.55,0.55,0,0,0
Qwen-7B,mquake_fscr_0350_t7,0.29404761904761906,0.0,0,1,1
Qwen-7B,mquake_fscr_0351_t7,0.6288504464285715,0.375,0,0,1
Qwen-7B,mquake_fscr_0352_t7,1.0,1.0,0,0,0
Qwen-7B,mquake_fscr_0353_t3,0.0,0.18333333333333335,0,1,1
Qwen-7B,mquake_fscr_0354_t7,0.55,0.55,0,0,0
Qwen-7B,mquake_fscr_0355_t7,0.25333333333333335,0.6290714285714286,1,1,0
Qwen-7B,mquake_fscr_0356_t7,0.0,0.21547619047619046,0,1,1
Qwen-7B,mquake_fscr_0357_t3,0.0,0.0,0,1,1
Qwen-7B,mquake_fscr_0358_t3,0.0,0.11000000000000001,0,1,0
Qwen-7B,mquake_fscr_0359_t3,0.29404761904761906,0.29404761904761906,0,1,1
Qwen-7B,mquake_fscr_0360_t7,0.25625000000000003,0.25625000000000003,0,1,1
Qwen-7B,mquake_fscr_0361_t7,0.29404761904761906,0.29404761904761906,0,1,1
Qwen-7B,mquake_fscr_0362_t7,0.55,0.55,0,0,0
Qwen-7B,mquake_fscr_0363_t7,1.0,1.0,0,0,0
Qwen-7B,mquake_fscr_0364_t3,0.0,0.43680555555555556,0,1,1
Qwen-7B,mquake_fscr_0365_t3,0.0,0.16597222222222224,0,1,1
Qwen-7B,mquake_fscr_0366_t7,0.07857142857142857,0.4309523809523809,0,1,1
Qwen-7B,mquake_fscr_0367_t3,0.0,0.25333333333333335,0,1,1
Qwen-7B,mquake_fscr_0368_t3,0.0,0.21547619047619046,0,1,1
Qwen-7B,mquake_fscr_0369_t7,0.25333333333333335,0.0,0,1,1
Qwen-7B,mquake_fscr_0370_t7,0.30351190476190476,0.29404761904761906,0,1,1
Qwen-7B,mquake_fscr_0371_t3,0.0,0.25625000000000003,0,1,1
Qwen-7B,mquake_fscr_0372_t7,0.0,0.1375,0,1,1
Qwen-7B,mquake_fscr_0373_t3,0.2857142857142857,0.2857142857142857,0,1,1
Qwen-7B,mquake_fscr_0374_t7,0.55,0.55,0,0,0
Qwen-7B,mquake_fscr_0375_t3,0.0,0.25625000000000003,0,1,1
Qwen-7B,mquake_fscr_0376_t7,0.29404761904761906,0.29404761904761906,0,1,0
Qwen-7B,mquake_fscr_0377_t7,0.55,0.55,0,0,0
Qwen-7B,mquake_fscr_0378_t3,0.0,0.25333333333333335,0,1,1
Qwen-7B,mquake_fscr_0379_t3,0.0,0.1875,0,1,1
Qwen-7B,mquake_fscr_0380_t7,0.18333333333333335,0.18333333333333335,0,1,1
Qwen-7B,mquake_fscr_0381_t7,0.0,0.30625,0,1,1
Qwen-7B,mquake_fscr_0382_t3,0.0,0.25333333333333335,0,1,1
Qwen-7B,mquake_fscr_0383_t7,0.55,0.55,0,0,0
Qwen-7B,mquake_fscr_0384_t7,0.55,0.6422544642857143,0,0,0
Qwen-7B,mquake_fscr_0385_t7,0.18333333333333335,0.18333333333333335,0,1,1
Qwen-7B,mquake_fscr_0386_t3,0.0,0.34500000000000003,0,1,1
Qwen-7B,mquake_fscr_0387_t7,1.0,1.0,0,0,0
Qwen-7B,mquake_fscr_0388_t7,0.22708333333333336,0.22708333333333336,0,1,1
Qwen-7B,mquake_fscr_0389_t7,1.0,1.0,0,0,0
Qwen-7B,mquake_fscr_0390_t7,0.55,0.5997767857142857,0,0,0
Qwen-7B,mquake_fscr_0391_t3,0.0,0.1875,0,1,1
Qwen-7B,mquake_fscr_0392_t7,0.21547619047619046,0.4309523809523809,0,1,0
Qwen-7B,mquake_fscr_0393_t3,0.0,0.3319444444444445,0,1,1
Qwen-7B,mquake_fscr_0394_t7,0.0,0.29404761904761906,0,1,1
Qwen-7B,mquake_fscr_0395_t3,0.0,0.21547619047619046,0,1,1
Qwen-7B,mquake_fscr_0396_t7,0.4309523809523809,0.4309523809523809,0,1,1
Qwen-7B,mquake_fscr_0397_t7,0.55,0.582421875,0,0,0
Qwen-7B,mquake_fscr_0398_t3,0.0,0.07857142857142857,0,1,1
Qwen-7B,mquake_fscr_0399_t3,0.0,0.475,0,1,1
Qwen-7B,mquake_fscr_0400_t7,0.55,0.4175,0,0,0
Qwen-7B,mquake_fscr_0401_t3,0.0,0.25333333333333335,0,1,1
Qwen-7B,mquake_fscr_0402_t3,0.0,0.12222222222222223,0,1,1
Qwen-7B,mquake_fscr_0403_t3,0.0,0.3940476190476191,0,1,1
Qwen-7B,mquake_fscr_0404_t7,0.55,0.55,0,0,0
Qwen-7B,mquake_fscr_0405_t7,0.55,0.55,0,0,0
Qwen-7B,mquake_fscr_0406_t3,0.5928571428571429,0.0,0,1,1
Qwen-7B,mquake_fscr_0407_t3,0.0,0.30625,0,1,1
Qwen-7B,mquake_fscr_0408_t7,0.55,0.40625,0,0,0
Qwen-7B,mquake_fscr_0409_t7,1.0,1.0,0,0,0
Qwen-7B,mquake_fscr_0410_t7,0.4309523809523809,0.4309523809523809,0,1,1
Qwen-7B,mquake_fscr_0411_t7,0.0,0.4309523809523809,0,1,1
Qwen-7B,mquake_fscr_0412_t7,0.55,0.5869977678571429,0,0,0
Qwen-7B,mquake_fscr_0413_t7,0.55,0.6212797619047619,0,0,0
Qwen-7B,mquake_fscr_0414_t3,0.33333333333333337,0.33333333333333337,0,1,1
Qwen-7B,mquake_fscr_0415_t3,0.0,0.25625000000000003,0,1,1
Qwen-7B,mquake_fscr_0416_t3,0.0,0.29404761904761906,0,1,1
Qwen-7B,mquake_fscr_0417_t7,0.3930555555555556,0.3319444444444445,0,1,1
Qwen-7B,mquake_fscr_0418_t3,0.0,0.1375,0,1,0
Qwen-7B,mquake_fscr_0419_t3,0.0,0.34500000000000003,0,1,1
Qwen-7B,mquake_fscr_0420_t3,0.0,0.15714285714285714,0,1,0
Qwen-7B,mquake_fscr_0421_t3,0.0,0.3319444444444445,0,1,1
Qwen-7B,mquake_fscr_0422_t3,0.0,0.12222222222222223,0,1,1
Qwen-7B,mquake_fscr_0423_t3,0.0,0.1875,0,1,1
Qwen-7B,mquake_fscr_0424_t3,0.07857142857142857,0.07857142857142857,0,1,1
Qwen-7B,mquake_fscr_0425_t7,0.25333333333333335,0.25333333333333335,0,0,1
Qwen-7B,mquake_fscr_0426_t3,0.0,0.1875,0,1,1
Qwen-7B,mquake_fscr_0427_t7,0.55,0.55,0,0,0
Qwen-7B,mquake_fscr_0428_t3,0.061111111111111116,0.16597222222222224,0,1,1
Qwen-7B,mquake_fscr_0429_t3,0.0,0.18333333333333335,0,1,1
Qwen-7B,mquake_fscr_0430_t3,0.0,0.21547619047619046,0,1,1
Qwen-7B,mquake_fscr_0431_t7,0.0,0.4309523809523809,0,1,0
Qwen-7B,mquake_fscr_0432_t7,0.0,0.21547619047619046,0,1,1
Qwen-7B,mquake_fscr_0433_t3,0.0,0.39166666666666666,0,1,1
Qwen-7B,mquake_fscr_0434_t3,0.0,0.5590277777777778,1,1,1
Qwen-7B,mquake_fscr_0435_t3,0.0,0.07857142857142857,0,1,1
Qwen-7B,mquake_fscr_0436_t7,0.4309523809523809,0.4309523809523809,0,1,1
Qwen-7B,mquake_fscr_0437_t3,0.18333333333333335,0.18333333333333335,0,0,1
Qwen-7B,mquake_fscr_0438_t3,0.0,0.22708333333333336,0,1,1
Qwen-7B,mquake_fscr_0439_t3,1.0,0.21547619047619046,0,0,1
Qwen-7B,mquake_fscr_0440_t3,0.0,0.27083333333333337,0,1,1
Qwen-7B,mquake_fscr_0441_t7,0.07857142857142857,0.07857142857142857,0,1,1
Qwen-7B,mquake_fscr_0442_t3,0.0,0.3319444444444445,0,1,1
Qwen-7B,mquake_fscr_0443_t3,0.0,0.21547619047619046,0,1,1
Qwen-7B,mquake_fscr_0444_t3,0.0,0.18333333333333335,0,1,1
Qwen-7B,mquake_fscr_0445_t3,0.34500000000000003,0.34500000000000003,0,1,1
Qwen-7B,mquake_fscr_0446_t3,0.0,0.24166666666666667,0,1,1
Qwen-7B,mquake_fscr_0447_t3,0.0,0.375,0,1,1
Qwen-7B,mquake_fscr_0448_t3,0.0,0.29404761904761906,0,1,1
Qwen-7B,mquake_fscr_0449_t3,0.1875,0.1875,0,1,1
Qwen-7B,mquake_fscr_0450_t3,0.0,0.49375,0,1,1
Qwen-7B,mquake_fscr_0451_t7,0.55,0.55,0,0,0
Qwen-7B,mquake_fscr_0452_t7,0.21547619047619046,0.21547619047619046,0,1,1
Qwen-7B,mquake_fscr_0453_t7,1.0,0.06875,0,0,0
Qwen-7B,mquake_fscr_0454_t3,0.0,0.29404761904761906,0,1,1
Qwen-7B,mquake_fscr_0455_t7,1.0,1.0,0,0,0
Qwen-7B,mquake_fscr_0456_t3,0.0,0.29404761904761906,0,1,1
Qwen-7B,mquake_fscr_0457_t3,0.0,0.29404761904761906,0,1,1
Qwen-7B,mquake_fscr_0458_t7,0.55,0.55,0,0,0
Qwen-7B,mquake_fscr_0459_t3,0.0,0.27083333333333337,0,1,1
Qwen-7B,mquake_fscr_0460_t3,0.1875,0.375,0,1,0
Qwen-7B,mquake_fscr_0461_t7,0.55,0.55,0,0,0
Qwen-7B,mquake_fscr_0462_t3,0.0,0.09166666666666667,0,1,1
Qwen-7B,mquake_fscr_0463_t7,0.55,0.55,0,0,0
Qwen-7B,mquake_fscr_0464_t7,0.29404761904761906,0.29404761904761906,0,1,1
Qwen-7B,mquake_fscr_0465_t3,0.0,0.375,0,1,1
Qwen-7B,mquake_fscr_0466_t3,0.0,0.4916666666666667,0,1,1
Qwen-7B,mquake_fscr_0467_t3,0.0,0.25333333333333335,0,1,1
Qwen-7B,mquake_fscr_0468_t3,0.0,0.11000000000000001,0,1,1
Qwen-7B,mquake_fscr_0469_t3,0.0,0.21547619047619046,0,1,1
Qwen-7B,mquake_fscr_0470_t7,0.0,0.49375,0,1,1
Qwen-7B,mquake_fscr_0471_t3,0.43680555555555556,0.43680555555555556,0,1,1
Qwen-7B,mquake_fscr_0472_t3,0.0,0.29404761904761906,0,1,1
Qwen-7B,mquake_fscr_0474_t3,0.0,0.25333333333333335,0,1,1
Qwen-7B,mquake_fscr_0475_t3,0.0,0.11000000000000001,0,1,1
Qwen-7B,mquake_fscr_0476_t3,0.0,0.0,0,1,1
Qwen-7B,mquake_fscr_0477_t7,0.3319444444444445,0.3319444444444445,0,1,1
Qwen-7B,mquake_fscr_0478_t3,0.0,0.21547619047619046,0,1,1
Qwen-7B,mquake_fscr_0479_t7,0.09166666666666667,0.09166666666666667,0,1,1
Qwen-7B,mquake_fscr_0480_t7,1.0,1.0,0,0,0
Qwen-7B,mquake_fscr_0481_t3,0.0,0.0,0,1,1
Qwen-7B,mquake_fscr_0482_t7,1.0,1.0,0,0,0
Qwen-7B,mquake_fscr_0483_t7,0.18333333333333335,0.18333333333333335,0,1,1
Qwen-7B,mquake_fscr_0484_t7,0.0,0.21547619047619046,0,1,1
Qwen-7B,mquake_fscr_0485_t7,0.55,0.55,0,0,0
Qwen-7B,mquake_fscr_0486_t3,0.7261904761904762,0.3940476190476191,0,1,1
Qwen-7B,mquake_fscr_0487_t3,0.0,0.21547619047619046,0,1,1
Qwen-7B,mquake_fscr_0488_t7,1.0,1.0,0,0,0
Qwen-7B,mquake_fscr_0489_t7,0.32611607142857146,0.32611607142857146,0,1,1
Qwen-7B,mquake_fscr_0490_t3,0.0,0.34500000000000003,0,1,1
Qwen-7B,mquake_fscr_0491_t7,0.25333333333333335,0.25333333333333335,0,1,1
Qwen-7B,mquake_fscr_0492_t7,0.55,0.55,0,0,0
Qwen-7B,mquake_fscr_0493_t7,0.0,0.43680555555555556,0,1,1
Qwen-7B,mquake_fscr_0494_t7,0.0,0.0,0,1,1
Qwen-7B,mquake_fscr_0495_t7,0.22000000000000003,0.22000000000000003,0,1,1
Qwen-7B,mquake_fscr_0496_t3,0.0,0.29404761904761906,0,1,1
Qwen-7B,mquake_fscr_0497_t7,0.18333333333333335,0.18333333333333335,0,1,1
Qwen-7B,mquake_fscr_0498_t3,0.0,0.22708333333333336,0,1,1
Qwen-7B,mquake_fscr_0499_t3,0.0,0.21547619047619046,0,1,1
Qwen-7B,mquake_fscr_0500_t3,0.2038888888888889,0.2038888888888889,0,1,1
Qwen-7B,mquake_fscr_0501_t3,0.07857142857142857,0.15714285714285714,0,1,1
Qwen-7B,mquake_fscr_0502_t7,1.0,1.0,0,0,0
Qwen-7B,mquake_fscr_0503_t7,0.55,0.55,0,0,0
Qwen-7B,mquake_fscr_0504_t3,0.16597222222222224,0.16597222222222224,0,1,1
Qwen-7B,mquake_fscr_0505_t3,0.0,0.09166666666666667,0,1,1
Qwen-7B,mquake_fscr_0506_t7,1.0,1.0,0,0,0
Qwen-7B,mquake_fscr_0507_t7,0.7383333333333333,0.09166666666666667,0,1,1
Qwen-7B,mquake_fscr_0508_t7,0.55,0.55,0,0,0
Qwen-7B,mquake_fscr_0509_t7,0.22708333333333336,0.22708333333333336,0,1,1
Qwen-7B,mquake_fscr_0510_t7,1.0,1.0,0,0,0
Qwen-7B,mquake_fscr_0511_t3,0.0,0.07857142857142857,0,1,1
Qwen-7B,mquake_fscr_0512_t7,0.0,0.0,0,1,1
Qwen-7B,mquake_fscr_0513_t7,0.34500000000000003,0.34500000000000003,0,1,1
Qwen-7B,mquake_fscr_0514_t3,0.0,0.16597222222222224,0,0,1
Qwen-7B,mquake_fscr_0515_t7,0.0,0.0,0,1,1
Qwen-7B,mquake_fscr_0516_t3,0.29404761904761906,0.29404761904761906,0,1,1
Qwen-7B,mquake_fscr_0517_t3,0.0,0.1488888888888889,0,1,1
Qwen-7B,mquake_fscr_0518_t7,0.07857142857142857,0.07857142857142857,0,1,1
Qwen-7B,mquake_fscr_0519_t7,0.16597222222222224,0.16597222222222224,0,0,0
Qwen-7B,mquake_fscr_0520_t3,0.0,0.33333333333333337,0,1,1
Qwen-7B,mquake_fscr_0521_t3,0.21547619047619046,0.21547619047619046,0,1,1
Qwen-7B,mquake_fscr_0522_t3,0.0,0.25625000000000003,0,1,1
Qwen-7B,mquake_fscr_0523_t3,0.0,0.2038888888888889,0,1,1
Qwen-7B,mquake_fscr_0524_t3,0.16597222222222224,0.16597222222222224,0,0,1
Qwen-7B,mquake_fscr_0525_t3,0.0,0.25625000000000003,0,1,1
Qwen-7B,mquake_fscr_0526_t3,0.0,0.30625,0,1,1
Qwen-7B,mquake_fscr_0527_t7,0.0,0.11000000000000001,0,1,1
Qwen-7B,mquake_fscr_0528_t7,0.55,0.5703125,0,0,0
Qwen-7B,mquake_fscr_0529_t7,0.55,0.55,0,0,0
Qwen-7B,mquake_fscr_0530_t7,0.3726190476190476,0.3726190476190476,0,1,1
Qwen-7B,mquake_fscr_0531_t3,0.0,0.25625000000000003,0,1,1
Qwen-7B,mquake_fscr_0532_t3,0.0,0.2857142857142857,0,1,1
Qwen-7B,mquake_fscr_0533_t3,0.0,0.21547619047619046,0,1,1
Qwen-7B,mquake_fscr_0534_t7,0.3319444444444445,0.3319444444444445,0,1,1
Qwen-7B,mquake_fscr_0535_t3,0.0,0.29404761904761906,0,1,1
Qwen-7B,mquake_fscr_0536_t7,0.0,0.375,0,1,1
Qwen-7B,mquake_fscr_0537_t3,0.09166666666666667,0.35238095238095235,0,1,1
Qwen-7B,mquake_fscr_0538_t7,0.55,0.55,0,0,0
Qwen-7B,mquake_fscr_0539_t7,0.55,0.55,0,0,0
Qwen-7B,mquake_fscr_0540_t7,0.12222222222222223,0.6902777777777778,1,1,1
Qwen-7B,mquake_fscr_0541_t7,0.21547619047619046,0.4309523809523809,0,1,1
Qwen-7B,mquake_fscr_0542_t3,0.0,0.34500000000000003,0,1,1
Qwen-7B,mquake_fscr_0543_t7,1.0,1.0,0,0,0
Qwen-7B,mquake_fscr_0544_t7,0.0,0.2857142857142857,0,1,1
Qwen-7B,mquake_fscr_0545_t7,0.55,0.55,0,0,0
Qwen-7B,mquake_fscr_0546_t7,0.5701785714285714,0.55,0,0,0
Qwen-7B,mquake_fscr_0547_t3,0.0,0.21547619047619046,0,1,1
Qwen-7B,mquake_fscr_0548_t3,0.43680555555555556,0.37569444444444444,0,1,1
Qwen-7B,mquake_fscr_0549_t7,1.0,1.0,0,0,0
Qwen-7B,mquake_fscr_0550_t3,0.0,0.3726190476190476,0,1,1
Qwen-7B,mquake_fscr_0551_t7,0.55,0.55,0,0,0
Qwen-7B,mquake_fscr_0552_t3,0.0,0.25625000000000003,0,1,1
Qwen-7B,mquake_fscr_0553_t7,0.22708333333333336,0.37569444444444444,0,1,1
Qwen-7B,mquake_fscr_0554_t7,0.1375,0.0,0,1,1
Qwen-7B,mquake_fscr_0555_t7,0.0,0.45238095238095233,0,1,1
Qwen-7B,mquake_fscr_0556_t3,0.0,0.0,0,1,1
Qwen-7B,mquake_fscr_0557_t3,0.0,0.25625000000000003,0,1,1
Qwen-7B,mquake_fscr_0558_t7,0.55,0.55,0,0,0
Qwen-7B,mquake_fscr_0559_t7,1.0,1.0,0,0,0
Qwen-7B,mquake_fscr_0560_t3,0.0,0.0,0,0,0
Qwen-7B,mquake_fscr_0561_t7,0.3319444444444445,0.3319444444444445,0,1,1
Qwen-7B,mquake_fscr_0562_t3,0.0,0.18333333333333335,0,1,1
Qwen-7B,mquake_fscr_0563_t7,1.0,0.16597222222222224,0,0,0
Qwen-7B,mquake_fscr_0564_t3,0.25625000000000003,0.25625000000000003,0,1,1
Qwen-7B,mquake_fscr_0565_t7,0.0,0.1875,0,1,1
Qwen-7B,mquake_fscr_0566_t7,0.25333333333333335,0.25333333333333335,0,1,1
Qwen-7B,mquake_fscr_0567_t3,0.0,0.29404761904761906,0,1,1
Qwen-7B,mquake_fscr_0568_t3,0.0,0.11000000000000001,0,1,1
Qwen-7B,mquake_fscr_0569_t3,0.0,0.09166666666666667,0,1,1
Qwen-7B,mquake_fscr_0570_t7,0.27083333333333337,0.27083333333333337,0,1,1
Qwen-7B,mquake_fscr_0571_t3,0.32857142857142857,0.32857142857142857,0,1,1
Qwen-7B,mquake_fscr_0572_t7,0.275,0.1375,0,1,1
Qwen-7B,mquake_fscr_0573_t7,0.25333333333333335,0.25333333333333335,0,1,1
Qwen-7B,mquake_fscr_0574_t3,0.0,0.21547619047619046,0,1,1
Qwen-7B,mquake_fscr_0575_t3,0.0,0.11000000000000001,0,1,1
Qwen-7B,mquake_fscr_0576_t7,0.4309523809523809,0.4309523809523809,0,1,1
Qwen-7B,mquake_fscr_0577_t3,0.18333333333333335,0.18333333333333335,0,1,1
Qwen-7B,mquake_fscr_0578_t3,0.0,0.30625,0,1,1
Qwen-7B,mquake_fscr_0579_t7,0.55,0.5800000000000001,0,0,0
Qwen-7B,mquake_fscr_0580_t7,0.2038888888888889,0.2038888888888889,0,1,1
Qwen-7B,mquake_fscr_0581_t7,0.0,0.29404761904761906,0,1,1
Qwen-7B,mquake_fscr_0582_t3,0.21547619047619046,0.21547619047619046,0,1,1
Qwen-7B,mquake_fscr_0583_t7,0.21547619047619046,0.29404761904761906,0,1,1
Qwen-7B,mquake_fscr_0584_t3,0.0,0.25333333333333335,0,1,1
Qwen-7B,mquake_fscr_0585_t3,0.0,0.16597222222222224,0,1,1
Qwen-7B,mquake_fscr_0586_t3,0.0,0.2038888888888889,0,1,1
Qwen-7B,mquake_fscr_0587_t3,0.275,0.275,0,1,1
Qwen-7B,mquake_fscr_0588_t7,0.21547619047619046,0.11000000000000001,0,1,0
Qwen-7B,mquake_fscr_0589_t3,0.12222222222222223,0.12222222222222223,0,1,1
Qwen-7B,mquake_fscr_0590_t3,0.34500000000000003,0.34500000000000003,0,1,1
Qwen-7B,mquake_fscr_0591_t3,0.0,0.375,0,1,1
Qwen-7B,mquake_fscr_0592_t7,0.55,0.55,0,0,0
Qwen-7B,mquake_fscr_0593_t7,1.0,1.0,0,0,0
Qwen-7B,mquake_fscr_0594_t7,0.55,0.6039062500000001,0,0,0
Qwen-7B,mquake_fscr_0595_t7,1.0,0.29404761904761906,0,0,1
Qwen-7B,mquake_fscr_0596_t7,1.0,1.0,0,0,0
Qwen-7B,mquake_fscr_0597_t3,0.0,0.0,0,1,1
Qwen-7B,mquake_fscr_0598_t3,0.0,0.25625000000000003,0,1,1
Qwen-7B,mquake_fscr_0599_t7,0.0,0.29404761904761906,0,1,1
Qwen-7B,mquake_fscr_0600_t7,0.21547619047619046,0.55,1,1,0
Qwen-7B,mquake_fscr_0601_t7,0.55,0.55,0,0,0
Qwen-7B,mquake_fscr_0602_t7,0.55,0.5672867063492064,0,0,0
Qwen-7B,mquake_fscr_0603_t3,0.0,0.29404761904761906,0,1,1
Qwen-7B,mquake_fscr_0604_t7,0.0,0.16597222222222224,0,1,1
Qwen-7B,mquake_fscr_0605_t7,0.09166666666666667,0.18333333333333335,0,1,1
Qwen-7B,mquake_fscr_0606_t3,0.0,0.0,0,1,1
Qwen-7B,mquake_fscr_0607_t7,1.0,1.0,0,0,0
Qwen-7B,mquake_fscr_0608_t7,0.16597222222222224,0.16597222222222224,0,1,1
Qwen-7B,mquake_fscr_0609_t3,0.0,0.07857142857142857,0,1,1
Qwen-7B,mquake_fscr_0610_t7,0.0,0.3493055555555556,0,1,1
Qwen-7B,mquake_fscr_0611_t7,0.55,0.55,0,0,0
Qwen-7B,mquake_fscr_0612_t3,0.0,0.16597222222222224,0,1,1
Qwen-7B,mquake_fscr_0613_t7,0.55,0.25333333333333335,0,0,0
Qwen-7B,mquake_fscr_0614_t3,0.0,0.29404761904761906,0,1,1
Qwen-7B,mquake_fscr_0615_t7,1.0,1.0,0,0,0
Qwen-7B,mquake_fscr_0616_t3,0.0,0.29404761904761906,0,1,1
Qwen-7B,mquake_fscr_0617_t3,0.0,0.16597222222222224,0,1,1
Qwen-7B,mquake_fscr_0618_t3,0.0,0.375,0,1,1
Qwen-7B,mquake_fscr_0619_t7,0.27083333333333337,0.27083333333333337,0,1,0
Qwen-7B,mquake_fscr_0620_t3,0.0,0.25333333333333335,0,1,1
Qwen-7B,mquake_fscr_0621_t7,0.5814880952380952,0.55,0,0,0
Qwen-7B,mquake_fscr_0622_t7,0.55,0.55,0,0,0
Qwen-7B,mquake_fscr_0623_t7,0.07857142857142857,0.07857142857142857,0,1,1
Qwen-7B,mquake_fscr_0624_t3,0.0,0.22708333333333336,0,1,1
Qwen-7B,mquake_fscr_0625_t7,0.375,0.375,0,1,1
Qwen-7B,mquake_fscr_0626_t7,1.0,1.0,0,0,0
Qwen-7B,mquake_fscr_0627_t7,0.55,0.55,0,0,0
Qwen-7B,mquake_fscr_0628_t3,0.0,0.29404761904761906,0,1,1
Qwen-7B,mquake_fscr_0629_t3,0.0,0.16597222222222224,0,1,1
Qwen-7B,mquake_fscr_0630_t7,0.0,0.20714285714285713,0,1,1
Qwen-7B,mquake_fscr_0631_t7,1.0,1.0,0,0,0
Qwen-7B,mquake_fscr_0632_t7,0.49375,0.49375,0,1,0
Qwen-7B,mquake_fscr_0633_t7,0.0,0.0,0,1,1
Qwen-7B,mquake_fscr_0634_t3,0.29404761904761906,0.29404761904761906,0,1,1
Qwen-7B,mquake_fscr_0635_t7,1.0,1.0,0,0,0
Qwen-7B,mquake_fscr_0636_t3,0.29404761904761906,0.29404761904761906,0,1,0
Qwen-7B,mquake_fscr_0637_t7,0.55,0.55,0,0,0
Qwen-7B,mquake_fscr_0638_t3,0.0,0.34500000000000003,0,1,1
Qwen-7B,mquake_fscr_0639_t7,1.0,1.0,0,0,0
Qwen-7B,mquake_fscr_0640_t3,0.763095238095238,0.2857142857142857,0,1,1
Qwen-7B,mquake_fscr_0641_t7,0.55,0.11000000000000001,0,0,0
Qwen-7B,mquake_fscr_0642_t7,0.29404761904761906,0.29404761904761906,0,1,1
Qwen-7B,mquake_fscr_0643_t3,0.763095238095238,0.21547619047619046,0,1,1
Qwen-7B,mquake_fscr_0644_t7,0.0,0.15714285714285714,0,1,1
Qwen-7B,mquake_fscr_0645_t3,0.0,0.0,0,1,1
Qwen-7B,mquake_fscr_0646_t7,0.28705357142857146,0.28705357142857146,0,1,1
Qwen-7B,mquake_fscr_0647_t7,0.25333333333333335,0.7383333333333333,1,1,1
Qwen-7B,mquake_fscr_0648_t7,1.0,1.0,0,0,0
Qwen-7B,mquake_fscr_0649_t3,0.0,0.21547619047619046,0,1,1
Qwen-7B,mquake_fscr_0650_t3,0.0,0.0,0,1,1
Qwen-7B,mquake_fscr_0651_t7,0.55,0.55,0,0,0
Qwen-7B,mquake_fscr_0652_t3,0.0,0.29404761904761906,0,1,1
Qwen-7B,mquake_fscr_0653_t3,0.21547619047619046,0.21547619047619046,0,1,1
Qwen-7B,mquake_fscr_0654_t3,0.0,0.18333333333333335,0,1,1
Qwen-7B,mquake_fscr_0655_t3,0.0,0.21547619047619046,0,1,1
Qwen-7B,mquake_fscr_0656_t3,0.25333333333333335,0.25333333333333335,0,1,1
Qwen-7B,mquake_fscr_0657_t7,0.29404761904761906,1.0,1,1,0
Qwen-7B,mquake_fscr_0658_t3,0.0,0.30351190476190476,0,1,1
Qwen-7B,mquake_fscr_0659_t3,0.0,0.22708333333333336,0,1,1
Qwen-7B,mquake_fscr_0660_t7,0.21547619047619046,0.21547619047619046,0,1,1
Qwen-7B,mquake_fscr_0661_t7,0.55,0.5665178571428572,0,0,0
Qwen-7B,mquake_fscr_0662_t7,0.55,0.55,0,0,0
Qwen-7B,mquake_fscr_0663_t3,0.0,0.21547619047619046,0,1,1
Qwen-7B,mquake_fscr_0664_t3,0.16597222222222224,0.16597222222222224,0,1,1
Qwen-7B,mquake_fscr_0665_t7,0.29404761904761906,0.29404761904761906,0,1,1
Qwen-7B,mquake_fscr_0666_t7,1.0,1.0,0,0,0
Qwen-7B,mquake_fscr_0667_t3,0.0,0.33333333333333337,0,1,1
Qwen-7B,mquake_fscr_0668_t7,0.0,0.07857142857142857,0,1,1
Qwen-7B,mquake_fscr_0669_t7,0.4309523809523809,1.0,0,0,0
Qwen-7B,mquake_fscr_0670_t7,0.29404761904761906,0.29404761904761906,0,1,1
Qwen-7B,mquake_fscr_0671_t3,0.0,0.29404761904761906,0,1,1
Qwen-7B,mquake_fscr_0672_t7,0.34500000000000003,0.34500000000000003,0,1,1
Qwen-7B,mquake_fscr_0673_t7,0.07857142857142857,0.07857142857142857,0,1,1
Qwen-7B,mquake_fscr_0674_t7,1.0,1.0,0,0,0
Qwen-7B,mquake_fscr_0675_t7,1.0,1.0,0,0,0
Qwen-7B,mquake_fscr_0676_t7,0.07857142857142857,0.07857142857142857,0,1,1
Qwen-7B,mquake_fscr_0677_t7,0.55,0.5654166666666667,0,0,0
Qwen-7B,mquake_fscr_0678_t3,0.0,0.18333333333333335,0,1,1
Qwen-7B,mquake_fscr_0679_t7,0.29404761904761906,0.29404761904761906,0,1,0
Qwen-7B,mquake_fscr_0680_t7,1.0,1.0,0,0,0
Qwen-7B,mquake_fscr_0681_t7,0.27083333333333337,0.27083333333333337,0,1,1
Qwen-7B,mquake_fscr_0682_t7,0.4309523809523809,0.4309523809523809,0,1,1
Qwen-7B,mquake_fscr_0683_t3,0.0,0.29404761904761906,0,1,1
Qwen-7B,mquake_fscr_0684_t7,0.32000000000000006,0.32000000000000006,0,1,0
Qwen-7B,mquake_fscr_0685_t3,0.0,0.09166666666666667,0,1,1
Qwen-7B,mquake_fscr_0686_t7,0.55,0.55,0,0,0
Qwen-7B,mquake_fscr_0687_t3,0.0,0.18333333333333335,0,1,1
Qwen-7B,mquake_fscr_0688_t7,0.0,0.43680555555555556,0,1,1
Qwen-7B,mquake_fscr_0689_t7,0.21547619047619046,0.21547619047619046,0,1,1
Qwen-7B,mquake_fscr_0690_t3,0.0,0.21547619047619046,0,1,1
Qwen-7B,mquake_fscr_0691_t7,0.55,1.0,0,0,0
Qwen-7B,mquake_fscr_0692_t3,0.0,0.49375,0,1,1
Qwen-7B,mquake_fscr_0693_t3,0.0,0.40625,0,1,1
Qwen-7B,mquake_fscr_0694_t3,0.16597222222222224,0.16597222222222224,0,1,1
Qwen-7B,mquake_fscr_0695_t7,0.25333333333333335,0.25333333333333335,0,1,1
Qwen-7B,mquake_fscr_0696_t3,0.0,0.25333333333333335,0,1,1
Qwen-7B,mquake_fscr_0697_t7,0.0,0.0,0,1,1
Qwen-7B,mquake_fscr_0698_t7,0.16597222222222224,0.6465277777777778,1,1,1
Qwen-7B,mquake_fscr_0699_t3,0.0,0.11000000000000001,0,1,1
Qwen-7B,mquake_fscr_0700_t7,0.55,0.5856956845238095,0,0,0
Qwen-7B,mquake_fscr_0701_t3,0.0,0.22708333333333336,0,1,1
Qwen-7B,mquake_fscr_0702_t7,0.33333333333333337,0.33333333333333337,0,1,1
Qwen-7B,mquake_fscr_0703_t3,0.0,0.061111111111111116,0,1,1
Qwen-7B,mquake_fscr_0704_t7,0.3493055555555556,0.2881944444444445,0,1,1
Qwen-7B,mquake_fscr_0705_t3,0.0,0.22708333333333336,0,1,1
Qwen-7B,mquake_fscr_0706_t3,0.0,0.21547619047619046,0,1,1
Qwen-7B,mquake_fscr_0707_t3,0.0,0.06875,0,1,1
Qwen-7B,mquake_fscr_0708_t3,0.0,0.11000000000000001,0,1,1
Qwen-7B,mquake_fscr_0709_t7,0.29404761904761906,0.29404761904761906,0,1,1
Qwen-7B,mquake_fscr_0710_t3,0.0,0.16597222222222224,0,1,1
Qwen-7B,mquake_fscr_0711_t3,0.0,0.29404761904761906,0,1,1
Qwen-7B,mquake_fscr_0712_t3,0.0,0.12222222222222223,0,1,1
Qwen-7B,mquake_fscr_0713_t3,0.0,0.25333333333333335,0,1,1
Qwen-7B,mquake_fscr_0714_t3,0.0,0.43680555555555556,0,1,1
Qwen-7B,mquake_fscr_0715_t7,0.09166666666666667,0.11000000000000001,0,1,0
Qwen-7B,mquake_fscr_0716_t7,0.21547619047619046,0.16597222222222224,0,0,1
Qwen-7B,mquake_fscr_0717_t7,0.1875,0.16597222222222224,0,1,0
Qwen-7B,mquake_fscr_0718_t3,0.0,0.0,0,1,1
Qwen-7B,mquake_fscr_0719_t3,0.22708333333333336,0.22708333333333336,0,1,1
Qwen-7B,mquake_fscr_0720_t7,0.0,0.1875,0,1,1
Qwen-7B,mquake_fscr_0721_t3,0.16597222222222224,0.16597222222222224,0,1,1
Qwen-7B,mquake_fscr_0722_t3,0.0,0.0,0,1,1
Qwen-7B,mquake_fscr_0723_t3,0.0,0.16597222222222224,0,1,1
Qwen-7B,mquake_fscr_0724_t7,0.07857142857142857,0.07857142857142857,0,1,1
Qwen-7B,mquake_fscr_0725_t3,0.375,0.375,0,1,1
Qwen-7B,mquake_fscr_0726_t3,0.0,0.36250000000000004,0,1,1
Qwen-7B,mquake_fscr_0727_t7,1.0,0.2857142857142857,0,0,0
Qwen-7B,mquake_fscr_0728_t3,0.0,0.29404761904761906,0,1,1
Qwen-7B,mquake_fscr_0729_t7,0.09166666666666667,0.5766666666666667,1,1,1
Qwen-7B,mquake_fscr_0730_t7,0.0,0.4309523809523809,0,0,0
Qwen-7B,mquake_fscr_0731_t3,0.49375,0.49375,0,1,1
Qwen-7B,mquake_fscr_0732_t3,0.0,0.21547619047619046,0,1,1
Qwen-7B,mquake_fscr_0733_t7,0.18333333333333335,0.18333333333333335,0,1,1
Qwen-7B,mquake_fscr_0734_t3,0.3940476190476191,0.3940476190476191,0,1,1
Qwen-7B,mquake_fscr_0735_t3,0.0,0.22708333333333336,0,1,1
Qwen-7B,mquake_fscr_0736_t3,0.0,0.0,0,1,1
Qwen-7B,mquake_fscr_0737_t7,0.55,0.55,0,0,0
Qwen-7B,mquake_fscr_0738_t7,0.25625000000000003,0.25625000000000003,0,1,1
Qwen-7B,mquake_fscr_0739_t7,0.27083333333333337,0.27083333333333337,0,1,1
Qwen-7B,mquake_fscr_0740_t3,0.0,0.07857142857142857,0,1,1
Qwen-7B,mquake_fscr_0741_t7,0.16597222222222224,0.16597222222222224,0,1,1
Qwen-7B,mquake_fscr_0742_t7,0.55,0.55,0,0,0
Qwen-7B,mquake_fscr_0743_t3,0.0,0.25333333333333335,0,1,1
Qwen-7B,mquake_fscr_0744_t7,1.0,1.0,0,0,0
Qwen-7B,mquake_fscr_0745_t3,0.0,0.12222222222222223,0,1,1
Qwen-7B,mquake_fscr_0746_t7,1.0,1.0,0,0,0
Qwen-7B,mquake_fscr_0747_t7,0.0,0.21547619047619046,0,1,1
Qwen-7B,mquake_fscr_0748_t7,0.21547619047619046,0.21547619047619046,0,1,1
Qwen-7B,mquake_fscr_0749_t7,0.06875,0.375,0,1,1
Qwen-7B,mquake_fscr_0750_t3,0.21547619047619046,0.29404761904761906,0,1,1
Qwen-7B,mquake_fscr_0751_t3,0.0,0.18333333333333335,0,1,1
Qwen-7B,mquake_fscr_0752_t3,0.0,0.24166666666666667,0,1,1
Qwen-7B,mquake_fscr_0753_t3,0.29404761904761906,0.21547619047619046,0,1,1
Qwen-7B,mquake_fscr_0754_t3,0.0,0.061111111111111116,0,1,1
Qwen-7B,mquake_fscr_0755_t7,0.4309523809523809,0.4309523809523809,0,1,1
Qwen-7B,mquake_fscr_0756_t7,0.1875,0.1488888888888889,0,1,1
Qwen-7B,mquake_fscr_0757_t7,0.9,0.9,0,0,0
Qwen-7B,mquake_fscr_0758_t7,1.0,1.0,0,0,0
Qwen-7B,mquake_fscr_0759_t3,0.0,0.07857142857142857,0,1,1
Qwen-7B,mquake_fscr_0760_t7,0.0,0.16597222222222224,0,1,1
Qwen-7B,mquake_fscr_0761_t3,0.0,0.1875,0,1,1
Qwen-7B,mquake_fscr_0762_t7,0.4309523809523809,0.4309523809523809,0,1,1
Qwen-7B,mquake_fscr_0763_t7,0.55,0.55,0,0,0
Qwen-7B,mquake_fscr_0764_t3,0.0,0.29404761904761906,0,1,1
Qwen-7B,mquake_fscr_0765_t3,0.0,0.18333333333333335,0,1,1
Qwen-7B,mquake_fscr_0766_t7,1.0,1.0,0,0,0
Qwen-7B,mquake_fscr_0767_t7,0.55,0.55,0,0,0
Qwen-7B,mquake_fscr_0768_t7,1.0,1.0,0,0,0
Qwen-7B,mquake_fscr_0769_t3,0.18333333333333335,0.18333333333333335,0,1,1
Qwen-7B,mquake_fscr_0770_t3,0.0,0.2977777777777778,0,1,1
Qwen-7B,mquake_fscr_0771_t3,0.0,0.2038888888888889,0,1,1
Qwen-7B,mquake_fscr_0772_t3,0.6261904761904762,0.8416666666666668,0,1,0
Qwen-7B,mquake_fscr_0773_t7,0.0,0.2038888888888889,0,1,1
Qwen-7B,mquake_fscr_0774_t3,0.0,0.34500000000000003,0,1,0
Qwen-7B,mquake_fscr_0775_t7,0.41428571428571426,0.41428571428571426,0,1,1
Qwen-7B,mquake_fscr_0776_t7,1.0,1.0,0,0,0
Qwen-7B,mquake_fscr_0777_t7,0.25333333333333335,0.11000000000000001,0,1,1
Qwen-7B,mquake_fscr_0778_t3,0.0,0.35238095238095235,0,1,1
Qwen-7B,mquake_fscr_0779_t7,0.0,0.0,0,1,1
Qwen-7B,mquake_fscr_0780_t3,0.0,0.25625000000000003,0,1,1
Qwen-7B,mquake_fscr_0781_t3,0.0,0.25333333333333335,0,1,1
Qwen-7B,mquake_fscr_0782_t7,0.25625000000000003,0.25625000000000003,0,1,1
Qwen-7B,mquake_fscr_0783_t7,0.0,0.35238095238095235,0,1,1
Qwen-7B,mquake_fscr_0784_t3,0.0,0.16597222222222224,0,1,1
Qwen-7B,mquake_fscr_0785_t7,0.06875,0.375,0,1,1
Qwen-7B,mquake_fscr_0786_t7,0.16597222222222224,0.16597222222222224,0,1,1
Qwen-7B,mquake_fscr_0787_t7,1.0,1.0,0,0,0
Qwen-7B,mquake_fscr_0788_t3,0.0,0.3319444444444445,0,1,1
Qwen-7B,mquake_fscr_0789_t3,0.0,0.2977777777777778,0,1,1
Qwen-7B,mquake_fscr_0790_t7,0.55,0.55,0,0,0
Qwen-7B,mquake_fscr_0791_t7,0.21547619047619046,0.21547619047619046,0,1,1
Qwen-7B,mquake_fscr_0792_t3,0.0,0.25,0,1,1
Qwen-7B,mquake_fscr_0793_t7,0.325,0.325,0,1,0
Qwen-7B,mquake_fscr_0794_t3,0.29404761904761906,0.29404761904761906,0,1,1
Qwen-7B,mquake_fscr_0795_t3,0.25625000000000003,0.1875,0,1,1
Qwen-7B,mquake_fscr_0796_t7,0.3319444444444445,0.3319444444444445,0,1,1
Qwen-7B,mquake_fscr_0797_t3,0.0,0.34500000000000003,0,1,1
Qwen-7B,mquake_fscr_0798_t7,0.55,0.55,0,0,0
Qwen-7B,mquake_fscr_0799_t7,0.1875,0.1875,0,1,1
Qwen-7B,mquake_fscr_0800_t7,0.55,0.5589285714285714,0,0,0
Qwen-7B,mquake_fscr_0801_t7,0.07857142857142857,0.4309523809523809,0,1,1
Qwen-7B,mquake_fscr_0802_t7,0.39166666666666666,0.39166666666666666,0,1,1
Qwen-7B,mquake_fscr_0803_t7,0.30625,0.30625,0,1,1
Qwen-7B,mquake_fscr_0804_t3,0.0,0.3940476190476191,0,1,1
Qwen-7B,mquake_fscr_0805_t7,0.18333333333333335,0.18333333333333335,0,1,1
Qwen-7B,mquake_fscr_0806_t7,0.0,0.21547619047619046,0,1,1
Qwen-7B,mquake_fscr_0807_t3,0.6625000000000001,0.06875,0,1,1
Qwen-7B,mquake_fscr_0808_t3,0.0,0.25625000000000003,0,1,1
Qwen-7B,mquake_fscr_0809_t3,0.18333333333333335,0.18333333333333335,0,1,1
Qwen-7B,mquake_fscr_0810_t7,0.0,0.55,1,1,1
Qwen-7B,mquake_fscr_0811_t3,0.3726190476190476,0.29404761904761906,0,1,1
Qwen-7B,mquake_fscr_0812_t3,0.0,0.21547619047619046,0,1,1
Qwen-7B,mquake_fscr_0813_t3,0.0,0.25333333333333335,0,1,1
Qwen-7B,mquake_fscr_0814_t3,0.0,0.25333333333333335,0,1,1
Qwen-7B,mquake_fscr_0815_t7,1.0,1.0,0,0,0
Qwen-7B,mquake_fscr_0816_t7,0.55,0.55,0,0,0
Qwen-7B,mquake_fscr_0817_t3,0.0,0.32000000000000006,0,1,1
Qwen-7B,mquake_fscr_0818_t7,1.0,1.0,0,0,0
Qwen-7B,mquake_fscr_0819_t3,0.0,0.21547619047619046,0,1,1
Qwen-7B,mquake_fscr_0820_t3,0.0,0.21547619047619046,0,1,1
Qwen-7B,mquake_fscr_0821_t7,0.0,0.11000000000000001,0,1,1
Qwen-7B,mquake_fscr_0822_t3,0.0,0.43680555555555556,0,1,1
Qwen-7B,mquake_fscr_0823_t3,0.0,0.34500000000000003,0,1,1
Qwen-7B,mquake_fscr_0824_t3,0.0,0.0,0,1,1
Qwen-7B,mquake_fscr_0825_t3,0.2588888888888889,0.4855555555555555,0,1,1
Qwen-7B,mquake_fscr_0826_t7,0.11000000000000001,0.0,0,1,1
Qwen-7B,mquake_fscr_0827_t3,0.2977777777777778,0.2977777777777778,0,1,1
Qwen-7B,mquake_fscr_0828_t7,0.22000000000000003,0.11000000000000001,0,1,1
Qwen-7B,mquake_fscr_0829_t3,0.4309523809523809,0.4309523809523809,0,1,1
Qwen-7B,mquake_fscr_0830_t3,0.0,0.0,0,1,1
Qwen-7B,mquake_fscr_0831_t7,0.55,0.55,0,0,0
Qwen-7B,mquake_fscr_0832_t7,0.0,0.06875,0,1,1
Qwen-7B,mquake_fscr_0833_t3,0.0,0.25625000000000003,0,1,1
Qwen-7B,mquake_fscr_0834_t3,0.34500000000000003,0.34500000000000003,0,1,1
Qwen-7B,mquake_fscr_0835_t3,0.0,0.18125000000000002,0,1,1
Qwen-7B,mquake_fscr_0836_t3,0.0,0.25625000000000003,0,1,1
Qwen-7B,mquake_fscr_0837_t3,0.0,0.21547619047619046,0,0,1
Qwen-7B,mquake_fscr_0838_t3,0.0,0.2881944444444445,0,1,1
Qwen-7B,mquake_fscr_0839_t7,0.55,0.5904166666666667,0,0,0
Qwen-7B,mquake_fscr_0840_t7,1.0,1.0,0,0,0
Qwen-7B,mquake_fscr_0841_t3,0.0,0.21547619047619046,0,1,1
Qwen-7B,mquake_fscr_0842_t3,0.0,0.15714285714285714,0,1,1
Qwen-7B,mquake_fscr_0843_t3,0.0,0.34500000000000003,0,1,1
Qwen-7B,mquake_fscr_0844_t7,0.0,0.21547619047619046,0,1,1
Qwen-7B,mquake_fscr_0845_t3,0.0,0.34500000000000003,0,1,1
Qwen-7B,mquake_fscr_0846_t7,0.21547619047619046,0.21547619047619046,0,1,1
Qwen-7B,mquake_fscr_0847_t7,0.21547619047619046,0.21547619047619046,0,1,1
Qwen-7B,mquake_fscr_0848_t7,0.34500000000000003,0.34500000000000003,0,1,1
Qwen-7B,mquake_fscr_0849_t7,1.0,1.0,0,0,0
Qwen-7B,mquake_fscr_0850_t7,1.0,0.5416666666666667,0,0,0
Qwen-7B,mquake_fscr_0851_t3,0.0,0.11000000000000001,0,1,1
Qwen-7B,mquake_fscr_0852_t3,0.2977777777777778,0.1488888888888889,0,1,1
Qwen-7B,mquake_fscr_0853_t3,0.0,0.25625000000000003,0,1,1
Qwen-7B,mquake_fscr_0854_t3,0.0,0.21547619047619046,0,1,1
Qwen-7B,mquake_fscr_0855_t3,0.0,0.18333333333333335,0,1,1
Qwen-7B,mquake_fscr_0856_t7,0.55,0.572265625,0,0,0
Qwen-7B,mquake_fscr_0857_t7,0.0,0.0,0,1,1
Qwen-7B,mquake_fscr_0858_t3,0.2038888888888889,0.2038888888888889,0,1,1
Qwen-7B,mquake_fscr_0859_t3,0.0,0.375,0,1,1
Qwen-7B,mquake_fscr_0860_t3,0.0,0.25333333333333335,0,1,1
Qwen-7B,mquake_fscr_0861_t3,0.16597222222222224,0.16597222222222224,0,1,1
Qwen-7B,mquake_fscr_0862_t3,0.0,0.15714285714285714,0,1,1
Qwen-7B,mquake_fscr_0863_t7,0.0,0.18333333333333335,0,1,1
Qwen-7B,mquake_fscr_0864_t7,0.2977777777777778,0.55,1,1,0
Qwen-7B,mquake_fscr_0865_t7,0.06875,0.06875,0,1,1
Qwen-7B,mquake_fscr_0866_t3,0.0,0.29404761904761906,0,1,1
Qwen-7B,mquake_fscr_0867_t3,0.0,0.43680555555555556,0,1,1
Qwen-7B,mquake_fscr_0868_t7,0.55,0.55,0,0,0
Qwen-7B,mquake_fscr_0869_t7,0.375,0.375,0,1,1
Qwen-7B,mquake_fscr_0870_t7,0.24166666666666667,0.24166666666666667,0,1,1
Qwen-7B,mquake_fscr_0871_t3,0.0,0.30625,0,1,1
Qwen-7B,mquake_fscr_0872_t7,0.07857142857142857,0.07857142857142857,0,1,1
Qwen-7B,mquake_fscr_0873_t3,0.0,0.1875,0,1,1
Qwen-7B,mquake_fscr_0874_t7,1.0,1.0,0,0,0
Qwen-7B,mquake_fscr_0875_t3,0.0,0.22000000000000003,0,1,1
Qwen-7B,mquake_fscr_0876_t3,0.0,0.30351190476190476,0,1,1
Qwen-7B,mquake_fscr_0877_t3,0.0,0.25625000000000003,0,1,1
Qwen-7B,mquake_fscr_0878_t3,0.22000000000000003,0.22000000000000003,0,1,1
Qwen-7B,mquake_fscr_0879_t3,0.18333333333333335,0.09166666666666667,0,1,1
Qwen-7B,mquake_fscr_0880_t3,0.0,0.34500000000000003,0,1,0
Qwen-7B,mquake_fscr_0881_t7,0.29404761904761906,0.29404761904761906,0,1,1
Qwen-7B,mquake_fscr_0882_t3,0.0,0.11000000000000001,0,1,1
Qwen-7B,mquake_fscr_0883_t3,0.0,0.06875,0,1,1
Qwen-7B,mquake_fscr_0884_t3,0.0,0.25625000000000003,0,1,1
Qwen-7B,mquake_fscr_0885_t3,0.0,0.375,0,1,1
Qwen-7B,mquake_fscr_0886_t3,0.0,0.4309523809523809,0,1,1
Qwen-7B,mquake_fscr_0887_t7,0.0,0.20714285714285713,0,1,1
Qwen-7B,mquake_fscr_0888_t3,0.0,0.21547619047619046,0,1,1
Qwen-7B,mquake_fscr_0889_t3,0.0,0.3319444444444445,0,1,1
Qwen-7B,mquake_fscr_0890_t7,0.11000000000000001,0.0,0,1,1
Qwen-7B,mquake_fscr_0891_t3,0.0,0.34500000000000003,0,1,1
Qwen-7B,mquake_fscr_0892_t3,0.0,0.25625000000000003,0,1,1
Qwen-7B,mquake_fscr_0893_t3,0.22708333333333336,0.22708333333333336,0,1,1
Qwen-7B,mquake_fscr_0894_t3,0.0,0.18333333333333335,0,1,1
Qwen-7B,mquake_fscr_0895_t7,0.55,0.55,0,0,0
Qwen-7B,mquake_fscr_0896_t3,0.0,0.6598214285714286,1,1,0
Qwen-7B,mquake_fscr_0897_t7,0.0,0.29404761904761906,0,1,1
Qwen-7B,mquake_fscr_0898_t3,0.0,0.30625,0,1,1
Qwen-7B,mquake_fscr_0899_t3,0.275,0.275,0,1,1
Qwen-7B,mquake_fscr_0900_t3,0.0,0.21547619047619046,0,1,0
Qwen-7B,mquake_fscr_0901_t3,0.0,0.15714285714285714,0,1,1
Qwen-7B,mquake_fscr_0902_t7,1.0,1.0,0,0,0
Qwen-7B,mquake_fscr_0903_t7,0.3319444444444445,0.3319444444444445,0,1,1
Qwen-7B,mquake_fscr_0904_t7,0.3319444444444445,0.3319444444444445,0,1,1
Qwen-7B,mquake_fscr_0905_t3,0.0,0.0,0,1,1
Qwen-7B,mquake_fscr_0906_t7,0.55,0.0,0,0,0
Qwen-7B,mquake_fscr_0907_t7,0.15714285714285714,0.21547619047619046,0,1,1
Qwen-7B,mquake_fscr_0908_t3,0.0,0.21547619047619046,0,1,1
Qwen-7B,mquake_fscr_0909_t3,0.0,0.31547619047619047,0,1,1
Qwen-7B,mquake_fscr_0910_t3,0.0,0.34500000000000003,0,1,1
Qwen-7B,mquake_fscr_0911_t3,0.0,0.07857142857142857,0,1,1
Qwen-7B,mquake_fscr_0912_t3,0.0,0.0,0,1,1
Qwen-7B,mquake_fscr_0913_t3,0.0,0.29404761904761906,0,1,1
Qwen-7B,mquake_fscr_0914_t7,0.34500000000000003,0.34500000000000003,0,1,1
Qwen-7B,mquake_fscr_0915_t3,0.0,0.0,0,1,1
Qwen-7B,mquake_fscr_0916_t7,0.375,0.375,0,1,1
Qwen-7B,mquake_fscr_0917_t7,0.55,0.55,0,0,0
Qwen-7B,mquake_fscr_0918_t7,0.1875,0.06875,0,1,1
Qwen-7B,mquake_fscr_0919_t7,1.0,1.0,0,0,0
Qwen-7B,mquake_fscr_0920_t7,1.0,1.0,0,0,0
Qwen-7B,mquake_fscr_0921_t7,0.2977777777777778,0.39166666666666666,0,1,1
Qwen-7B,mquake_fscr_0922_t7,0.16597222222222224,0.29404761904761906,0,1,0
Qwen-7B,mquake_fscr_0923_t7,0.25333333333333335,0.18333333333333335,0,1,1
Qwen-7B,mquake_fscr_0924_t3,0.0,0.09166666666666667,0,1,1
Qwen-7B,mquake_fscr_0925_t3,0.0,0.34500000000000003,0,1,1
Qwen-7B,mquake_fscr_0926_t7,0.55,0.55,0,0,0
Qwen-7B,mquake_fscr_0927_t7,0.0,0.375,0,1,1
Qwen-7B,mquake_fscr_0928_t3,0.0,0.41428571428571426,0,1,1
Qwen-7B,mquake_fscr_0929_t7,1.0,1.0,0,0,0
Qwen-7B,mquake_fscr_0930_t7,0.55,0.55,0,0,0
Qwen-7B,mquake_fscr_0931_t7,0.11000000000000001,0.0,0,0,0
Qwen-7B,mquake_fscr_0932_t7,0.25333333333333335,0.25333333333333335,0,1,1
Qwen-7B,mquake_fscr_0933_t3,0.0,0.29404761904761906,0,1,1
Qwen-7B,mquake_fscr_0934_t3,0.0,0.1488888888888889,0,1,1
Qwen-7B,mquake_fscr_0935_t7,0.06875,0.25625000000000003,0,1,1
Qwen-7B,mquake_fscr_0936_t7,0.0,0.09166666666666667,0,1,1
Qwen-7B,mquake_fscr_0937_t7,0.0,0.3930555555555556,0,1,1
Qwen-7B,mquake_fscr_0938_t3,0.25625000000000003,0.25625000000000003,0,1,1
Qwen-7B,mquake_fscr_0939_t7,1.0,1.0,0,0,0
Qwen-7B,mquake_fscr_0940_t3,0.375,0.375,0,1,1
Qwen-7B,mquake_fscr_0941_t7,0.55,0.55,0,0,0
Qwen-7B,mquake_fscr_0942_t7,0.375,0.0,0,1,1
Qwen-7B,mquake_fscr_0943_t3,0.0,0.21547619047619046,0,1,1
Qwen-7B,mquake_fscr_0944_t7,0.4309523809523809,0.4309523809523809,0,1,1
Qwen-7B,mquake_fscr_0945_t7,0.375,0.6372916666666667,1,0,0
Qwen-7B,mquake_fscr_0946_t7,0.21547619047619046,0.21547619047619046,0,1,1
Qwen-7B,mquake_fscr_0947_t3,0.12222222222222223,0.12222222222222223,0,1,1
Qwen-7B,mquake_fscr_0948_t3,0.0,0.375,0,1,1
Qwen-7B,mquake_fscr_0949_t3,0.0,0.21547619047619046,0,0,1
Qwen-7B,mquake_fscr_0950_t7,1.0,1.0,0,0,0
Qwen-7B,mquake_fscr_0951_t3,0.0,0.16597222222222224,0,1,1
Qwen-7B,mquake_fscr_0952_t7,0.29404761904761906,0.29404761904761906,0,1,1
Qwen-7B,mquake_fscr_0953_t3,0.0,0.34500000000000003,0,1,1
Qwen-7B,mquake_fscr_0954_t3,0.29404761904761906,0.29404761904761906,0,1,1
Qwen-7B,mquake_fscr_0955_t7,0.07857142857142857,0.21547619047619046,0,1,1
Qwen-7B,mquake_fscr_0956_t7,0.34500000000000003,0.34500000000000003,0,1,1
Qwen-7B,mquake_fscr_0957_t7,0.29404761904761906,0.07857142857142857,0,1,1
Qwen-7B,mquake_fscr_0958_t3,0.0,0.0,0,1,1
Qwen-7B,mquake_fscr_0959_t7,0.0,0.3527777777777778,0,1,1
Qwen-7B,mquake_fscr_0960_t3,0.0,0.18333333333333335,0,1,1
Qwen-7B,mquake_fscr_0961_t7,0.0,0.21547619047619046,0,1,1
Qwen-7B,mquake_fscr_0962_t3,0.0,0.09166666666666667,0,1,1
Qwen-7B,mquake_fscr_0963_t7,0.11000000000000001,0.22708333333333336,0,1,0
Qwen-7B,mquake_fscr_0964_t7,0.6375000000000001,0.58125,0,1,1
Qwen-7B,mquake_fscr_0965_t3,0.0,0.0,0,1,1
Qwen-7B,mquake_fscr_0966_t7,0.07857142857142857,0.1875,0,1,0
Qwen-7B,mquake_fscr_0967_t3,0.21547619047619046,0.21547619047619046,0,1,1
Qwen-7B,mquake_fscr_0968_t7,0.55,0.55,0,0,0
Qwen-7B,mquake_fscr_0969_t7,0.25625000000000003,0.25625000000000003,0,1,1
Qwen-7B,mquake_fscr_0970_t3,0.0,0.3319444444444445,0,1,1
Qwen-7B,mquake_fscr_0971_t3,0.0,0.16597222222222224,0,1,1
Qwen-7B,mquake_fscr_0972_t3,0.0,0.0,0,1,1
Qwen-7B,mquake_fscr_0973_t3,0.0,0.25333333333333335,0,0,1
Qwen-7B,mquake_fscr_0974_t3,0.0,0.4309523809523809,0,0,1
Qwen-7B,mquake_fscr_0975_t3,0.3319444444444445,0.37517361111111114,0,1,0
Qwen-7B,mquake_fscr_0976_t7,0.29404761904761906,0.29404761904761906,0,1,1
Qwen-7B,mquake_fscr_0977_t3,0.0,0.21547619047619046,0,1,1
Qwen-7B,mquake_fscr_0978_t7,0.07857142857142857,0.6902777777777778,1,1,1
Qwen-7B,mquake_fscr_0979_t7,0.375,0.375,0,1,1
Qwen-7B,mquake_fscr_0980_t7,0.22708333333333336,0.22708333333333336,0,1,1
Qwen-7B,mquake_fscr_0981_t3,0.0,0.4309523809523809,0,1,1
Qwen-7B,mquake_fscr_0982_t7,0.43680555555555556,0.0,0,1,1
Qwen-7B,mquake_fscr_0983_t3,0.0,0.25333333333333335,0,1,1
Qwen-7B,mquake_fscr_0984_t7,0.55,0.55,0,0,0
Qwen-7B,mquake_fscr_0985_t7,0.16597222222222224,0.22708333333333336,0,1,1
Qwen-7B,mquake_fscr_0986_t3,0.16597222222222224,0.16597222222222224,0,1,1
Qwen-7B,mquake_fscr_0987_t3,0.0,0.325,0,1,1
Qwen-7B,mquake_fscr_0988_t3,0.21547619047619046,0.21547619047619046,0,1,1
Qwen-7B,mquake_fscr_0989_t3,0.0,0.375,0,1,1
Qwen-7B,mquake_fscr_0990_t3,0.07857142857142857,0.2357142857142857,0,1,1
Qwen-7B,mquake_fscr_0991_t3,0.0,0.18333333333333335,0,1,1
Qwen-7B,mquake_fscr_0992_t3,0.0,0.22708333333333336,0,1,1
Qwen-7B,mquake_fscr_0993_t7,0.21547619047619046,0.29404761904761906,0,1,1
Qwen-7B,mquake_fscr_0994_t7,0.0,0.25625000000000003,0,1,1
Qwen-7B,mquake_fscr_0995_t7,0.18125000000000002,0.18125000000000002,0,1,1
Qwen-7B,mquake_fscr_0996_t3,0.5766666666666667,0.18333333333333335,0,1,1
Qwen-7B,mquake_fscr_0997_t7,0.55,0.5883928571428572,0,0,0
Qwen-7B,mquake_fscr_0998_t3,0.21547619047619046,0.21547619047619046,0,1,1
Qwen-7B,mquake_fscr_0999_t3,0.0,0.21547619047619046,0,1,1
Qwen-14B,mquake_fscr_0000_t3,0.59375,0.59375,0,1,1
Qwen-14B,mquake_fscr_0001_t7,0.43680555555555556,0.43680555555555556,0,0,0
Qwen-14B,mquake_fscr_0002_t7,0.55,0.55,0,0,0
Qwen-14B,mquake_fscr_0003_t3,0.30625,0.30625,0,1,1
Qwen-14B,mquake_fscr_0004_t7,0.06875,0.0,0,1,1
Qwen-14B,mquake_fscr_0005_t3,0.3930555555555556,0.3930555555555556,0,1,1
Qwen-14B,mquake_fscr_0006_t7,0.55,0.6127976190476191,0,0,0
Qwen-14B,mquake_fscr_0007_t7,0.22708333333333336,0.3930555555555556,0,1,1
Qwen-14B,mquake_fscr_0008_t7,0.0,0.4309523809523809,0,1,1
Qwen-14B,mquake_fscr_0009_t7,0.2038888888888889,0.2038888888888889,0,1,1
Qwen-14B,mquake_fscr_0010_t3,0.29404761904761906,0.29404761904761906,0,1,1
Qwen-14B,mquake_fscr_0011_t7,0.29404761904761906,0.29404761904761906,0,1,1
Qwen-14B,mquake_fscr_0012_t7,1.0,1.0,0,0,0
Qwen-14B,mquake_fscr_0013_t3,0.2857142857142857,0.2857142857142857,0,1,1
Qwen-14B,mquake_fscr_0014_t7,1.0,1.0,0,0,0
Qwen-14B,mquake_fscr_0015_t7,0.21547619047619046,0.21547619047619046,0,1,1
Qwen-14B,mquake_fscr_0016_t7,0.25625000000000003,0.25625000000000003,0,1,1
Qwen-14B,mquake_fscr_0017_t7,0.0,0.11000000000000001,0,1,1
Qwen-14B,mquake_fscr_0018_t3,0.21547619047619046,0.29404761904761906,0,1,1
Qwen-14B,mquake_fscr_0019_t7,0.55,0.55,0,0,0
Qwen-14B,mquake_fscr_0020_t3,0.22000000000000003,0.22000000000000003,0,1,1
Qwen-14B,mquake_fscr_0021_t7,0.55,0.55,0,0,0
Qwen-14B,mquake_fscr_0022_t3,0.11000000000000001,0.11000000000000001,0,1,1
Qwen-14B,mquake_fscr_0023_t3,0.21547619047619046,0.21547619047619046,0,1,1
Qwen-14B,mquake_fscr_0024_t7,0.6102083333333334,0.6473611111111112,0,0,0
Qwen-14B,mquake_fscr_0025_t3,0.25333333333333335,0.25333333333333335,0,1,1
Qwen-14B,mquake_fscr_0026_t3,0.22708333333333336,0.22708333333333336,0,1,1
Qwen-14B,mquake_fscr_0027_t7,0.55,1.0,0,0,0
Qwen-14B,mquake_fscr_0028_t3,0.18333333333333335,0.18333333333333335,0,1,1
Qwen-14B,mquake_fscr_0029_t7,0.0,1.0,1,0,0
Qwen-14B,mquake_fscr_0030_t7,0.7513888888888889,0.43680555555555556,0,1,1
Qwen-14B,mquake_fscr_0031_t3,0.34500000000000003,0.34500000000000003,0,1,1
Qwen-14B,mquake_fscr_0032_t7,0.25625000000000003,0.25625000000000003,0,1,1
Qwen-14B,mquake_fscr_0033_t7,0.0,1.0,1,1,0
Qwen-14B,mquake_fscr_0034_t7,0.16597222222222224,0.22708333333333336,0,1,1
Qwen-14B,mquake_fscr_0035_t7,0.2857142857142857,0.2857142857142857,0,1,1
Qwen-14B,mquake_fscr_0036_t3,0.0,0.42500000000000004,0,1,1
Qwen-14B,mquake_fscr_0037_t7,0.2857142857142857,0.20714285714285713,0,1,1
Qwen-14B,mquake_fscr_0038_t3,0.32000000000000006,0.32000000000000006,0,1,1
Qwen-14B,mquake_fscr_0039_t7,0.0,0.43680555555555556,0,1,1
Qwen-14B,mquake_fscr_0040_t7,0.18125000000000002,0.6125,1,1,1
Qwen-14B,mquake_fscr_0041_t7,0.0,0.18333333333333335,0,1,1
Qwen-14B,mquake_fscr_0042_t3,0.22000000000000003,0.09166666666666667,0,1,1
Qwen-14B,mquake_fscr_0043_t7,0.0,0.7951388888888888,1,1,1
Qwen-14B,mquake_fscr_0044_t7,0.18333333333333335,0.18333333333333335,0,1,1
Qwen-14B,mquake_fscr_0045_t7,0.55,0.55,0,0,0
Qwen-14B,mquake_fscr_0046_t7,0.0,0.7216145833333334,1,0,0
Qwen-14B,mquake_fscr_0047_t7,0.21547619047619046,0.11000000000000001,0,1,1
Qwen-14B,mquake_fscr_0048_t7,1.0,1.0,0,0,0
Qwen-14B,mquake_fscr_0049_t7,0.0,0.25625000000000003,0,1,1
Qwen-14B,mquake_fscr_0050_t7,0.25333333333333335,0.25333333333333335,0,1,1
Qwen-14B,mquake_fscr_0051_t3,0.2881944444444445,0.2881944444444445,0,1,1
Qwen-14B,mquake_fscr_0052_t3,0.375,0.375,0,1,1
Qwen-14B,mquake_fscr_0053_t3,0.11000000000000001,0.11000000000000001,0,1,1
Qwen-14B,mquake_fscr_0054_t3,0.21547619047619046,0.21547619047619046,0,1,1
Qwen-14B,mquake_fscr_0055_t7,0.0,0.0,0,1,1
Qwen-14B,mquake_fscr_0056_t3,0.07857142857142857,0.07857142857142857,0,1,1
Qwen-14B,mquake_fscr_0057_t7,0.0,0.7951388888888888,1,1,1
Qwen-14B,mquake_fscr_0058_t3,0.21547619047619046,0.21547619047619046,0,1,1
Qwen-14B,mquake_fscr_0059_t7,0.16597222222222224,0.16597222222222224,0,1,1
Qwen-14B,mquake_fscr_0060_t7,0.55,0.55,0,0,0
Qwen-14B,mquake_fscr_0061_t7,0.25625000000000003,0.25625000000000003,0,1,1
Qwen-14B,mquake_fscr_0062_t3,0.29404761904761906,0.21547619047619046,0,1,1
Qwen-14B,mquake_fscr_0063_t3,0.375,0.375,0,1,1
Qwen-14B,mquake_fscr_0064_t3,0.43680555555555556,0.07857142857142857,0,1,1
Qwen-14B,mquake_fscr_0065_t7,0.0,0.5428571428571429,1,1,1
Qwen-14B,mquake_fscr_0066_t3,0.3319444444444445,0.3319444444444445,0,1,1
Qwen-14B,mquake_fscr_0067_t7,0.34500000000000003,0.34500000000000003,0,1,1
Qwen-14B,mquake_fscr_0068_t7,0.29404761904761906,0.29404761904761906,0,1,1
Qwen-14B,mquake_fscr_0069_t7,0.55,1.0,0,0,0
Qwen-14B,mquake_fscr_0070_t3,0.20625000000000002,0.20625000000000002,0,1,1
Qwen-14B,mquake_fscr_0071_t3,0.3930555555555556,0.3930555555555556,0,1,1
Qwen-14B,mquake_fscr_0072_t3,0.2857142857142857,0.2857142857142857,0,1,1
Qwen-14B,mquake_fscr_0073_t7,0.3319444444444445,0.3319444444444445,0,1,1
Qwen-14B,mquake_fscr_0074_t7,0.18333333333333335,0.18333333333333335,0,1,1
Qwen-14B,mquake_fscr_0075_t7,1.0,1.0,0,0,0
Qwen-14B,mquake_fscr_0076_t3,0.375,0.375,0,1,1
Qwen-14B,mquake_fscr_0077_t7,0.24166666666666667,0.21547619047619046,0,1,1
Qwen-14B,mquake_fscr_0078_t3,0.25333333333333335,0.34500000000000003,0,1,1
Qwen-14B,mquake_fscr_0079_t3,0.29404761904761906,0.0,0,1,1
Qwen-14B,mquake_fscr_0080_t7,0.9,0.9,0,0,0
Qwen-14B,mquake_fscr_0081_t7,0.0,0.11000000000000001,0,1,1
Qwen-14B,mquake_fscr_0082_t3,0.21547619047619046,0.21547619047619046,0,1,1
Qwen-14B,mquake_fscr_0083_t3,0.21547619047619046,0.11000000000000001,0,1,1
Qwen-14B,mquake_fscr_0084_t7,0.09166666666666667,0.09166666666666667,0,1,1
Qwen-14B,mquake_fscr_0085_t3,0.22000000000000003,0.22000000000000003,0,1,1
Qwen-14B,mquake_fscr_0086_t7,0.25625000000000003,0.25625000000000003,0,1,1
Qwen-14B,mquake_fscr_0087_t3,0.0,0.375,0,1,1
Qwen-14B,mquake_fscr_0088_t7,0.34500000000000003,0.34500000000000003,0,1,1
Qwen-14B,mquake_fscr_0089_t7,0.2881944444444445,0.6465277777777778,1,1,1
Qwen-14B,mquake_fscr_0090_t3,0.2881944444444445,0.2881944444444445,0,1,1
Qwen-14B,mquake_fscr_0091_t3,0.2357142857142857,0.2357142857142857,0,1,1
Qwen-14B,mquake_fscr_0092_t7,1.0,1.0,0,0,0
Qwen-14B,mquake_fscr_0093_t7,0.0,0.6894444444444445,1,1,1
Qwen-14B,mquake_fscr_0094_t3,0.4309523809523809,0.4309523809523809,0,1,1
Qwen-14B,mquake_fscr_0095_t7,1.0,1.0,0,0,0
Qwen-14B,mquake_fscr_0096_t7,0.16597222222222224,0.16597222222222224,0,1,1
Qwen-14B,mquake_fscr_0097_t3,0.34500000000000003,0.34500000000000003,0,1,1
Qwen-14B,mquake_fscr_0098_t7,0.25333333333333335,0.25333333333333335,0,1,1
Qwen-14B,mquake_fscr_0099_t7,0.29404761904761906,0.4979166666666667,0,1,1
Qwen-14B,mquake_fscr_0100_t7,1.0,1.0,0,0,0
Qwen-14B,mquake_fscr_0101_t7,0.55,1.0,0,0,0
Qwen-14B,mquake_fscr_0102_t7,0.06875,0.15714285714285714,0,1,1
Qwen-14B,mquake_fscr_0103_t3,0.21547619047619046,0.29404761904761906,0,0,0
Qwen-14B,mquake_fscr_0104_t7,0.1875,0.1875,0,1,1
Qwen-14B,mquake_fscr_0105_t7,0.0,0.16597222222222224,0,1,1
Qwen-14B,mquake_fscr_0106_t7,0.21547619047619046,0.6261904761904762,1,1,1
Qwen-14B,mquake_fscr_0107_t3,0.30625,0.30625,0,1,1
Qwen-14B,mquake_fscr_0108_t3,0.16597222222222224,0.16597222222222224,0,1,1
Qwen-14B,mquake_fscr_0109_t3,0.0,0.0,0,1,1
Qwen-14B,mquake_fscr_0110_t3,0.34500000000000003,0.34500000000000003,0,1,1
Qwen-14B,mquake_fscr_0111_t7,0.55,0.55,0,0,0
Qwen-14B,mquake_fscr_0112_t3,0.29404761904761906,0.29404761904761906,0,1,1
Qwen-14B,mquake_fscr_0113_t3,0.45119047619047625,0.45119047619047625,0,1,1
Qwen-14B,mquake_fscr_0114_t7,0.16597222222222224,0.7951388888888888,1,1,1
Qwen-14B,mquake_fscr_0115_t3,0.11000000000000001,0.11000000000000001,0,1,1
Qwen-14B,mquake_fscr_0116_t3,0.5368055555555555,0.5368055555555555,0,1,1
Qwen-14B,mquake_fscr_0117_t3,0.21547619047619046,0.11000000000000001,0,1,1
Qwen-14B,mquake_fscr_0118_t3,0.1875,0.1875,0,1,1
Qwen-14B,mquake_fscr_0119_t3,0.0,0.2038888888888889,0,1,1
Qwen-14B,mquake_fscr_0120_t3,0.21547619047619046,0.21547619047619046,0,1,1
Qwen-14B,mquake_fscr_0121_t7,0.21547619047619046,0.6261904761904762,1,1,1
Qwen-14B,mquake_fscr_0122_t7,0.11000000000000001,0.11000000000000001,0,0,1
Qwen-14B,mquake_fscr_0123_t3,0.29404761904761906,0.29404761904761906,0,1,1
Qwen-14B,mquake_fscr_0124_t7,1.0,1.0,0,0,0
Qwen-14B,mquake_fscr_0125_t7,1.0,1.0,0,0,0
Qwen-14B,mquake_fscr_0126_t3,0.25625000000000003,0.25625000000000003,0,1,1
Qwen-14B,mquake_fscr_0127_t7,0.16597222222222224,0.6902777777777778,1,1,1
Qwen-14B,mquake_fscr_0128_t7,0.9,0.9,0,0,0
Qwen-14B,mquake_fscr_0129_t3,0.0,0.1875,0,1,1
Qwen-14B,mquake_fscr_0130_t7,0.55,1.0,0,0,0
Qwen-14B,mquake_fscr_0131_t7,0.22708333333333336,0.22708333333333336,0,1,1
Qwen-14B,mquake_fscr_0132_t7,0.21547619047619046,0.21547619047619046,0,1,1
Qwen-14B,mquake_fscr_0133_t3,0.29404761904761906,0.11000000000000001,0,1,1
Qwen-14B,mquake_fscr_0134_t7,0.55,0.6134910714285715,0,0,0
Qwen-14B,mquake_fscr_0135_t3,0.09166666666666667,0.09166666666666667,0,1,1
Qwen-14B,mquake_fscr_0136_t7,0.5817708333333333,0.5817708333333333,0,0,0
Qwen-14B,mquake_fscr_0137_t3,0.34500000000000003,0.34500000000000003,0,1,1
Qwen-14B,mquake_fscr_0138_t3,0.275,0.275,0,1,1
Qwen-14B,mquake_fscr_0139_t7,0.0,0.0,0,1,1
Qwen-14B,mquake_fscr_0140_t7,1.0,1.0,0,0,0
Qwen-14B,mquake_fscr_0141_t7,0.29404761904761906,0.29404761904761906,0,1,1
Qwen-14B,mquake_fscr_0142_t3,0.375,0.375,0,1,1
Qwen-14B,mquake_fscr_0143_t3,0.0,0.16597222222222224,0,1,1
Qwen-14B,mquake_fscr_0144_t3,0.29404761904761906,0.11000000000000001,0,1,1
Qwen-14B,mquake_fscr_0145_t3,0.21547619047619046,0.21547619047619046,0,1,1
Qwen-14B,mquake_fscr_0146_t7,0.25625000000000003,0.6271785714285715,1,1,1
Qwen-14B,mquake_fscr_0147_t7,0.55,0.5869977678571429,0,0,0
Qwen-14B,mquake_fscr_0148_t3,0.25333333333333335,0.25333333333333335,0,1,1
Qwen-14B,mquake_fscr_0149_t3,0.07857142857142857,0.07857142857142857,0,1,1
Qwen-14B,mquake_fscr_0150_t7,0.16597222222222224,0.16597222222222224,0,1,1
Qwen-14B,mquake_fscr_0151_t3,0.29404761904761906,0.29404761904761906,0,1,1
Qwen-14B,mquake_fscr_0152_t7,1.0,1.0,0,0,0
Qwen-14B,mquake_fscr_0153_t3,0.21547619047619046,0.29404761904761906,0,1,1
Qwen-14B,mquake_fscr_0154_t3,0.2038888888888889,0.2038888888888889,0,1,1
Qwen-14B,mquake_fscr_0155_t7,0.0,0.1875,0,1,1
Qwen-14B,mquake_fscr_0156_t7,0.37517361111111114,0.37517361111111114,0,1,1
Qwen-14B,mquake_fscr_0157_t3,0.29404761904761906,0.29404761904761906,0,1,1
Qwen-14B,mquake_fscr_0158_t3,0.43680555555555556,0.43680555555555556,0,1,1
Qwen-14B,mquake_fscr_0159_t7,0.9,0.9,0,0,0
Qwen-14B,mquake_fscr_0160_t7,0.55,0.8416666666666668,0,0,1
Qwen-14B,mquake_fscr_0161_t7,0.55,0.5898214285714286,0,0,0
Qwen-14B,mquake_fscr_0162_t7,0.21547619047619046,0.21547619047619046,0,1,1
Qwen-14B,mquake_fscr_0163_t3,0.43680555555555556,0.43680555555555556,0,1,1
Qwen-14B,mquake_fscr_0164_t7,1.0,1.0,0,0,0
Qwen-14B,mquake_fscr_0165_t7,0.25625000000000003,0.25625000000000003,0,0,1
Qwen-14B,mquake_fscr_0166_t3,0.34500000000000003,0.0,0,1,1
Qwen-14B,mquake_fscr_0167_t7,0.22708333333333336,0.22708333333333336,0,1,1
Qwen-14B,mquake_fscr_0168_t3,0.25625000000000003,0.25625000000000003,0,1,1
Qwen-14B,mquake_fscr_0169_t3,0.12222222222222223,0.12222222222222223,0,1,1
Qwen-14B,mquake_fscr_0170_t7,0.55,1.0,0,0,0
Qwen-14B,mquake_fscr_0171_t3,0.34500000000000003,0.34500000000000003,0,1,1
Qwen-14B,mquake_fscr_0172_t7,1.0,1.0,0,0,0
Qwen-14B,mquake_fscr_0173_t7,0.06875,0.06875,0,1,1
Qwen-14B,mquake_fscr_0174_t3,0.061111111111111116,0.22708333333333336,0,1,1
Qwen-14B,mquake_fscr_0175_t3,0.0,0.16597222222222224,0,1,1
Qwen-14B,mquake_fscr_0176_t7,0.0,0.25625000000000003,0,1,1
Qwen-14B,mquake_fscr_0177_t7,0.0,0.0,0,1,1
Qwen-14B,mquake_fscr_0178_t7,0.55,0.6638392857142857,0,0,0
Qwen-14B,mquake_fscr_0179_t3,0.2881944444444445,0.2881944444444445,0,1,1
Qwen-14B,mquake_fscr_0180_t7,0.55,0.55,0,0,0
Qwen-14B,mquake_fscr_0181_t7,0.0,0.11000000000000001,0,1,1
Qwen-14B,mquake_fscr_0182_t3,0.09166666666666667,0.34500000000000003,0,1,1
Qwen-14B,mquake_fscr_0183_t3,0.22708333333333336,0.22708333333333336,0,1,1
Qwen-14B,mquake_fscr_0184_t3,0.29404761904761906,0.09166666666666667,0,1,1
Qwen-14B,mquake_fscr_0185_t7,0.0,0.5416666666666667,1,1,1
Qwen-14B,mquake_fscr_0186_t3,0.18333333333333335,0.18333333333333335,0,1,1
Qwen-14B,mquake_fscr_0187_t3,0.0,0.11000000000000001,0,1,1
Qwen-14B,mquake_fscr_0188_t7,0.29404761904761906,0.29404761904761906,0,1,1
Qwen-14B,mquake_fscr_0189_t7,0.09166666666666667,0.7383333333333333,1,1,1
Qwen-14B,mquake_fscr_0190_t7,0.0,0.22708333333333336,0,1,1
Qwen-14B,mquake_fscr_0191_t7,0.55,0.5883928571428572,0,0,0
Qwen-14B,mquake_fscr_0192_t3,0.25333333333333335,0.4309523809523809,0,1,1
Qwen-14B,mquake_fscr_0193_t7,0.0,0.21547619047619046,0,1,1
Qwen-14B,mquake_fscr_0194_t7,0.5869295634920635,1.0,0,0,0
Qwen-14B,mquake_fscr_0195_t3,0.25625000000000003,0.325,0,1,1
Qwen-14B,mquake_fscr_0196_t7,0.55,1.0,0,0,0
Qwen-14B,mquake_fscr_0197_t7,0.2857142857142857,0.16597222222222224,0,1,1
Qwen-14B,mquake_fscr_0198_t7,0.55,1.0,0,0,0
Qwen-14B,mquake_fscr_0199_t3,0.29404761904761906,0.29404761904761906,0,1,1
Qwen-14B,mquake_fscr_0200_t7,0.55,1.0,0,0,0
Qwen-14B,mquake_fscr_0201_t7,0.0,0.42500000000000004,0,1,1
Qwen-14B,mquake_fscr_0202_t3,0.18333333333333335,0.18333333333333335,0,1,1
Qwen-14B,mquake_fscr_0203_t3,0.34500000000000003,0.34500000000000003,0,1,1
Qwen-14B,mquake_fscr_0204_t7,0.55,0.9,0,0,0
Qwen-14B,mquake_fscr_0205_t3,0.275,0.275,0,1,1
Qwen-14B,mquake_fscr_0206_t3,0.22708333333333336,0.22708333333333336,0,1,1
Qwen-14B,mquake_fscr_0207_t3,0.25333333333333335,0.25333333333333335,0,1,1
Qwen-14B,mquake_fscr_0208_t3,0.29404761904761906,0.09166666666666667,0,1,1
Qwen-14B,mquake_fscr_0209_t7,1.0,1.0,0,0,0
Qwen-14B,mquake_fscr_0210_t3,0.0,0.1875,0,1,1
Qwen-14B,mquake_fscr_0211_t3,0.29404761904761906,0.29404761904761906,0,1,1
Qwen-14B,mquake_fscr_0212_t3,0.22000000000000003,0.22000000000000003,0,1,1
Qwen-14B,mquake_fscr_0213_t7,0.07857142857142857,0.07857142857142857,0,1,1
Qwen-14B,mquake_fscr_0214_t3,0.30625,0.375,0,1,1
Qwen-14B,mquake_fscr_0215_t3,0.11000000000000001,0.0,0,1,1
Qwen-14B,mquake_fscr_0216_t7,0.29404761904761906,0.29404761904761906,0,1,1
Qwen-14B,mquake_fscr_0217_t3,0.0,0.0,0,1,1
Qwen-14B,mquake_fscr_0218_t3,0.0,0.34500000000000003,0,1,1
Qwen-14B,mquake_fscr_0219_t3,0.27083333333333337,0.27083333333333337,0,1,1
Qwen-14B,mquake_fscr_0220_t3,0.29404761904761906,0.3726190476190476,0,1,1
Qwen-14B,mquake_fscr_0221_t7,0.21547619047619046,0.21547619047619046,0,1,1
Qwen-14B,mquake_fscr_0222_t3,0.0,0.2881944444444445,0,1,1
Qwen-14B,mquake_fscr_0223_t7,0.0,0.6261904761904762,1,1,1
Qwen-14B,mquake_fscr_0224_t3,0.29404761904761906,0.29404761904761906,0,1,1
Qwen-14B,mquake_fscr_0225_t3,0.18333333333333335,0.18333333333333335,0,1,1
Qwen-14B,mquake_fscr_0226_t3,0.18333333333333335,0.18333333333333335,0,1,1
Qwen-14B,mquake_fscr_0227_t3,0.0,0.16597222222222224,0,1,1
Qwen-14B,mquake_fscr_0228_t7,0.34500000000000003,0.34500000000000003,0,1,1
Qwen-14B,mquake_fscr_0229_t7,0.0,0.07857142857142857,0,1,1
Qwen-14B,mquake_fscr_0230_t7,0.0,0.3726190476190476,0,1,1
Qwen-14B,mquake_fscr_0231_t3,0.275,0.275,0,1,1
Qwen-14B,mquake_fscr_0232_t7,0.07857142857142857,0.0,0,1,1
Qwen-14B,mquake_fscr_0233_t7,0.55,1.0,0,0,0
Qwen-14B,mquake_fscr_0234_t7,0.55,0.55,0,0,0
Qwen-14B,mquake_fscr_0235_t7,1.0,1.0,0,0,0
Qwen-14B,mquake_fscr_0236_t3,0.16597222222222224,0.16597222222222224,0,1,1
Qwen-14B,mquake_fscr_0237_t7,0.27083333333333337,0.27083333333333337,0,1,1
Qwen-14B,mquake_fscr_0238_t7,1.0,1.0,0,0,0
Qwen-14B,mquake_fscr_0239_t3,0.375,0.375,0,1,1
Qwen-14B,mquake_fscr_0240_t7,0.25333333333333335,0.763095238095238,1,1,1
Qwen-14B,mquake_fscr_0241_t3,0.0,0.09166666666666667,0,1,1
Qwen-14B,mquake_fscr_0242_t7,0.55,0.6143452380952381,0,0,0
Qwen-14B,mquake_fscr_0243_t7,0.37569444444444444,0.07857142857142857,0,1,1
Qwen-14B,mquake_fscr_0244_t7,1.0,1.0,0,0,0
Qwen-14B,mquake_fscr_0245_t3,0.21547619047619046,0.21547619047619046,0,1,1
Qwen-14B,mquake_fscr_0246_t7,0.3533333333333334,0.3533333333333334,0,1,1
Qwen-14B,mquake_fscr_0247_t3,0.16597222222222224,0.16597222222222224,0,1,1
Qwen-14B,mquake_fscr_0248_t7,0.11000000000000001,0.0,0,1,1
Qwen-14B,mquake_fscr_0249_t7,1.0,1.0,0,0,0
Qwen-14B,mquake_fscr_0250_t3,0.4756944444444444,0.4756944444444444,0,1,1
Qwen-14B,mquake_fscr_0251_t3,0.11000000000000001,0.21547619047619046,0,1,1
Qwen-14B,mquake_fscr_0252_t7,0.55,1.0,0,0,0
Qwen-14B,mquake_fscr_0253_t3,0.29404761904761906,0.29404761904761906,0,1,1
Qwen-14B,mquake_fscr_0254_t7,0.0,0.5766666666666667,1,1,1
Qwen-14B,mquake_fscr_0255_t7,0.29404761904761906,0.29404761904761906,0,1,1
Qwen-14B,mquake_fscr_0256_t7,0.55,0.6140625000000001,0,0,0
Qwen-14B,mquake_fscr_0257_t3,0.22708333333333336,0.22708333333333336,0,1,1
Qwen-14B,mquake_fscr_0258_t3,0.16597222222222224,0.16597222222222224,0,1,1
Qwen-14B,mquake_fscr_0259_t3,0.29404761904761906,0.3726190476190476,0,1,1
Qwen-14B,mquake_fscr_0260_t3,0.11000000000000001,0.11000000000000001,0,1,1
Qwen-14B,mquake_fscr_0261_t3,0.33333333333333337,0.33333333333333337,0,1,1
Qwen-14B,mquake_fscr_0262_t3,0.0,0.25625000000000003,0,1,1
Qwen-14B,mquake_fscr_0263_t7,1.0,1.0,0,0,0
Qwen-14B,mquake_fscr_0264_t3,0.25625000000000003,0.6125,1,1,1
Qwen-14B,mquake_fscr_0265_t7,0.55,0.55,0,0,0
Qwen-14B,mquake_fscr_0266_t7,0.0,0.22708333333333336,0,1,1
Qwen-14B,mquake_fscr_0267_t3,0.29404761904761906,0.7047619047619047,1,1,1
Qwen-14B,mquake_fscr_0268_t3,0.0,0.11000000000000001,0,1,1
Qwen-14B,mquake_fscr_0269_t3,0.2857142857142857,0.2857142857142857,0,1,1
Qwen-14B,mquake_fscr_0270_t7,0.55,0.9,0,0,0
Qwen-14B,mquake_fscr_0271_t7,1.0,1.0,0,0,0
Qwen-14B,mquake_fscr_0272_t7,0.1875,0.1875,0,1,1
Qwen-14B,mquake_fscr_0273_t3,0.43680555555555556,0.43680555555555556,0,1,1
Qwen-14B,mquake_fscr_0274_t7,1.0,1.0,0,0,0
Qwen-14B,mquake_fscr_0275_t7,1.0,1.0,0,0,0
Qwen-14B,mquake_fscr_0276_t3,0.29404761904761906,0.29404761904761906,0,1,1
Qwen-14B,mquake_fscr_0277_t3,0.16597222222222224,0.16597222222222224,0,1,1
Qwen-14B,mquake_fscr_0278_t7,0.0,0.29404761904761906,0,1,1
Qwen-14B,mquake_fscr_0279_t3,0.18333333333333335,0.18333333333333335,0,1,1
Qwen-14B,mquake_fscr_0280_t7,0.55,0.6357142857142858,0,0,0
Qwen-14B,mquake_fscr_0281_t3,0.07857142857142857,0.07857142857142857,0,1,1
Qwen-14B,mquake_fscr_0282_t3,0.0,0.375,0,1,1
Qwen-14B,mquake_fscr_0283_t7,0.29404761904761906,0.07857142857142857,0,1,1
Qwen-14B,mquake_fscr_0284_t3,0.49375,0.49375,0,1,1
Qwen-14B,mquake_fscr_0285_t3,0.07857142857142857,0.07857142857142857,0,1,1
Qwen-14B,mquake_fscr_0286_t3,0.1875,0.0,0,1,1
Qwen-14B,mquake_fscr_0287_t3,0.2038888888888889,0.2038888888888889,0,1,1
Qwen-14B,mquake_fscr_0288_t3,0.25333333333333335,0.25333333333333335,0,1,1
Qwen-14B,mquake_fscr_0289_t3,0.25625000000000003,0.25625000000000003,0,1,1
Qwen-14B,mquake_fscr_0290_t3,0.0,0.3726190476190476,0,1,1
Qwen-14B,mquake_fscr_0291_t3,0.29404761904761906,0.29404761904761906,0,1,1
Qwen-14B,mquake_fscr_0292_t3,0.21547619047619046,0.16597222222222224,0,1,1
Qwen-14B,mquake_fscr_0293_t3,0.24166666666666667,0.24166666666666667,0,1,1
Qwen-14B,mquake_fscr_0294_t3,0.0,0.3930555555555556,0,1,1
Qwen-14B,mquake_fscr_0295_t7,0.0,0.375,0,1,1
Qwen-14B,mquake_fscr_0296_t7,0.0,0.09166666666666667,0,1,1
Qwen-14B,mquake_fscr_0297_t3,0.25333333333333335,0.25333333333333335,0,1,1
Qwen-14B,mquake_fscr_0298_t7,0.18333333333333335,0.18333333333333335,0,1,1
Qwen-14B,mquake_fscr_0299_t3,0.30625,0.30625,0,1,1
Qwen-14B,mquake_fscr_0300_t7,0.0,0.34500000000000003,0,1,1
Qwen-14B,mquake_fscr_0301_t3,0.25625000000000003,0.25625000000000003,0,1,1
Qwen-14B,mquake_fscr_0302_t7,0.45238095238095233,0.45238095238095233,0,1,1
Qwen-14B,mquake_fscr_0303_t7,0.55,0.6655753968253969,0,0,0
Qwen-14B,mquake_fscr_0304_t3,0.43194444444444446,0.43194444444444446,0,1,1
Qwen-14B,mquake_fscr_0305_t3,0.22708333333333336,0.22708333333333336,0,1,1
Qwen-14B,mquake_fscr_0306_t3,0.24166666666666667,0.24166666666666667,0,1,1
Qwen-14B,mquake_fscr_0307_t3,0.07857142857142857,0.07857142857142857,0,1,1
Qwen-14B,mquake_fscr_0308_t7,1.0,1.0,0,0,0
Qwen-14B,mquake_fscr_0309_t7,0.0,0.1875,0,1,1
Qwen-14B,mquake_fscr_0310_t7,0.39166666666666666,0.39166666666666666,0,1,1
Qwen-14B,mquake_fscr_0311_t7,0.0,0.11000000000000001,0,1,1
Qwen-14B,mquake_fscr_0312_t3,0.06875,0.325,0,1,1
Qwen-14B,mquake_fscr_0313_t7,0.0,0.34500000000000003,0,1,1
Qwen-14B,mquake_fscr_0314_t7,1.0,1.0,0,0,0
Qwen-14B,mquake_fscr_0315_t3,0.09166666666666667,0.18333333333333335,0,1,1
Qwen-14B,mquake_fscr_0316_t3,0.29404761904761906,0.29404761904761906,0,1,1
Qwen-14B,mquake_fscr_0317_t7,0.29404761904761906,0.29404761904761906,0,1,1
Qwen-14B,mquake_fscr_0318_t3,0.09166666666666667,0.0,0,1,1
Qwen-14B,mquake_fscr_0319_t7,0.0,0.43680555555555556,0,1,1
Qwen-14B,mquake_fscr_0320_t7,0.21547619047619046,0.21547619047619046,0,1,1
Qwen-14B,mquake_fscr_0321_t3,0.1875,0.1875,0,1,1
Qwen-14B,mquake_fscr_0322_t7,0.55,0.55,0,0,0
Qwen-14B,mquake_fscr_0323_t7,0.55,0.5741071428571429,0,0,0
Qwen-14B,mquake_fscr_0324_t3,0.12222222222222223,0.12222222222222223,0,1,1
Qwen-14B,mquake_fscr_0325_t7,0.11000000000000001,0.22000000000000003,0,1,1
Qwen-14B,mquake_fscr_0326_t7,0.09166666666666667,0.09166666666666667,0,1,1
Qwen-14B,mquake_fscr_0327_t3,0.2857142857142857,0.2857142857142857,0,1,1
Qwen-14B,mquake_fscr_0328_t3,0.25625000000000003,0.1875,0,1,1
Qwen-14B,mquake_fscr_0329_t7,0.0,0.2038888888888889,0,1,1
Qwen-14B,mquake_fscr_0330_t3,0.09166666666666667,0.09166666666666667,0,1,1
Qwen-14B,mquake_fscr_0331_t3,0.15714285714285714,0.15714285714285714,0,1,1
Qwen-14B,mquake_fscr_0332_t7,1.0,1.0,0,0,0
Qwen-14B,mquake_fscr_0333_t7,1.0,1.0,0,0,0
Qwen-14B,mquake_fscr_0334_t3,0.0,0.2357142857142857,0,1,1
Qwen-14B,mquake_fscr_0335_t3,0.25333333333333335,0.25333333333333335,0,1,1
Qwen-14B,mquake_fscr_0336_t3,0.33333333333333337,0.33333333333333337,0,1,1
Qwen-14B,mquake_fscr_0337_t7,1.0,1.0,0,0,0
Qwen-14B,mquake_fscr_0338_t3,0.18333333333333335,0.18333333333333335,0,1,1
Qwen-14B,mquake_fscr_0339_t3,0.21547619047619046,0.21547619047619046,0,1,1
Qwen-14B,mquake_fscr_0340_t3,0.22708333333333336,0.21547619047619046,0,1,1
Qwen-14B,mquake_fscr_0341_t3,0.0,0.22000000000000003,0,1,1
Qwen-14B,mquake_fscr_0342_t3,0.25625000000000003,0.0,0,1,1
Qwen-14B,mquake_fscr_0343_t3,0.21547619047619046,0.21547619047619046,0,1,1
Qwen-14B,mquake_fscr_0344_t3,0.29404761904761906,0.29404761904761906,0,1,1
Qwen-14B,mquake_fscr_0345_t7,0.55,1.0,0,0,0
Qwen-14B,mquake_fscr_0346_t7,0.09166666666666667,0.09166666666666667,0,1,1
Qwen-14B,mquake_fscr_0347_t3,0.275,0.4928571428571429,0,1,1
Qwen-14B,mquake_fscr_0348_t7,0.0,0.1875,0,1,1
Qwen-14B,mquake_fscr_0349_t7,0.55,0.55,0,0,0
Qwen-14B,mquake_fscr_0350_t7,0.0,0.29404761904761906,0,1,1
Qwen-14B,mquake_fscr_0351_t7,0.55,0.55,0,0,0
Qwen-14B,mquake_fscr_0352_t7,1.0,1.0,0,0,0
Qwen-14B,mquake_fscr_0353_t3,0.18333333333333335,0.18333333333333335,0,1,1
Qwen-14B,mquake_fscr_0354_t7,0.55,0.55,0,0,0
Qwen-14B,mquake_fscr_0355_t7,0.25333333333333335,0.25333333333333335,0,1,1
Qwen-14B,mquake_fscr_0356_t7,0.21547619047619046,0.21547619047619046,0,1,1
Qwen-14B,mquake_fscr_0357_t3,0.0,0.0,0,1,1
Qwen-14B,mquake_fscr_0358_t3,0.09166666666666667,0.11000000000000001,0,1,1
Qwen-14B,mquake_fscr_0359_t3,0.29404761904761906,0.29404761904761906,0,1,1
Qwen-14B,mquake_fscr_0360_t7,0.25625000000000003,0.25625000000000003,0,1,1
Qwen-14B,mquake_fscr_0361_t7,0.29404761904761906,0.29404761904761906,0,1,1
Qwen-14B,mquake_fscr_0362_t7,0.55,1.0,0,0,0
Qwen-14B,mquake_fscr_0363_t7,1.0,1.0,0,0,0
Qwen-14B,mquake_fscr_0364_t3,0.43680555555555556,0.43680555555555556,0,1,1
Qwen-14B,mquake_fscr_0365_t3,0.16597222222222224,0.16597222222222224,0,1,1
Qwen-14B,mquake_fscr_0366_t7,0.07857142857142857,0.4309523809523809,0,1,1
Qwen-14B,mquake_fscr_0367_t3,0.25333333333333335,0.25333333333333335,0,1,1
Qwen-14B,mquake_fscr_0368_t3,0.21547619047619046,0.21547619047619046,0,1,1
Qwen-14B,mquake_fscr_0369_t7,0.25333333333333335,0.763095238095238,1,1,1
Qwen-14B,mquake_fscr_0370_t7,0.29404761904761906,0.29404761904761906,0,1,1
Qwen-14B,mquake_fscr_0371_t3,0.25625000000000003,0.25625000000000003,0,1,1
Qwen-14B,mquake_fscr_0372_t7,0.0,0.1375,0,1,1
Qwen-14B,mquake_fscr_0373_t3,0.2857142857142857,0.2857142857142857,0,1,1
Qwen-14B,mquake_fscr_0374_t7,0.55,0.55,0,0,0
Qwen-14B,mquake_fscr_0375_t3,0.25625000000000003,0.25625000000000003,0,1,1
Qwen-14B,mquake_fscr_0376_t7,0.29404761904761906,0.29404761904761906,0,1,0
Qwen-14B,mquake_fscr_0377_t7,0.55,1.0,0,0,0
Qwen-14B,mquake_fscr_0378_t3,0.25333333333333335,0.25333333333333335,0,1,1
Qwen-14B,mquake_fscr_0379_t3,0.0,0.1875,0,1,1
Qwen-14B,mquake_fscr_0380_t7,0.18333333333333335,0.18333333333333335,0,1,1
Qwen-14B,mquake_fscr_0381_t7,0.0,0.375,0,1,1
Qwen-14B,mquake_fscr_0382_t3,0.25333333333333335,0.25333333333333335,0,1,1
Qwen-14B,mquake_fscr_0383_t7,0.55,0.55,0,0,0
Qwen-14B,mquake_fscr_0384_t7,0.55,0.6422544642857143,0,0,0
Qwen-14B,mquake_fscr_0385_t7,0.18333333333333335,0.18333333333333335,0,1,1
Qwen-14B,mquake_fscr_0386_t3,0.0,0.34500000000000003,0,1,1
Qwen-14B,mquake_fscr_0387_t7,1.0,1.0,0,0,0
Qwen-14B,mquake_fscr_0388_t7,0.0,0.16597222222222224,0,1,1
Qwen-14B,mquake_fscr_0389_t7,1.0,1.0,0,0,0
Qwen-14B,mquake_fscr_0390_t7,0.55,1.0,0,0,0
Qwen-14B,mquake_fscr_0391_t3,0.0,0.25625000000000003,0,1,1
Qwen-14B,mquake_fscr_0392_t7,0.0,0.21547619047619046,0,1,1
Qwen-14B,mquake_fscr_0393_t3,0.3319444444444445,0.3319444444444445,0,1,1
Qwen-14B,mquake_fscr_0394_t7,0.0,0.07857142857142857,0,1,1
Qwen-14B,mquake_fscr_0395_t3,0.21547619047619046,0.11000000000000001,0,1,1
Qwen-14B,mquake_fscr_0396_t7,0.29404761904761906,0.43680555555555556,0,1,1
Qwen-14B,mquake_fscr_0397_t7,0.55,0.5971540178571428,0,0,0
Qwen-14B,mquake_fscr_0398_t3,0.20625000000000002,0.07857142857142857,0,1,1
Qwen-14B,mquake_fscr_0399_t3,0.475,0.475,0,1,1
Qwen-14B,mquake_fscr_0400_t7,0.59625,0.55,0,0,0
Qwen-14B,mquake_fscr_0401_t3,0.25333333333333335,0.25333333333333335,0,1,1
Qwen-14B,mquake_fscr_0402_t3,0.0,0.12222222222222223,0,1,1
Qwen-14B,mquake_fscr_0403_t3,0.3940476190476191,0.3940476190476191,0,1,1
Qwen-14B,mquake_fscr_0404_t7,0.55,0.6496651785714286,0,0,0
Qwen-14B,mquake_fscr_0405_t7,0.55,0.6372916666666667,0,0,0
Qwen-14B,mquake_fscr_0406_t3,0.2857142857142857,0.2857142857142857,0,1,1
Qwen-14B,mquake_fscr_0407_t3,0.30625,0.30625,0,1,1
Qwen-14B,mquake_fscr_0408_t7,0.55,0.6206919642857143,0,0,0
Qwen-14B,mquake_fscr_0409_t7,1.0,1.0,0,0,0
Qwen-14B,mquake_fscr_0410_t7,0.4309523809523809,0.4309523809523809,0,1,1
Qwen-14B,mquake_fscr_0411_t7,0.25333333333333335,0.4309523809523809,0,1,1
Qwen-14B,mquake_fscr_0412_t7,0.55,0.55,0,0,0
Qwen-14B,mquake_fscr_0413_t7,0.55,1.0,0,0,0
Qwen-14B,mquake_fscr_0414_t3,0.33333333333333337,0.33333333333333337,0,1,1
Qwen-14B,mquake_fscr_0415_t3,0.25625000000000003,0.25625000000000003,0,1,1
Qwen-14B,mquake_fscr_0416_t3,0.29404761904761906,0.29404761904761906,0,1,1
Qwen-14B,mquake_fscr_0417_t7,0.3319444444444445,0.3930555555555556,0,1,1
Qwen-14B,mquake_fscr_0418_t3,0.06875,0.06875,0,1,1
Qwen-14B,mquake_fscr_0419_t3,0.34500000000000003,0.34500000000000003,0,1,1
Qwen-14B,mquake_fscr_0420_t3,0.3726190476190476,0.15714285714285714,0,1,1
Qwen-14B,mquake_fscr_0421_t3,0.3319444444444445,0.3319444444444445,0,1,1
Qwen-14B,mquake_fscr_0422_t3,0.12222222222222223,0.07857142857142857,0,1,1
Qwen-14B,mquake_fscr_0423_t3,0.1875,0.1875,0,1,1
Qwen-14B,mquake_fscr_0424_t3,0.07857142857142857,0.07857142857142857,0,1,1
Qwen-14B,mquake_fscr_0425_t7,0.25333333333333335,0.25333333333333335,0,1,1
Qwen-14B,mquake_fscr_0426_t3,0.1875,0.34500000000000003,0,1,1
Qwen-14B,mquake_fscr_0427_t7,0.55,1.0,0,0,0
Qwen-14B,mquake_fscr_0428_t3,0.061111111111111116,0.16597222222222224,0,1,1
Qwen-14B,mquake_fscr_0429_t3,0.18333333333333335,0.18333333333333335,0,1,1
Qwen-14B,mquake_fscr_0430_t3,0.21547619047619046,0.21547619047619046,0,1,1
Qwen-14B,mquake_fscr_0431_t7,0.0,0.11000000000000001,0,1,1
Qwen-14B,mquake_fscr_0432_t7,0.4309523809523809,0.4309523809523809,0,1,1
Qwen-14B,mquake_fscr_0433_t3,0.0,0.39166666666666666,0,1,1
Qwen-14B,mquake_fscr_0434_t3,0.0,0.0,0,1,1
Qwen-14B,mquake_fscr_0435_t3,0.27083333333333337,0.43680555555555556,0,1,1
Qwen-14B,mquake_fscr_0436_t7,0.4309523809523809,0.4309523809523809,0,1,1
Qwen-14B,mquake_fscr_0437_t3,0.18333333333333335,0.18333333333333335,0,1,1
Qwen-14B,mquake_fscr_0438_t3,0.29404761904761906,0.22708333333333336,0,1,1
Qwen-14B,mquake_fscr_0439_t3,0.0,0.29404761904761906,0,1,1
Qwen-14B,mquake_fscr_0440_t3,0.27083333333333337,0.27083333333333337,0,1,1
Qwen-14B,mquake_fscr_0441_t7,0.4309523809523809,0.07857142857142857,0,1,1
Qwen-14B,mquake_fscr_0442_t3,0.3319444444444445,0.3319444444444445,0,1,1
Qwen-14B,mquake_fscr_0443_t3,0.21547619047619046,0.21547619047619046,0,1,1
Qwen-14B,mquake_fscr_0444_t3,0.18333333333333335,0.18333333333333335,0,1,1
Qwen-14B,mquake_fscr_0445_t3,0.34500000000000003,0.34500000000000003,0,1,1
Qwen-14B,mquake_fscr_0446_t3,0.11000000000000001,0.11000000000000001,0,1,1
Qwen-14B,mquake_fscr_0447_t3,0.375,0.375,0,1,1
Qwen-14B,mquake_fscr_0448_t3,0.29404761904761906,0.29404761904761906,0,1,1
Qwen-14B,mquake_fscr_0449_t3,0.1875,0.1875,0,1,1
Qwen-14B,mquake_fscr_0450_t3,0.49375,0.49375,0,1,1
Qwen-14B,mquake_fscr_0451_t7,0.55,0.55,0,0,0
Qwen-14B,mquake_fscr_0452_t7,0.21547619047619046,0.21547619047619046,0,1,1
Qwen-14B,mquake_fscr_0453_t7,1.0,1.0,0,0,0
Qwen-14B,mquake_fscr_0454_t3,0.29404761904761906,0.29404761904761906,0,1,1
Qwen-14B,mquake_fscr_0455_t7,1.0,1.0,0,0,0
Qwen-14B,mquake_fscr_0456_t3,0.29404761904761906,0.29404761904761906,0,1,1
Qwen-14B,mquake_fscr_0457_t3,0.29404761904761906,0.29404761904761906,0,1,1
Qwen-14B,mquake_fscr_0458_t7,0.55,1.0,0,0,0
Qwen-14B,mquake_fscr_0459_t3,0.0,0.27083333333333337,0,1,1
Qwen-14B,mquake_fscr_0460_t3,0.1875,0.1875,0,1,1
Qwen-14B,mquake_fscr_0461_t7,0.55,0.55,0,0,0
Qwen-14B,mquake_fscr_0462_t3,0.0,0.09166666666666667,0,1,1
Qwen-14B,mquake_fscr_0463_t7,0.55,0.55,0,0,0
Qwen-14B,mquake_fscr_0464_t7,0.29404761904761906,0.29404761904761906,0,1,1
Qwen-14B,mquake_fscr_0465_t3,0.375,0.375,0,1,1
Qwen-14B,mquake_fscr_0466_t3,0.4916666666666667,0.5466666666666666,0,1,1
Qwen-14B,mquake_fscr_0467_t3,0.25333333333333335,0.25333333333333335,0,1,1
Qwen-14B,mquake_fscr_0468_t3,0.0,0.11000000000000001,0,1,1
Qwen-14B,mquake_fscr_0469_t3,0.21547619047619046,0.21547619047619046,0,1,1
Qwen-14B,mquake_fscr_0470_t7,0.49375,0.49375,0,1,1
Qwen-14B,mquake_fscr_0471_t3,0.43680555555555556,0.43680555555555556,0,1,1
Qwen-14B,mquake_fscr_0472_t3,0.29404761904761906,0.29404761904761906,0,1,1
Qwen-14B,mquake_fscr_0473_t7,0.55,1.0,0,0,0
Qwen-14B,mquake_fscr_0474_t3,0.25333333333333335,0.25333333333333335,0,1,1
Qwen-14B,mquake_fscr_0475_t3,0.11000000000000001,0.11000000000000001,0,1,1
Qwen-14B,mquake_fscr_0476_t3,0.0,0.0,0,1,1
Qwen-14B,mquake_fscr_0477_t7,0.3319444444444445,0.3319444444444445,0,1,1
Qwen-14B,mquake_fscr_0478_t3,0.21547619047619046,0.21547619047619046,0,1,1
Qwen-14B,mquake_fscr_0479_t7,0.0,0.09166666666666667,0,1,1
Qwen-14B,mquake_fscr_0480_t7,1.0,1.0,0,0,0
Qwen-14B,mquake_fscr_0481_t3,0.07857142857142857,0.07857142857142857,0,1,1
Qwen-14B,mquake_fscr_0482_t7,1.0,1.0,0,0,0
Qwen-14B,mquake_fscr_0483_t7,0.18333333333333335,0.18333333333333335,0,1,1
Qwen-14B,mquake_fscr_0484_t7,0.21547619047619046,0.763095238095238,1,1,1
Qwen-14B,mquake_fscr_0485_t7,0.55,0.5952232142857143,0,0,0
Qwen-14B,mquake_fscr_0486_t3,0.3940476190476191,0.3940476190476191,0,1,1
Qwen-14B,mquake_fscr_0487_t3,0.21547619047619046,0.21547619047619046,0,1,1
Qwen-14B,mquake_fscr_0488_t7,1.0,1.0,0,0,0
Qwen-14B,mquake_fscr_0489_t7,0.32611607142857146,0.4563244047619048,0,1,1
Qwen-14B,mquake_fscr_0490_t3,0.34500000000000003,0.34500000000000003,0,1,1
Qwen-14B,mquake_fscr_0491_t7,0.29404761904761906,0.29404761904761906,0,1,1
Qwen-14B,mquake_fscr_0492_t7,0.55,1.0,0,0,0
Qwen-14B,mquake_fscr_0493_t7,0.16597222222222224,0.43680555555555556,0,1,1
Qwen-14B,mquake_fscr_0494_t7,0.0,0.16597222222222224,0,1,1
Qwen-14B,mquake_fscr_0495_t7,0.22000000000000003,0.22000000000000003,0,1,1
Qwen-14B,mquake_fscr_0496_t3,0.29404761904761906,0.29404761904761906,0,1,1
Qwen-14B,mquake_fscr_0497_t7,0.18333333333333335,0.18333333333333335,0,1,1
Qwen-14B,mquake_fscr_0498_t3,0.22708333333333336,0.22708333333333336,0,1,1
Qwen-14B,mquake_fscr_0499_t3,0.21547619047619046,0.21547619047619046,0,1,1
Qwen-14B,mquake_fscr_0500_t3,0.2038888888888889,0.2588888888888889,0,1,1
Qwen-14B,mquake_fscr_0501_t3,0.15714285714285714,0.15714285714285714,0,1,1
Qwen-14B,mquake_fscr_0502_t7,1.0,1.0,0,0,0
Qwen-14B,mquake_fscr_0503_t7,0.55,0.55,0,0,0
Qwen-14B,mquake_fscr_0504_t3,0.16597222222222224,0.16597222222222224,0,1,1
Qwen-14B,mquake_fscr_0505_t3,0.0,0.09166666666666667,0,1,1
Qwen-14B,mquake_fscr_0506_t7,1.0,1.0,0,0,0
Qwen-14B,mquake_fscr_0507_t7,0.0,0.09166666666666667,0,1,1
Qwen-14B,mquake_fscr_0508_t7,0.55,0.55,0,0,0
Qwen-14B,mquake_fscr_0509_t7,0.22708333333333336,0.22708333333333336,0,1,1
Qwen-14B,mquake_fscr_0510_t7,1.0,1.0,0,0,0
Qwen-14B,mquake_fscr_0511_t3,0.0,0.0,0,1,1
Qwen-14B,mquake_fscr_0512_t7,0.0,0.55,1,1,1
Qwen-14B,mquake_fscr_0513_t7,0.34500000000000003,0.34500000000000003,0,1,1
Qwen-14B,mquake_fscr_0514_t3,0.16597222222222224,0.20625000000000002,0,1,1
Qwen-14B,mquake_fscr_0515_t7,0.0,0.09166666666666667,0,1,1
Qwen-14B,mquake_fscr_0516_t3,0.29404761904761906,0.29404761904761906,0,1,1
Qwen-14B,mquake_fscr_0517_t3,0.1488888888888889,0.1488888888888889,0,1,1
Qwen-14B,mquake_fscr_0518_t7,0.07857142857142857,0.07857142857142857,0,1,1
Qwen-14B,mquake_fscr_0519_t7,0.16597222222222224,0.16597222222222224,0,1,1
Qwen-14B,mquake_fscr_0520_t3,0.33333333333333337,0.33333333333333337,0,1,1
Qwen-14B,mquake_fscr_0521_t3,0.21547619047619046,0.21547619047619046,0,1,1
Qwen-14B,mquake_fscr_0522_t3,0.11000000000000001,0.25625000000000003,0,1,1
Qwen-14B,mquake_fscr_0523_t3,0.2038888888888889,0.2038888888888889,0,1,1
Qwen-14B,mquake_fscr_0524_t3,0.4309523809523809,0.4309523809523809,0,1,1
Qwen-14B,mquake_fscr_0525_t3,0.25625000000000003,0.25625000000000003,0,1,1
Qwen-14B,mquake_fscr_0526_t3,0.375,0.375,0,1,1
Qwen-14B,mquake_fscr_0527_t7,0.0,0.18333333333333335,0,1,1
Qwen-14B,mquake_fscr_0528_t7,0.55,0.5875,0,0,0
Qwen-14B,mquake_fscr_0529_t7,0.55,0.5665178571428572,0,0,0
Qwen-14B,mquake_fscr_0530_t7,0.3726190476190476,0.3726190476190476,0,1,1
Qwen-14B,mquake_fscr_0531_t3,0.0,0.25625000000000003,0,1,1
Qwen-14B,mquake_fscr_0532_t3,0.2857142857142857,0.2857142857142857,0,1,1
Qwen-14B,mquake_fscr_0533_t3,0.21547619047619046,0.21547619047619046,0,1,1
Qwen-14B,mquake_fscr_0534_t7,0.3319444444444445,0.3319444444444445,0,1,1
Qwen-14B,mquake_fscr_0535_t3,0.29404761904761906,0.29404761904761906,0,1,1
Qwen-14B,mquake_fscr_0536_t7,0.0,0.30625,0,1,1
Qwen-14B,mquake_fscr_0537_t3,0.35238095238095235,0.35238095238095235,0,1,1
Qwen-14B,mquake_fscr_0538_t7,0.5836309523809524,0.5836309523809524,0,0,0
Qwen-14B,mquake_fscr_0539_t7,0.55,0.0,0,0,0
Qwen-14B,mquake_fscr_0540_t7,0.16597222222222224,0.6902777777777778,1,1,1
Qwen-14B,mquake_fscr_0541_t7,0.0,0.4309523809523809,0,1,1
Qwen-14B,mquake_fscr_0542_t3,0.34500000000000003,0.34500000000000003,0,1,1
Qwen-14B,mquake_fscr_0543_t7,1.0,1.0,0,0,0
Qwen-14B,mquake_fscr_0544_t7,0.0,0.22708333333333336,0,1,1
Qwen-14B,mquake_fscr_0545_t7,0.55,0.6854241071428571,0,0,0
Qwen-14B,mquake_fscr_0546_t7,0.55,0.55,0,0,0
Qwen-14B,mquake_fscr_0547_t3,0.29404761904761906,0.21547619047619046,0,1,1
Qwen-14B,mquake_fscr_0548_t3,0.37569444444444444,0.2881944444444445,0,1,1
Qwen-14B,mquake_fscr_0549_t7,1.0,1.0,0,0,0
Qwen-14B,mquake_fscr_0550_t3,0.3726190476190476,0.3726190476190476,0,1,1
Qwen-14B,mquake_fscr_0551_t7,0.55,0.5993303571428572,0,0,0
Qwen-14B,mquake_fscr_0552_t3,0.25625000000000003,0.25625000000000003,0,1,1
Qwen-14B,mquake_fscr_0553_t7,0.0,0.0,0,1,1
Qwen-14B,mquake_fscr_0554_t7,0.0,0.16597222222222224,0,1,1
Qwen-14B,mquake_fscr_0555_t7,0.45238095238095233,0.11000000000000001,0,1,1
Qwen-14B,mquake_fscr_0556_t3,0.06875,0.06875,0,1,1
Qwen-14B,mquake_fscr_0557_t3,0.33666666666666667,0.33666666666666667,0,1,1
Qwen-14B,mquake_fscr_0558_t7,0.55,1.0,0,0,0
Qwen-14B,mquake_fscr_0559_t7,1.0,1.0,0,0,0
Qwen-14B,mquake_fscr_0560_t3,0.2977777777777778,0.3527777777777778,0,1,1
Qwen-14B,mquake_fscr_0561_t7,0.3319444444444445,0.7951388888888888,1,1,1
Qwen-14B,mquake_fscr_0562_t3,0.18333333333333335,0.18333333333333335,0,1,1
Qwen-14B,mquake_fscr_0563_t7,1.0,1.0,0,0,0
Qwen-14B,mquake_fscr_0564_t3,0.0,0.25625000000000003,0,1,1
Qwen-14B,mquake_fscr_0565_t7,0.0,0.1875,0,1,1
Qwen-14B,mquake_fscr_0566_t7,0.25333333333333335,0.34500000000000003,0,1,1
Qwen-14B,mquake_fscr_0567_t3,0.29404761904761906,0.29404761904761906,0,1,1
Qwen-14B,mquake_fscr_0568_t3,0.11000000000000001,0.11000000000000001,0,1,1
Qwen-14B,mquake_fscr_0569_t3,0.09166666666666667,0.09166666666666667,0,1,1
Qwen-14B,mquake_fscr_0570_t7,0.27083333333333337,0.27083333333333337,0,1,1
Qwen-14B,mquake_fscr_0571_t3,0.32857142857142857,0.32857142857142857,0,1,1
Qwen-14B,mquake_fscr_0572_t7,0.0,0.275,0,1,1
Qwen-14B,mquake_fscr_0573_t7,0.25333333333333335,0.25333333333333335,0,1,1
Qwen-14B,mquake_fscr_0574_t3,0.21547619047619046,0.21547619047619046,0,1,1
Qwen-14B,mquake_fscr_0575_t3,0.0,0.11000000000000001,0,1,1
Qwen-14B,mquake_fscr_0576_t7,0.0,0.4309523809523809,0,1,1
Qwen-14B,mquake_fscr_0577_t3,0.18333333333333335,0.18333333333333335,0,1,1
Qwen-14B,mquake_fscr_0578_t3,0.30625,0.30625,0,1,1
Qwen-14B,mquake_fscr_0579_t7,0.55,1.0,0,0,0
Qwen-14B,mquake_fscr_0580_t7,0.2038888888888889,0.2038888888888889,0,1,1
Qwen-14B,mquake_fscr_0581_t7,0.0,0.6261904761904762,1,1,1
Qwen-14B,mquake_fscr_0582_t3,0.21547619047619046,0.21547619047619046,0,1,1
Qwen-14B,mquake_fscr_0583_t7,0.21547619047619046,0.29404761904761906,0,1,1
Qwen-14B,mquake_fscr_0584_t3,0.25333333333333335,0.25333333333333335,0,1,1
Qwen-14B,mquake_fscr_0585_t3,0.16597222222222224,0.21547619047619046,0,1,1
Qwen-14B,mquake_fscr_0586_t3,0.0,0.2588888888888889,0,1,1
Qwen-14B,mquake_fscr_0587_t3,0.275,0.275,0,1,1
Qwen-14B,mquake_fscr_0588_t7,0.21547619047619046,0.21547619047619046,0,1,1
Qwen-14B,mquake_fscr_0589_t3,0.12222222222222223,0.12222222222222223,0,1,1
Qwen-14B,mquake_fscr_0590_t3,0.0,0.34500000000000003,0,1,1
Qwen-14B,mquake_fscr_0591_t3,0.375,0.375,0,1,1
Qwen-14B,mquake_fscr_0592_t7,0.55,1.0,0,0,0
Qwen-14B,mquake_fscr_0593_t7,1.0,0.0,0,0,0
Qwen-14B,mquake_fscr_0594_t7,0.55,0.62265625,0,0,0
Qwen-14B,mquake_fscr_0595_t7,1.0,1.0,0,0,0
Qwen-14B,mquake_fscr_0596_t7,1.0,1.0,0,0,0
Qwen-14B,mquake_fscr_0597_t3,0.0,0.29375,0,1,1
Qwen-14B,mquake_fscr_0598_t3,0.25625000000000003,0.25625000000000003,0,1,1
Qwen-14B,mquake_fscr_0599_t7,0.0,0.4309523809523809,0,1,1
Qwen-14B,mquake_fscr_0600_t7,0.0,0.4979166666666667,0,1,1
Qwen-14B,mquake_fscr_0601_t7,0.55,0.0,0,0,0
Qwen-14B,mquake_fscr_0602_t7,0.5825644841269841,0.5869295634920635,0,0,0
Qwen-14B,mquake_fscr_0603_t3,0.29404761904761906,0.29404761904761906,0,1,1
Qwen-14B,mquake_fscr_0604_t7,0.0,0.7951388888888888,1,1,1
Qwen-14B,mquake_fscr_0605_t7,0.18333333333333335,0.18333333333333335,0,1,1
Qwen-14B,mquake_fscr_0606_t3,0.0,0.11000000000000001,0,1,1
Qwen-14B,mquake_fscr_0607_t7,1.0,1.0,0,0,0
Qwen-14B,mquake_fscr_0608_t7,0.16597222222222224,0.16597222222222224,0,1,1
Qwen-14B,mquake_fscr_0609_t3,0.07857142857142857,0.07857142857142857,0,1,1
Qwen-14B,mquake_fscr_0610_t7,0.3493055555555556,0.3493055555555556,0,1,1
Qwen-14B,mquake_fscr_0611_t7,0.55,1.0,0,0,0
Qwen-14B,mquake_fscr_0612_t3,0.16597222222222224,0.16597222222222224,0,1,1
Qwen-14B,mquake_fscr_0613_t7,0.5701785714285714,1.0,0,0,0
Qwen-14B,mquake_fscr_0614_t3,0.29404761904761906,0.29404761904761906,0,1,1
Qwen-14B,mquake_fscr_0615_t7,1.0,1.0,0,0,0
Qwen-14B,mquake_fscr_0616_t3,0.0,0.29404761904761906,0,1,1
Qwen-14B,mquake_fscr_0617_t3,0.16597222222222224,0.16597222222222224,0,1,1
Qwen-14B,mquake_fscr_0618_t3,0.375,0.375,0,1,1
Qwen-14B,mquake_fscr_0619_t7,0.27083333333333337,0.27083333333333337,0,1,1
Qwen-14B,mquake_fscr_0620_t3,0.25333333333333335,0.25333333333333335,0,1,1
Qwen-14B,mquake_fscr_0621_t7,0.55,1.0,0,0,0
Qwen-14B,mquake_fscr_0622_t7,0.55,0.9,0,0,0
Qwen-14B,mquake_fscr_0623_t7,0.07857142857142857,0.3726190476190476,0,1,1
Qwen-14B,mquake_fscr_0624_t3,0.22708333333333336,0.11000000000000001,0,1,1
Qwen-14B,mquake_fscr_0625_t7,0.375,0.375,0,1,1
Qwen-14B,mquake_fscr_0626_t7,1.0,1.0,0,0,0
Qwen-14B,mquake_fscr_0627_t7,0.55,0.55125,0,0,0
Qwen-14B,mquake_fscr_0628_t3,0.29404761904761906,0.29404761904761906,0,1,1
Qwen-14B,mquake_fscr_0629_t3,0.16597222222222224,0.21547619047619046,0,1,1
Qwen-14B,mquake_fscr_0630_t7,0.20714285714285713,0.11000000000000001,0,1,1
Qwen-14B,mquake_fscr_0631_t7,1.0,1.0,0,0,0
Qwen-14B,mquake_fscr_0632_t7,0.49375,0.49375,0,1,1
Qwen-14B,mquake_fscr_0633_t7,0.0,0.0,0,1,1
Qwen-14B,mquake_fscr_0634_t3,0.29404761904761906,0.29404761904761906,0,1,1
Qwen-14B,mquake_fscr_0635_t7,1.0,1.0,0,0,0
Qwen-14B,mquake_fscr_0636_t3,0.29404761904761906,0.29404761904761906,0,1,1
Qwen-14B,mquake_fscr_0637_t7,0.55,1.0,0,0,0
Qwen-14B,mquake_fscr_0638_t3,0.34500000000000003,0.34500000000000003,0,1,1
Qwen-14B,mquake_fscr_0639_t7,1.0,1.0,0,0,0
Qwen-14B,mquake_fscr_0640_t3,0.2857142857142857,0.2857142857142857,0,1,1
Qwen-14B,mquake_fscr_0641_t7,0.55,0.55,0,0,0
Qwen-14B,mquake_fscr_0642_t7,0.29404761904761906,0.29404761904761906,0,1,1
Qwen-14B,mquake_fscr_0643_t3,0.21547619047619046,0.21547619047619046,0,1,1
Qwen-14B,mquake_fscr_0644_t7,0.15714285714285714,0.15714285714285714,0,1,1
Qwen-14B,mquake_fscr_0645_t3,0.11000000000000001,0.11000000000000001,0,1,1
Qwen-14B,mquake_fscr_0646_t7,0.28705357142857146,0.28705357142857146,0,1,1
Qwen-14B,mquake_fscr_0647_t7,0.0,0.25333333333333335,0,1,1
Qwen-14B,mquake_fscr_0648_t7,1.0,1.0,0,0,0
Qwen-14B,mquake_fscr_0649_t3,0.21547619047619046,0.21547619047619046,0,1,1
Qwen-14B,mquake_fscr_0650_t3,0.0,0.25333333333333335,0,1,1
Qwen-14B,mquake_fscr_0651_t7,0.55,0.55,0,0,0
Qwen-14B,mquake_fscr_0652_t3,0.29404761904761906,0.29404761904761906,0,1,1
Qwen-14B,mquake_fscr_0653_t3,0.21547619047619046,0.21547619047619046,0,1,1
Qwen-14B,mquake_fscr_0654_t3,0.0,0.18333333333333335,0,1,1
Qwen-14B,mquake_fscr_0655_t3,0.21547619047619046,0.21547619047619046,0,1,1
Qwen-14B,mquake_fscr_0656_t3,0.25333333333333335,0.4309523809523809,0,1,1
Qwen-14B,mquake_fscr_0657_t7,0.29404761904761906,0.29404761904761906,0,1,1
Qwen-14B,mquake_fscr_0658_t3,0.30351190476190476,0.30351190476190476,0,1,1
Qwen-14B,mquake_fscr_0659_t3,0.22708333333333336,0.22708333333333336,0,1,1
Qwen-14B,mquake_fscr_0660_t7,0.21547619047619046,0.3078869047619047,0,1,1
Qwen-14B,mquake_fscr_0661_t7,0.55,0.9,0,0,0
Qwen-14B,mquake_fscr_0662_t7,0.55,1.0,0,0,0
Qwen-14B,mquake_fscr_0663_t3,0.21547619047619046,0.21547619047619046,0,1,1
Qwen-14B,mquake_fscr_0664_t3,0.16597222222222224,0.16597222222222224,0,1,1
Qwen-14B,mquake_fscr_0665_t7,0.29404761904761906,0.29404761904761906,0,1,1
Qwen-14B,mquake_fscr_0666_t7,1.0,1.0,0,0,0
Qwen-14B,mquake_fscr_0667_t3,0.0,0.43680555555555556,0,1,1
Qwen-14B,mquake_fscr_0668_t7,0.29404761904761906,0.07857142857142857,0,1,1
Qwen-14B,mquake_fscr_0669_t7,1.0,1.0,0,0,0
Qwen-14B,mquake_fscr_0670_t7,0.29404761904761906,0.29404761904761906,0,1,1
Qwen-14B,mquake_fscr_0671_t3,0.29404761904761906,0.29404761904761906,0,1,1
Qwen-14B,mquake_fscr_0672_t7,0.34500000000000003,0.34500000000000003,0,1,1
Qwen-14B,mquake_fscr_0673_t7,0.07857142857142857,0.07857142857142857,0,1,1
Qwen-14B,mquake_fscr_0674_t7,1.0,1.0,0,0,0
Qwen-14B,mquake_fscr_0675_t7,1.0,1.0,0,0,0
Qwen-14B,mquake_fscr_0676_t7,0.07857142857142857,0.07857142857142857,0,1,1
Qwen-14B,mquake_fscr_0677_t7,0.55,0.6058333333333333,0,0,0
Qwen-14B,mquake_fscr_0678_t3,0.18333333333333335,0.18333333333333335,0,1,1
Qwen-14B,mquake_fscr_0679_t7,0.29404761904761906,0.29404761904761906,0,1,0
Qwen-14B,mquake_fscr_0680_t7,1.0,1.0,0,0,0
Qwen-14B,mquake_fscr_0681_t7,0.27083333333333337,0.27083333333333337,0,1,1
Qwen-14B,mquake_fscr_0682_t7,0.4309523809523809,0.0,0,1,1
Qwen-14B,mquake_fscr_0683_t3,0.29404761904761906,0.29404761904761906,0,1,1
Qwen-14B,mquake_fscr_0684_t7,0.32000000000000006,0.32000000000000006,0,1,0
Qwen-14B,mquake_fscr_0685_t3,0.09166666666666667,0.09166666666666667,0,1,1
Qwen-14B,mquake_fscr_0686_t7,0.55,0.5867410714285715,0,0,0
Qwen-14B,mquake_fscr_0687_t3,0.09166666666666667,0.34500000000000003,0,1,1
Qwen-14B,mquake_fscr_0688_t7,0.0,0.06875,0,1,1
Qwen-14B,mquake_fscr_0689_t7,0.21547619047619046,0.21547619047619046,0,1,1
Qwen-14B,mquake_fscr_0690_t3,0.11000000000000001,0.11000000000000001,0,1,1
Qwen-14B,mquake_fscr_0691_t7,0.55,1.0,0,0,0
Qwen-14B,mquake_fscr_0692_t3,0.49375,0.49375,0,1,1
Qwen-14B,mquake_fscr_0693_t3,0.40625,0.40625,0,1,1
Qwen-14B,mquake_fscr_0694_t3,0.16597222222222224,0.16597222222222224,0,1,1
Qwen-14B,mquake_fscr_0695_t7,0.25333333333333335,0.763095238095238,1,1,1
Qwen-14B,mquake_fscr_0696_t3,0.25333333333333335,0.25333333333333335,0,1,1
Qwen-14B,mquake_fscr_0697_t7,0.0,0.16597222222222224,0,1,1
Qwen-14B,mquake_fscr_0698_t7,0.16597222222222224,0.43680555555555556,0,1,1
Qwen-14B,mquake_fscr_0699_t3,0.11000000000000001,0.11000000000000001,0,1,1
Qwen-14B,mquake_fscr_0700_t7,0.55,0.55,0,0,0
Qwen-14B,mquake_fscr_0701_t3,0.0,0.7951388888888888,1,1,1
Qwen-14B,mquake_fscr_0702_t7,0.33333333333333337,0.33333333333333337,0,1,1
Qwen-14B,mquake_fscr_0703_t3,0.061111111111111116,0.061111111111111116,0,1,1
Qwen-14B,mquake_fscr_0704_t7,0.2881944444444445,0.2881944444444445,0,1,1
Qwen-14B,mquake_fscr_0705_t3,0.0,0.22708333333333336,0,1,1
Qwen-14B,mquake_fscr_0706_t3,0.21547619047619046,0.21547619047619046,0,1,1
Qwen-14B,mquake_fscr_0707_t3,0.11000000000000001,0.11000000000000001,0,1,1
Qwen-14B,mquake_fscr_0708_t3,0.11000000000000001,0.11000000000000001,0,1,1
Qwen-14B,mquake_fscr_0709_t7,0.0,0.29404761904761906,0,1,1
Qwen-14B,mquake_fscr_0710_t3,0.16597222222222224,0.16597222222222224,0,1,1
Qwen-14B,mquake_fscr_0711_t3,0.0,0.763095238095238,1,1,1
Qwen-14B,mquake_fscr_0712_t3,0.12222222222222223,0.12222222222222223,0,1,1
Qwen-14B,mquake_fscr_0713_t3,0.25333333333333335,0.25333333333333335,0,1,1
Qwen-14B,mquake_fscr_0714_t3,0.43680555555555556,0.43680555555555556,0,1,1
Qwen-14B,mquake_fscr_0715_t7,0.0,0.11000000000000001,0,1,1
Qwen-14B,mquake_fscr_0716_t7,0.16597222222222224,0.21547619047619046,0,1,1
Qwen-14B,mquake_fscr_0717_t7,0.0,0.16597222222222224,0,1,1
Qwen-14B,mquake_fscr_0718_t3,0.0,0.0,0,1,1
Qwen-14B,mquake_fscr_0719_t3,0.22708333333333336,0.22708333333333336,0,1,1
Qwen-14B,mquake_fscr_0720_t7,0.1875,0.1875,0,1,1
Qwen-14B,mquake_fscr_0721_t3,0.16597222222222224,0.16597222222222224,0,1,1
Qwen-14B,mquake_fscr_0722_t3,0.0,0.0,0,1,1
Qwen-14B,mquake_fscr_0723_t3,0.16597222222222224,0.16597222222222224,0,1,1
Qwen-14B,mquake_fscr_0724_t7,0.07857142857142857,0.07857142857142857,0,1,1
Qwen-14B,mquake_fscr_0725_t3,0.375,0.375,0,1,1
Qwen-14B,mquake_fscr_0726_t3,0.45119047619047625,0.45119047619047625,0,1,1
Qwen-14B,mquake_fscr_0727_t7,1.0,1.0,0,0,0
Qwen-14B,mquake_fscr_0728_t3,0.29404761904761906,0.29404761904761906,0,1,1
Qwen-14B,mquake_fscr_0729_t7,0.0,0.5766666666666667,1,1,1
Qwen-14B,mquake_fscr_0730_t7,0.4309523809523809,0.21547619047619046,0,1,1
Qwen-14B,mquake_fscr_0731_t3,0.49375,0.49375,0,1,1
Qwen-14B,mquake_fscr_0732_t3,0.21547619047619046,0.21547619047619046,0,1,1
Qwen-14B,mquake_fscr_0733_t7,0.18333333333333335,0.30892857142857144,0,1,1
Qwen-14B,mquake_fscr_0734_t3,0.3940476190476191,0.3940476190476191,0,1,1
Qwen-14B,mquake_fscr_0735_t3,0.22708333333333336,0.22708333333333336,0,1,1
Qwen-14B,mquake_fscr_0736_t3,0.375,0.6625000000000001,1,1,1
Qwen-14B,mquake_fscr_0737_t7,0.55,0.55,0,0,0
Qwen-14B,mquake_fscr_0738_t7,0.25625000000000003,0.25625000000000003,0,1,1
Qwen-14B,mquake_fscr_0739_t7,0.0,0.27083333333333337,0,1,1
Qwen-14B,mquake_fscr_0740_t3,0.0,0.25625000000000003,0,1,1
Qwen-14B,mquake_fscr_0741_t7,0.0,0.16597222222222224,0,1,1
Qwen-14B,mquake_fscr_0742_t7,0.55,0.55,0,0,0
Qwen-14B,mquake_fscr_0743_t3,0.25333333333333335,0.25333333333333335,0,1,1
Qwen-14B,mquake_fscr_0744_t7,1.0,1.0,0,0,0
Qwen-14B,mquake_fscr_0745_t3,0.12222222222222223,0.12222222222222223,0,1,1
Qwen-14B,mquake_fscr_0746_t7,1.0,1.0,0,0,0
Qwen-14B,mquake_fscr_0747_t7,0.0,0.21547619047619046,0,1,1
Qwen-14B,mquake_fscr_0748_t7,0.0,0.29404761904761906,0,1,1
Qwen-14B,mquake_fscr_0749_t7,0.06875,0.06875,0,1,1
Qwen-14B,mquake_fscr_0750_t3,0.21547619047619046,0.29404761904761906,0,1,1
Qwen-14B,mquake_fscr_0751_t3,0.18333333333333335,0.07857142857142857,0,1,1
Qwen-14B,mquake_fscr_0752_t3,0.24166666666666667,0.24166666666666667,0,1,1
Qwen-14B,mquake_fscr_0753_t3,0.21547619047619046,0.21547619047619046,0,1,1
Qwen-14B,mquake_fscr_0754_t3,0.061111111111111116,0.061111111111111116,0,1,1
Qwen-14B,mquake_fscr_0755_t7,0.4309523809523809,0.0,0,1,1
Qwen-14B,mquake_fscr_0756_t7,0.1488888888888889,0.1488888888888889,0,1,1
Qwen-14B,mquake_fscr_0757_t7,0.9,0.9,0,0,0
Qwen-14B,mquake_fscr_0758_t7,1.0,1.0,0,0,0
Qwen-14B,mquake_fscr_0759_t3,0.07857142857142857,0.07857142857142857,0,1,1
Qwen-14B,mquake_fscr_0760_t7,0.16597222222222224,0.16597222222222224,0,1,1
Qwen-14B,mquake_fscr_0761_t3,0.1875,0.1875,0,1,1
Qwen-14B,mquake_fscr_0762_t7,0.0,0.4309523809523809,0,1,1
Qwen-14B,mquake_fscr_0763_t7,0.55,1.0,0,0,0
Qwen-14B,mquake_fscr_0764_t3,0.29404761904761906,0.11000000000000001,0,1,1
Qwen-14B,mquake_fscr_0765_t3,0.0,0.18333333333333335,0,1,1
Qwen-14B,mquake_fscr_0766_t7,1.0,1.0,0,0,0
Qwen-14B,mquake_fscr_0767_t7,0.55,0.6372916666666667,0,0,0
Qwen-14B,mquake_fscr_0768_t7,1.0,1.0,0,0,0
Qwen-14B,mquake_fscr_0769_t3,0.18333333333333335,0.18333333333333335,0,1,1
Qwen-14B,mquake_fscr_0770_t3,0.09166666666666667,0.09166666666666667,0,1,1
Qwen-14B,mquake_fscr_0771_t3,0.2038888888888889,0.2038888888888889,0,1,1
Qwen-14B,mquake_fscr_0772_t3,0.29404761904761906,0.0,0,1,1
Qwen-14B,mquake_fscr_0773_t7,0.2038888888888889,0.2588888888888889,0,1,1
Qwen-14B,mquake_fscr_0774_t3,0.34500000000000003,0.34500000000000003,0,1,1
Qwen-14B,mquake_fscr_0775_t7,0.41428571428571426,0.41428571428571426,0,1,1
Qwen-14B,mquake_fscr_0776_t7,1.0,1.0,0,0,0
Qwen-14B,mquake_fscr_0777_t7,0.11000000000000001,0.11000000000000001,0,1,1
Qwen-14B,mquake_fscr_0778_t3,0.35238095238095235,0.35238095238095235,0,1,1
Qwen-14B,mquake_fscr_0779_t7,0.0,0.34500000000000003,0,1,1
Qwen-14B,mquake_fscr_0780_t3,0.25625000000000003,0.25625000000000003,0,1,1
Qwen-14B,mquake_fscr_0781_t3,0.25333333333333335,0.25333333333333335,0,1,1
Qwen-14B,mquake_fscr_0782_t7,0.25625000000000003,0.25625000000000003,0,1,1
Qwen-14B,mquake_fscr_0783_t7,0.35238095238095235,0.35238095238095235,0,1,1
Qwen-14B,mquake_fscr_0784_t3,0.16597222222222224,0.16597222222222224,0,1,1
Qwen-14B,mquake_fscr_0785_t7,0.0,0.0,0,1,1
Qwen-14B,mquake_fscr_0786_t7,0.16597222222222224,0.16597222222222224,0,1,1
Qwen-14B,mquake_fscr_0787_t7,1.0,1.0,0,0,0
Qwen-14B,mquake_fscr_0788_t3,0.3319444444444445,0.3319444444444445,0,1,1
Qwen-14B,mquake_fscr_0789_t3,0.2977777777777778,0.2977777777777778,0,1,1
Qwen-14B,mquake_fscr_0790_t7,0.55,0.63225,0,0,0
Qwen-14B,mquake_fscr_0791_t7,0.21547619047619046,0.11000000000000001,0,1,1
Qwen-14B,mquake_fscr_0792_t3,0.25,0.25,0,1,1
Qwen-14B,mquake_fscr_0793_t7,0.0,0.325,0,1,1
Qwen-14B,mquake_fscr_0794_t3,0.29404761904761906,0.29404761904761906,0,1,1
Qwen-14B,mquake_fscr_0795_t3,0.07857142857142857,0.25625000000000003,0,1,1
Qwen-14B,mquake_fscr_0796_t7,0.0,0.3319444444444445,0,1,1
Qwen-14B,mquake_fscr_0797_t3,0.34500000000000003,0.21547619047619046,0,1,1
Qwen-14B,mquake_fscr_0798_t7,0.55,0.6011607142857143,0,0,0
Qwen-14B,mquake_fscr_0799_t7,0.0,0.1875,0,1,1
Qwen-14B,mquake_fscr_0800_t7,0.55,0.55,0,0,0
Qwen-14B,mquake_fscr_0801_t7,0.07857142857142857,0.07857142857142857,0,1,1
Qwen-14B,mquake_fscr_0802_t7,0.39166666666666666,0.48333333333333334,0,1,1
Qwen-14B,mquake_fscr_0803_t7,0.30625,0.30625,0,1,1
Qwen-14B,mquake_fscr_0804_t3,0.0,0.3940476190476191,0,1,1
Qwen-14B,mquake_fscr_0805_t7,0.18333333333333335,0.18333333333333335,0,1,1
Qwen-14B,mquake_fscr_0806_t7,0.0,0.763095238095238,1,1,1
Qwen-14B,mquake_fscr_0807_t3,0.06875,0.11000000000000001,0,1,1
Qwen-14B,mquake_fscr_0808_t3,0.25625000000000003,0.25625000000000003,0,1,1
Qwen-14B,mquake_fscr_0809_t3,0.18333333333333335,0.18333333333333335,0,1,1
Qwen-14B,mquake_fscr_0810_t7,0.0,0.7951388888888888,1,1,1
Qwen-14B,mquake_fscr_0811_t3,0.15714285714285714,0.0,0,1,1
Qwen-14B,mquake_fscr_0812_t3,0.21547619047619046,0.21547619047619046,0,1,1
Qwen-14B,mquake_fscr_0813_t3,0.0,0.09166666666666667,0,1,1
Qwen-14B,mquake_fscr_0814_t3,0.25333333333333335,0.25333333333333335,0,1,1
Qwen-14B,mquake_fscr_0815_t7,1.0,1.0,0,0,0
Qwen-14B,mquake_fscr_0816_t7,0.55,0.6092633928571429,0,0,0
Qwen-14B,mquake_fscr_0817_t3,0.32000000000000006,0.32000000000000006,0,1,1
Qwen-14B,mquake_fscr_0818_t7,1.0,1.0,0,0,0
Qwen-14B,mquake_fscr_0819_t3,0.21547619047619046,0.0,0,1,1
Qwen-14B,mquake_fscr_0820_t3,0.3726190476190476,0.3726190476190476,0,1,1
Qwen-14B,mquake_fscr_0821_t7,0.0,0.0,0,1,1
Qwen-14B,mquake_fscr_0822_t3,0.43680555555555556,0.43680555555555556,0,1,1
Qwen-14B,mquake_fscr_0823_t3,0.34500000000000003,0.34500000000000003,0,1,1
Qwen-14B,mquake_fscr_0824_t3,0.16597222222222224,0.16597222222222224,0,1,1
Qwen-14B,mquake_fscr_0825_t3,0.4855555555555555,0.2038888888888889,0,1,1
Qwen-14B,mquake_fscr_0826_t7,0.0,0.22000000000000003,0,1,1
Qwen-14B,mquake_fscr_0827_t3,0.2977777777777778,0.2977777777777778,0,1,1
Qwen-14B,mquake_fscr_0828_t7,0.0,0.22000000000000003,0,1,1
Qwen-14B,mquake_fscr_0829_t3,0.4309523809523809,0.4309523809523809,0,1,1
Qwen-14B,mquake_fscr_0830_t3,0.0,0.18333333333333335,0,1,1
Qwen-14B,mquake_fscr_0831_t7,0.55,0.5923035714285714,0,0,0
Qwen-14B,mquake_fscr_0832_t7,0.0,0.0,0,1,1
Qwen-14B,mquake_fscr_0833_t3,0.25625000000000003,0.25625000000000003,0,1,1
Qwen-14B,mquake_fscr_0834_t3,0.34500000000000003,0.34500000000000003,0,1,1
Qwen-14B,mquake_fscr_0835_t3,0.18125000000000002,0.18125000000000002,0,1,1
Qwen-14B,mquake_fscr_0836_t3,0.25625000000000003,0.25625000000000003,0,1,1
Qwen-14B,mquake_fscr_0837_t3,0.21547619047619046,0.21547619047619046,0,1,1
Qwen-14B,mquake_fscr_0838_t3,0.2881944444444445,0.2881944444444445,0,1,1
Qwen-14B,mquake_fscr_0839_t7,0.614375,0.55,0,0,0
Qwen-14B,mquake_fscr_0840_t7,1.0,1.0,0,0,0
Qwen-14B,mquake_fscr_0841_t3,0.21547619047619046,0.21547619047619046,0,1,1
Qwen-14B,mquake_fscr_0842_t3,0.15714285714285714,0.15714285714285714,0,1,1
Qwen-14B,mquake_fscr_0843_t3,0.34500000000000003,0.34500000000000003,0,1,1
Qwen-14B,mquake_fscr_0844_t7,0.21547619047619046,0.21547619047619046,0,1,1
Qwen-14B,mquake_fscr_0845_t3,0.34500000000000003,0.34500000000000003,0,1,1
Qwen-14B,mquake_fscr_0846_t7,0.0,0.21547619047619046,0,1,1
Qwen-14B,mquake_fscr_0847_t7,0.0,0.21547619047619046,0,1,1
Qwen-14B,mquake_fscr_0848_t7,0.34500000000000003,0.34500000000000003,0,1,1
Qwen-14B,mquake_fscr_0849_t7,1.0,1.0,0,0,0
Qwen-14B,mquake_fscr_0850_t7,1.0,1.0,0,0,0
Qwen-14B,mquake_fscr_0851_t3,0.11000000000000001,0.763095238095238,1,1,1
Qwen-14B,mquake_fscr_0852_t3,0.0,0.1488888888888889,0,1,1
Qwen-14B,mquake_fscr_0853_t3,0.0,0.25625000000000003,0,1,1
Qwen-14B,mquake_fscr_0854_t3,0.21547619047619046,0.21547619047619046,0,1,1
Qwen-14B,mquake_fscr_0855_t3,0.18333333333333335,0.18333333333333335,0,1,1
Qwen-14B,mquake_fscr_0856_t7,0.55,0.6496651785714286,0,0,0
Qwen-14B,mquake_fscr_0857_t7,0.21547619047619046,0.763095238095238,1,1,1
Qwen-14B,mquake_fscr_0858_t3,0.0,0.2038888888888889,0,1,1
Qwen-14B,mquake_fscr_0859_t3,0.375,0.375,0,1,1
Qwen-14B,mquake_fscr_0860_t3,0.25333333333333335,0.25333333333333335,0,1,1
Qwen-14B,mquake_fscr_0861_t3,0.16597222222222224,0.16597222222222224,0,1,1
Qwen-14B,mquake_fscr_0862_t3,0.15714285714285714,0.15714285714285714,0,1,1
Qwen-14B,mquake_fscr_0863_t7,0.0,0.6683333333333333,1,1,1
Qwen-14B,mquake_fscr_0864_t7,0.2977777777777778,0.4855555555555555,0,1,1
Qwen-14B,mquake_fscr_0865_t7,0.06875,0.06875,0,1,1
Qwen-14B,mquake_fscr_0866_t3,0.29404761904761906,0.29404761904761906,0,1,1
Qwen-14B,mquake_fscr_0867_t3,0.43680555555555556,0.3319444444444445,0,1,1
Qwen-14B,mquake_fscr_0868_t7,0.55,0.572265625,0,0,0
Qwen-14B,mquake_fscr_0869_t7,0.375,0.375,0,1,1
Qwen-14B,mquake_fscr_0870_t7,0.24166666666666667,0.29404761904761906,0,1,1
Qwen-14B,mquake_fscr_0871_t3,0.30625,0.11000000000000001,0,1,1
Qwen-14B,mquake_fscr_0872_t7,0.0,0.07857142857142857,0,1,1
Qwen-14B,mquake_fscr_0873_t3,0.09166666666666667,0.6625000000000001,1,1,1
Qwen-14B,mquake_fscr_0874_t7,1.0,1.0,0,0,0
Qwen-14B,mquake_fscr_0875_t3,0.22000000000000003,0.22000000000000003,0,1,1
Qwen-14B,mquake_fscr_0876_t3,0.25333333333333335,0.25333333333333335,0,1,1
Qwen-14B,mquake_fscr_0877_t3,0.25625000000000003,0.25625000000000003,0,1,1
Qwen-14B,mquake_fscr_0878_t3,0.22000000000000003,0.22000000000000003,0,1,1
Qwen-14B,mquake_fscr_0879_t3,0.09166666666666667,0.09166666666666667,0,1,1
Qwen-14B,mquake_fscr_0880_t3,0.22708333333333336,0.22708333333333336,0,1,1
Qwen-14B,mquake_fscr_0881_t7,0.29404761904761906,0.8125,1,1,1
Qwen-14B,mquake_fscr_0882_t3,0.43680555555555556,0.11000000000000001,0,1,1
Qwen-14B,mquake_fscr_0883_t3,0.0,0.11000000000000001,0,1,1
Qwen-14B,mquake_fscr_0884_t3,0.25625000000000003,0.25625000000000003,0,1,1
Qwen-14B,mquake_fscr_0885_t3,0.375,0.11000000000000001,0,1,1
Qwen-14B,mquake_fscr_0886_t3,0.4309523809523809,0.4309523809523809,0,1,1
Qwen-14B,mquake_fscr_0887_t7,0.20714285714285713,0.0,0,1,1
Qwen-14B,mquake_fscr_0888_t3,0.0,0.21547619047619046,0,1,1
Qwen-14B,mquake_fscr_0889_t3,0.3319444444444445,0.3319444444444445,0,1,1
Qwen-14B,mquake_fscr_0890_t7,0.11000000000000001,0.11000000000000001,0,1,1
Qwen-14B,mquake_fscr_0891_t3,0.25333333333333335,0.25333333333333335,0,1,1
Qwen-14B,mquake_fscr_0892_t3,0.25625000000000003,0.25625000000000003,0,1,1
Qwen-14B,mquake_fscr_0893_t3,0.22708333333333336,0.22708333333333336,0,1,1
Qwen-14B,mquake_fscr_0894_t3,0.09166666666666667,0.09166666666666667,0,1,1
Qwen-14B,mquake_fscr_0895_t7,0.55,1.0,0,0,0
Qwen-14B,mquake_fscr_0896_t3,0.07857142857142857,0.07857142857142857,0,1,1
Qwen-14B,mquake_fscr_0897_t7,0.0,0.29404761904761906,0,1,1
Qwen-14B,mquake_fscr_0898_t3,0.30625,0.30625,0,1,1
Qwen-14B,mquake_fscr_0899_t3,0.275,0.275,0,1,1
Qwen-14B,mquake_fscr_0900_t3,0.21547619047619046,0.11000000000000001,0,1,1
Qwen-14B,mquake_fscr_0901_t3,0.29404761904761906,0.4309523809523809,0,1,1
Qwen-14B,mquake_fscr_0902_t7,1.0,1.0,0,0,0
Qwen-14B,mquake_fscr_0903_t7,0.0,0.43680555555555556,0,1,1
Qwen-14B,mquake_fscr_0904_t7,0.3319444444444445,0.3319444444444445,0,1,1
Qwen-14B,mquake_fscr_0905_t3,0.12222222222222223,0.12222222222222223,0,1,1
Qwen-14B,mquake_fscr_0906_t7,0.55,0.6765625000000001,0,0,0
Qwen-14B,mquake_fscr_0907_t7,0.15714285714285714,0.21547619047619046,0,1,1
Qwen-14B,mquake_fscr_0908_t3,0.21547619047619046,0.763095238095238,1,1,1
Qwen-14B,mquake_fscr_0909_t3,0.31547619047619047,0.31547619047619047,0,1,1
Qwen-14B,mquake_fscr_0910_t3,0.34500000000000003,0.34500000000000003,0,1,1
Qwen-14B,mquake_fscr_0911_t3,0.07857142857142857,0.07857142857142857,0,1,1
Qwen-14B,mquake_fscr_0912_t3,0.2857142857142857,0.2857142857142857,0,1,1
Qwen-14B,mquake_fscr_0913_t3,0.29404761904761906,0.3726190476190476,0,1,1
Qwen-14B,mquake_fscr_0914_t7,0.34500000000000003,0.34500000000000003,0,1,1
Qwen-14B,mquake_fscr_0915_t3,0.44500000000000006,0.44500000000000006,0,1,1
Qwen-14B,mquake_fscr_0916_t7,0.0,0.0,0,1,1
Qwen-14B,mquake_fscr_0917_t7,0.55,0.55,0,0,0
Qwen-14B,mquake_fscr_0918_t7,0.25625000000000003,0.25625000000000003,0,1,1
Qwen-14B,mquake_fscr_0919_t7,1.0,1.0,0,0,0
Qwen-14B,mquake_fscr_0920_t7,1.0,1.0,0,0,0
Qwen-14B,mquake_fscr_0921_t7,0.39166666666666666,0.39166666666666666,0,1,1
Qwen-14B,mquake_fscr_0922_t7,0.21547619047619046,0.11000000000000001,0,1,1
Qwen-14B,mquake_fscr_0923_t7,0.25333333333333335,0.09166666666666667,0,1,1
Qwen-14B,mquake_fscr_0924_t3,0.25333333333333335,0.25333333333333335,0,1,1
Qwen-14B,mquake_fscr_0925_t3,0.34500000000000003,0.34500000000000003,0,1,1
Qwen-14B,mquake_fscr_0926_t7,0.55,0.55,0,0,0
Qwen-14B,mquake_fscr_0927_t7,0.0,0.11000000000000001,0,1,1
Qwen-14B,mquake_fscr_0928_t3,0.41428571428571426,0.41428571428571426,0,1,1
Qwen-14B,mquake_fscr_0929_t7,1.0,1.0,0,0,0
Qwen-14B,mquake_fscr_0930_t7,0.55,0.6352321428571429,0,0,0
Qwen-14B,mquake_fscr_0931_t7,0.55,0.55,0,0,0
Qwen-14B,mquake_fscr_0932_t7,0.25333333333333335,0.30351190476190476,0,1,1
Qwen-14B,mquake_fscr_0933_t3,0.29404761904761906,0.29404761904761906,0,1,1
Qwen-14B,mquake_fscr_0934_t3,0.0,0.0,0,1,1
Qwen-14B,mquake_fscr_0935_t7,0.0,0.25625000000000003,0,1,1
Qwen-14B,mquake_fscr_0936_t7,0.0,0.0,0,1,1
Qwen-14B,mquake_fscr_0937_t7,0.0,0.3930555555555556,0,1,1
Qwen-14B,mquake_fscr_0938_t3,0.25625000000000003,0.25625000000000003,0,1,1
Qwen-14B,mquake_fscr_0939_t7,1.0,1.0,0,0,0
Qwen-14B,mquake_fscr_0940_t3,0.375,0.375,0,1,1
Qwen-14B,mquake_fscr_0941_t7,0.55,1.0,0,0,0
Qwen-14B,mquake_fscr_0942_t7,0.0,0.375,0,1,1
Qwen-14B,mquake_fscr_0943_t3,0.21547619047619046,0.21547619047619046,0,1,1
Qwen-14B,mquake_fscr_0944_t7,0.4309523809523809,0.4309523809523809,0,1,1
Qwen-14B,mquake_fscr_0945_t7,0.375,0.375,0,0,0
Qwen-14B,mquake_fscr_0946_t7,0.21547619047619046,0.07857142857142857,0,1,1
Qwen-14B,mquake_fscr_0947_t3,0.12222222222222223,0.4309523809523809,0,1,1
Qwen-14B,mquake_fscr_0948_t3,0.375,0.375,0,1,1
Qwen-14B,mquake_fscr_0949_t3,0.4309523809523809,0.21547619047619046,0,1,1
Qwen-14B,mquake_fscr_0950_t7,1.0,1.0,0,0,0
Qwen-14B,mquake_fscr_0951_t3,0.16597222222222224,0.16597222222222224,0,1,1
Qwen-14B,mquake_fscr_0952_t7,0.29404761904761906,0.29404761904761906,0,1,1
Qwen-14B,mquake_fscr_0953_t3,0.34500000000000003,0.34500000000000003,0,1,1
Qwen-14B,mquake_fscr_0954_t3,0.29404761904761906,0.29404761904761906,0,1,1
Qwen-14B,mquake_fscr_0955_t7,0.0,0.29404761904761906,0,1,1
Qwen-14B,mquake_fscr_0956_t7,0.34500000000000003,0.7383333333333333,1,1,1
Qwen-14B,mquake_fscr_0957_t7,0.0,0.0,0,1,1
Qwen-14B,mquake_fscr_0958_t3,0.0,0.0,0,1,1
Qwen-14B,mquake_fscr_0959_t7,0.3527777777777778,0.3527777777777778,0,1,1
Qwen-14B,mquake_fscr_0960_t3,0.18333333333333335,0.18333333333333335,0,1,1
Qwen-14B,mquake_fscr_0961_t7,0.0,0.763095238095238,1,1,1
Qwen-14B,mquake_fscr_0962_t3,0.09166666666666667,0.09166666666666667,0,1,1
Qwen-14B,mquake_fscr_0963_t7,0.0,0.22708333333333336,0,1,1
Qwen-14B,mquake_fscr_0964_t7,0.09166666666666667,0.6375000000000001,1,1,1
Qwen-14B,mquake_fscr_0965_t3,0.0,0.06875,0,1,1
Qwen-14B,mquake_fscr_0966_t7,0.0,0.1875,0,1,1
Qwen-14B,mquake_fscr_0967_t3,0.21547619047619046,0.21547619047619046,0,1,1
Qwen-14B,mquake_fscr_0968_t7,0.55,1.0,0,0,0
Qwen-14B,mquake_fscr_0969_t7,0.25625000000000003,0.25625000000000003,0,1,1
Qwen-14B,mquake_fscr_0970_t3,0.3319444444444445,0.3319444444444445,0,1,1
Qwen-14B,mquake_fscr_0971_t3,0.16597222222222224,0.16597222222222224,0,1,1
Qwen-14B,mquake_fscr_0972_t3,0.2857142857142857,0.2857142857142857,0,1,1
Qwen-14B,mquake_fscr_0973_t3,0.21547619047619046,0.21547619047619046,0,1,1
Qwen-14B,mquake_fscr_0974_t3,0.21547619047619046,0.21547619047619046,0,1,1
Qwen-14B,mquake_fscr_0975_t3,0.37517361111111114,0.37517361111111114,0,1,1
Qwen-14B,mquake_fscr_0976_t7,0.0,0.07857142857142857,0,1,1
Qwen-14B,mquake_fscr_0977_t3,0.21547619047619046,0.21547619047619046,0,1,1
Qwen-14B,mquake_fscr_0978_t7,0.0,0.43680555555555556,0,1,1
Qwen-14B,mquake_fscr_0979_t7,0.375,0.375,0,1,1
Qwen-14B,mquake_fscr_0980_t7,0.22708333333333336,0.22708333333333336,0,1,1
Qwen-14B,mquake_fscr_0981_t3,0.07857142857142857,0.07857142857142857,0,1,1
Qwen-14B,mquake_fscr_0982_t7,0.43680555555555556,0.43680555555555556,0,1,1
Qwen-14B,mquake_fscr_0983_t3,0.25333333333333335,0.25333333333333335,0,1,1
Qwen-14B,mquake_fscr_0984_t7,0.55,1.0,0,0,0
Qwen-14B,mquake_fscr_0985_t7,0.22708333333333336,0.5854166666666667,1,1,1
Qwen-14B,mquake_fscr_0986_t3,0.16597222222222224,0.16597222222222224,0,1,1
Qwen-14B,mquake_fscr_0987_t3,0.325,0.325,0,1,1
Qwen-14B,mquake_fscr_0988_t3,0.21547619047619046,0.21547619047619046,0,1,1
Qwen-14B,mquake_fscr_0989_t3,0.375,0.11000000000000001,0,1,1
Qwen-14B,mquake_fscr_0990_t3,0.07857142857142857,0.15714285714285714,0,1,1
Qwen-14B,mquake_fscr_0991_t3,0.0,0.18333333333333335,0,1,1
Qwen-14B,mquake_fscr_0992_t3,0.22708333333333336,0.22708333333333336,0,1,1
Qwen-14B,mquake_fscr_0993_t7,0.0,0.21547619047619046,0,1,1
Qwen-14B,mquake_fscr_0994_t7,0.25625000000000003,0.25625000000000003,0,1,1
Qwen-14B,mquake_fscr_0995_t7,0.0,0.18125000000000002,0,1,1
Qwen-14B,mquake_fscr_0996_t3,0.18333333333333335,0.18333333333333335,0,1,1
Qwen-14B,mquake_fscr_0997_t7,0.55,0.5883928571428572,0,0,0
Qwen-14B,mquake_fscr_0998_t3,0.21547619047619046,0.21547619047619046,0,1,1
Qwen-14B,mquake_fscr_0999_t3,0.0,0.763095238095238,1,1,1
Llama-8B,mquake_fscr_0000_t3,0.59375,0.59375,0,1,1
Llama-8B,mquake_fscr_0001_t7,0.43680555555555556,1.0,0,0,0
Llama-8B,mquake_fscr_0002_t7,0.55,0.55,0,0,0
Llama-8B,mquake_fscr_0003_t3,0.0,0.30625,0,1,1
Llama-8B,mquake_fscr_0004_t7,0.49375,0.06875,0,1,1
Llama-8B,mquake_fscr_0005_t3,0.3930555555555556,0.3930555555555556,0,1,1
Llama-8B,mquake_fscr_0006_t7,0.6127976190476191,0.6127976190476191,0,0,0
Llama-8B,mquake_fscr_0007_t7,0.22708333333333336,0.22708333333333336,0,1,1
Llama-8B,mquake_fscr_0008_t7,0.35238095238095235,0.35238095238095235,0,1,1
Llama-8B,mquake_fscr_0009_t7,0.2038888888888889,0.2038888888888889,0,1,1
Llama-8B,mquake_fscr_0010_t3,0.29404761904761906,0.29404761904761906,0,1,1
Llama-8B,mquake_fscr_0011_t7,0.29404761904761906,0.29404761904761906,0,1,1
Llama-8B,mquake_fscr_0012_t7,1.0,1.0,0,1,0
Llama-8B,mquake_fscr_0013_t3,1.0,0.2857142857142857,0,1,0
Llama-8B,mquake_fscr_0014_t7,1.0,1.0,0,0,0
Llama-8B,mquake_fscr_0015_t7,0.763095238095238,0.21547619047619046,0,1,1
Llama-8B,mquake_fscr_0016_t7,0.07857142857142857,0.25625000000000003,0,1,1
Llama-8B,mquake_fscr_0017_t7,1.0,0.11000000000000001,0,1,1
Llama-8B,mquake_fscr_0018_t3,1.0,0.21547619047619046,0,0,1
Llama-8B,mquake_fscr_0019_t7,0.55,0.55,0,0,0
Llama-8B,mquake_fscr_0020_t3,0.0,0.22000000000000003,0,1,1
Llama-8B,mquake_fscr_0021_t7,0.55,0.55,0,0,0
Llama-8B,mquake_fscr_0022_t3,0.11000000000000001,0.11000000000000001,0,1,1
Llama-8B,mquake_fscr_0023_t3,1.0,0.21547619047619046,0,0,1
Llama-8B,mquake_fscr_0024_t7,0.6473611111111112,0.6473611111111112,0,0,0
Llama-8B,mquake_fscr_0025_t3,0.25333333333333335,0.25333333333333335,0,1,1
Llama-8B,mquake_fscr_0026_t3,1.0,0.22708333333333336,0,0,1
Llama-8B,mquake_fscr_0027_t7,0.55,0.6027777777777779,0,0,0
Llama-8B,mquake_fscr_0028_t3,1.0,0.15,0,0,1
Llama-8B,mquake_fscr_0029_t7,1.0,1.0,0,0,0
Llama-8B,mquake_fscr_0030_t7,0.43680555555555556,0.12222222222222223,0,1,1
Llama-8B,mquake_fscr_0031_t3,1.0,0.34500000000000003,0,1,1
Llama-8B,mquake_fscr_0032_t7,0.25625000000000003,0.25625000000000003,0,1,1
Llama-8B,mquake_fscr_0033_t7,0.55,0.55,0,0,0
Llama-8B,mquake_fscr_0034_t7,0.0,0.16597222222222224,0,1,1
Llama-8B,mquake_fscr_0035_t7,0.2857142857142857,0.2857142857142857,0,1,1
Llama-8B,mquake_fscr_0036_t3,0.0,0.55,1,1,0
Llama-8B,mquake_fscr_0037_t7,0.0,0.2857142857142857,0,1,1
Llama-8B,mquake_fscr_0038_t3,0.55,0.32000000000000006,0,0,1
Llama-8B,mquake_fscr_0039_t7,0.43680555555555556,0.43680555555555556,0,1,0
Llama-8B,mquake_fscr_0040_t7,1.0,0.18125000000000002,0,1,1
Llama-8B,mquake_fscr_0041_t7,0.0,0.18333333333333335,0,1,1
Llama-8B,mquake_fscr_0042_t3,0.22000000000000003,0.22000000000000003,0,1,1
Llama-8B,mquake_fscr_0043_t7,0.22708333333333336,0.22708333333333336,0,1,1
Llama-8B,mquake_fscr_0044_t7,0.18333333333333335,0.18333333333333335,0,1,1
Llama-8B,mquake_fscr_0045_t7,0.55,0.55,0,0,0
Llama-8B,mquake_fscr_0046_t7,0.0,0.5643229166666667,1,0,0
Llama-8B,mquake_fscr_0047_t7,0.763095238095238,0.21547619047619046,0,1,1
Llama-8B,mquake_fscr_0048_t7,1.0,1.0,0,0,0
Llama-8B,mquake_fscr_0049_t7,1.0,0.25625000000000003,0,1,1
Llama-8B,mquake_fscr_0050_t7,0.25333333333333335,0.25333333333333335,0,1,1
Llama-8B,mquake_fscr_0051_t3,0.2881944444444445,0.2881944444444445,0,1,1
Llama-8B,mquake_fscr_0052_t3,0.11000000000000001,0.375,0,1,1
Llama-8B,mquake_fscr_0053_t3,1.0,0.11000000000000001,0,0,1
Llama-8B,mquake_fscr_0054_t3,1.0,0.55,0,1,0
Llama-8B,mquake_fscr_0055_t7,0.06875,0.06875,0,0,1
Llama-8B,mquake_fscr_0056_t3,1.0,0.07857142857142857,0,1,1
Llama-8B,mquake_fscr_0057_t7,0.7951388888888888,0.5416666666666667,0,1,1
Llama-8B,mquake_fscr_0058_t3,0.8416666666666668,0.21547619047619046,0,1,1
Llama-8B,mquake_fscr_0059_t7,0.16597222222222224,0.16597222222222224,0,1,1
Llama-8B,mquake_fscr_0060_t7,0.55,0.55,0,0,0
Llama-8B,mquake_fscr_0061_t7,0.6625000000000001,0.25625000000000003,0,1,1
Llama-8B,mquake_fscr_0062_t3,1.0,0.21547619047619046,0,0,1
Llama-8B,mquake_fscr_0063_t3,1.0,0.375,0,1,0
Llama-8B,mquake_fscr_0064_t3,0.43680555555555556,0.3319444444444445,0,1,1
Llama-8B,mquake_fscr_0065_t7,0.5428571428571429,0.4642857142857143,0,1,1
Llama-8B,mquake_fscr_0066_t3,1.0,0.3319444444444445,0,0,1
Llama-8B,mquake_fscr_0067_t7,0.34500000000000003,0.34500000000000003,0,1,1
Llama-8B,mquake_fscr_0068_t7,0.29404761904761906,0.29404761904761906,0,1,1
Llama-8B,mquake_fscr_0069_t7,0.6137388392857144,0.55,0,0,0
Llama-8B,mquake_fscr_0070_t3,0.20625000000000002,0.20625000000000002,0,1,1
Llama-8B,mquake_fscr_0071_t3,1.0,0.22708333333333336,0,0,1
Llama-8B,mquake_fscr_0072_t3,0.2857142857142857,1.0,1,0,0
Llama-8B,mquake_fscr_0073_t7,0.3319444444444445,0.3319444444444445,0,1,1
Llama-8B,mquake_fscr_0074_t7,0.18333333333333335,0.18333333333333335,0,1,1
Llama-8B,mquake_fscr_0075_t7,1.0,1.0,0,0,0
Llama-8B,mquake_fscr_0076_t3,0.5625,0.375,0,0,1
Llama-8B,mquake_fscr_0077_t7,0.21547619047619046,0.21547619047619046,0,1,1
Llama-8B,mquake_fscr_0078_t3,1.0,0.34500000000000003,0,0,1
Llama-8B,mquake_fscr_0079_t3,0.0,0.07857142857142857,0,1,1
Llama-8B,mquake_fscr_0080_t7,0.9,0.9,0,0,0
Llama-8B,mquake_fscr_0081_t7,0.0,0.11000000000000001,0,1,1
Llama-8B,mquake_fscr_0082_t3,0.21547619047619046,0.21547619047619046,0,1,0
Llama-8B,mquake_fscr_0083_t3,0.11000000000000001,0.11000000000000001,0,1,1
Llama-8B,mquake_fscr_0084_t7,0.09166666666666667,0.09166666666666667,0,1,1
Llama-8B,mquake_fscr_0085_t3,0.22000000000000003,0.22000000000000003,0,1,1
Llama-8B,mquake_fscr_0086_t7,0.609375,0.25625000000000003,0,0,1
Llama-8B,mquake_fscr_0087_t3,1.0,0.375,0,0,1
Llama-8B,mquake_fscr_0088_t7,0.34500000000000003,0.34500000000000003,0,1,1
Llama-8B,mquake_fscr_0089_t7,0.0,0.9,1,1,0
Llama-8B,mquake_fscr_0090_t3,0.0,0.2881944444444445,0,1,1
Llama-8B,mquake_fscr_0091_t3,1.0,0.41428571428571426,0,0,1
Llama-8B,mquake_fscr_0092_t7,1.0,1.0,0,0,0
Llama-8B,mquake_fscr_0093_t7,0.0,0.3527777777777778,0,1,1
Llama-8B,mquake_fscr_0094_t3,0.4309523809523809,0.4309523809523809,0,1,1
Llama-8B,mquake_fscr_0095_t7,1.0,1.0,0,0,0
Llama-8B,mquake_fscr_0096_t7,0.16597222222222224,0.16597222222222224,0,1,1
Llama-8B,mquake_fscr_0097_t3,0.0,0.34500000000000003,0,1,1
Llama-8B,mquake_fscr_0098_t7,0.0,0.25333333333333335,0,1,1
Llama-8B,mquake_fscr_0099_t7,0.29404761904761906,0.3726190476190476,0,1,1
Llama-8B,mquake_fscr_0100_t7,1.0,1.0,0,0,0
Llama-8B,mquake_fscr_0101_t7,0.55,0.55,0,0,0
Llama-8B,mquake_fscr_0102_t7,0.15714285714285714,0.15714285714285714,0,1,1
Llama-8B,mquake_fscr_0103_t3,1.0,0.21547619047619046,0,1,1
Llama-8B,mquake_fscr_0104_t7,0.1875,0.1875,0,1,1
Llama-8B,mquake_fscr_0105_t7,0.55,0.2881944444444445,0,1,1
Llama-8B,mquake_fscr_0106_t7,0.6261904761904762,0.21547619047619046,0,1,1
Llama-8B,mquake_fscr_0107_t3,0.30625,0.11000000000000001,0,1,1
Llama-8B,mquake_fscr_0108_t3,1.0,0.16597222222222224,0,1,1
Llama-8B,mquake_fscr_0109_t3,0.9,0.0,0,0,1
Llama-8B,mquake_fscr_0110_t3,0.0,0.34500000000000003,0,0,1
Llama-8B,mquake_fscr_0111_t7,0.55,0.55,0,0,0
Llama-8B,mquake_fscr_0112_t3,0.55,0.29404761904761906,0,1,1
Llama-8B,mquake_fscr_0113_t3,0.45119047619047625,0.45119047619047625,0,1,1
Llama-8B,mquake_fscr_0114_t7,0.22708333333333336,0.16597222222222224,0,1,1
Llama-8B,mquake_fscr_0115_t3,1.0,0.43680555555555556,0,1,1
Llama-8B,mquake_fscr_0116_t3,0.5368055555555555,0.5368055555555555,0,1,1
Llama-8B,mquake_fscr_0117_t3,0.11000000000000001,0.21547619047619046,0,1,1
Llama-8B,mquake_fscr_0118_t3,0.1875,0.1875,0,1,1
Llama-8B,mquake_fscr_0119_t3,0.2038888888888889,0.2038888888888889,0,1,1
Llama-8B,mquake_fscr_0120_t3,0.21547619047619046,0.21547619047619046,0,1,0
Llama-8B,mquake_fscr_0121_t7,1.0,0.21547619047619046,0,1,1
Llama-8B,mquake_fscr_0122_t7,1.0,0.21547619047619046,0,1,1
Llama-8B,mquake_fscr_0123_t3,0.6333333333333333,0.33333333333333337,0,1,0
Llama-8B,mquake_fscr_0124_t7,1.0,0.4309523809523809,0,0,0
Llama-8B,mquake_fscr_0125_t7,1.0,1.0,0,0,0
Llama-8B,mquake_fscr_0126_t3,0.5869977678571429,0.25625000000000003,0,0,1
Llama-8B,mquake_fscr_0127_t7,0.16597222222222224,0.16597222222222224,0,1,1
Llama-8B,mquake_fscr_0128_t7,0.9,0.9,0,0,0
Llama-8B,mquake_fscr_0129_t3,1.0,0.1875,0,0,1
Llama-8B,mquake_fscr_0130_t7,0.55,0.55,0,0,0
Llama-8B,mquake_fscr_0131_t7,0.7214285714285714,0.22708333333333336,0,1,1
Llama-8B,mquake_fscr_0132_t7,1.0,0.21547619047619046,0,1,1
Llama-8B,mquake_fscr_0133_t3,0.55,0.29404761904761906,0,0,1
Llama-8B,mquake_fscr_0134_t7,0.6134910714285715,0.55,0,0,0
Llama-8B,mquake_fscr_0135_t3,1.0,0.09166666666666667,0,1,1
Llama-8B,mquake_fscr_0136_t7,0.5817708333333333,0.6114583333333333,0,0,0
Llama-8B,mquake_fscr_0137_t3,0.0,0.34500000000000003,0,1,1
Llama-8B,mquake_fscr_0138_t3,0.275,0.275,0,1,1
Llama-8B,mquake_fscr_0139_t7,0.0,0.1875,0,1,1
Llama-8B,mquake_fscr_0140_t7,1.0,1.0,0,0,0
Llama-8B,mquake_fscr_0141_t7,0.0,0.29404761904761906,0,1,1
Llama-8B,mquake_fscr_0142_t3,1.0,0.375,0,1,1
Llama-8B,mquake_fscr_0143_t3,1.0,0.16597222222222224,0,0,1
Llama-8B,mquake_fscr_0144_t3,0.29404761904761906,0.29404761904761906,0,1,1
Llama-8B,mquake_fscr_0145_t3,1.0,0.21547619047619046,0,0,1
Llama-8B,mquake_fscr_0146_t7,1.0,0.25625000000000003,0,1,1
Llama-8B,mquake_fscr_0147_t7,0.55,0.55,0,0,0
Llama-8B,mquake_fscr_0148_t3,1.0,0.25333333333333335,0,1,1
Llama-8B,mquake_fscr_0149_t3,0.07857142857142857,0.07857142857142857,0,1,1
Llama-8B,mquake_fscr_0150_t7,0.22708333333333336,0.55,1,1,0
Llama-8B,mquake_fscr_0151_t3,0.55,0.29404761904761906,0,0,1
Llama-8B,mquake_fscr_0152_t7,1.0,1.0,0,0,0
Llama-8B,mquake_fscr_0153_t3,0.29404761904761906,0.21547619047619046,0,1,1
Llama-8B,mquake_fscr_0154_t3,0.0,0.2038888888888889,0,1,0
Llama-8B,mquake_fscr_0155_t7,0.1875,0.07857142857142857,0,1,1
Llama-8B,mquake_fscr_0156_t7,0.37517361111111114,0.37517361111111114,0,1,1
Llama-8B,mquake_fscr_0157_t3,1.0,0.29404761904761906,0,0,1
Llama-8B,mquake_fscr_0158_t3,0.43680555555555556,0.43680555555555556,0,1,1
Llama-8B,mquake_fscr_0159_t7,0.9,0.9,0,0,0
Llama-8B,mquake_fscr_0160_t7,1.0,0.11000000000000001,0,1,1
Llama-8B,mquake_fscr_0161_t7,0.55,0.55,0,0,0
Llama-8B,mquake_fscr_0162_t7,0.763095238095238,0.21547619047619046,0,1,1
Llama-8B,mquake_fscr_0163_t3,0.43680555555555556,0.43680555555555556,0,1,1
Llama-8B,mquake_fscr_0164_t7,1.0,1.0,0,0,0
Llama-8B,mquake_fscr_0165_t7,1.0,0.07857142857142857,0,1,1
Llama-8B,mquake_fscr_0166_t3,1.0,0.25333333333333335,0,0,1
Llama-8B,mquake_fscr_0167_t7,0.22708333333333336,0.11000000000000001,0,1,1
Llama-8B,mquake_fscr_0168_t3,1.0,0.25625000000000003,0,0,1
Llama-8B,mquake_fscr_0169_t3,1.0,0.12222222222222223,0,0,1
Llama-8B,mquake_fscr_0170_t7,0.55,0.55,0,0,0
Llama-8B,mquake_fscr_0171_t3,0.11000000000000001,0.11000000000000001,0,1,0
Llama-8B,mquake_fscr_0172_t7,1.0,1.0,0,0,0
Llama-8B,mquake_fscr_0173_t7,0.0,0.0,0,1,1
Llama-8B,mquake_fscr_0174_t3,0.5643229166666667,0.22708333333333336,0,0,1
Llama-8B,mquake_fscr_0175_t3,1.0,0.16597222222222224,0,0,1
Llama-8B,mquake_fscr_0176_t7,0.8500000000000001,0.325,0,1,1
Llama-8B,mquake_fscr_0177_t7,1.0,0.29404761904761906,0,1,1
Llama-8B,mquake_fscr_0178_t7,0.55,0.55,0,0,0
Llama-8B,mquake_fscr_0179_t3,0.2881944444444445,0.22708333333333336,0,1,1
Llama-8B,mquake_fscr_0180_t7,0.55,0.18333333333333335,0,0,0
Llama-8B,mquake_fscr_0181_t7,0.30625,0.30625,0,1,1
Llama-8B,mquake_fscr_0182_t3,0.6200000000000001,0.34500000000000003,0,1,1
Llama-8B,mquake_fscr_0183_t3,0.22708333333333336,0.22708333333333336,0,1,1
Llama-8B,mquake_fscr_0184_t3,0.09166666666666667,0.25333333333333335,0,1,1
Llama-8B,mquake_fscr_0185_t7,0.3493055555555556,0.22708333333333336,0,1,1
Llama-8B,mquake_fscr_0186_t3,0.18333333333333335,0.18333333333333335,0,1,1
Llama-8B,mquake_fscr_0187_t3,0.0,0.11000000000000001,0,1,1
Llama-8B,mquake_fscr_0188_t7,1.0,0.29404761904761906,0,1,1
Llama-8B,mquake_fscr_0189_t7,0.7383333333333333,0.09166666666666667,0,1,1
Llama-8B,mquake_fscr_0190_t7,0.0,0.22708333333333336,0,1,1
Llama-8B,mquake_fscr_0191_t7,0.55,0.5095238095238096,0,0,0
Llama-8B,mquake_fscr_0192_t3,1.0,0.4309523809523809,0,0,1
Llama-8B,mquake_fscr_0193_t7,0.6261904761904762,0.29404761904761906,0,1,0
Llama-8B,mquake_fscr_0194_t7,0.55,0.55,0,0,0
Llama-8B,mquake_fscr_0195_t3,0.55,0.0,0,0,1
Llama-8B,mquake_fscr_0196_t7,0.55,0.55,0,0,0
Llama-8B,mquake_fscr_0197_t7,1.0,0.12222222222222223,0,1,1
Llama-8B,mquake_fscr_0198_t7,0.55,0.5869107142857143,0,0,0
Llama-8B,mquake_fscr_0199_t3,1.0,0.29404761904761906,0,0,1
Llama-8B,mquake_fscr_0200_t7,0.55,0.55,0,0,0
Llama-8B,mquake_fscr_0201_t7,0.7122222222222223,0.1488888888888889,0,1,1
Llama-8B,mquake_fscr_0202_t3,1.0,0.6375000000000001,0,0,1
Llama-8B,mquake_fscr_0203_t3,1.0,0.34500000000000003,0,1,1
Llama-8B,mquake_fscr_0204_t7,0.55,0.5711111111111111,0,0,0
Llama-8B,mquake_fscr_0205_t3,0.763095238095238,0.275,0,1,1
Llama-8B,mquake_fscr_0206_t3,0.5854166666666667,0.22708333333333336,0,1,1
Llama-8B,mquake_fscr_0207_t3,1.0,0.25333333333333335,0,0,1
Llama-8B,mquake_fscr_0208_t3,1.0,0.29404761904761906,0,1,1
Llama-8B,mquake_fscr_0209_t7,1.0,1.0,0,0,0
Llama-8B,mquake_fscr_0210_t3,0.7383333333333333,0.1875,0,1,1
Llama-8B,mquake_fscr_0211_t3,0.29404761904761906,0.29404761904761906,0,1,1
Llama-8B,mquake_fscr_0212_t3,0.0,0.22000000000000003,0,1,1
Llama-8B,mquake_fscr_0213_t7,0.07857142857142857,0.5665178571428572,1,1,0
Llama-8B,mquake_fscr_0214_t3,0.0,0.375,0,1,1
Llama-8B,mquake_fscr_0215_t3,0.0,0.11000000000000001,0,1,1
Llama-8B,mquake_fscr_0216_t7,0.29404761904761906,0.29404761904761906,0,1,1
Llama-8B,mquake_fscr_0217_t3,0.763095238095238,0.21547619047619046,0,1,1
Llama-8B,mquake_fscr_0218_t3,1.0,0.34500000000000003,0,0,1
Llama-8B,mquake_fscr_0219_t3,0.6027777777777779,0.27083333333333337,0,0,1
Llama-8B,mquake_fscr_0220_t3,1.0,0.29404761904761906,0,1,1
Llama-8B,mquake_fscr_0221_t7,1.0,0.21547619047619046,0,1,1
Llama-8B,mquake_fscr_0222_t3,1.0,0.22708333333333336,0,1,1
Llama-8B,mquake_fscr_0223_t7,1.0,0.21547619047619046,0,1,0
Llama-8B,mquake_fscr_0224_t3,0.21547619047619046,0.21547619047619046,0,1,1
Llama-8B,mquake_fscr_0225_t3,0.18333333333333335,0.18333333333333335,0,0,1
Llama-8B,mquake_fscr_0226_t3,1.0,0.18333333333333335,0,0,1
Llama-8B,mquake_fscr_0227_t3,1.0,0.11000000000000001,0,1,1
Llama-8B,mquake_fscr_0228_t7,0.0,0.34500000000000003,0,1,1
Llama-8B,mquake_fscr_0229_t7,0.07857142857142857,0.07857142857142857,0,1,1
Llama-8B,mquake_fscr_0230_t7,0.4309523809523809,0.3726190476190476,0,1,1
Llama-8B,mquake_fscr_0231_t3,1.0,0.275,0,1,1
Llama-8B,mquake_fscr_0232_t7,1.0,0.29404761904761906,0,1,1
Llama-8B,mquake_fscr_0233_t7,1.0,0.55,0,0,0
Llama-8B,mquake_fscr_0234_t7,0.55,0.55,0,0,0
Llama-8B,mquake_fscr_0235_t7,1.0,1.0,0,0,0
Llama-8B,mquake_fscr_0236_t3,0.0,0.16597222222222224,0,1,1
Llama-8B,mquake_fscr_0237_t7,1.0,0.3319444444444445,0,1,1
Llama-8B,mquake_fscr_0238_t7,1.0,1.0,0,0,0
Llama-8B,mquake_fscr_0239_t3,0.6625000000000001,0.375,0,1,1
Llama-8B,mquake_fscr_0240_t7,0.25333333333333335,0.3726190476190476,0,1,1
Llama-8B,mquake_fscr_0241_t3,1.0,0.09166666666666667,0,1,1
Llama-8B,mquake_fscr_0242_t7,0.6143452380952381,0.55,0,0,0
Llama-8B,mquake_fscr_0243_t7,0.6902777777777778,0.43680555555555556,0,1,1
Llama-8B,mquake_fscr_0244_t7,1.0,1.0,0,0,0
Llama-8B,mquake_fscr_0245_t3,0.21547619047619046,0.21547619047619046,0,1,1
Llama-8B,mquake_fscr_0246_t7,0.3533333333333334,0.3533333333333334,0,0,1
Llama-8B,mquake_fscr_0247_t3,1.0,0.16597222222222224,0,0,1
Llama-8B,mquake_fscr_0248_t7,0.0,0.11000000000000001,0,1,1
Llama-8B,mquake_fscr_0249_t7,1.0,1.0,0,0,0
Llama-8B,mquake_fscr_0250_t3,0.4756944444444444,0.4756944444444444,0,1,1
Llama-8B,mquake_fscr_0251_t3,1.0,0.11000000000000001,0,1,1
Llama-8B,mquake_fscr_0252_t7,0.55,0.55,0,0,0
Llama-8B,mquake_fscr_0253_t3,1.0,0.29404761904761906,0,1,1
Llama-8B,mquake_fscr_0254_t7,1.0,0.09166666666666667,0,1,1
Llama-8B,mquake_fscr_0255_t7,0.6261904761904762,0.29404761904761906,0,1,1
Llama-8B,mquake_fscr_0256_t7,0.603125,0.55,0,0,0
Llama-8B,mquake_fscr_0257_t3,0.22708333333333336,0.22708333333333336,0,1,1
Llama-8B,mquake_fscr_0258_t3,0.16597222222222224,0.16597222222222224,0,1,1
Llama-8B,mquake_fscr_0259_t3,1.0,0.3726190476190476,0,1,1
Llama-8B,mquake_fscr_0260_t3,1.0,0.11000000000000001,0,1,1
Llama-8B,mquake_fscr_0261_t3,1.0,0.33333333333333337,0,0,1
Llama-8B,mquake_fscr_0262_t3,0.25625000000000003,0.25625000000000003,0,1,1
Llama-8B,mquake_fscr_0263_t7,1.0,1.0,0,0,0
Llama-8B,mquake_fscr_0264_t3,1.0,0.25625000000000003,0,1,1
Llama-8B,mquake_fscr_0265_t7,0.55,0.55,0,0,0
Llama-8B,mquake_fscr_0266_t7,1.0,0.22708333333333336,0,1,1
Llama-8B,mquake_fscr_0267_t3,1.0,0.29404761904761906,0,0,1
Llama-8B,mquake_fscr_0268_t3,0.44000000000000006,0.11000000000000001,0,0,1
Llama-8B,mquake_fscr_0269_t3,0.0,0.07857142857142857,0,0,1
Llama-8B,mquake_fscr_0270_t7,0.55,0.55,0,0,0
Llama-8B,mquake_fscr_0271_t7,1.0,1.0,0,0,0
Llama-8B,mquake_fscr_0272_t7,0.1875,0.1875,0,1,1
Llama-8B,mquake_fscr_0273_t3,1.0,0.43680555555555556,0,1,1
Llama-8B,mquake_fscr_0274_t7,1.0,1.0,0,0,0
Llama-8B,mquake_fscr_0275_t7,1.0,1.0,0,0,0
Llama-8B,mquake_fscr_0276_t3,0.29404761904761906,0.29404761904761906,0,1,1
Llama-8B,mquake_fscr_0277_t3,1.0,0.16597222222222224,0,0,1
Llama-8B,mquake_fscr_0278_t7,0.6349330357142857,0.21547619047619046,0,0,1
Llama-8B,mquake_fscr_0279_t3,0.18333333333333335,0.18333333333333335,0,1,1
Llama-8B,mquake_fscr_0280_t7,0.5982142857142858,0.55,0,0,0
Llama-8B,mquake_fscr_0281_t3,0.0,0.07857142857142857,0,1,1
Llama-8B,mquake_fscr_0282_t3,1.0,0.375,0,0,1
Llama-8B,mquake_fscr_0283_t7,0.5665178571428572,0.0,0,1,1
Llama-8B,mquake_fscr_0284_t3,0.49375,0.49375,0,1,1
Llama-8B,mquake_fscr_0285_t3,0.6261904761904762,0.29404761904761906,0,1,1
Llama-8B,mquake_fscr_0286_t3,1.0,0.1875,0,1,1
Llama-8B,mquake_fscr_0287_t3,1.0,0.2038888888888889,0,0,1
Llama-8B,mquake_fscr_0288_t3,0.55,0.25333333333333335,0,1,1
Llama-8B,mquake_fscr_0289_t3,0.25625000000000003,0.375,0,1,1
Llama-8B,mquake_fscr_0290_t3,0.763095238095238,0.3726190476190476,0,1,1
Llama-8B,mquake_fscr_0291_t3,1.0,0.29404761904761906,0,1,1
Llama-8B,mquake_fscr_0292_t3,0.0,0.16597222222222224,0,1,1
Llama-8B,mquake_fscr_0293_t3,1.0,0.24166666666666667,0,1,1
Llama-8B,mquake_fscr_0294_t3,0.5971540178571428,0.3930555555555556,0,1,1
Llama-8B,mquake_fscr_0295_t7,0.0,0.375,0,1,1
Llama-8B,mquake_fscr_0296_t7,0.6261904761904762,0.29404761904761906,0,1,1
Llama-8B,mquake_fscr_0297_t3,0.25333333333333335,0.25333333333333335,0,1,1
Llama-8B,mquake_fscr_0298_t7,0.18333333333333335,0.18333333333333335,0,1,1
Llama-8B,mquake_fscr_0299_t3,1.0,0.30625,0,1,1
Llama-8B,mquake_fscr_0300_t7,0.0,0.34500000000000003,0,1,1
Llama-8B,mquake_fscr_0301_t3,0.54375,0.25625000000000003,0,1,1
Llama-8B,mquake_fscr_0302_t7,0.45238095238095233,0.45238095238095233,0,1,1
Llama-8B,mquake_fscr_0303_t7,0.55,0.55,0,0,0
Llama-8B,mquake_fscr_0304_t3,1.0,0.16597222222222224,0,0,1
Llama-8B,mquake_fscr_0305_t3,0.22708333333333336,0.46284722222222224,0,1,0
Llama-8B,mquake_fscr_0306_t3,0.7373263888888889,0.24166666666666667,0,0,1
Llama-8B,mquake_fscr_0307_t3,1.0,0.07857142857142857,0,0,1
Llama-8B,mquake_fscr_0308_t7,1.0,1.0,0,0,0
Llama-8B,mquake_fscr_0309_t7,0.1875,0.1875,0,1,1
Llama-8B,mquake_fscr_0310_t7,0.39166666666666666,0.39166666666666666,0,1,1
Llama-8B,mquake_fscr_0311_t7,1.0,0.11000000000000001,0,1,1
Llama-8B,mquake_fscr_0312_t3,0.8500000000000001,0.25625000000000003,0,0,1
Llama-8B,mquake_fscr_0313_t7,0.34500000000000003,0.34500000000000003,0,1,1
Llama-8B,mquake_fscr_0314_t7,1.0,0.25333333333333335,0,0,1
Llama-8B,mquake_fscr_0315_t3,0.55,0.09166666666666667,0,0,1
Llama-8B,mquake_fscr_0316_t3,0.6261904761904762,0.29404761904761906,0,1,1
Llama-8B,mquake_fscr_0317_t7,0.29404761904761906,0.29404761904761906,0,1,1
Llama-8B,mquake_fscr_0318_t3,1.0,0.09166666666666667,0,0,1
Llama-8B,mquake_fscr_0319_t7,0.43680555555555556,0.43680555555555556,0,1,1
Llama-8B,mquake_fscr_0320_t7,0.6261904761904762,0.21547619047619046,0,1,1
Llama-8B,mquake_fscr_0321_t3,0.1875,0.1875,0,1,1
Llama-8B,mquake_fscr_0322_t7,0.55,0.55,0,0,0
Llama-8B,mquake_fscr_0323_t7,0.55,0.5869977678571429,0,0,0
Llama-8B,mquake_fscr_0324_t3,0.12222222222222223,0.12222222222222223,0,1,1
Llama-8B,mquake_fscr_0325_t7,0.0,0.11000000000000001,0,1,1
Llama-8B,mquake_fscr_0326_t7,0.09166666666666667,0.09166666666666667,0,1,1
Llama-8B,mquake_fscr_0327_t3,1.0,0.2857142857142857,0,0,1
Llama-8B,mquake_fscr_0328_t3,0.0,0.0,0,1,1
Llama-8B,mquake_fscr_0329_t7,0.0,0.2038888888888889,0,1,1
Llama-8B,mquake_fscr_0330_t3,0.0,0.06875,0,1,0
Llama-8B,mquake_fscr_0331_t3,1.0,0.15714285714285714,0,0,1
Llama-8B,mquake_fscr_0332_t7,1.0,1.0,0,0,0
Llama-8B,mquake_fscr_0333_t7,1.0,1.0,0,0,0
Llama-8B,mquake_fscr_0334_t3,1.0,0.5741071428571429,0,0,0
Llama-8B,mquake_fscr_0335_t3,1.0,0.25333333333333335,0,0,1
Llama-8B,mquake_fscr_0336_t3,1.0,0.33333333333333337,0,0,1
Llama-8B,mquake_fscr_0337_t7,1.0,1.0,0,0,0
Llama-8B,mquake_fscr_0338_t3,0.5766666666666667,0.0,0,1,1
Llama-8B,mquake_fscr_0339_t3,0.11000000000000001,0.21547619047619046,0,1,1
Llama-8B,mquake_fscr_0340_t3,1.0,0.22708333333333336,0,0,1
Llama-8B,mquake_fscr_0341_t3,0.0,0.11000000000000001,0,1,1
Llama-8B,mquake_fscr_0342_t3,0.55,0.25625000000000003,0,0,1
Llama-8B,mquake_fscr_0343_t3,0.0,0.21547619047619046,0,1,1
Llama-8B,mquake_fscr_0344_t3,1.0,0.21547619047619046,0,0,1
Llama-8B,mquake_fscr_0345_t7,0.55,0.55,0,0,0
Llama-8B,mquake_fscr_0346_t7,1.0,0.09166666666666667,0,1,1
Llama-8B,mquake_fscr_0347_t3,0.7047619047619047,0.4928571428571429,0,1,1
Llama-8B,mquake_fscr_0348_t7,0.44375,0.0,0,1,1
Llama-8B,mquake_fscr_0349_t7,0.55,0.55,0,0,0
Llama-8B,mquake_fscr_0350_t7,0.29404761904761906,0.29404761904761906,0,1,1
Llama-8B,mquake_fscr_0351_t7,0.55,0.375,0,0,1
Llama-8B,mquake_fscr_0352_t7,1.0,1.0,0,0,0
Llama-8B,mquake_fscr_0353_t3,0.4541666666666667,0.18333333333333335,0,1,1
Llama-8B,mquake_fscr_0354_t7,0.55,0.55,0,0,0
Llama-8B,mquake_fscr_0355_t7,0.25333333333333335,0.25333333333333335,0,1,1
Llama-8B,mquake_fscr_0356_t7,0.21547619047619046,0.21547619047619046,0,1,1
Llama-8B,mquake_fscr_0357_t3,0.3726190476190476,0.0,0,0,1
Llama-8B,mquake_fscr_0358_t3,0.09166666666666667,0.11000000000000001,0,1,1
Llama-8B,mquake_fscr_0359_t3,1.0,0.29404761904761906,0,1,1
Llama-8B,mquake_fscr_0360_t7,1.0,0.0,0,1,1
Llama-8B,mquake_fscr_0361_t7,0.29404761904761906,0.29404761904761906,0,1,1
Llama-8B,mquake_fscr_0362_t7,0.55,0.55,0,0,0
Llama-8B,mquake_fscr_0363_t7,1.0,1.0,0,0,0
Llama-8B,mquake_fscr_0364_t3,0.43680555555555556,0.43680555555555556,0,1,1
Llama-8B,mquake_fscr_0365_t3,0.0,0.16597222222222224,0,1,1
Llama-8B,mquake_fscr_0366_t7,1.0,0.07857142857142857,0,0,0
Llama-8B,mquake_fscr_0367_t3,0.25333333333333335,0.25333333333333335,0,1,1
Llama-8B,mquake_fscr_0368_t3,0.21547619047619046,0.21547619047619046,0,1,1
Llama-8B,mquake_fscr_0369_t7,1.0,0.25333333333333335,0,1,1
Llama-8B,mquake_fscr_0370_t7,0.30351190476190476,0.29404761904761906,0,1,1
Llama-8B,mquake_fscr_0371_t3,0.25625000000000003,0.25625000000000003,0,1,1
Llama-8B,mquake_fscr_0372_t7,0.42500000000000004,0.06875,0,1,1
Llama-8B,mquake_fscr_0373_t3,0.0,0.22708333333333336,0,1,0
Llama-8B,mquake_fscr_0374_t7,1.0,0.5883928571428572,0,0,0
Llama-8B,mquake_fscr_0375_t3,1.0,0.0,0,1,1
Llama-8B,mquake_fscr_0376_t7,0.29404761904761906,0.29404761904761906,0,1,1
Llama-8B,mquake_fscr_0377_t7,0.55,0.55,0,0,0
Llama-8B,mquake_fscr_0378_t3,0.25333333333333335,0.25333333333333335,0,1,1
Llama-8B,mquake_fscr_0379_t3,1.0,0.25625000000000003,0,0,1
Llama-8B,mquake_fscr_0380_t7,1.0,0.18333333333333335,0,1,1
Llama-8B,mquake_fscr_0381_t7,0.55,0.11000000000000001,0,1,1
Llama-8B,mquake_fscr_0382_t3,0.0,0.5856250000000001,1,1,0
Llama-8B,mquake_fscr_0383_t7,0.55,0.55,0,0,0
Llama-8B,mquake_fscr_0384_t7,0.5905245535714286,0.5717745535714286,0,0,0
Llama-8B,mquake_fscr_0385_t7,1.0,0.18333333333333335,0,1,1
Llama-8B,mquake_fscr_0386_t3,1.0,0.34500000000000003,0,0,1
Llama-8B,mquake_fscr_0387_t7,1.0,1.0,0,0,0
Llama-8B,mquake_fscr_0388_t7,0.061111111111111116,0.22708333333333336,0,1,1
Llama-8B,mquake_fscr_0389_t7,1.0,1.0,0,0,0
Llama-8B,mquake_fscr_0390_t7,0.55,0.5997767857142857,0,0,0
Llama-8B,mquake_fscr_0391_t3,1.0,0.25625000000000003,0,1,1
Llama-8B,mquake_fscr_0392_t7,1.0,0.0,0,1,1
Llama-8B,mquake_fscr_0393_t3,0.3319444444444445,0.3319444444444445,0,1,1
Llama-8B,mquake_fscr_0394_t7,0.0,0.15714285714285714,0,1,1
Llama-8B,mquake_fscr_0395_t3,1.0,0.21547619047619046,0,1,1
Llama-8B,mquake_fscr_0396_t7,0.4309523809523809,0.29404761904761906,0,1,1
Llama-8B,mquake_fscr_0397_t7,0.55,0.3319444444444445,0,0,1
Llama-8B,mquake_fscr_0398_t3,1.0,0.1375,0,0,1
Llama-8B,mquake_fscr_0399_t3,0.0,0.475,0,1,1
Llama-8B,mquake_fscr_0400_t7,0.59625,0.4175,0,0,0
Llama-8B,mquake_fscr_0401_t3,1.0,0.25333333333333335,0,0,1
Llama-8B,mquake_fscr_0402_t3,0.0,0.12222222222222223,0,1,1
Llama-8B,mquake_fscr_0403_t3,0.6672619047619048,0.3940476190476191,0,0,1
Llama-8B,mquake_fscr_0404_t7,0.55,0.55,0,0,0
Llama-8B,mquake_fscr_0405_t7,0.55,0.5675,0,0,0
Llama-8B,mquake_fscr_0406_t3,1.0,0.3357142857142857,0,0,0
Llama-8B,mquake_fscr_0407_t3,0.30625,0.30625,0,0,1
Llama-8B,mquake_fscr_0408_t7,0.55,0.55,0,0,0
Llama-8B,mquake_fscr_0409_t7,1.0,1.0,0,0,0
Llama-8B,mquake_fscr_0410_t7,0.6243035714285715,0.55,0,0,0
Llama-8B,mquake_fscr_0411_t7,1.0,0.25333333333333335,0,1,1
Llama-8B,mquake_fscr_0412_t7,0.55,0.55,0,0,0
Llama-8B,mquake_fscr_0413_t7,0.6555059523809524,0.6212797619047619,0,0,0
Llama-8B,mquake_fscr_0414_t3,1.0,0.33333333333333337,0,0,1
Llama-8B,mquake_fscr_0415_t3,0.25625000000000003,0.25625000000000003,0,1,1
Llama-8B,mquake_fscr_0416_t3,0.0,0.29404761904761906,0,1,1
Llama-8B,mquake_fscr_0417_t7,1.0,0.3319444444444445,0,1,1
Llama-8B,mquake_fscr_0418_t3,1.0,0.06875,0,1,1
Llama-8B,mquake_fscr_0419_t3,0.42500000000000004,0.34500000000000003,0,1,1
Llama-8B,mquake_fscr_0420_t3,0.0,0.21547619047619046,0,1,1
Llama-8B,mquake_fscr_0421_t3,0.0,0.3319444444444445,0,1,1
Llama-8B,mquake_fscr_0422_t3,1.0,0.12222222222222223,0,1,1
Llama-8B,mquake_fscr_0423_t3,0.0,0.09166666666666667,0,1,0
Llama-8B,mquake_fscr_0424_t3,1.0,0.07857142857142857,0,1,1
Llama-8B,mquake_fscr_0425_t7,0.25333333333333335,0.25333333333333335,0,1,1
Llama-8B,mquake_fscr_0426_t3,0.1875,0.1875,0,1,1
Llama-8B,mquake_fscr_0427_t7,0.55,0.55,0,0,0
Llama-8B,mquake_fscr_0428_t3,1.0,0.061111111111111116,0,1,1
Llama-8B,mquake_fscr_0429_t3,1.0,0.18333333333333335,0,1,1
Llama-8B,mquake_fscr_0430_t3,0.21547619047619046,0.21547619047619046,0,1,1
Llama-8B,mquake_fscr_0431_t7,0.29404761904761906,0.4309523809523809,0,1,1
Llama-8B,mquake_fscr_0432_t7,0.0,0.4309523809523809,0,1,1
Llama-8B,mquake_fscr_0433_t3,1.0,0.39166666666666666,0,0,1
Llama-8B,mquake_fscr_0434_t3,0.0,0.43680555555555556,0,1,1
Llama-8B,mquake_fscr_0435_t3,0.6027777777777779,0.3319444444444445,0,0,1
Llama-8B,mquake_fscr_0436_t7,0.4309523809523809,0.4309523809523809,0,1,1
Llama-8B,mquake_fscr_0437_t3,1.0,0.18333333333333335,0,0,1
Llama-8B,mquake_fscr_0438_t3,0.22708333333333336,0.22708333333333336,0,1,1
Llama-8B,mquake_fscr_0439_t3,0.0,0.0,0,0,1
Llama-8B,mquake_fscr_0440_t3,0.0,0.27083333333333337,0,1,1
Llama-8B,mquake_fscr_0441_t7,0.29404761904761906,0.4309523809523809,0,1,1
Llama-8B,mquake_fscr_0442_t3,1.0,0.27083333333333337,0,0,1
Llama-8B,mquake_fscr_0443_t3,0.21547619047619046,0.21547619047619046,0,1,1
Llama-8B,mquake_fscr_0444_t3,0.0,0.16597222222222224,0,1,1
Llama-8B,mquake_fscr_0445_t3,1.0,0.34500000000000003,0,0,1
Llama-8B,mquake_fscr_0446_t3,0.505,0.11000000000000001,0,1,1
Llama-8B,mquake_fscr_0447_t3,0.6625000000000001,0.375,0,1,1
Llama-8B,mquake_fscr_0448_t3,0.29404761904761906,0.29404761904761906,0,1,1
Llama-8B,mquake_fscr_0449_t3,1.0,0.1875,0,0,1
Llama-8B,mquake_fscr_0450_t3,0.49375,0.49375,0,1,1
Llama-8B,mquake_fscr_0451_t7,0.55,0.55,0,0,0
Llama-8B,mquake_fscr_0452_t7,0.6261904761904762,0.21547619047619046,0,1,1
Llama-8B,mquake_fscr_0453_t7,1.0,0.07857142857142857,0,0,1
Llama-8B,mquake_fscr_0454_t3,0.29404761904761906,0.29404761904761906,0,1,1
Llama-8B,mquake_fscr_0455_t7,1.0,1.0,0,0,0
Llama-8B,mquake_fscr_0456_t3,0.5509375,0.29404761904761906,0,1,1
Llama-8B,mquake_fscr_0457_t3,0.29404761904761906,0.29404761904761906,0,1,1
Llama-8B,mquake_fscr_0458_t7,0.55,0.55,0,0,0
Llama-8B,mquake_fscr_0459_t3,1.0,0.27083333333333337,0,1,1
Llama-8B,mquake_fscr_0460_t3,0.55,0.1875,0,0,1
Llama-8B,mquake_fscr_0461_t7,0.55,0.55,0,0,0
Llama-8B,mquake_fscr_0462_t3,0.34500000000000003,0.1875,0,1,1
Llama-8B,mquake_fscr_0463_t7,0.55,0.55,0,0,0
Llama-8B,mquake_fscr_0464_t7,0.29404761904761906,0.29404761904761906,0,1,1
Llama-8B,mquake_fscr_0465_t3,0.375,0.375,0,1,1
Llama-8B,mquake_fscr_0466_t3,0.4916666666666667,0.4916666666666667,0,0,1
Llama-8B,mquake_fscr_0468_t3,1.0,0.11000000000000001,0,0,1
Llama-8B,mquake_fscr_0469_t3,0.21547619047619046,0.16597222222222224,0,1,1
Llama-8B,mquake_fscr_0470_t7,0.0,0.49375,0,1,1
Llama-8B,mquake_fscr_0471_t3,0.29404761904761906,0.29404761904761906,0,1,0
Llama-8B,mquake_fscr_0472_t3,0.29404761904761906,0.29404761904761906,0,1,1
Llama-8B,mquake_fscr_0473_t7,0.55,0.55,0,0,0
Llama-8B,mquake_fscr_0474_t3,1.0,0.25333333333333335,0,0,1
Llama-8B,mquake_fscr_0475_t3,0.11000000000000001,0.11000000000000001,0,1,1
Llama-8B,mquake_fscr_0476_t3,1.0,0.0,0,1,1
Llama-8B,mquake_fscr_0477_t7,0.5854166666666667,0.16597222222222224,0,1,1
Llama-8B,mquake_fscr_0478_t3,0.21547619047619046,0.55,1,1,0
Llama-8B,mquake_fscr_0479_t7,0.09166666666666667,0.09166666666666667,0,1,1
Llama-8B,mquake_fscr_0480_t7,1.0,1.0,0,0,0
Llama-8B,mquake_fscr_0481_t3,0.0,0.07857142857142857,0,1,1
Llama-8B,mquake_fscr_0482_t7,1.0,1.0,0,0,0
Llama-8B,mquake_fscr_0483_t7,1.0,0.18333333333333335,0,1,1
Llama-8B,mquake_fscr_0484_t7,0.4309523809523809,0.21547619047619046,0,1,1
Llama-8B,mquake_fscr_0485_t7,0.55,0.5633035714285715,0,0,0
Llama-8B,mquake_fscr_0486_t3,1.0,1.0,0,1,0
Llama-8B,mquake_fscr_0487_t3,1.0,0.21547619047619046,0,1,1
Llama-8B,mquake_fscr_0488_t7,1.0,1.0,0,0,0
Llama-8B,mquake_fscr_0489_t7,0.32611607142857146,0.4563244047619048,0,1,1
Llama-8B,mquake_fscr_0490_t3,1.0,0.34500000000000003,0,1,1
Llama-8B,mquake_fscr_0491_t7,0.6261904761904762,0.29404761904761906,0,1,1
Llama-8B,mquake_fscr_0492_t7,0.6430625,0.1375,0,0,1
Llama-8B,mquake_fscr_0493_t7,0.6902777777777778,0.43680555555555556,0,1,1
Llama-8B,mquake_fscr_0494_t7,0.16597222222222224,0.16597222222222224,0,1,1
Llama-8B,mquake_fscr_0495_t7,0.22000000000000003,0.21547619047619046,0,1,1
Llama-8B,mquake_fscr_0496_t3,0.29404761904761906,0.29404761904761906,0,1,1
Llama-8B,mquake_fscr_0497_t7,0.18333333333333335,0.18333333333333335,0,1,1
Llama-8B,mquake_fscr_0498_t3,0.22708333333333336,0.22708333333333336,0,1,1
Llama-8B,mquake_fscr_0499_t3,1.0,0.29404761904761906,0,1,1
Llama-8B,mquake_fscr_0500_t3,0.0,0.2038888888888889,0,1,1
Llama-8B,mquake_fscr_0501_t3,1.0,0.15714285714285714,0,1,1
Llama-8B,mquake_fscr_0502_t7,1.0,1.0,0,0,0
Llama-8B,mquake_fscr_0503_t7,0.55,0.22000000000000003,0,0,1
Llama-8B,mquake_fscr_0504_t3,0.16597222222222224,0.43680555555555556,0,1,1
Llama-8B,mquake_fscr_0505_t3,0.55,0.09166666666666667,0,0,1
Llama-8B,mquake_fscr_0506_t7,1.0,1.0,0,0,0
Llama-8B,mquake_fscr_0507_t7,0.0,0.09166666666666667,0,1,1
Llama-8B,mquake_fscr_0508_t7,0.55,0.55,0,0,0
Llama-8B,mquake_fscr_0509_t7,0.3319444444444445,0.22708333333333336,0,1,1
Llama-8B,mquake_fscr_0510_t7,1.0,1.0,0,0,0
Llama-8B,mquake_fscr_0511_t3,0.5665178571428572,0.0,0,0,1
Llama-8B,mquake_fscr_0512_t7,0.6375000000000001,0.55,0,0,1
Llama-8B,mquake_fscr_0513_t7,1.0,0.34500000000000003,0,1,1
Llama-8B,mquake_fscr_0514_t3,1.0,0.16597222222222224,0,1,1
Llama-8B,mquake_fscr_0515_t7,1.0,0.09166666666666667,0,1,1
Llama-8B,mquake_fscr_0516_t3,0.29404761904761906,0.29404761904761906,0,1,1
Llama-8B,mquake_fscr_0517_t3,0.0,0.1488888888888889,0,0,1
Llama-8B,mquake_fscr_0518_t7,0.07857142857142857,0.07857142857142857,0,1,1
Llama-8B,mquake_fscr_0519_t7,0.7951388888888888,0.16597222222222224,0,1,1
Llama-8B,mquake_fscr_0520_t3,0.6916666666666667,0.33333333333333337,0,1,1
Llama-8B,mquake_fscr_0521_t3,0.0,0.21547619047619046,0,0,1
Llama-8B,mquake_fscr_0522_t3,0.11000000000000001,0.25625000000000003,0,1,1
Llama-8B,mquake_fscr_0523_t3,0.2038888888888889,0.2038888888888889,0,1,1
Llama-8B,mquake_fscr_0524_t3,0.4309523809523809,0.16597222222222224,0,1,1
Llama-8B,mquake_fscr_0525_t3,0.0,0.25625000000000003,0,1,1
Llama-8B,mquake_fscr_0526_t3,0.375,0.375,0,1,1
Llama-8B,mquake_fscr_0527_t7,0.18333333333333335,0.11000000000000001,0,1,1
Llama-8B,mquake_fscr_0528_t7,0.5703125,0.5703125,0,0,0
Llama-8B,mquake_fscr_0529_t7,0.5665178571428572,0.55,0,0,0
Llama-8B,mquake_fscr_0530_t7,1.0,0.4309523809523809,0,1,1
Llama-8B,mquake_fscr_0531_t3,0.7312500000000001,0.325,0,1,1
Llama-8B,mquake_fscr_0532_t3,0.2857142857142857,0.2857142857142857,0,1,1
Llama-8B,mquake_fscr_0533_t3,0.21547619047619046,0.21547619047619046,0,1,1
Llama-8B,mquake_fscr_0534_t7,0.3319444444444445,0.3319444444444445,0,1,1
Llama-8B,mquake_fscr_0535_t3,0.11000000000000001,0.4309523809523809,0,1,1
Llama-8B,mquake_fscr_0536_t7,0.0,0.30625,0,1,1
Llama-8B,mquake_fscr_0537_t3,0.35238095238095235,0.35238095238095235,0,1,1
Llama-8B,mquake_fscr_0538_t7,0.55,0.5836309523809524,0,0,0
Llama-8B,mquake_fscr_0539_t7,0.55,0.55,0,0,0
Llama-8B,mquake_fscr_0540_t7,0.12222222222222223,0.12222222222222223,0,1,1
Llama-8B,mquake_fscr_0541_t7,1.0,0.4309523809523809,0,1,1
Llama-8B,mquake_fscr_0542_t3,1.0,0.34500000000000003,0,1,1
Llama-8B,mquake_fscr_0543_t7,1.0,1.0,0,0,0
Llama-8B,mquake_fscr_0544_t7,0.5928571428571429,0.2857142857142857,0,1,1
Llama-8B,mquake_fscr_0545_t7,0.5752232142857143,0.55,0,0,0
Llama-8B,mquake_fscr_0546_t7,0.55,0.5701785714285714,0,0,0
Llama-8B,mquake_fscr_0547_t3,1.0,0.0,0,0,1
Llama-8B,mquake_fscr_0548_t3,1.0,0.43680555555555556,0,0,1
Llama-8B,mquake_fscr_0549_t7,1.0,1.0,0,0,0
Llama-8B,mquake_fscr_0550_t3,0.3726190476190476,0.3726190476190476,0,1,1
Llama-8B,mquake_fscr_0551_t7,0.55,0.55,0,1,0
Llama-8B,mquake_fscr_0552_t3,0.25625000000000003,0.25625000000000003,0,1,1
Llama-8B,mquake_fscr_0553_t7,0.061111111111111116,0.22708333333333336,0,1,1
Llama-8B,mquake_fscr_0554_t7,0.16597222222222224,0.1375,0,1,1
Llama-8B,mquake_fscr_0555_t7,0.45238095238095233,0.11000000000000001,0,1,1
Llama-8B,mquake_fscr_0556_t3,0.0,0.06875,0,0,1
Llama-8B,mquake_fscr_0557_t3,1.0,0.25625000000000003,0,0,1
Llama-8B,mquake_fscr_0558_t7,0.55,0.5845721726190477,0,0,0
Llama-8B,mquake_fscr_0559_t7,1.0,1.0,0,0,0
Llama-8B,mquake_fscr_0560_t3,0.0,0.3527777777777778,0,0,0
Llama-8B,mquake_fscr_0561_t7,0.0,0.3319444444444445,0,1,1
Llama-8B,mquake_fscr_0562_t3,1.0,0.18333333333333335,0,1,1
Llama-8B,mquake_fscr_0563_t7,1.0,1.0,0,0,0
Llama-8B,mquake_fscr_0564_t3,0.0,0.25625000000000003,0,1,1
Llama-8B,mquake_fscr_0565_t7,1.0,0.1875,0,1,1
Llama-8B,mquake_fscr_0566_t7,0.25333333333333335,0.25333333333333335,0,1,1
Llama-8B,mquake_fscr_0567_t3,0.0,0.29404761904761906,0,1,1
Llama-8B,mquake_fscr_0568_t3,0.763095238095238,0.11000000000000001,0,1,1
Llama-8B,mquake_fscr_0569_t3,0.0,0.09166666666666667,0,1,1
Llama-8B,mquake_fscr_0570_t7,0.27083333333333337,0.27083333333333337,0,1,1
Llama-8B,mquake_fscr_0571_t3,0.32857142857142857,0.32857142857142857,0,1,1
Llama-8B,mquake_fscr_0572_t7,0.9,0.275,0,1,1
Llama-8B,mquake_fscr_0573_t7,1.0,0.25333333333333335,0,0,1
Llama-8B,mquake_fscr_0574_t3,0.56875,0.21547619047619046,0,0,1
Llama-8B,mquake_fscr_0575_t3,1.0,0.5800000000000001,0,1,0
Llama-8B,mquake_fscr_0576_t7,1.0,0.0,0,1,1
Llama-8B,mquake_fscr_0577_t3,0.18333333333333335,0.18333333333333335,0,1,1
Llama-8B,mquake_fscr_0578_t3,0.30625,0.30625,0,1,1
Llama-8B,mquake_fscr_0579_t7,0.5800000000000001,0.55,0,0,0
Llama-8B,mquake_fscr_0580_t7,0.0,0.2038888888888889,0,0,1
Llama-8B,mquake_fscr_0581_t7,0.29404761904761906,0.29404761904761906,0,1,1
Llama-8B,mquake_fscr_0582_t3,0.21547619047619046,0.21547619047619046,0,1,1
Llama-8B,mquake_fscr_0583_t7,0.21547619047619046,0.5814880952380952,1,1,0
Llama-8B,mquake_fscr_0584_t3,0.4309523809523809,0.25333333333333335,0,1,1
Llama-8B,mquake_fscr_0585_t3,0.0,0.16597222222222224,0,0,1
Llama-8B,mquake_fscr_0586_t3,0.2038888888888889,0.2038888888888889,0,1,1
Llama-8B,mquake_fscr_0587_t3,0.275,0.275,0,1,1
Llama-8B,mquake_fscr_0588_t7,0.21547619047619046,0.21547619047619046,0,1,1
Llama-8B,mquake_fscr_0589_t3,0.12222222222222223,0.12222222222222223,0,1,1
Llama-8B,mquake_fscr_0590_t3,1.0,0.34500000000000003,0,0,1
Llama-8B,mquake_fscr_0591_t3,0.375,0.375,0,1,1
Llama-8B,mquake_fscr_0592_t7,0.55,0.55,0,0,0
Llama-8B,mquake_fscr_0593_t7,1.0,1.0,0,0,0
Llama-8B,mquake_fscr_0594_t7,0.6671875,0.55,0,0,0
Llama-8B,mquake_fscr_0595_t7,1.0,1.0,0,1,0
Llama-8B,mquake_fscr_0596_t7,1.0,1.0,0,0,0
Llama-8B,mquake_fscr_0597_t3,1.0,0.29375,0,1,1
Llama-8B,mquake_fscr_0598_t3,1.0,0.25625000000000003,0,1,1
Llama-8B,mquake_fscr_0599_t7,0.0,0.21547619047619046,0,1,1
Llama-8B,mquake_fscr_0600_t7,0.21547619047619046,0.21547619047619046,0,1,1
Llama-8B,mquake_fscr_0601_t7,0.55,0.55,0,0,0
Llama-8B,mquake_fscr_0602_t7,0.55,0.5672867063492064,0,0,0
Llama-8B,mquake_fscr_0603_t3,1.0,0.29404761904761906,0,0,1
Llama-8B,mquake_fscr_0604_t7,1.0,0.16597222222222224,0,0,1
Llama-8B,mquake_fscr_0605_t7,0.7383333333333333,0.18333333333333335,0,1,1
Llama-8B,mquake_fscr_0606_t3,0.4309523809523809,0.21547619047619046,0,1,1
Llama-8B,mquake_fscr_0607_t7,1.0,1.0,0,0,0
Llama-8B,mquake_fscr_0608_t7,0.16597222222222224,0.16597222222222224,0,1,1
Llama-8B,mquake_fscr_0609_t3,0.6261904761904762,0.21547619047619046,0,1,1
Llama-8B,mquake_fscr_0610_t7,0.6465277777777778,0.3493055555555556,0,1,1
Llama-8B,mquake_fscr_0611_t7,0.6422619047619048,0.6422619047619048,0,0,0
Llama-8B,mquake_fscr_0612_t3,1.0,0.16597222222222224,0,0,1
Llama-8B,mquake_fscr_0613_t7,0.55,0.55,0,0,0
Llama-8B,mquake_fscr_0614_t3,0.29404761904761906,0.29404761904761906,0,1,1
Llama-8B,mquake_fscr_0615_t7,1.0,1.0,0,0,0
Llama-8B,mquake_fscr_0616_t3,1.0,0.21547619047619046,0,0,1
Llama-8B,mquake_fscr_0617_t3,1.0,0.16597222222222224,0,1,1
Llama-8B,mquake_fscr_0618_t3,0.0,0.375,0,0,1
Llama-8B,mquake_fscr_0619_t7,0.27083333333333337,0.27083333333333337,0,1,1
Llama-8B,mquake_fscr_0620_t3,1.0,0.25333333333333335,0,0,1
Llama-8B,mquake_fscr_0621_t7,0.6240476190476191,0.55,0,0,0
Llama-8B,mquake_fscr_0622_t7,0.55,0.25333333333333335,0,0,1
Llama-8B,mquake_fscr_0623_t7,0.7047619047619047,0.07857142857142857,0,1,1
Llama-8B,mquake_fscr_0624_t3,0.0,0.22708333333333336,0,1,1
Llama-8B,mquake_fscr_0625_t7,0.375,0.375,0,1,1
Llama-8B,mquake_fscr_0626_t7,1.0,1.0,0,0,0
Llama-8B,mquake_fscr_0627_t7,0.59875,0.55,0,0,0
Llama-8B,mquake_fscr_0628_t3,1.0,0.29404761904761906,0,0,1
Llama-8B,mquake_fscr_0629_t3,0.0,0.21547619047619046,0,1,1
Llama-8B,mquake_fscr_0630_t7,0.8500000000000001,0.41428571428571426,0,1,1
Llama-8B,mquake_fscr_0631_t7,1.0,1.0,0,0,0
Llama-8B,mquake_fscr_0632_t7,0.49375,0.11000000000000001,0,1,1
Llama-8B,mquake_fscr_0633_t7,0.9,0.0,0,0,1
Llama-8B,mquake_fscr_0634_t3,1.0,0.29404761904761906,0,1,1
Llama-8B,mquake_fscr_0635_t7,1.0,1.0,0,0,0
Llama-8B,mquake_fscr_0636_t3,0.29404761904761906,0.29404761904761906,0,1,1
Llama-8B,mquake_fscr_0637_t7,0.5741071428571429,0.55,0,0,0
Llama-8B,mquake_fscr_0638_t3,0.0,0.34500000000000003,0,0,1
Llama-8B,mquake_fscr_0639_t7,0.5125000000000001,1.0,0,0,0
Llama-8B,mquake_fscr_0640_t3,1.0,0.2857142857142857,0,1,0
Llama-8B,mquake_fscr_0641_t7,0.5973809523809523,0.55,0,0,0
Llama-8B,mquake_fscr_0642_t7,0.29404761904761906,0.29404761904761906,0,1,1
Llama-8B,mquake_fscr_0643_t3,1.0,0.21547619047619046,0,1,1
Llama-8B,mquake_fscr_0644_t7,0.07857142857142857,0.15714285714285714,0,1,0
Llama-8B,mquake_fscr_0645_t3,1.0,0.11000000000000001,0,1,1
Llama-8B,mquake_fscr_0646_t7,1.0,0.4928571428571429,0,1,1
Llama-8B,mquake_fscr_0647_t7,0.7383333333333333,0.25333333333333335,0,1,1
Llama-8B,mquake_fscr_0648_t7,1.0,1.0,0,0,0
Llama-8B,mquake_fscr_0649_t3,0.5766666666666667,0.21547619047619046,0,1,1
Llama-8B,mquake_fscr_0650_t3,0.0,0.25333333333333335,0,1,1
Llama-8B,mquake_fscr_0651_t7,0.6200000000000001,0.09166666666666667,0,0,0
Llama-8B,mquake_fscr_0652_t3,0.0,0.29404761904761906,0,1,1
Llama-8B,mquake_fscr_0653_t3,0.6261904761904762,0.21547619047619046,0,1,1
Llama-8B,mquake_fscr_0654_t3,0.34500000000000003,0.18333333333333335,0,1,1
Llama-8B,mquake_fscr_0655_t3,0.0,0.21547619047619046,0,1,1
Llama-8B,mquake_fscr_0656_t3,1.0,0.25333333333333335,0,0,1
Llama-8B,mquake_fscr_0657_t7,0.29404761904761906,0.29404761904761906,0,1,1
Llama-8B,mquake_fscr_0658_t3,0.30351190476190476,0.30351190476190476,0,1,1
Llama-8B,mquake_fscr_0659_t3,0.11000000000000001,0.22708333333333336,0,1,0
Llama-8B,mquake_fscr_0660_t7,0.0,0.21547619047619046,0,0,1
Llama-8B,mquake_fscr_0661_t7,0.6473214285714286,0.55,0,0,0
Llama-8B,mquake_fscr_0662_t7,0.5671577380952382,0.55,0,0,0
Llama-8B,mquake_fscr_0663_t3,0.21547619047619046,0.21547619047619046,0,1,1
Llama-8B,mquake_fscr_0664_t3,1.0,0.16597222222222224,0,0,1
Llama-8B,mquake_fscr_0665_t7,0.29404761904761906,0.29404761904761906,0,1,1
Llama-8B,mquake_fscr_0666_t7,1.0,0.22708333333333336,0,0,1
Llama-8B,mquake_fscr_0667_t3,1.0,0.33333333333333337,0,0,1
Llama-8B,mquake_fscr_0668_t7,0.5959821428571429,0.07857142857142857,0,0,1
Llama-8B,mquake_fscr_0669_t7,1.0,1.0,0,0,0
Llama-8B,mquake_fscr_0670_t7,1.0,0.29404761904761906,0,1,1
Llama-8B,mquake_fscr_0671_t3,0.29404761904761906,0.29404761904761906,0,1,1
Llama-8B,mquake_fscr_0672_t7,0.34500000000000003,0.34500000000000003,0,0,1
Llama-8B,mquake_fscr_0673_t7,0.07857142857142857,0.15714285714285714,0,1,1
Llama-8B,mquake_fscr_0674_t7,1.0,1.0,0,0,0
Llama-8B,mquake_fscr_0675_t7,1.0,1.0,0,0,0
Llama-8B,mquake_fscr_0676_t7,0.7214285714285714,0.3357142857142857,0,1,1
Llama-8B,mquake_fscr_0677_t7,0.6058333333333333,0.55,0,0,0
Llama-8B,mquake_fscr_0678_t3,0.18333333333333335,0.18333333333333335,0,1,1
Llama-8B,mquake_fscr_0679_t7,1.0,0.29404761904761906,0,1,1
Llama-8B,mquake_fscr_0680_t7,1.0,1.0,0,0,0
Llama-8B,mquake_fscr_0681_t7,0.27083333333333337,0.09166666666666667,0,1,1
Llama-8B,mquake_fscr_0682_t7,0.763095238095238,0.4309523809523809,0,1,1
Llama-8B,mquake_fscr_0683_t3,0.6022073412698413,0.29404761904761906,0,0,1
Llama-8B,mquake_fscr_0684_t7,0.32000000000000006,0.32000000000000006,0,1,1
Llama-8B,mquake_fscr_0685_t3,0.09166666666666667,0.09166666666666667,0,1,1
Llama-8B,mquake_fscr_0686_t7,0.5523660714285714,0.34500000000000003,0,0,1
Llama-8B,mquake_fscr_0687_t3,1.0,0.18333333333333335,0,1,1
Llama-8B,mquake_fscr_0688_t7,0.43680555555555556,0.43680555555555556,0,1,1
Llama-8B,mquake_fscr_0689_t7,0.21547619047619046,0.21547619047619046,0,1,1
Llama-8B,mquake_fscr_0690_t3,0.55,0.11000000000000001,0,0,1
Llama-8B,mquake_fscr_0691_t7,0.55,0.55,0,0,0
Llama-8B,mquake_fscr_0692_t3,0.5625,0.49375,0,1,1
Llama-8B,mquake_fscr_0693_t3,0.0,0.40625,0,1,1
Llama-8B,mquake_fscr_0694_t3,0.0,0.16597222222222224,0,1,1
Llama-8B,mquake_fscr_0695_t7,1.0,0.25333333333333335,0,1,1
Llama-8B,mquake_fscr_0696_t3,0.25333333333333335,0.25333333333333335,0,1,1
Llama-8B,mquake_fscr_0697_t7,0.0,0.16597222222222224,0,1,1
Llama-8B,mquake_fscr_0698_t7,1.0,0.16597222222222224,0,1,1
Llama-8B,mquake_fscr_0699_t3,0.55,0.11000000000000001,0,0,1
Llama-8B,mquake_fscr_0700_t7,0.5856956845238095,0.55,0,0,0
Llama-8B,mquake_fscr_0701_t3,1.0,0.22708333333333336,0,0,1
Llama-8B,mquake_fscr_0702_t7,1.0,0.33333333333333337,0,1,1
Llama-8B,mquake_fscr_0703_t3,0.0,0.061111111111111116,0,1,1
Llama-8B,mquake_fscr_0704_t7,0.2881944444444445,0.2881944444444445,0,1,1
Llama-8B,mquake_fscr_0705_t3,0.22708333333333336,0.22708333333333336,0,1,1
Llama-8B,mquake_fscr_0706_t3,0.21547619047619046,0.21547619047619046,0,1,1
Llama-8B,mquake_fscr_0707_t3,0.22000000000000003,0.11000000000000001,0,1,1
Llama-8B,mquake_fscr_0708_t3,0.55,0.11000000000000001,0,0,1
Llama-8B,mquake_fscr_0709_t7,0.0,0.29404761904761906,0,1,1
Llama-8B,mquake_fscr_0710_t3,0.16597222222222224,0.16597222222222224,0,1,1
Llama-8B,mquake_fscr_0711_t3,0.763095238095238,0.29404761904761906,0,1,0
Llama-8B,mquake_fscr_0712_t3,0.12222222222222223,0.12222222222222223,0,1,1
Llama-8B,mquake_fscr_0713_t3,0.25333333333333335,0.25333333333333335,0,1,1
Llama-8B,mquake_fscr_0714_t3,0.43680555555555556,0.43680555555555556,0,1,1
Llama-8B,mquake_fscr_0715_t7,0.9,0.11000000000000001,0,1,1
Llama-8B,mquake_fscr_0716_t7,0.6261904761904762,0.16597222222222224,0,1,1
Llama-8B,mquake_fscr_0717_t7,0.0,0.16597222222222224,0,1,1
Llama-8B,mquake_fscr_0718_t3,1.0,0.0,0,1,1
Llama-8B,mquake_fscr_0719_t3,0.22708333333333336,0.22708333333333336,0,0,1
Llama-8B,mquake_fscr_0720_t7,0.55,0.1875,0,0,1
Llama-8B,mquake_fscr_0721_t3,0.16597222222222224,0.16597222222222224,0,1,1
Llama-8B,mquake_fscr_0722_t3,0.0,0.0,0,1,1
Llama-8B,mquake_fscr_0723_t3,1.0,0.16597222222222224,0,0,1
Llama-8B,mquake_fscr_0724_t7,0.763095238095238,0.07857142857142857,0,1,1
Llama-8B,mquake_fscr_0725_t3,0.0,0.375,0,1,1
Llama-8B,mquake_fscr_0726_t3,0.45119047619047625,0.45119047619047625,0,1,1
Llama-8B,mquake_fscr_0727_t7,1.0,1.0,0,0,0
Llama-8B,mquake_fscr_0728_t3,1.0,0.29404761904761906,0,1,1
Llama-8B,mquake_fscr_0729_t7,0.18333333333333335,0.18333333333333335,0,1,1
Llama-8B,mquake_fscr_0730_t7,0.4309523809523809,0.4309523809523809,0,1,1
Llama-8B,mquake_fscr_0731_t3,0.49375,0.49375,0,1,1
Llama-8B,mquake_fscr_0732_t3,0.21547619047619046,0.21547619047619046,0,1,1
Llama-8B,mquake_fscr_0733_t7,1.0,0.275,0,0,1
Llama-8B,mquake_fscr_0734_t3,1.0,0.3940476190476191,0,1,1
Llama-8B,mquake_fscr_0735_t3,0.22708333333333336,0.22708333333333336,0,1,0
Llama-8B,mquake_fscr_0736_t3,0.0,0.30625,0,1,1
Llama-8B,mquake_fscr_0737_t7,0.55,0.55,0,0,0
Llama-8B,mquake_fscr_0738_t7,0.25625000000000003,0.25625000000000003,0,1,1
Llama-8B,mquake_fscr_0739_t7,0.27083333333333337,0.5416666666666667,1,1,1
Llama-8B,mquake_fscr_0740_t3,1.0,0.25625000000000003,0,1,1
Llama-8B,mquake_fscr_0741_t7,0.43680555555555556,0.16597222222222224,0,1,1
Llama-8B,mquake_fscr_0742_t7,0.55,0.55,0,0,0
Llama-8B,mquake_fscr_0743_t3,1.0,0.25333333333333335,0,0,1
Llama-8B,mquake_fscr_0744_t7,1.0,1.0,0,0,0
Llama-8B,mquake_fscr_0745_t3,1.0,0.12222222222222223,0,0,1
Llama-8B,mquake_fscr_0746_t7,1.0,1.0,0,0,0
Llama-8B,mquake_fscr_0747_t7,0.0,0.21547619047619046,0,1,1
Llama-8B,mquake_fscr_0748_t7,1.0,0.21547619047619046,0,1,1
Llama-8B,mquake_fscr_0749_t7,1.0,0.06875,0,1,1
Llama-8B,mquake_fscr_0750_t3,0.7047619047619047,0.29404761904761906,0,1,1
Llama-8B,mquake_fscr_0751_t3,0.18333333333333335,0.18333333333333335,0,1,1
Llama-8B,mquake_fscr_0752_t3,1.0,0.24166666666666667,0,0,1
Llama-8B,mquake_fscr_0753_t3,0.5883928571428572,0.21547619047619046,0,1,1
Llama-8B,mquake_fscr_0754_t3,0.6625000000000001,0.30625,0,1,1
Llama-8B,mquake_fscr_0755_t7,1.0,0.4309523809523809,0,1,1
Llama-8B,mquake_fscr_0756_t7,0.0,0.1488888888888889,0,1,1
Llama-8B,mquake_fscr_0757_t7,0.9,0.9,0,0,0
Llama-8B,mquake_fscr_0758_t7,1.0,1.0,0,0,0
Llama-8B,mquake_fscr_0759_t3,0.45119047619047625,0.07857142857142857,0,0,1
Llama-8B,mquake_fscr_0760_t7,0.16597222222222224,0.16597222222222224,0,1,1
Llama-8B,mquake_fscr_0761_t3,0.1875,0.1875,0,1,1
Llama-8B,mquake_fscr_0762_t7,0.4309523809523809,1.0,0,1,0
Llama-8B,mquake_fscr_0763_t7,0.55,0.55,0,0,0
Llama-8B,mquake_fscr_0764_t3,1.0,0.29404761904761906,0,0,1
Llama-8B,mquake_fscr_0765_t3,0.7383333333333333,0.0,0,1,1
Llama-8B,mquake_fscr_0766_t7,1.0,1.0,0,0,0
Llama-8B,mquake_fscr_0767_t7,1.0,0.55,0,0,0
Llama-8B,mquake_fscr_0768_t7,1.0,1.0,0,0,0
Llama-8B,mquake_fscr_0769_t3,1.0,0.18333333333333335,0,1,1
Llama-8B,mquake_fscr_0770_t3,0.09166666666666667,0.09166666666666667,0,1,1
Llama-8B,mquake_fscr_0771_t3,0.2038888888888889,0.2038888888888889,0,1,1
Llama-8B,mquake_fscr_0772_t3,1.0,0.55,0,0,0
Llama-8B,mquake_fscr_0773_t7,0.0,0.2038888888888889,0,0,0
Llama-8B,mquake_fscr_0774_t3,0.34500000000000003,0.34500000000000003,0,1,1
Llama-8B,mquake_fscr_0775_t7,0.3357142857142857,0.41428571428571426,0,1,1
Llama-8B,mquake_fscr_0776_t7,1.0,0.33333333333333337,0,0,1
Llama-8B,mquake_fscr_0777_t7,0.7383333333333333,0.11000000000000001,0,1,1
Llama-8B,mquake_fscr_0778_t3,1.0,0.35238095238095235,0,0,0
Llama-8B,mquake_fscr_0779_t7,0.5766666666666667,0.09166666666666667,0,1,1
Llama-8B,mquake_fscr_0780_t3,0.25625000000000003,0.25625000000000003,0,1,1
Llama-8B,mquake_fscr_0781_t3,1.0,0.25333333333333335,0,1,1
Llama-8B,mquake_fscr_0782_t7,0.0,0.25625000000000003,0,1,1
Llama-8B,mquake_fscr_0783_t7,0.0,0.35238095238095235,0,1,1
Llama-8B,mquake_fscr_0784_t3,0.16597222222222224,0.16597222222222224,0,1,1
Llama-8B,mquake_fscr_0785_t7,0.0,0.0,0,1,1
Llama-8B,mquake_fscr_0786_t7,0.16597222222222224,0.16597222222222224,0,1,1
Llama-8B,mquake_fscr_0787_t7,1.0,1.0,0,0,0
Llama-8B,mquake_fscr_0788_t3,0.4979166666666667,0.3319444444444445,0,1,1
Llama-8B,mquake_fscr_0789_t3,1.0,0.2977777777777778,0,1,1
Llama-8B,mquake_fscr_0790_t7,0.55,0.55,0,0,0
Llama-8B,mquake_fscr_0791_t7,0.85625,0.11000000000000001,0,1,1
Llama-8B,mquake_fscr_0792_t3,1.0,0.49375,0,1,1
Llama-8B,mquake_fscr_0793_t7,0.325,0.325,0,1,1
Llama-8B,mquake_fscr_0794_t3,0.29404761904761906,0.29404761904761906,0,1,1
Llama-8B,mquake_fscr_0795_t3,1.0,0.07857142857142857,0,1,1
Llama-8B,mquake_fscr_0796_t7,0.3319444444444445,0.3319444444444445,0,1,1
Llama-8B,mquake_fscr_0797_t3,0.0,0.34500000000000003,0,1,1
Llama-8B,mquake_fscr_0798_t7,0.5730357142857143,0.55,0,0,0
Llama-8B,mquake_fscr_0799_t7,1.0,0.1875,0,0,1
Llama-8B,mquake_fscr_0800_t7,0.55,0.5736607142857143,0,0,0
Llama-8B,mquake_fscr_0801_t7,1.0,0.07857142857142857,0,1,1
Llama-8B,mquake_fscr_0802_t7,1.0,0.39166666666666666,0,1,1
Llama-8B,mquake_fscr_0803_t7,0.30625,0.30625,0,1,1
Llama-8B,mquake_fscr_0804_t3,0.6148214285714286,0.3940476190476191,0,0,1
Llama-8B,mquake_fscr_0805_t7,1.0,0.18333333333333335,0,0,1
Llama-8B,mquake_fscr_0806_t7,0.21547619047619046,0.21547619047619046,0,1,1
Llama-8B,mquake_fscr_0807_t3,1.0,0.11000000000000001,0,0,1
Llama-8B,mquake_fscr_0808_t3,1.0,0.25625000000000003,0,0,1
Llama-8B,mquake_fscr_0809_t3,0.18333333333333335,0.18333333333333335,0,1,1
Llama-8B,mquake_fscr_0810_t7,0.7951388888888888,0.16597222222222224,0,1,1
Llama-8B,mquake_fscr_0811_t3,0.55,0.3726190476190476,0,1,1
Llama-8B,mquake_fscr_0812_t3,0.21547619047619046,0.21547619047619046,0,1,1
Llama-8B,mquake_fscr_0813_t3,0.0,0.09166666666666667,0,1,1
Llama-8B,mquake_fscr_0814_t3,0.25333333333333335,0.25333333333333335,0,1,1
Llama-8B,mquake_fscr_0815_t7,1.0,1.0,0,0,0
Llama-8B,mquake_fscr_0816_t7,0.55,0.55,0,0,0
Llama-8B,mquake_fscr_0817_t3,1.0,0.21000000000000002,0,1,1
Llama-8B,mquake_fscr_0818_t7,1.0,0.3527777777777778,0,0,0
Llama-8B,mquake_fscr_0819_t3,0.11000000000000001,0.11000000000000001,0,1,1
Llama-8B,mquake_fscr_0820_t3,0.0,0.3726190476190476,0,1,1
Llama-8B,mquake_fscr_0821_t7,0.0,0.0,0,1,1
Llama-8B,mquake_fscr_0822_t3,0.6027777777777779,0.43680555555555556,0,1,1
Llama-8B,mquake_fscr_0823_t3,1.0,0.34500000000000003,0,1,1
Llama-8B,mquake_fscr_0824_t3,0.16597222222222224,0.16597222222222224,0,1,1
Llama-8B,mquake_fscr_0825_t3,0.0,0.2038888888888889,0,1,1
Llama-8B,mquake_fscr_0826_t7,0.7025,0.11000000000000001,0,1,1
Llama-8B,mquake_fscr_0827_t3,1.0,0.2977777777777778,0,1,1
Llama-8B,mquake_fscr_0828_t7,0.5800000000000001,0.22000000000000003,0,0,1
Llama-8B,mquake_fscr_0829_t3,0.4309523809523809,0.4309523809523809,0,1,1
Llama-8B,mquake_fscr_0830_t3,0.18333333333333335,0.18333333333333335,0,1,1
Llama-8B,mquake_fscr_0831_t7,0.55,0.55,0,0,0
Llama-8B,mquake_fscr_0832_t7,0.0,0.0,0,1,1
Llama-8B,mquake_fscr_0833_t3,0.25625000000000003,0.25625000000000003,0,1,1
Llama-8B,mquake_fscr_0834_t3,0.34500000000000003,0.34500000000000003,0,1,1
Llama-8B,mquake_fscr_0835_t3,0.06875,0.18125000000000002,0,1,1
Llama-8B,mquake_fscr_0836_t3,0.25625000000000003,0.25625000000000003,0,0,1
Llama-8B,mquake_fscr_0837_t3,0.4309523809523809,0.21547619047619046,0,1,1
Llama-8B,mquake_fscr_0838_t3,0.0,0.2881944444444445,0,0,1
Llama-8B,mquake_fscr_0839_t7,0.55,0.55,0,0,0
Llama-8B,mquake_fscr_0840_t7,1.0,1.0,0,0,0
Llama-8B,mquake_fscr_0841_t3,0.21547619047619046,0.21547619047619046,0,1,1
Llama-8B,mquake_fscr_0842_t3,1.0,0.15714285714285714,0,0,1
Llama-8B,mquake_fscr_0843_t3,0.7383333333333333,0.34500000000000003,0,1,1
Llama-8B,mquake_fscr_0844_t7,0.07857142857142857,0.5665178571428572,1,1,0
Llama-8B,mquake_fscr_0845_t3,0.55,0.34500000000000003,0,0,1
Llama-8B,mquake_fscr_0846_t7,0.29404761904761906,0.21547619047619046,0,1,1
Llama-8B,mquake_fscr_0847_t7,0.5854166666666667,0.21547619047619046,0,0,1
Llama-8B,mquake_fscr_0848_t7,0.34500000000000003,0.34500000000000003,0,1,1
Llama-8B,mquake_fscr_0849_t7,1.0,1.0,0,0,0
Llama-8B,mquake_fscr_0850_t7,1.0,1.0,0,0,0
Llama-8B,mquake_fscr_0851_t3,1.0,0.21547619047619046,0,0,1
Llama-8B,mquake_fscr_0852_t3,0.1488888888888889,0.1488888888888889,0,1,1
Llama-8B,mquake_fscr_0853_t3,1.0,0.25625000000000003,0,1,1
Llama-8B,mquake_fscr_0854_t3,0.55,0.29404761904761906,0,1,1
Llama-8B,mquake_fscr_0855_t3,1.0,0.18333333333333335,0,0,1
Llama-8B,mquake_fscr_0856_t7,0.55,0.55,0,0,0
Llama-8B,mquake_fscr_0857_t7,1.0,0.11000000000000001,0,1,1
Llama-8B,mquake_fscr_0858_t3,0.2038888888888889,0.2038888888888889,0,1,1
Llama-8B,mquake_fscr_0859_t3,0.55,0.375,0,1,1
Llama-8B,mquake_fscr_0860_t3,0.25333333333333335,0.25333333333333335,0,1,1
Llama-8B,mquake_fscr_0861_t3,0.0,0.16597222222222224,0,1,1
Llama-8B,mquake_fscr_0862_t3,0.15714285714285714,0.15714285714285714,0,1,1
Llama-8B,mquake_fscr_0863_t7,0.09166666666666667,0.11000000000000001,0,1,1
Llama-8B,mquake_fscr_0864_t7,1.0,0.2977777777777778,0,0,1
Llama-8B,mquake_fscr_0865_t7,0.06875,0.06875,0,1,1
Llama-8B,mquake_fscr_0866_t3,0.6357142857142858,0.29404761904761906,0,0,1
Llama-8B,mquake_fscr_0867_t3,1.0,0.0,0,0,1
Llama-8B,mquake_fscr_0868_t7,0.55,0.55,0,0,0
Llama-8B,mquake_fscr_0869_t7,0.375,0.49375,0,1,1
Llama-8B,mquake_fscr_0870_t7,1.0,0.24166666666666667,0,1,1
Llama-8B,mquake_fscr_0871_t3,0.30625,0.30625,0,1,1
Llama-8B,mquake_fscr_0872_t7,1.0,0.07857142857142857,0,1,1
Llama-8B,mquake_fscr_0873_t3,0.55,0.09166666666666667,0,0,1
Llama-8B,mquake_fscr_0874_t7,1.0,1.0,0,0,0
Llama-8B,mquake_fscr_0875_t3,0.0,0.22000000000000003,0,1,1
Llama-8B,mquake_fscr_0876_t3,1.0,0.09166666666666667,0,0,1
Llama-8B,mquake_fscr_0877_t3,0.6092633928571429,0.25625000000000003,0,0,1
Llama-8B,mquake_fscr_0878_t3,0.22000000000000003,0.22000000000000003,0,1,1
Llama-8B,mquake_fscr_0879_t3,0.09166666666666667,0.09166666666666667,0,1,1
Llama-8B,mquake_fscr_0880_t3,1.0,0.22708333333333336,0,0,1
Llama-8B,mquake_fscr_0881_t7,0.29404761904761906,0.29404761904761906,0,1,1
Llama-8B,mquake_fscr_0882_t3,1.0,0.43680555555555556,0,0,1
Llama-8B,mquake_fscr_0883_t3,0.6625000000000001,0.11000000000000001,0,1,1
Llama-8B,mquake_fscr_0884_t3,0.6092633928571429,0.25625000000000003,0,0,1
Llama-8B,mquake_fscr_0885_t3,1.0,0.375,0,0,1
Llama-8B,mquake_fscr_0886_t3,0.4309523809523809,0.4309523809523809,0,1,1
Llama-8B,mquake_fscr_0887_t7,0.4642857142857143,0.20714285714285713,0,1,1
Llama-8B,mquake_fscr_0888_t3,1.0,0.21547619047619046,0,0,1
Llama-8B,mquake_fscr_0889_t3,0.3319444444444445,0.3319444444444445,0,1,1
Llama-8B,mquake_fscr_0890_t7,0.8125,0.11000000000000001,0,1,1
Llama-8B,mquake_fscr_0891_t3,1.0,0.34500000000000003,0,1,1
Llama-8B,mquake_fscr_0892_t3,0.25625000000000003,0.25625000000000003,0,1,1
Llama-8B,mquake_fscr_0893_t3,0.0,0.22708333333333336,0,1,1
Llama-8B,mquake_fscr_0894_t3,0.0,0.18333333333333335,0,1,1
Llama-8B,mquake_fscr_0895_t7,0.55,0.55,0,0,0
Llama-8B,mquake_fscr_0896_t3,0.6116071428571428,0.07857142857142857,0,0,1
Llama-8B,mquake_fscr_0897_t7,0.0,0.4309523809523809,0,1,1
Llama-8B,mquake_fscr_0898_t3,1.0,0.30625,0,1,1
Llama-8B,mquake_fscr_0899_t3,0.275,0.275,0,1,1
Llama-8B,mquake_fscr_0900_t3,1.0,0.21547619047619046,0,1,1
Llama-8B,mquake_fscr_0901_t3,1.0,0.15714285714285714,0,1,1
Llama-8B,mquake_fscr_0902_t7,1.0,1.0,0,0,0
Llama-8B,mquake_fscr_0903_t7,0.55,0.3319444444444445,0,1,1
Llama-8B,mquake_fscr_0904_t7,0.3319444444444445,0.22708333333333336,0,1,1
Llama-8B,mquake_fscr_0905_t3,0.6902777777777778,0.12222222222222223,0,1,1
Llama-8B,mquake_fscr_0906_t7,0.6765625000000001,0.3375,0,0,0
Llama-8B,mquake_fscr_0907_t7,0.15714285714285714,0.15714285714285714,0,1,1
Llama-8B,mquake_fscr_0908_t3,1.0,0.21547619047619046,0,0,1
Llama-8B,mquake_fscr_0909_t3,0.0,0.31547619047619047,0,1,1
Llama-8B,mquake_fscr_0910_t3,0.34500000000000003,0.34500000000000003,0,0,1
Llama-8B,mquake_fscr_0911_t3,1.0,0.07857142857142857,0,0,1
Llama-8B,mquake_fscr_0912_t3,1.0,1.0,0,1,0
Llama-8B,mquake_fscr_0913_t3,0.3726190476190476,0.3726190476190476,0,1,1
Llama-8B,mquake_fscr_0914_t7,0.34500000000000003,0.34500000000000003,0,1,1
Llama-8B,mquake_fscr_0915_t3,1.0,0.44500000000000006,0,1,1
Llama-8B,mquake_fscr_0916_t7,0.375,0.375,0,1,1
Llama-8B,mquake_fscr_0917_t7,0.55,0.55,0,0,0
Llama-8B,mquake_fscr_0918_t7,1.0,0.25625000000000003,0,1,1
Llama-8B,mquake_fscr_0919_t7,1.0,1.0,0,0,0
Llama-8B,mquake_fscr_0920_t7,1.0,0.2038888888888889,0,0,1
Llama-8B,mquake_fscr_0921_t7,0.39166666666666666,0.39166666666666666,0,1,1
Llama-8B,mquake_fscr_0922_t7,0.0,0.21547619047619046,0,1,1
Llama-8B,mquake_fscr_0923_t7,0.4309523809523809,0.09166666666666667,0,1,1
Llama-8B,mquake_fscr_0924_t3,0.4309523809523809,0.09166666666666667,0,1,1
Llama-8B,mquake_fscr_0925_t3,0.34500000000000003,0.16597222222222224,0,1,1
Llama-8B,mquake_fscr_0926_t7,0.55,0.6555059523809524,0,0,0
Llama-8B,mquake_fscr_0927_t7,0.30625,0.11000000000000001,0,1,1
Llama-8B,mquake_fscr_0928_t3,1.0,0.41428571428571426,0,1,1
Llama-8B,mquake_fscr_0929_t7,1.0,1.0,0,0,0
Llama-8B,mquake_fscr_0930_t7,0.6352321428571429,0.55,0,0,0
Llama-8B,mquake_fscr_0931_t7,0.5800000000000001,0.55,0,0,0
Llama-8B,mquake_fscr_0932_t7,0.0,0.25333333333333335,0,1,1
Llama-8B,mquake_fscr_0933_t3,1.0,0.29404761904761906,0,0,1
Llama-8B,mquake_fscr_0934_t3,0.7672222222222222,0.1488888888888889,0,1,1
Llama-8B,mquake_fscr_0935_t7,0.06875,0.25625000000000003,0,1,1
Llama-8B,mquake_fscr_0936_t7,1.0,0.18333333333333335,0,1,1
Llama-8B,mquake_fscr_0937_t7,0.3930555555555556,0.3319444444444445,0,1,1
Llama-8B,mquake_fscr_0938_t3,1.0,0.25625000000000003,0,0,1
Llama-8B,mquake_fscr_0939_t7,1.0,1.0,0,0,0
Llama-8B,mquake_fscr_0940_t3,0.375,0.375,0,1,1
Llama-8B,mquake_fscr_0941_t7,0.55,0.55,0,0,0
Llama-8B,mquake_fscr_0942_t7,0.375,0.30625,0,1,1
Llama-8B,mquake_fscr_0943_t3,1.0,0.21547619047619046,0,1,1
Llama-8B,mquake_fscr_0944_t7,0.4309523809523809,0.4309523809523809,0,1,1
Llama-8B,mquake_fscr_0945_t7,0.55,0.5625,0,0,0
Llama-8B,mquake_fscr_0946_t7,0.4309523809523809,0.21547619047619046,0,1,1
Llama-8B,mquake_fscr_0947_t3,0.12222222222222223,0.4309523809523809,0,1,1
Llama-8B,mquake_fscr_0948_t3,0.6360044642857143,0.375,0,1,1
Llama-8B,mquake_fscr_0949_t3,0.4309523809523809,0.25333333333333335,0,1,1
Llama-8B,mquake_fscr_0950_t7,1.0,1.0,0,0,0
Llama-8B,mquake_fscr_0951_t3,1.0,0.16597222222222224,0,1,1
Llama-8B,mquake_fscr_0952_t7,0.21547619047619046,0.29404761904761906,0,1,1
Llama-8B,mquake_fscr_0953_t3,1.0,0.34500000000000003,0,0,1
Llama-8B,mquake_fscr_0954_t3,0.6360044642857143,0.5095238095238096,0,0,0
Llama-8B,mquake_fscr_0955_t7,0.21547619047619046,0.21547619047619046,0,1,1
Llama-8B,mquake_fscr_0956_t7,0.34500000000000003,0.34500000000000003,0,1,1
Llama-8B,mquake_fscr_0957_t7,0.29404761904761906,0.29404761904761906,0,1,1
Llama-8B,mquake_fscr_0958_t3,0.5800000000000001,0.0,0,1,1
Llama-8B,mquake_fscr_0959_t7,0.3527777777777778,0.2977777777777778,0,1,1
Llama-8B,mquake_fscr_0960_t3,0.7250000000000001,0.18333333333333335,0,0,1
Llama-8B,mquake_fscr_0961_t7,0.4309523809523809,0.21547619047619046,0,1,1
Llama-8B,mquake_fscr_0962_t3,0.09166666666666667,0.09166666666666667,0,1,1
Llama-8B,mquake_fscr_0963_t7,0.0,0.11000000000000001,0,1,1
Llama-8B,mquake_fscr_0964_t7,0.55,0.58125,0,0,1
Llama-8B,mquake_fscr_0965_t3,1.0,0.0,0,1,1
Llama-8B,mquake_fscr_0966_t7,0.7383333333333333,0.1875,0,1,1
Llama-8B,mquake_fscr_0967_t3,0.21547619047619046,0.21547619047619046,0,1,1
Llama-8B,mquake_fscr_0968_t7,0.5741071428571429,0.55,0,0,0
Llama-8B,mquake_fscr_0969_t7,0.25625000000000003,0.25625000000000003,0,1,1
Llama-8B,mquake_fscr_0970_t3,0.3930555555555556,0.3319444444444445,0,1,1
Llama-8B,mquake_fscr_0971_t3,0.16597222222222224,0.16597222222222224,0,1,1
Llama-8B,mquake_fscr_0972_t3,1.0,1.0,0,1,0
Llama-8B,mquake_fscr_0973_t3,1.0,0.21547619047619046,0,0,1
Llama-8B,mquake_fscr_0974_t3,1.0,0.21547619047619046,0,0,1
Llama-8B,mquake_fscr_0975_t3,1.0,0.37517361111111114,0,1,1
Llama-8B,mquake_fscr_0976_t7,0.29404761904761906,0.07857142857142857,0,1,1
Llama-8B,mquake_fscr_0977_t3,0.6000535714285714,0.21547619047619046,0,0,1
Llama-8B,mquake_fscr_0978_t7,0.6902777777777778,0.07857142857142857,0,1,1
Llama-8B,mquake_fscr_0979_t7,1.0,0.375,0,1,1
Llama-8B,mquake_fscr_0980_t7,1.0,0.22708333333333336,0,1,1
Llama-8B,mquake_fscr_0981_t3,0.07857142857142857,0.07857142857142857,0,1,1
Llama-8B,mquake_fscr_0982_t7,0.0,0.55,1,1,0
Llama-8B,mquake_fscr_0983_t3,0.25333333333333335,0.25333333333333335,0,1,1
Llama-8B,mquake_fscr_0984_t7,0.55,0.475,0,0,1
Llama-8B,mquake_fscr_0985_t7,1.0,0.16597222222222224,0,1,1
Llama-8B,mquake_fscr_0986_t3,1.0,0.16597222222222224,0,0,1
Llama-8B,mquake_fscr_0987_t3,0.325,0.325,0,1,1
Llama-8B,mquake_fscr_0988_t3,1.0,0.29404761904761906,0,1,1
Llama-8B,mquake_fscr_0989_t3,0.0,0.11000000000000001,0,1,1
Llama-8B,mquake_fscr_0990_t3,1.0,0.15714285714285714,0,1,1
Llama-8B,mquake_fscr_0991_t3,0.8300000000000001,0.18333333333333335,0,1,1
Llama-8B,mquake_fscr_0992_t3,0.22708333333333336,0.22708333333333336,0,1,1
Llama-8B,mquake_fscr_0993_t7,0.21547619047619046,0.21547619047619046,0,1,1
Llama-8B,mquake_fscr_0994_t7,1.0,0.25625000000000003,0,1,1
Llama-8B,mquake_fscr_0995_t7,1.0,1.0,0,0,0
Llama-8B,mquake_fscr_0996_t3,1.0,0.18333333333333335,0,1,1
Llama-8B,mquake_fscr_0997_t7,0.6422619047619048,0.5883928571428572,0,0,0
Llama-8B,mquake_fscr_0998_t3,1.0,0.21547619047619046,0,1,1
Llama-8B,mquake_fscr_0999_t3,0.11000000000000001,0.11000000000000001,0,1,1
OpenThinker3-7B,mquake_fscr_0000_t3,0.59375,0.6625,0,1,1
OpenThinker3-7B,mquake_fscr_0001_t7,1.0,1.0,0,0,1
OpenThinker3-7B,mquake_fscr_0002_t7,0.6200000000000001,0.559375,0,0,0
OpenThinker3-7B,mquake_fscr_0003_t3,0.30625,0.5125000000000001,1,1,1
OpenThinker3-7B,mquake_fscr_0004_t7,0.16597222222222224,1.0,1,1,1
OpenThinker3-7B,mquake_fscr_0005_t3,0.3930555555555556,1.0,1,1,1
OpenThinker3-7B,mquake_fscr_0006_t7,0.6127976190476191,0.6357142857142858,0,0,0
OpenThinker3-7B,mquake_fscr_0007_t7,0.2881944444444445,1.0,1,1,1
OpenThinker3-7B,mquake_fscr_0008_t7,0.35238095238095235,1.0,1,1,1
OpenThinker3-7B,mquake_fscr_0009_t7,0.2038888888888889,1.0,1,1,1
OpenThinker3-7B,mquake_fscr_0010_t3,0.43680555555555556,1.0,0,1,1
OpenThinker3-7B,mquake_fscr_0011_t7,0.29404761904761906,0.5825892857142858,1,1,1
OpenThinker3-7B,mquake_fscr_0012_t7,1.0,1.0,0,0,1
OpenThinker3-7B,mquake_fscr_0013_t3,0.2857142857142857,1.0,1,0,0
OpenThinker3-7B,mquake_fscr_0014_t7,1.0,1.0,0,0,0
OpenThinker3-7B,mquake_fscr_0015_t7,0.21547619047619046,0.5973809523809523,1,1,0
OpenThinker3-7B,mquake_fscr_0016_t7,0.25625000000000003,1.0,1,1,1
OpenThinker3-7B,mquake_fscr_0017_t7,0.44500000000000006,0.2833333333333333,0,1,1
OpenThinker3-7B,mquake_fscr_0018_t3,0.21547619047619046,0.6279575892857143,1,0,1
OpenThinker3-7B,mquake_fscr_0019_t7,0.55,0.6357142857142858,0,0,0
OpenThinker3-7B,mquake_fscr_0020_t3,0.22000000000000003,1.0,1,1,1
OpenThinker3-7B,mquake_fscr_0021_t7,0.5800000000000001,0.55,0,0,0
OpenThinker3-7B,mquake_fscr_0022_t3,0.09166666666666667,0.6011607142857143,1,1,1
OpenThinker3-7B,mquake_fscr_0023_t3,0.21547619047619046,1.0,1,1,0
OpenThinker3-7B,mquake_fscr_0024_t7,0.6473611111111112,0.5687152777777778,0,0,0
OpenThinker3-7B,mquake_fscr_0025_t3,0.34500000000000003,1.0,1,1,1
OpenThinker3-7B,mquake_fscr_0026_t3,0.16597222222222224,1.0,1,1,1
OpenThinker3-7B,mquake_fscr_0027_t7,0.9,0.6027777777777779,0,0,0
OpenThinker3-7B,mquake_fscr_0028_t3,0.18333333333333335,0.24166666666666667,0,1,1
OpenThinker3-7B,mquake_fscr_0029_t7,1.0,1.0,0,0,0
OpenThinker3-7B,mquake_fscr_0030_t7,0.5416666666666667,0.5416666666666667,0,1,1
OpenThinker3-7B,mquake_fscr_0031_t3,0.34500000000000003,0.34500000000000003,0,1,1
OpenThinker3-7B,mquake_fscr_0032_t7,0.25625000000000003,0.44375,0,1,0
OpenThinker3-7B,mquake_fscr_0033_t7,0.55,0.6124107142857143,0,0,0
OpenThinker3-7B,mquake_fscr_0034_t7,0.22708333333333336,0.5671577380952382,1,0,1
OpenThinker3-7B,mquake_fscr_0035_t7,0.2857142857142857,0.2857142857142857,0,1,1
OpenThinker3-7B,mquake_fscr_0036_t3,0.6125,0.6372916666666667,0,1,1
OpenThinker3-7B,mquake_fscr_0037_t7,0.2857142857142857,1.0,1,1,1
OpenThinker3-7B,mquake_fscr_0038_t3,0.32000000000000006,0.32000000000000006,0,1,1
OpenThinker3-7B,mquake_fscr_0039_t7,0.43680555555555556,0.5095238095238096,0,1,0
OpenThinker3-7B,mquake_fscr_0040_t7,0.18125000000000002,1.0,1,1,1
OpenThinker3-7B,mquake_fscr_0041_t7,0.18333333333333335,1.0,1,1,1
OpenThinker3-7B,mquake_fscr_0042_t3,0.22000000000000003,0.5625,1,1,1
OpenThinker3-7B,mquake_fscr_0043_t7,0.22708333333333336,0.6027777777777779,1,1,1
OpenThinker3-7B,mquake_fscr_0044_t7,0.22708333333333336,1.0,1,0,1
OpenThinker3-7B,mquake_fscr_0045_t7,0.6145089285714286,0.8500000000000001,0,0,0
OpenThinker3-7B,mquake_fscr_0046_t7,0.6822916666666667,0.9,0,0,0
OpenThinker3-7B,mquake_fscr_0047_t7,0.4309523809523809,0.5973809523809523,0,1,1
OpenThinker3-7B,mquake_fscr_0048_t7,1.0,1.0,0,0,0
OpenThinker3-7B,mquake_fscr_0049_t7,0.325,1.0,1,0,0
OpenThinker3-7B,mquake_fscr_0050_t7,0.25333333333333335,0.5643750000000001,1,1,1
OpenThinker3-7B,mquake_fscr_0051_t3,0.2881944444444445,0.6465277777777778,1,1,1
OpenThinker3-7B,mquake_fscr_0052_t3,0.375,0.21547619047619046,0,1,1
OpenThinker3-7B,mquake_fscr_0053_t3,0.11000000000000001,0.65,1,1,1
OpenThinker3-7B,mquake_fscr_0054_t3,0.29404761904761906,0.6360044642857143,1,1,1
OpenThinker3-7B,mquake_fscr_0055_t7,0.06875,1.0,1,1,1
OpenThinker3-7B,mquake_fscr_0056_t3,0.16597222222222224,1.0,1,1,1
OpenThinker3-7B,mquake_fscr_0057_t7,0.22708333333333336,0.663888888888889,1,1,1
OpenThinker3-7B,mquake_fscr_0058_t3,0.29404761904761906,1.0,1,1,0
OpenThinker3-7B,mquake_fscr_0059_t7,0.43680555555555556,1.0,0,1,1
OpenThinker3-7B,mquake_fscr_0060_t7,0.55,0.4309523809523809,0,0,0
OpenThinker3-7B,mquake_fscr_0061_t7,0.25625000000000003,0.55,1,1,1
OpenThinker3-7B,mquake_fscr_0062_t3,0.7047619047619047,1.0,0,1,1
OpenThinker3-7B,mquake_fscr_0063_t3,0.375,0.5625,1,1,1
OpenThinker3-7B,mquake_fscr_0064_t3,0.43680555555555556,1.0,0,1,1
OpenThinker3-7B,mquake_fscr_0065_t7,0.4642857142857143,1.0,0,1,1
OpenThinker3-7B,mquake_fscr_0066_t3,0.3319444444444445,1.0,1,1,1
OpenThinker3-7B,mquake_fscr_0067_t7,0.34500000000000003,1.0,1,1,1
OpenThinker3-7B,mquake_fscr_0068_t7,0.29404761904761906,0.6666071428571428,1,1,1
OpenThinker3-7B,mquake_fscr_0069_t7,0.5990066964285714,0.6360044642857143,0,0,0
OpenThinker3-7B,mquake_fscr_0070_t3,0.20625000000000002,1.0,1,1,1
OpenThinker3-7B,mquake_fscr_0071_t3,0.3930555555555556,0.6263194444444445,1,1,1
OpenThinker3-7B,mquake_fscr_0072_t3,0.2857142857142857,1.0,1,1,1
OpenThinker3-7B,mquake_fscr_0073_t7,0.3319444444444445,0.6465277777777778,1,1,1
OpenThinker3-7B,mquake_fscr_0074_t7,0.18333333333333335,1.0,1,1,1
OpenThinker3-7B,mquake_fscr_0075_t7,1.0,1.0,0,0,1
OpenThinker3-7B,mquake_fscr_0076_t3,0.375,0.325,0,1,1
OpenThinker3-7B,mquake_fscr_0077_t7,0.21547619047619046,0.6357142857142858,1,1,1
OpenThinker3-7B,mquake_fscr_0078_t3,0.25333333333333335,1.0,1,1,1
OpenThinker3-7B,mquake_fscr_0079_t3,0.21547619047619046,1.0,1,1,1
OpenThinker3-7B,mquake_fscr_0080_t7,0.9,0.9,0,0,0
OpenThinker3-7B,mquake_fscr_0081_t7,0.21547619047619046,0.8416666666666668,1,1,0
OpenThinker3-7B,mquake_fscr_0082_t3,0.21547619047619046,1.0,1,1,1
OpenThinker3-7B,mquake_fscr_0083_t3,0.21547619047619046,0.5924107142857143,1,1,1
OpenThinker3-7B,mquake_fscr_0084_t7,0.09166666666666667,0.6094642857142858,1,1,1
OpenThinker3-7B,mquake_fscr_0085_t3,0.22000000000000003,1.0,1,1,1
OpenThinker3-7B,mquake_fscr_0086_t7,0.25625000000000003,0.66875,1,1,1
OpenThinker3-7B,mquake_fscr_0087_t3,0.375,0.44375,0,1,1
OpenThinker3-7B,mquake_fscr_0088_t7,0.34500000000000003,0.6125,1,1,1
OpenThinker3-7B,mquake_fscr_0089_t7,0.22708333333333336,0.2881944444444445,0,1,0
OpenThinker3-7B,mquake_fscr_0090_t3,0.2881944444444445,0.3930555555555556,0,1,1
OpenThinker3-7B,mquake_fscr_0091_t3,0.07857142857142857,1.0,1,0,1
OpenThinker3-7B,mquake_fscr_0092_t7,1.0,1.0,0,0,0
OpenThinker3-7B,mquake_fscr_0093_t7,0.3527777777777778,0.4077777777777778,0,1,1
OpenThinker3-7B,mquake_fscr_0094_t3,0.4309523809523809,0.5095238095238096,0,1,1
OpenThinker3-7B,mquake_fscr_0095_t7,1.0,1.0,0,0,0
OpenThinker3-7B,mquake_fscr_0096_t7,0.16597222222222224,1.0,1,1,1
OpenThinker3-7B,mquake_fscr_0097_t3,0.34500000000000003,1.0,1,1,1
OpenThinker3-7B,mquake_fscr_0098_t7,0.25333333333333335,0.6243035714285715,1,1,1
OpenThinker3-7B,mquake_fscr_0099_t7,0.43680555555555556,1.0,0,1,1
OpenThinker3-7B,mquake_fscr_0100_t7,1.0,1.0,0,0,0
OpenThinker3-7B,mquake_fscr_0101_t7,0.55,0.6411666666666667,0,0,0
OpenThinker3-7B,mquake_fscr_0102_t7,0.15714285714285714,0.9,1,1,1
OpenThinker3-7B,mquake_fscr_0103_t3,0.29404761904761906,1.0,1,1,1
OpenThinker3-7B,mquake_fscr_0104_t7,0.25625000000000003,1.0,1,1,1
OpenThinker3-7B,mquake_fscr_0105_t7,0.16597222222222224,0.7052083333333334,1,1,1
OpenThinker3-7B,mquake_fscr_0106_t7,0.21547619047619046,0.6060714285714286,1,1,1
OpenThinker3-7B,mquake_fscr_0107_t3,0.30625,0.30625,0,1,1
OpenThinker3-7B,mquake_fscr_0108_t3,0.43680555555555556,1.0,0,1,1
OpenThinker3-7B,mquake_fscr_0109_t3,0.0,0.9,1,1,1
OpenThinker3-7B,mquake_fscr_0110_t3,0.34500000000000003,1.0,1,1,1
OpenThinker3-7B,mquake_fscr_0111_t7,0.6212723214285714,0.6360044642857143,0,0,0
OpenThinker3-7B,mquake_fscr_0112_t3,0.29404761904761906,0.29404761904761906,0,1,1
OpenThinker3-7B,mquake_fscr_0113_t3,0.45119047619047625,0.45119047619047625,0,1,1
OpenThinker3-7B,mquake_fscr_0114_t7,0.16597222222222224,0.6435565476190477,1,1,1
OpenThinker3-7B,mquake_fscr_0115_t3,0.43680555555555556,0.43680555555555556,0,1,1
OpenThinker3-7B,mquake_fscr_0116_t3,0.5368055555555555,0.7027777777777778,0,1,1
OpenThinker3-7B,mquake_fscr_0117_t3,0.21547619047619046,0.6060714285714286,1,1,1
OpenThinker3-7B,mquake_fscr_0118_t3,0.1875,1.0,1,1,1
OpenThinker3-7B,mquake_fscr_0119_t3,0.2038888888888889,1.0,1,1,1
OpenThinker3-7B,mquake_fscr_0120_t3,0.21547619047619046,0.29404761904761906,0,1,1
OpenThinker3-7B,mquake_fscr_0121_t7,0.21547619047619046,0.21547619047619046,0,1,1
OpenThinker3-7B,mquake_fscr_0122_t7,0.11000000000000001,0.5973809523809523,1,0,1
OpenThinker3-7B,mquake_fscr_0123_t3,0.29404761904761906,0.33333333333333337,0,1,1
OpenThinker3-7B,mquake_fscr_0124_t7,1.0,1.0,0,0,0
OpenThinker3-7B,mquake_fscr_0125_t7,1.0,1.0,0,0,0
OpenThinker3-7B,mquake_fscr_0126_t3,0.25625000000000003,0.55,1,1,1
OpenThinker3-7B,mquake_fscr_0127_t7,0.43680555555555556,1.0,0,1,1
OpenThinker3-7B,mquake_fscr_0128_t7,0.9,0.9,0,0,0
OpenThinker3-7B,mquake_fscr_0129_t3,0.1875,0.7000000000000001,1,1,1
OpenThinker3-7B,mquake_fscr_0130_t7,0.55,0.5763244047619048,0,0,0
OpenThinker3-7B,mquake_fscr_0131_t7,0.3357142857142857,1.0,1,1,1
OpenThinker3-7B,mquake_fscr_0132_t7,0.21547619047619046,0.5973809523809523,1,1,1
OpenThinker3-7B,mquake_fscr_0133_t3,0.29404761904761906,0.6060714285714286,1,1,1
OpenThinker3-7B,mquake_fscr_0134_t7,1.0,0.6150535714285714,0,0,1
OpenThinker3-7B,mquake_fscr_0135_t3,0.09166666666666667,0.18333333333333335,0,1,1
OpenThinker3-7B,mquake_fscr_0136_t7,0.6489583333333333,0.6890625,0,0,0
OpenThinker3-7B,mquake_fscr_0137_t3,0.34500000000000003,1.0,1,1,1
OpenThinker3-7B,mquake_fscr_0138_t3,0.275,1.0,1,1,1
OpenThinker3-7B,mquake_fscr_0139_t7,0.375,0.25625000000000003,0,1,1
OpenThinker3-7B,mquake_fscr_0140_t7,1.0,1.0,0,0,0
OpenThinker3-7B,mquake_fscr_0141_t7,0.29404761904761906,0.6422619047619048,1,1,1
OpenThinker3-7B,mquake_fscr_0142_t3,0.43680555555555556,1.0,0,1,1
OpenThinker3-7B,mquake_fscr_0143_t3,0.16597222222222224,0.5854166666666667,1,1,1
OpenThinker3-7B,mquake_fscr_0144_t3,0.4309523809523809,0.29404761904761906,0,1,1
OpenThinker3-7B,mquake_fscr_0145_t3,0.21547619047619046,1.0,1,1,0
OpenThinker3-7B,mquake_fscr_0146_t7,0.25625000000000003,0.6271785714285715,1,0,1
OpenThinker3-7B,mquake_fscr_0147_t7,0.572265625,0.9,0,0,0
OpenThinker3-7B,mquake_fscr_0148_t3,0.25333333333333335,1.0,1,1,1
OpenThinker3-7B,mquake_fscr_0149_t3,0.07857142857142857,1.0,1,1,1
OpenThinker3-7B,mquake_fscr_0150_t7,0.16597222222222224,0.5854910714285715,1,1,1
OpenThinker3-7B,mquake_fscr_0151_t3,0.29404761904761906,0.6666071428571428,1,1,1
OpenThinker3-7B,mquake_fscr_0152_t7,1.0,1.0,0,0,0
OpenThinker3-7B,mquake_fscr_0153_t3,0.29404761904761906,0.29404761904761906,0,1,1
OpenThinker3-7B,mquake_fscr_0154_t3,0.2038888888888889,0.2588888888888889,0,1,1
OpenThinker3-7B,mquake_fscr_0155_t7,0.25625000000000003,0.44375,0,1,1
OpenThinker3-7B,mquake_fscr_0156_t7,0.37517361111111114,1.0,1,1,1
OpenThinker3-7B,mquake_fscr_0157_t3,0.29404761904761906,0.29404761904761906,0,1,1
OpenThinker3-7B,mquake_fscr_0158_t3,0.43680555555555556,1.0,0,1,1
OpenThinker3-7B,mquake_fscr_0159_t7,0.9,0.9,0,0,0
OpenThinker3-7B,mquake_fscr_0160_t7,0.11000000000000001,0.5973809523809523,1,1,1
OpenThinker3-7B,mquake_fscr_0161_t7,0.6240476190476191,0.6240476190476191,0,0,0
OpenThinker3-7B,mquake_fscr_0162_t7,0.4309523809523809,0.6473214285714286,0,1,1
OpenThinker3-7B,mquake_fscr_0163_t3,0.43680555555555556,0.6310491071428572,0,1,1
OpenThinker3-7B,mquake_fscr_0164_t7,1.0,1.0,0,0,1
OpenThinker3-7B,mquake_fscr_0165_t7,0.25625000000000003,0.25625000000000003,0,1,1
OpenThinker3-7B,mquake_fscr_0166_t3,0.34500000000000003,0.4366666666666667,0,1,1
OpenThinker3-7B,mquake_fscr_0167_t7,0.22708333333333336,0.5763244047619048,1,1,1
OpenThinker3-7B,mquake_fscr_0168_t3,0.25625000000000003,1.0,1,1,1
OpenThinker3-7B,mquake_fscr_0169_t3,0.12222222222222223,0.3930555555555556,0,1,1
OpenThinker3-7B,mquake_fscr_0170_t7,0.6920200892857143,0.8500000000000001,0,0,0
OpenThinker3-7B,mquake_fscr_0171_t3,0.34500000000000003,0.4366666666666667,0,1,0
OpenThinker3-7B,mquake_fscr_0172_t7,1.0,1.0,0,0,0
OpenThinker3-7B,mquake_fscr_0173_t7,0.25625000000000003,0.325,0,1,0
OpenThinker3-7B,mquake_fscr_0174_t3,0.22708333333333336,0.5872395833333334,1,1,1
OpenThinker3-7B,mquake_fscr_0175_t3,0.16597222222222224,0.16597222222222224,0,1,1
OpenThinker3-7B,mquake_fscr_0176_t7,0.325,0.8500000000000001,1,1,1
OpenThinker3-7B,mquake_fscr_0177_t7,0.29404761904761906,1.0,1,1,1
OpenThinker3-7B,mquake_fscr_0178_t7,0.55,0.6638392857142857,0,0,0
OpenThinker3-7B,mquake_fscr_0179_t3,0.2881944444444445,0.2881944444444445,0,1,1
OpenThinker3-7B,mquake_fscr_0180_t7,0.5924107142857143,0.6449553571428571,0,0,0
OpenThinker3-7B,mquake_fscr_0181_t7,0.375,0.6160044642857143,1,1,1
OpenThinker3-7B,mquake_fscr_0182_t3,0.0,0.6200000000000001,1,1,1
OpenThinker3-7B,mquake_fscr_0183_t3,0.22708333333333336,0.5763244047619048,1,1,1
OpenThinker3-7B,mquake_fscr_0184_t3,0.09166666666666667,0.4309523809523809,0,1,1
OpenThinker3-7B,mquake_fscr_0185_t7,0.22708333333333336,0.5854910714285715,1,1,1
OpenThinker3-7B,mquake_fscr_0186_t3,0.18333333333333335,1.0,1,1,1
OpenThinker3-7B,mquake_fscr_0187_t3,0.21547619047619046,0.55,1,1,1
OpenThinker3-7B,mquake_fscr_0188_t7,0.29404761904761906,0.29404761904761906,0,1,1
OpenThinker3-7B,mquake_fscr_0189_t7,0.34500000000000003,0.34500000000000003,0,1,1
OpenThinker3-7B,mquake_fscr_0190_t7,0.22708333333333336,0.22708333333333336,0,1,1
OpenThinker3-7B,mquake_fscr_0191_t7,0.5883928571428572,0.6422619047619048,0,0,0
OpenThinker3-7B,mquake_fscr_0192_t3,0.4309523809523809,0.5095238095238096,0,1,1
OpenThinker3-7B,mquake_fscr_0193_t7,0.29404761904761906,0.29404761904761906,0,1,1
OpenThinker3-7B,mquake_fscr_0194_t7,0.5672867063492064,0.6022073412698413,0,0,0
OpenThinker3-7B,mquake_fscr_0195_t3,0.325,0.6440848214285715,1,1,1
OpenThinker3-7B,mquake_fscr_0196_t7,0.55,0.34500000000000003,0,0,1
OpenThinker3-7B,mquake_fscr_0197_t7,0.2857142857142857,1.0,1,1,1
OpenThinker3-7B,mquake_fscr_0198_t7,0.6074464285714286,0.5625,0,0,0
OpenThinker3-7B,mquake_fscr_0199_t3,0.29404761904761906,0.6461607142857143,1,1,1
OpenThinker3-7B,mquake_fscr_0200_t7,0.9,0.6449553571428571,0,0,0
OpenThinker3-7B,mquake_fscr_0201_t7,0.1488888888888889,1.0,1,1,1
OpenThinker3-7B,mquake_fscr_0202_t3,0.6375000000000001,0.6375000000000001,0,1,1
OpenThinker3-7B,mquake_fscr_0203_t3,0.34500000000000003,0.5283333333333333,1,1,0
OpenThinker3-7B,mquake_fscr_0204_t7,0.55,0.6552777777777778,0,0,0
OpenThinker3-7B,mquake_fscr_0205_t3,0.275,0.4309523809523809,0,1,1
OpenThinker3-7B,mquake_fscr_0206_t3,0.22708333333333336,1.0,1,1,1
OpenThinker3-7B,mquake_fscr_0207_t3,0.30351190476190476,1.0,1,1,1
OpenThinker3-7B,mquake_fscr_0208_t3,0.29404761904761906,0.29404761904761906,0,1,1
OpenThinker3-7B,mquake_fscr_0209_t7,1.0,1.0,0,0,0
OpenThinker3-7B,mquake_fscr_0210_t3,0.1875,1.0,1,1,1
OpenThinker3-7B,mquake_fscr_0211_t3,0.29404761904761906,0.29404761904761906,0,1,1
OpenThinker3-7B,mquake_fscr_0212_t3,0.22000000000000003,0.55,1,1,1
OpenThinker3-7B,mquake_fscr_0213_t7,0.07857142857142857,0.6767857142857143,1,1,1
OpenThinker3-7B,mquake_fscr_0214_t3,0.375,1.0,1,1,1
OpenThinker3-7B,mquake_fscr_0215_t3,0.11000000000000001,1.0,1,1,1
OpenThinker3-7B,mquake_fscr_0216_t7,0.29404761904761906,1.0,1,1,1
OpenThinker3-7B,mquake_fscr_0217_t3,0.21547619047619046,0.4309523809523809,0,1,1
OpenThinker3-7B,mquake_fscr_0218_t3,0.34500000000000003,1.0,1,1,1
OpenThinker3-7B,mquake_fscr_0219_t3,0.27083333333333337,0.4979166666666667,0,1,1
OpenThinker3-7B,mquake_fscr_0220_t3,0.29404761904761906,0.5095238095238096,1,1,1
OpenThinker3-7B,mquake_fscr_0221_t7,0.29404761904761906,0.3726190476190476,0,1,1
OpenThinker3-7B,mquake_fscr_0222_t3,0.2881944444444445,1.0,1,1,1
OpenThinker3-7B,mquake_fscr_0223_t7,0.21547619047619046,0.5656696428571428,1,1,1
OpenThinker3-7B,mquake_fscr_0224_t3,0.29404761904761906,0.48928571428571427,0,1,1
OpenThinker3-7B,mquake_fscr_0225_t3,0.18333333333333335,0.6240476190476191,1,1,1
OpenThinker3-7B,mquake_fscr_0226_t3,0.18333333333333335,1.0,1,1,1
OpenThinker3-7B,mquake_fscr_0227_t3,0.11000000000000001,0.16597222222222224,0,1,1
OpenThinker3-7B,mquake_fscr_0228_t7,0.34500000000000003,0.34500000000000003,0,1,1
OpenThinker3-7B,mquake_fscr_0229_t7,0.07857142857142857,1.0,1,1,1
OpenThinker3-7B,mquake_fscr_0230_t7,0.29404761904761906,1.0,1,1,1
OpenThinker3-7B,mquake_fscr_0231_t3,0.275,1.0,1,1,1
OpenThinker3-7B,mquake_fscr_0232_t7,0.29404761904761906,1.0,1,1,1
OpenThinker3-7B,mquake_fscr_0233_t7,0.55,0.6226190476190476,0,0,0
OpenThinker3-7B,mquake_fscr_0234_t7,0.5752232142857143,0.5924107142857143,0,0,1
OpenThinker3-7B,mquake_fscr_0235_t7,1.0,1.0,0,0,0
OpenThinker3-7B,mquake_fscr_0236_t3,0.43680555555555556,1.0,0,1,1
OpenThinker3-7B,mquake_fscr_0237_t7,0.3319444444444445,0.9,1,0,0
OpenThinker3-7B,mquake_fscr_0238_t7,1.0,1.0,0,0,1
OpenThinker3-7B,mquake_fscr_0239_t3,0.375,0.6153035714285714,1,1,1
OpenThinker3-7B,mquake_fscr_0240_t7,0.3726190476190476,1.0,1,1,0
OpenThinker3-7B,mquake_fscr_0241_t3,0.09166666666666667,1.0,1,1,1
OpenThinker3-7B,mquake_fscr_0242_t7,0.55,0.5763244047619048,0,0,0
OpenThinker3-7B,mquake_fscr_0243_t7,0.43680555555555556,0.7004960317460318,0,1,1
OpenThinker3-7B,mquake_fscr_0244_t7,1.0,1.0,0,0,1
OpenThinker3-7B,mquake_fscr_0245_t3,0.21547619047619046,0.6422619047619048,1,1,1
OpenThinker3-7B,mquake_fscr_0246_t7,0.3533333333333334,1.0,1,1,1
OpenThinker3-7B,mquake_fscr_0247_t3,0.16597222222222224,1.0,1,1,1
OpenThinker3-7B,mquake_fscr_0248_t7,0.11000000000000001,0.5800000000000001,1,1,1
OpenThinker3-7B,mquake_fscr_0249_t7,1.0,1.0,0,0,0
OpenThinker3-7B,mquake_fscr_0250_t3,0.5368055555555555,0.6344419642857143,0,1,1
OpenThinker3-7B,mquake_fscr_0251_t3,0.21547619047619046,0.6060714285714286,1,1,1
OpenThinker3-7B,mquake_fscr_0252_t7,0.6140625000000001,0.55,0,0,0
OpenThinker3-7B,mquake_fscr_0253_t3,0.29404761904761906,0.5095238095238096,1,1,1
OpenThinker3-7B,mquake_fscr_0254_t7,0.18333333333333335,0.18333333333333335,0,1,1
OpenThinker3-7B,mquake_fscr_0255_t7,0.29404761904761906,0.6815476190476191,1,1,1
OpenThinker3-7B,mquake_fscr_0256_t7,0.5883928571428572,0.4309523809523809,0,0,0
OpenThinker3-7B,mquake_fscr_0257_t3,0.22708333333333336,0.5095238095238096,1,1,1
OpenThinker3-7B,mquake_fscr_0258_t3,0.43680555555555556,1.0,0,1,1
OpenThinker3-7B,mquake_fscr_0259_t3,0.3726190476190476,0.3726190476190476,0,1,1
OpenThinker3-7B,mquake_fscr_0260_t3,0.11000000000000001,1.0,1,1,1
OpenThinker3-7B,mquake_fscr_0261_t3,0.33333333333333337,1.0,1,1,1
OpenThinker3-7B,mquake_fscr_0262_t3,0.25625000000000003,0.6773958333333334,1,1,1
OpenThinker3-7B,mquake_fscr_0263_t7,1.0,1.0,0,0,0
OpenThinker3-7B,mquake_fscr_0264_t3,0.25625000000000003,1.0,1,1,1
OpenThinker3-7B,mquake_fscr_0265_t7,0.6044047619047619,0.6240476190476191,0,0,0
OpenThinker3-7B,mquake_fscr_0266_t7,0.22708333333333336,1.0,1,1,1
OpenThinker3-7B,mquake_fscr_0267_t3,0.3726190476190476,1.0,1,1,1
OpenThinker3-7B,mquake_fscr_0268_t3,0.22000000000000003,0.686875,1,1,1
OpenThinker3-7B,mquake_fscr_0269_t3,0.2857142857142857,1.0,1,1,1
OpenThinker3-7B,mquake_fscr_0270_t7,0.55,0.55,0,0,0
OpenThinker3-7B,mquake_fscr_0271_t7,1.0,1.0,0,0,0
OpenThinker3-7B,mquake_fscr_0272_t7,0.1875,0.6017299107142857,1,1,1
OpenThinker3-7B,mquake_fscr_0273_t3,0.43680555555555556,0.43680555555555556,0,1,1
OpenThinker3-7B,mquake_fscr_0274_t7,1.0,1.0,0,0,0
OpenThinker3-7B,mquake_fscr_0275_t7,1.0,1.0,0,0,0
OpenThinker3-7B,mquake_fscr_0276_t3,0.29404761904761906,0.6192321428571429,1,1,1
OpenThinker3-7B,mquake_fscr_0277_t3,0.16597222222222224,0.5671577380952382,1,1,1
OpenThinker3-7B,mquake_fscr_0278_t7,0.21547619047619046,0.6496651785714286,1,1,1
OpenThinker3-7B,mquake_fscr_0279_t3,0.18333333333333335,0.1875,0,1,1
OpenThinker3-7B,mquake_fscr_0280_t7,0.55,0.7074404761904761,0,0,0
OpenThinker3-7B,mquake_fscr_0281_t3,0.22708333333333336,1.0,1,1,1
OpenThinker3-7B,mquake_fscr_0282_t3,0.375,0.6001736111111111,1,1,1
OpenThinker3-7B,mquake_fscr_0283_t7,0.21547619047619046,0.8416666666666668,1,1,1
OpenThinker3-7B,mquake_fscr_0284_t3,0.49375,0.375,0,1,1
OpenThinker3-7B,mquake_fscr_0285_t3,0.29404761904761906,1.0,1,1,1
OpenThinker3-7B,mquake_fscr_0286_t3,0.1875,0.55,1,1,1
OpenThinker3-7B,mquake_fscr_0287_t3,0.2038888888888889,0.4077777777777778,0,1,1
OpenThinker3-7B,mquake_fscr_0288_t3,0.25333333333333335,0.6986904761904762,1,1,1
OpenThinker3-7B,mquake_fscr_0289_t3,0.25625000000000003,0.66875,1,1,1
OpenThinker3-7B,mquake_fscr_0290_t3,0.3726190476190476,0.4309523809523809,0,1,1
OpenThinker3-7B,mquake_fscr_0291_t3,0.29404761904761906,0.6352321428571429,1,1,1
OpenThinker3-7B,mquake_fscr_0292_t3,0.16597222222222224,0.22708333333333336,0,1,1
OpenThinker3-7B,mquake_fscr_0293_t3,0.24166666666666667,0.9,1,1,1
OpenThinker3-7B,mquake_fscr_0294_t3,0.3319444444444445,0.4979166666666667,0,1,1
OpenThinker3-7B,mquake_fscr_0295_t7,0.43680555555555556,1.0,0,1,1
OpenThinker3-7B,mquake_fscr_0296_t7,0.29404761904761906,0.29404761904761906,0,1,1
OpenThinker3-7B,mquake_fscr_0297_t3,0.21547619047619046,0.6240476190476191,1,1,1
OpenThinker3-7B,mquake_fscr_0298_t7,0.18333333333333335,1.0,1,1,1
OpenThinker3-7B,mquake_fscr_0299_t3,0.30625,0.30625,0,1,1
OpenThinker3-7B,mquake_fscr_0300_t7,0.34500000000000003,1.0,1,1,0
OpenThinker3-7B,mquake_fscr_0301_t3,0.25625000000000003,0.25625000000000003,0,1,1
OpenThinker3-7B,mquake_fscr_0302_t7,0.45238095238095233,0.6490476190476191,0,0,1
OpenThinker3-7B,mquake_fscr_0303_t7,0.55,0.6131448412698413,0,0,0
OpenThinker3-7B,mquake_fscr_0304_t3,0.43194444444444446,1.0,0,1,1
OpenThinker3-7B,mquake_fscr_0305_t3,0.22708333333333336,1.0,1,1,1
OpenThinker3-7B,mquake_fscr_0306_t3,0.24166666666666667,0.24166666666666667,0,1,1
OpenThinker3-7B,mquake_fscr_0307_t3,0.25625000000000003,1.0,1,1,1
OpenThinker3-7B,mquake_fscr_0308_t7,1.0,1.0,0,0,0
OpenThinker3-7B,mquake_fscr_0309_t7,0.21547619047619046,0.7312500000000001,1,1,1
OpenThinker3-7B,mquake_fscr_0310_t7,0.39166666666666666,1.0,1,1,1
OpenThinker3-7B,mquake_fscr_0311_t7,0.11000000000000001,1.0,1,1,0
OpenThinker3-7B,mquake_fscr_0312_t3,0.06875,0.66875,1,1,1
OpenThinker3-7B,mquake_fscr_0313_t7,0.34500000000000003,1.0,1,1,0
OpenThinker3-7B,mquake_fscr_0314_t7,1.0,1.0,0,0,0
OpenThinker3-7B,mquake_fscr_0315_t3,0.275,0.6058333333333333,1,0,1
OpenThinker3-7B,mquake_fscr_0316_t3,0.29404761904761906,0.29404761904761906,0,1,1
OpenThinker3-7B,mquake_fscr_0317_t7,0.29404761904761906,1.0,1,1,1
OpenThinker3-7B,mquake_fscr_0318_t3,0.18333333333333335,0.4366666666666667,0,1,1
OpenThinker3-7B,mquake_fscr_0319_t7,0.43680555555555556,1.0,0,1,1
OpenThinker3-7B,mquake_fscr_0320_t7,0.21547619047619046,0.6137388392857144,1,1,1
OpenThinker3-7B,mquake_fscr_0321_t3,0.1875,1.0,1,1,1
OpenThinker3-7B,mquake_fscr_0322_t7,0.5534077380952381,0.6143452380952381,0,0,0
OpenThinker3-7B,mquake_fscr_0323_t7,0.5869977678571429,0.561328125,0,0,0
OpenThinker3-7B,mquake_fscr_0324_t3,0.12222222222222223,1.0,1,1,1
OpenThinker3-7B,mquake_fscr_0325_t7,0.22000000000000003,0.6212500000000001,1,1,1
OpenThinker3-7B,mquake_fscr_0326_t7,0.33333333333333337,0.6357142857142858,1,1,0
OpenThinker3-7B,mquake_fscr_0327_t3,0.2857142857142857,1.0,1,1,1
OpenThinker3-7B,mquake_fscr_0328_t3,0.25625000000000003,0.55,1,1,1
OpenThinker3-7B,mquake_fscr_0329_t7,0.2038888888888889,1.0,1,1,1
OpenThinker3-7B,mquake_fscr_0330_t3,0.4366666666666667,1.0,0,0,1
OpenThinker3-7B,mquake_fscr_0331_t3,0.15714285714285714,0.6160044642857143,1,1,1
OpenThinker3-7B,mquake_fscr_0332_t7,1.0,1.0,0,0,1
OpenThinker3-7B,mquake_fscr_0333_t7,1.0,1.0,0,0,0
OpenThinker3-7B,mquake_fscr_0334_t3,0.2357142857142857,0.6767857142857143,1,1,1
OpenThinker3-7B,mquake_fscr_0335_t3,0.34500000000000003,0.4309523809523809,0,1,1
OpenThinker3-7B,mquake_fscr_0336_t3,0.43680555555555556,1.0,0,1,1
OpenThinker3-7B,mquake_fscr_0337_t7,1.0,1.0,0,0,0
OpenThinker3-7B,mquake_fscr_0338_t3,0.18333333333333335,1.0,1,1,1
OpenThinker3-7B,mquake_fscr_0339_t3,0.4309523809523809,0.4309523809523809,0,1,1
OpenThinker3-7B,mquake_fscr_0340_t3,0.22708333333333336,1.0,1,1,0
OpenThinker3-7B,mquake_fscr_0341_t3,0.22000000000000003,0.4175,0,1,1
OpenThinker3-7B,mquake_fscr_0342_t3,0.25625000000000003,0.6017299107142857,1,1,1
OpenThinker3-7B,mquake_fscr_0343_t3,0.21547619047619046,1.0,1,1,1
OpenThinker3-7B,mquake_fscr_0344_t3,0.29404761904761906,0.6313035714285714,1,1,1
OpenThinker3-7B,mquake_fscr_0345_t7,0.55,0.6435565476190477,0,0,0
OpenThinker3-7B,mquake_fscr_0346_t7,0.18333333333333335,1.0,1,0,1
OpenThinker3-7B,mquake_fscr_0347_t3,0.28705357142857146,1.0,1,1,1
OpenThinker3-7B,mquake_fscr_0348_t7,0.25625000000000003,0.6920200892857143,1,1,1
OpenThinker3-7B,mquake_fscr_0349_t7,0.55,0.5973809523809523,0,0,0
OpenThinker3-7B,mquake_fscr_0350_t7,0.29404761904761906,0.6422619047619048,1,1,1
OpenThinker3-7B,mquake_fscr_0351_t7,0.6658482142857143,0.6658482142857143,0,0,0
OpenThinker3-7B,mquake_fscr_0352_t7,1.0,1.0,0,0,0
OpenThinker3-7B,mquake_fscr_0353_t3,0.43680555555555556,1.0,0,1,1
OpenThinker3-7B,mquake_fscr_0354_t7,0.55,0.5986111111111112,0,0,0
OpenThinker3-7B,mquake_fscr_0355_t7,0.25333333333333335,1.0,1,1,0
OpenThinker3-7B,mquake_fscr_0356_t7,0.29404761904761906,0.4979166666666667,0,1,1
OpenThinker3-7B,mquake_fscr_0357_t3,0.21547619047619046,0.5095238095238096,1,1,1
OpenThinker3-7B,mquake_fscr_0358_t3,0.09166666666666667,0.21547619047619046,0,1,1
OpenThinker3-7B,mquake_fscr_0359_t3,0.29404761904761906,0.6260714285714286,1,1,1
OpenThinker3-7B,mquake_fscr_0360_t7,0.25625000000000003,0.25625000000000003,0,1,1
OpenThinker3-7B,mquake_fscr_0361_t7,0.29404761904761906,0.6422619047619048,1,1,1
OpenThinker3-7B,mquake_fscr_0362_t7,0.6073571428571429,0.584857142857143,0,0,0
OpenThinker3-7B,mquake_fscr_0363_t7,1.0,1.0,0,0,0
OpenThinker3-7B,mquake_fscr_0364_t3,0.43680555555555556,0.663888888888889,0,1,1
OpenThinker3-7B,mquake_fscr_0365_t3,0.16597222222222224,1.0,1,1,1
OpenThinker3-7B,mquake_fscr_0366_t7,0.07857142857142857,1.0,1,1,1
OpenThinker3-7B,mquake_fscr_0367_t3,0.25333333333333335,1.0,1,1,1
OpenThinker3-7B,mquake_fscr_0368_t3,0.21547619047619046,1.0,1,1,1
OpenThinker3-7B,mquake_fscr_0369_t7,0.25333333333333335,1.0,1,1,1
OpenThinker3-7B,mquake_fscr_0370_t7,0.30351190476190476,0.5814880952380952,1,1,1
OpenThinker3-7B,mquake_fscr_0371_t3,0.25625000000000003,0.44375,0,1,1
OpenThinker3-7B,mquake_fscr_0372_t7,0.1375,1.0,1,1,1
OpenThinker3-7B,mquake_fscr_0373_t3,0.2857142857142857,0.2857142857142857,0,1,1
OpenThinker3-7B,mquake_fscr_0374_t7,0.6422619047619048,0.5883928571428572,0,0,0
OpenThinker3-7B,mquake_fscr_0375_t3,0.25625000000000003,0.25625000000000003,0,1,1
OpenThinker3-7B,mquake_fscr_0376_t7,0.29404761904761906,1.0,1,1,1
OpenThinker3-7B,mquake_fscr_0377_t7,0.55,0.44375,0,0,0
OpenThinker3-7B,mquake_fscr_0378_t3,0.25333333333333335,0.6200000000000001,1,1,1
OpenThinker3-7B,mquake_fscr_0379_t3,0.25625000000000003,0.4309523809523809,0,1,1
OpenThinker3-7B,mquake_fscr_0380_t7,0.18333333333333335,0.1875,0,1,1
OpenThinker3-7B,mquake_fscr_0381_t7,0.375,0.375,0,1,1
OpenThinker3-7B,mquake_fscr_0382_t3,0.34500000000000003,0.6200000000000001,1,1,1
OpenThinker3-7B,mquake_fscr_0383_t7,0.55,0.5924107142857143,0,0,1
OpenThinker3-7B,mquake_fscr_0384_t7,0.6181473214285714,0.6199888392857142,0,0,0
OpenThinker3-7B,mquake_fscr_0385_t7,0.18333333333333335,1.0,1,1,1
OpenThinker3-7B,mquake_fscr_0386_t3,0.34500000000000003,1.0,1,1,1
OpenThinker3-7B,mquake_fscr_0387_t7,1.0,1.0,0,0,0
OpenThinker3-7B,mquake_fscr_0388_t7,0.2881944444444445,0.85625,1,1,1
OpenThinker3-7B,mquake_fscr_0389_t7,1.0,1.0,0,0,0
OpenThinker3-7B,mquake_fscr_0390_t7,0.5997767857142857,0.8500000000000001,0,0,1
OpenThinker3-7B,mquake_fscr_0391_t3,0.25625000000000003,0.7047619047619047,1,1,0
OpenThinker3-7B,mquake_fscr_0392_t7,0.21547619047619046,0.3136904761904762,0,1,1
OpenThinker3-7B,mquake_fscr_0393_t3,0.3319444444444445,0.5922247023809524,1,1,1
OpenThinker3-7B,mquake_fscr_0394_t7,0.07857142857142857,1.0,1,1,1
OpenThinker3-7B,mquake_fscr_0395_t3,0.21547619047619046,0.4309523809523809,0,1,1
OpenThinker3-7B,mquake_fscr_0396_t7,0.4309523809523809,1.0,0,1,1
OpenThinker3-7B,mquake_fscr_0397_t7,0.582421875,0.6118861607142858,0,0,1
OpenThinker3-7B,mquake_fscr_0398_t3,0.1375,1.0,1,1,1
OpenThinker3-7B,mquake_fscr_0400_t7,0.59625,0.55,0,0,0
OpenThinker3-7B,mquake_fscr_0401_t3,0.25333333333333335,1.0,1,1,1
OpenThinker3-7B,mquake_fscr_0402_t3,0.18333333333333335,0.3930555555555556,0,1,1
OpenThinker3-7B,mquake_fscr_0403_t3,0.3940476190476191,0.6672619047619048,1,1,1
OpenThinker3-7B,mquake_fscr_0404_t7,0.572265625,0.9,0,0,0
OpenThinker3-7B,mquake_fscr_0405_t7,0.5675,0.7073958333333333,0,0,0
OpenThinker3-7B,mquake_fscr_0406_t3,0.2857142857142857,1.0,1,1,1
OpenThinker3-7B,mquake_fscr_0407_t3,0.30625,1.0,1,1,1
OpenThinker3-7B,mquake_fscr_0408_t7,0.5875,0.6206919642857143,0,0,0
OpenThinker3-7B,mquake_fscr_0409_t7,1.0,1.0,0,0,0
OpenThinker3-7B,mquake_fscr_0410_t7,0.4309523809523809,0.6243035714285715,0,1,1
OpenThinker3-7B,mquake_fscr_0411_t7,0.25333333333333335,1.0,1,1,1
OpenThinker3-7B,mquake_fscr_0412_t7,0.6126674107142858,0.29404761904761906,0,0,0
OpenThinker3-7B,mquake_fscr_0413_t7,0.6212797619047619,1.0,0,0,0
OpenThinker3-7B,mquake_fscr_0414_t3,0.33333333333333337,1.0,1,1,1
OpenThinker3-7B,mquake_fscr_0415_t3,0.25625000000000003,0.6440848214285715,1,1,1
OpenThinker3-7B,mquake_fscr_0416_t3,0.29404761904761906,0.55,1,1,1
OpenThinker3-7B,mquake_fscr_0417_t7,0.3930555555555556,1.0,1,1,1
OpenThinker3-7B,mquake_fscr_0418_t3,0.1375,0.66875,1,0,1
OpenThinker3-7B,mquake_fscr_0419_t3,0.34500000000000003,1.0,1,1,1
OpenThinker3-7B,mquake_fscr_0420_t3,0.15714285714285714,0.3726190476190476,0,1,1
OpenThinker3-7B,mquake_fscr_0421_t3,0.3319444444444445,0.6746837797619047,1,1,1
OpenThinker3-7B,mquake_fscr_0422_t3,0.12222222222222223,0.22708333333333336,0,1,1
OpenThinker3-7B,mquake_fscr_0423_t3,0.1875,1.0,1,1,1
OpenThinker3-7B,mquake_fscr_0424_t3,0.07857142857142857,0.07857142857142857,0,0,1
OpenThinker3-7B,mquake_fscr_0425_t7,0.4309523809523809,0.6240476190476191,0,1,1
OpenThinker3-7B,mquake_fscr_0426_t3,0.1875,1.0,1,1,1
OpenThinker3-7B,mquake_fscr_0427_t7,0.55,0.6095446428571429,0,0,0
OpenThinker3-7B,mquake_fscr_0428_t3,0.22708333333333336,0.3319444444444445,0,1,1
OpenThinker3-7B,mquake_fscr_0429_t3,0.18333333333333335,0.9,1,1,1
OpenThinker3-7B,mquake_fscr_0430_t3,0.6261904761904762,0.6561607142857143,0,1,1
OpenThinker3-7B,mquake_fscr_0431_t7,0.4309523809523809,0.5973809523809523,0,1,1
OpenThinker3-7B,mquake_fscr_0432_t7,0.4309523809523809,1.0,0,1,1
OpenThinker3-7B,mquake_fscr_0433_t3,0.39166666666666666,0.5601785714285714,1,1,1
OpenThinker3-7B,mquake_fscr_0434_t3,0.43680555555555556,1.0,0,1,1
OpenThinker3-7B,mquake_fscr_0435_t3,0.07857142857142857,0.43680555555555556,0,1,1
OpenThinker3-7B,mquake_fscr_0436_t7,0.4309523809523809,0.5973809523809523,0,1,1
OpenThinker3-7B,mquake_fscr_0437_t3,0.18333333333333335,1.0,1,1,0
OpenThinker3-7B,mquake_fscr_0438_t3,0.29404761904761906,0.5854910714285715,1,1,1
OpenThinker3-7B,mquake_fscr_0439_t3,0.21547619047619046,0.9,1,1,0
OpenThinker3-7B,mquake_fscr_0440_t3,0.43680555555555556,0.9,0,1,1
OpenThinker3-7B,mquake_fscr_0441_t7,0.29404761904761906,0.6986607142857143,1,1,1
OpenThinker3-7B,mquake_fscr_0442_t3,0.3319444444444445,0.55,1,1,1
OpenThinker3-7B,mquake_fscr_0443_t3,0.21547619047619046,0.55,1,1,1
OpenThinker3-7B,mquake_fscr_0444_t3,0.18333333333333335,0.3930555555555556,0,1,1
OpenThinker3-7B,mquake_fscr_0445_t3,0.34500000000000003,0.6352321428571429,1,1,1
OpenThinker3-7B,mquake_fscr_0446_t3,0.24166666666666667,0.55,1,1,1
OpenThinker3-7B,mquake_fscr_0447_t3,0.375,0.6192321428571429,1,1,1
OpenThinker3-7B,mquake_fscr_0448_t3,0.29404761904761906,1.0,1,1,1
OpenThinker3-7B,mquake_fscr_0449_t3,0.1875,0.55,1,1,1
OpenThinker3-7B,mquake_fscr_0450_t3,0.49375,0.7073958333333333,0,1,1
OpenThinker3-7B,mquake_fscr_0451_t7,0.5680357142857143,1.0,0,0,0
OpenThinker3-7B,mquake_fscr_0452_t7,0.29404761904761906,0.55,1,1,1
OpenThinker3-7B,mquake_fscr_0453_t7,1.0,1.0,0,0,0
OpenThinker3-7B,mquake_fscr_0454_t3,0.29404761904761906,0.6565267857142857,1,1,1
OpenThinker3-7B,mquake_fscr_0455_t7,1.0,1.0,0,0,0
OpenThinker3-7B,mquake_fscr_0456_t3,0.29404761904761906,0.6060714285714286,1,0,1
OpenThinker3-7B,mquake_fscr_0457_t3,0.29404761904761906,0.5095238095238096,1,1,1
OpenThinker3-7B,mquake_fscr_0458_t7,0.5684821428571429,0.6727232142857142,0,0,1
OpenThinker3-7B,mquake_fscr_0459_t3,0.27083333333333337,0.3319444444444445,0,1,1
OpenThinker3-7B,mquake_fscr_0460_t3,0.1875,0.5625,1,1,1
OpenThinker3-7B,mquake_fscr_0461_t7,0.6260714285714286,0.6260714285714286,0,0,0
OpenThinker3-7B,mquake_fscr_0462_t3,0.09166666666666667,1.0,1,1,1
OpenThinker3-7B,mquake_fscr_0463_t7,0.55,0.6200000000000001,0,0,0
OpenThinker3-7B,mquake_fscr_0464_t7,0.29404761904761906,0.6815476190476191,1,1,1
OpenThinker3-7B,mquake_fscr_0465_t3,0.375,0.8500000000000001,1,1,1
OpenThinker3-7B,mquake_fscr_0466_t3,0.5466666666666666,1.0,0,1,1
OpenThinker3-7B,mquake_fscr_0467_t3,0.25333333333333335,0.6373452380952381,1,1,1
OpenThinker3-7B,mquake_fscr_0468_t3,0.21547619047619046,0.29404761904761906,0,1,1
OpenThinker3-7B,mquake_fscr_0469_t3,0.21547619047619046,1.0,1,1,1
OpenThinker3-7B,mquake_fscr_0470_t7,0.49375,0.9,0,1,1
OpenThinker3-7B,mquake_fscr_0471_t3,0.43680555555555556,1.0,0,1,1
OpenThinker3-7B,mquake_fscr_0472_t3,0.29404761904761906,0.29404761904761906,0,1,1
OpenThinker3-7B,mquake_fscr_0473_t7,0.55,0.6264166666666667,0,0,0
OpenThinker3-7B,mquake_fscr_0474_t3,0.34500000000000003,0.5791666666666667,1,1,1
OpenThinker3-7B,mquake_fscr_0475_t3,0.11000000000000001,0.57875,1,1,1
OpenThinker3-7B,mquake_fscr_0476_t3,0.25625000000000003,1.0,1,1,0
OpenThinker3-7B,mquake_fscr_0477_t7,0.3319444444444445,1.0,1,1,0
OpenThinker3-7B,mquake_fscr_0478_t3,0.21547619047619046,0.22708333333333336,0,1,1
OpenThinker3-7B,mquake_fscr_0479_t7,0.09166666666666667,1.0,1,1,1
OpenThinker3-7B,mquake_fscr_0480_t7,1.0,1.0,0,0,0
OpenThinker3-7B,mquake_fscr_0481_t3,0.22708333333333336,1.0,1,1,1
OpenThinker3-7B,mquake_fscr_0482_t7,1.0,1.0,0,0,0
OpenThinker3-7B,mquake_fscr_0483_t7,0.18333333333333335,0.5095238095238096,1,1,1
OpenThinker3-7B,mquake_fscr_0484_t7,0.21547619047619046,0.6445238095238095,1,1,1
OpenThinker3-7B,mquake_fscr_0485_t7,0.55,0.55,0,0,1
OpenThinker3-7B,mquake_fscr_0486_t3,0.3940476190476191,1.0,1,1,1
OpenThinker3-7B,mquake_fscr_0487_t3,0.21547619047619046,0.21547619047619046,0,1,1
OpenThinker3-7B,mquake_fscr_0488_t7,1.0,1.0,0,0,0
OpenThinker3-7B,mquake_fscr_0489_t7,0.32611607142857146,1.0,1,1,1
OpenThinker3-7B,mquake_fscr_0490_t3,0.34500000000000003,0.55,1,1,1
OpenThinker3-7B,mquake_fscr_0491_t7,0.29404761904761906,0.6260714285714286,1,1,1
OpenThinker3-7B,mquake_fscr_0492_t7,0.6473333333333333,0.55,0,0,1
OpenThinker3-7B,mquake_fscr_0493_t7,0.43680555555555556,1.0,0,1,1
OpenThinker3-7B,mquake_fscr_0494_t7,0.16597222222222224,1.0,1,1,1
OpenThinker3-7B,mquake_fscr_0495_t7,0.22000000000000003,0.6192321428571429,1,1,1
OpenThinker3-7B,mquake_fscr_0496_t3,0.29404761904761906,0.5614642857142857,1,1,1
OpenThinker3-7B,mquake_fscr_0497_t7,0.18333333333333335,1.0,1,1,1
OpenThinker3-7B,mquake_fscr_0498_t3,0.22708333333333336,1.0,1,1,1
OpenThinker3-7B,mquake_fscr_0499_t3,0.21547619047619046,0.3136904761904762,0,1,1
OpenThinker3-7B,mquake_fscr_0500_t3,0.2038888888888889,1.0,1,1,1
OpenThinker3-7B,mquake_fscr_0501_t3,0.15714285714285714,0.15714285714285714,0,1,1
OpenThinker3-7B,mquake_fscr_0502_t7,1.0,1.0,0,0,0
OpenThinker3-7B,mquake_fscr_0503_t7,0.55,0.6295833333333334,0,0,0
OpenThinker3-7B,mquake_fscr_0504_t3,0.43680555555555556,0.43680555555555556,0,1,1
OpenThinker3-7B,mquake_fscr_0505_t3,0.09166666666666667,0.34500000000000003,0,1,1
OpenThinker3-7B,mquake_fscr_0506_t7,1.0,1.0,0,0,0
OpenThinker3-7B,mquake_fscr_0507_t7,0.09166666666666667,1.0,1,1,1
OpenThinker3-7B,mquake_fscr_0508_t7,0.55,0.6206944444444444,0,0,0
OpenThinker3-7B,mquake_fscr_0509_t7,0.22708333333333336,0.6027777777777779,1,1,1
OpenThinker3-7B,mquake_fscr_0510_t7,1.0,1.0,0,0,0
OpenThinker3-7B,mquake_fscr_0511_t3,0.6473214285714286,0.4309523809523809,0,0,1
OpenThinker3-7B,mquake_fscr_0512_t7,0.6375000000000001,0.6375000000000001,0,1,1
OpenThinker3-7B,mquake_fscr_0513_t7,0.34500000000000003,1.0,1,1,1
OpenThinker3-7B,mquake_fscr_0514_t3,0.16597222222222224,1.0,1,1,1
OpenThinker3-7B,mquake_fscr_0515_t7,0.0,0.18333333333333335,0,1,1
OpenThinker3-7B,mquake_fscr_0516_t3,0.29404761904761906,1.0,1,1,1
OpenThinker3-7B,mquake_fscr_0517_t3,0.1875,1.0,1,1,1
OpenThinker3-7B,mquake_fscr_0518_t7,0.07857142857142857,1.0,1,1,1
OpenThinker3-7B,mquake_fscr_0519_t7,0.1875,1.0,1,0,1
OpenThinker3-7B,mquake_fscr_0520_t3,0.33333333333333337,0.6633333333333333,1,1,1
OpenThinker3-7B,mquake_fscr_0521_t3,0.21547619047619046,0.15714285714285714,0,1,1
OpenThinker3-7B,mquake_fscr_0522_t3,0.11000000000000001,0.6285625,1,1,1
OpenThinker3-7B,mquake_fscr_0523_t3,0.2038888888888889,1.0,1,1,1
OpenThinker3-7B,mquake_fscr_0524_t3,0.4309523809523809,1.0,0,1,1
OpenThinker3-7B,mquake_fscr_0525_t3,0.25625000000000003,0.375,0,1,1
OpenThinker3-7B,mquake_fscr_0526_t3,0.375,0.6160044642857143,1,1,1
OpenThinker3-7B,mquake_fscr_0527_t7,0.18333333333333335,0.18333333333333335,0,1,1
OpenThinker3-7B,mquake_fscr_0528_t7,0.55,0.565625,0,0,0
OpenThinker3-7B,mquake_fscr_0529_t7,0.5665178571428572,0.6473214285714286,0,0,0
OpenThinker3-7B,mquake_fscr_0530_t7,0.3726190476190476,0.6422619047619048,1,1,1
OpenThinker3-7B,mquake_fscr_0531_t3,0.25625000000000003,0.44375,0,1,1
OpenThinker3-7B,mquake_fscr_0532_t3,0.2857142857142857,0.2857142857142857,0,1,1
OpenThinker3-7B,mquake_fscr_0533_t3,0.43680555555555556,1.0,0,1,1
OpenThinker3-7B,mquake_fscr_0534_t7,0.3319444444444445,0.8125,1,1,0
OpenThinker3-7B,mquake_fscr_0535_t3,0.4309523809523809,0.29404761904761906,0,1,1
OpenThinker3-7B,mquake_fscr_0536_t7,0.375,0.5125000000000001,0,1,1
OpenThinker3-7B,mquake_fscr_0537_t3,0.35238095238095235,0.55,1,1,0
OpenThinker3-7B,mquake_fscr_0538_t7,0.5836309523809524,0.5814880952380952,0,0,1
OpenThinker3-7B,mquake_fscr_0539_t7,0.55,0.763095238095238,0,0,0
OpenThinker3-7B,mquake_fscr_0540_t7,0.16597222222222224,1.0,1,1,1
OpenThinker3-7B,mquake_fscr_0541_t7,0.21547619047619046,0.5973809523809523,1,1,1
OpenThinker3-7B,mquake_fscr_0542_t3,0.34500000000000003,1.0,1,1,0
OpenThinker3-7B,mquake_fscr_0543_t7,1.0,1.0,0,0,1
OpenThinker3-7B,mquake_fscr_0544_t7,0.2857142857142857,1.0,1,1,1
OpenThinker3-7B,mquake_fscr_0545_t7,0.55,0.6449553571428571,0,0,0
OpenThinker3-7B,mquake_fscr_0546_t7,0.6240476190476191,0.55,0,0,0
OpenThinker3-7B,mquake_fscr_0547_t3,0.21547619047619046,0.4309523809523809,0,1,1
OpenThinker3-7B,mquake_fscr_0548_t3,0.43680555555555556,0.43680555555555556,0,1,1
OpenThinker3-7B,mquake_fscr_0549_t7,1.0,1.0,0,0,0
OpenThinker3-7B,mquake_fscr_0550_t3,0.3726190476190476,0.6240476190476191,1,1,1
OpenThinker3-7B,mquake_fscr_0551_t7,0.5993303571428572,0.8416666666666668,0,0,0
OpenThinker3-7B,mquake_fscr_0552_t3,0.25625000000000003,0.8500000000000001,1,1,0
OpenThinker3-7B,mquake_fscr_0553_t7,0.22708333333333336,0.2881944444444445,0,1,1
OpenThinker3-7B,mquake_fscr_0554_t7,0.06875,1.0,1,1,1
OpenThinker3-7B,mquake_fscr_0555_t7,0.45238095238095233,0.6095238095238096,0,1,1
OpenThinker3-7B,mquake_fscr_0556_t3,0.18125000000000002,1.0,1,1,1
OpenThinker3-7B,mquake_fscr_0557_t3,0.33666666666666667,0.7486111111111111,1,1,1
OpenThinker3-7B,mquake_fscr_0558_t7,0.55,0.55,0,0,1
OpenThinker3-7B,mquake_fscr_0559_t7,1.0,1.0,0,0,0
OpenThinker3-7B,mquake_fscr_0560_t3,0.2977777777777778,1.0,1,0,1
OpenThinker3-7B,mquake_fscr_0561_t7,0.3319444444444445,0.2881944444444445,0,1,1
OpenThinker3-7B,mquake_fscr_0562_t3,0.18333333333333335,0.37569444444444444,0,1,1
OpenThinker3-7B,mquake_fscr_0563_t7,1.0,1.0,0,0,0
OpenThinker3-7B,mquake_fscr_0564_t3,0.25625000000000003,0.5625,1,1,1
OpenThinker3-7B,mquake_fscr_0565_t7,0.34500000000000003,1.0,1,1,1
OpenThinker3-7B,mquake_fscr_0566_t7,0.25333333333333335,1.0,1,1,0
OpenThinker3-7B,mquake_fscr_0567_t3,0.29404761904761906,0.37569444444444444,0,1,1
OpenThinker3-7B,mquake_fscr_0568_t3,0.11000000000000001,0.55,1,1,1
OpenThinker3-7B,mquake_fscr_0569_t3,0.18333333333333335,1.0,1,1,1
OpenThinker3-7B,mquake_fscr_0570_t7,0.27083333333333337,1.0,1,1,0
OpenThinker3-7B,mquake_fscr_0571_t3,0.32857142857142857,0.3482142857142857,0,1,1
OpenThinker3-7B,mquake_fscr_0572_t7,0.1375,0.3075,0,1,1
OpenThinker3-7B,mquake_fscr_0573_t7,0.25333333333333335,0.5095238095238096,1,1,1
OpenThinker3-7B,mquake_fscr_0574_t3,0.21547619047619046,0.29404761904761906,0,1,1
OpenThinker3-7B,mquake_fscr_0575_t3,0.7025,0.7025,0,1,1
OpenThinker3-7B,mquake_fscr_0576_t7,0.4309523809523809,0.5961309523809524,0,1,1
OpenThinker3-7B,mquake_fscr_0577_t3,0.18333333333333335,1.0,1,1,1
OpenThinker3-7B,mquake_fscr_0578_t3,0.30625,0.375,0,1,1
OpenThinker3-7B,mquake_fscr_0579_t7,0.5800000000000001,0.5800000000000001,0,0,0
OpenThinker3-7B,mquake_fscr_0580_t7,0.2038888888888889,1.0,1,1,1
OpenThinker3-7B,mquake_fscr_0581_t7,0.29404761904761906,0.5095238095238096,1,1,1
OpenThinker3-7B,mquake_fscr_0582_t3,0.21547619047619046,0.21547619047619046,0,1,1
OpenThinker3-7B,mquake_fscr_0583_t7,0.21547619047619046,0.6666071428571428,1,1,1
OpenThinker3-7B,mquake_fscr_0584_t3,0.25333333333333335,0.6240476190476191,1,1,1
OpenThinker3-7B,mquake_fscr_0585_t3,0.16597222222222224,0.5671577380952382,1,0,1
OpenThinker3-7B,mquake_fscr_0586_t3,0.2038888888888889,0.44114583333333335,0,1,1
OpenThinker3-7B,mquake_fscr_0587_t3,0.275,0.29404761904761906,0,1,1
OpenThinker3-7B,mquake_fscr_0588_t7,0.21547619047619046,0.21547619047619046,0,1,1
OpenThinker3-7B,mquake_fscr_0589_t3,0.12222222222222223,1.0,1,1,1
OpenThinker3-7B,mquake_fscr_0590_t3,0.34500000000000003,1.0,1,1,1
OpenThinker3-7B,mquake_fscr_0591_t3,0.375,0.375,0,1,1
OpenThinker3-7B,mquake_fscr_0592_t7,0.55,0.6011607142857143,0,0,0
OpenThinker3-7B,mquake_fscr_0593_t7,1.0,1.0,0,0,0
OpenThinker3-7B,mquake_fscr_0594_t7,0.6039062500000001,0.71875,0,0,0
OpenThinker3-7B,mquake_fscr_0595_t7,1.0,1.0,0,0,0
OpenThinker3-7B,mquake_fscr_0596_t7,1.0,1.0,0,0,0
OpenThinker3-7B,mquake_fscr_0597_t3,0.07857142857142857,0.36250000000000004,0,1,1
OpenThinker3-7B,mquake_fscr_0598_t3,0.25625000000000003,0.8416666666666668,1,1,0
OpenThinker3-7B,mquake_fscr_0599_t7,0.4309523809523809,0.4309523809523809,0,1,1
OpenThinker3-7B,mquake_fscr_0600_t7,0.29404761904761906,0.639360119047619,1,1,1
OpenThinker3-7B,mquake_fscr_0601_t7,0.55,0.5960305059523809,0,0,0
OpenThinker3-7B,mquake_fscr_0602_t7,0.5672867063492064,0.6626488095238096,0,0,0
OpenThinker3-7B,mquake_fscr_0603_t3,0.29404761904761906,0.3726190476190476,0,1,1
OpenThinker3-7B,mquake_fscr_0604_t7,0.16597222222222224,0.22708333333333336,0,1,1
OpenThinker3-7B,mquake_fscr_0605_t7,0.18333333333333335,0.34500000000000003,0,1,1
OpenThinker3-7B,mquake_fscr_0606_t3,0.29404761904761906,0.4309523809523809,0,1,1
OpenThinker3-7B,mquake_fscr_0607_t7,1.0,1.0,0,0,0
OpenThinker3-7B,mquake_fscr_0608_t7,0.16597222222222224,1.0,1,1,1
OpenThinker3-7B,mquake_fscr_0609_t3,0.21547619047619046,0.6422619047619048,1,1,1
OpenThinker3-7B,mquake_fscr_0611_t7,0.6422619047619048,0.6422619047619048,0,0,0
OpenThinker3-7B,mquake_fscr_0612_t3,0.16597222222222224,1.0,1,1,1
OpenThinker3-7B,mquake_fscr_0613_t7,0.55,0.6240476190476191,0,0,0
OpenThinker3-7B,mquake_fscr_0614_t3,0.29404761904761906,0.29404761904761906,0,1,1
OpenThinker3-7B,mquake_fscr_0615_t7,1.0,1.0,0,0,1
OpenThinker3-7B,mquake_fscr_0616_t3,0.29404761904761906,0.5973809523809523,1,1,1
OpenThinker3-7B,mquake_fscr_0617_t3,0.16597222222222224,1.0,1,1,1
OpenThinker3-7B,mquake_fscr_0618_t3,0.375,0.49375,0,1,1
OpenThinker3-7B,mquake_fscr_0619_t7,0.27083333333333337,0.27083333333333337,0,1,1
OpenThinker3-7B,mquake_fscr_0620_t3,0.25333333333333335,1.0,1,1,1
OpenThinker3-7B,mquake_fscr_0621_t7,0.55,0.5898214285714286,0,0,0
OpenThinker3-7B,mquake_fscr_0622_t7,0.5850178571428571,0.6243035714285715,0,0,0
OpenThinker3-7B,mquake_fscr_0623_t7,0.3726190476190476,0.6422619047619048,1,1,1
OpenThinker3-7B,mquake_fscr_0624_t3,0.22708333333333336,0.5557886904761905,1,1,1
OpenThinker3-7B,mquake_fscr_0625_t7,0.375,0.375,0,1,1
OpenThinker3-7B,mquake_fscr_0626_t7,1.0,1.0,0,0,1
OpenThinker3-7B,mquake_fscr_0627_t7,0.5815625,0.5684375,0,0,0
OpenThinker3-7B,mquake_fscr_0628_t3,0.29404761904761906,0.29404761904761906,0,1,1
OpenThinker3-7B,mquake_fscr_0629_t3,0.16597222222222224,0.7951388888888888,1,1,1
OpenThinker3-7B,mquake_fscr_0630_t7,0.20714285714285713,0.5428571428571429,1,1,1
OpenThinker3-7B,mquake_fscr_0631_t7,1.0,1.0,0,0,0
OpenThinker3-7B,mquake_fscr_0632_t7,0.49375,0.06875,0,1,1
OpenThinker3-7B,mquake_fscr_0633_t7,0.09166666666666667,0.9,1,1,1
OpenThinker3-7B,mquake_fscr_0634_t3,0.29404761904761906,0.5880952380952381,1,1,1
OpenThinker3-7B,mquake_fscr_0635_t7,1.0,1.0,0,0,0
OpenThinker3-7B,mquake_fscr_0636_t3,0.11000000000000001,0.29404761904761906,0,1,1
OpenThinker3-7B,mquake_fscr_0637_t7,0.5997767857142857,0.6697544642857143,0,0,0
OpenThinker3-7B,mquake_fscr_0638_t3,0.34500000000000003,0.34500000000000003,0,1,1
OpenThinker3-7B,mquake_fscr_0639_t7,1.0,1.0,0,0,1
OpenThinker3-7B,mquake_fscr_0640_t3,0.4309523809523809,1.0,0,0,1
OpenThinker3-7B,mquake_fscr_0641_t7,0.55,0.5631547619047619,0,0,0
OpenThinker3-7B,mquake_fscr_0642_t7,0.29404761904761906,0.6240476190476191,1,1,1
OpenThinker3-7B,mquake_fscr_0643_t3,0.21547619047619046,0.4309523809523809,0,1,1
OpenThinker3-7B,mquake_fscr_0644_t7,0.07857142857142857,0.3726190476190476,0,1,1
OpenThinker3-7B,mquake_fscr_0645_t3,0.7025,0.5800000000000001,0,1,1
OpenThinker3-7B,mquake_fscr_0646_t7,0.4928571428571429,1.0,0,1,1
OpenThinker3-7B,mquake_fscr_0647_t7,0.34500000000000003,1.0,1,1,1
OpenThinker3-7B,mquake_fscr_0648_t7,1.0,1.0,0,0,0
OpenThinker3-7B,mquake_fscr_0649_t3,0.21547619047619046,0.6360044642857143,1,1,1
OpenThinker3-7B,mquake_fscr_0650_t3,0.25333333333333335,0.34500000000000003,0,1,1
OpenThinker3-7B,mquake_fscr_0651_t7,0.55,1.0,0,0,0
OpenThinker3-7B,mquake_fscr_0652_t3,0.29404761904761906,0.6655753968253969,1,1,1
OpenThinker3-7B,mquake_fscr_0653_t3,0.21547619047619046,1.0,1,0,0
OpenThinker3-7B,mquake_fscr_0654_t3,0.18333333333333335,0.34500000000000003,0,1,1
OpenThinker3-7B,mquake_fscr_0655_t3,0.21547619047619046,0.29404761904761906,0,1,1
OpenThinker3-7B,mquake_fscr_0656_t3,0.25333333333333335,0.4309523809523809,0,1,1
OpenThinker3-7B,mquake_fscr_0657_t7,0.29404761904761906,1.0,1,1,1
OpenThinker3-7B,mquake_fscr_0658_t3,0.30351190476190476,0.6666071428571428,1,1,1
OpenThinker3-7B,mquake_fscr_0659_t3,0.22708333333333336,0.2881944444444445,0,1,1
OpenThinker3-7B,mquake_fscr_0660_t7,0.21547619047619046,0.9,1,1,1
OpenThinker3-7B,mquake_fscr_0661_t7,0.55,0.5665178571428572,0,0,0
OpenThinker3-7B,mquake_fscr_0662_t7,0.55,0.5854910714285715,0,0,1
OpenThinker3-7B,mquake_fscr_0663_t3,0.21547619047619046,0.6422619047619048,1,1,1
OpenThinker3-7B,mquake_fscr_0664_t3,0.16597222222222224,1.0,1,1,1
OpenThinker3-7B,mquake_fscr_0665_t7,0.29404761904761906,0.3726190476190476,0,1,1
OpenThinker3-7B,mquake_fscr_0666_t7,1.0,1.0,0,0,0
OpenThinker3-7B,mquake_fscr_0667_t3,0.33333333333333337,0.33333333333333337,0,1,1
OpenThinker3-7B,mquake_fscr_0668_t7,0.4309523809523809,0.6473214285714286,0,1,1
OpenThinker3-7B,mquake_fscr_0669_t7,1.0,1.0,0,0,0
OpenThinker3-7B,mquake_fscr_0670_t7,0.29404761904761906,0.6080357142857143,1,1,1
OpenThinker3-7B,mquake_fscr_0671_t3,0.29404761904761906,0.29404761904761906,0,1,1
OpenThinker3-7B,mquake_fscr_0672_t7,0.34500000000000003,1.0,1,1,1
OpenThinker3-7B,mquake_fscr_0673_t7,0.15714285714285714,0.6473214285714286,1,1,1
OpenThinker3-7B,mquake_fscr_0674_t7,1.0,1.0,0,0,0
OpenThinker3-7B,mquake_fscr_0675_t7,1.0,1.0,0,0,0
OpenThinker3-7B,mquake_fscr_0676_t7,0.22708333333333336,0.41428571428571426,0,1,1
OpenThinker3-7B,mquake_fscr_0677_t7,0.55,0.6112500000000001,0,0,0
OpenThinker3-7B,mquake_fscr_0678_t3,0.18333333333333335,1.0,1,1,1
OpenThinker3-7B,mquake_fscr_0679_t7,0.29404761904761906,0.29404761904761906,0,1,1
OpenThinker3-7B,mquake_fscr_0680_t7,1.0,1.0,0,0,0
OpenThinker3-7B,mquake_fscr_0681_t7,0.27083333333333337,0.9,1,1,1
OpenThinker3-7B,mquake_fscr_0682_t7,0.4309523809523809,1.0,0,1,1
OpenThinker3-7B,mquake_fscr_0683_t3,0.29404761904761906,0.6022073412698413,1,1,1
OpenThinker3-7B,mquake_fscr_0684_t7,0.32000000000000006,0.55,1,1,1
OpenThinker3-7B,mquake_fscr_0685_t3,0.09166666666666667,0.6375000000000001,1,1,1
OpenThinker3-7B,mquake_fscr_0686_t7,0.6124107142857143,0.6124107142857143,0,0,0
OpenThinker3-7B,mquake_fscr_0687_t3,0.18333333333333335,1.0,1,1,1
OpenThinker3-7B,mquake_fscr_0688_t7,0.43680555555555556,1.0,0,1,1
OpenThinker3-7B,mquake_fscr_0689_t7,0.21547619047619046,0.9,1,1,1
OpenThinker3-7B,mquake_fscr_0690_t3,0.11000000000000001,0.5827976190476191,1,1,1
OpenThinker3-7B,mquake_fscr_0691_t7,0.55,0.6360044642857143,0,0,1
OpenThinker3-7B,mquake_fscr_0692_t3,0.49375,1.0,0,1,1
OpenThinker3-7B,mquake_fscr_0693_t3,0.40625,0.9,0,1,1
OpenThinker3-7B,mquake_fscr_0694_t3,0.16597222222222224,1.0,1,1,1
OpenThinker3-7B,mquake_fscr_0695_t7,0.25333333333333335,0.5095238095238096,1,1,1
OpenThinker3-7B,mquake_fscr_0696_t3,0.25333333333333335,1.0,1,1,1
OpenThinker3-7B,mquake_fscr_0697_t7,0.16597222222222224,1.0,1,1,1
OpenThinker3-7B,mquake_fscr_0698_t7,0.16597222222222224,1.0,1,1,1
OpenThinker3-7B,mquake_fscr_0699_t3,0.11000000000000001,0.8416666666666668,1,1,1
OpenThinker3-7B,mquake_fscr_0700_t7,0.6424851190476191,0.6572172619047619,0,0,0
OpenThinker3-7B,mquake_fscr_0701_t3,0.22708333333333336,0.6074888392857143,1,1,1
OpenThinker3-7B,mquake_fscr_0702_t7,0.33333333333333337,1.0,1,0,1
OpenThinker3-7B,mquake_fscr_0703_t3,0.43680555555555556,1.0,0,1,1
OpenThinker3-7B,mquake_fscr_0704_t7,0.3930555555555556,1.0,1,1,1
OpenThinker3-7B,mquake_fscr_0705_t3,0.22708333333333336,0.6394084821428572,1,1,1
OpenThinker3-7B,mquake_fscr_0706_t3,0.21547619047619046,0.55,1,1,1
OpenThinker3-7B,mquake_fscr_0707_t3,0.0,1.0,1,1,0
OpenThinker3-7B,mquake_fscr_0708_t3,0.29404761904761906,0.6449553571428571,1,1,1
OpenThinker3-7B,mquake_fscr_0709_t7,0.29404761904761906,0.6422321428571429,1,1,1
OpenThinker3-7B,mquake_fscr_0710_t3,0.16597222222222224,1.0,1,1,1
OpenThinker3-7B,mquake_fscr_0711_t3,0.29404761904761906,0.4309523809523809,0,1,1
OpenThinker3-7B,mquake_fscr_0712_t3,0.12222222222222223,0.6027777777777779,1,1,1
OpenThinker3-7B,mquake_fscr_0713_t3,0.25333333333333335,0.34500000000000003,0,1,1
OpenThinker3-7B,mquake_fscr_0714_t3,0.43680555555555556,0.43680555555555556,0,1,1
OpenThinker3-7B,mquake_fscr_0715_t7,0.11000000000000001,0.5924107142857143,1,1,1
OpenThinker3-7B,mquake_fscr_0716_t7,0.16597222222222224,1.0,1,1,1
OpenThinker3-7B,mquake_fscr_0717_t7,0.16597222222222224,1.0,1,1,1
OpenThinker3-7B,mquake_fscr_0718_t3,0.0,1.0,1,1,1
OpenThinker3-7B,mquake_fscr_0719_t3,0.22708333333333336,1.0,1,1,1
OpenThinker3-7B,mquake_fscr_0720_t7,0.30424107142857143,0.4309523809523809,0,1,1
OpenThinker3-7B,mquake_fscr_0721_t3,0.43680555555555556,1.0,0,1,1
OpenThinker3-7B,mquake_fscr_0722_t3,0.06875,1.0,1,1,1
OpenThinker3-7B,mquake_fscr_0723_t3,0.16597222222222224,0.6312500000000001,1,1,1
OpenThinker3-7B,mquake_fscr_0724_t7,0.4309523809523809,1.0,0,1,1
OpenThinker3-7B,mquake_fscr_0725_t3,0.375,1.0,1,1,1
OpenThinker3-7B,mquake_fscr_0726_t3,0.45119047619047625,1.0,0,1,1
OpenThinker3-7B,mquake_fscr_0727_t7,1.0,1.0,0,0,0
OpenThinker3-7B,mquake_fscr_0728_t3,0.29404761904761906,0.3726190476190476,0,1,1
OpenThinker3-7B,mquake_fscr_0729_t7,0.21547619047619046,0.5924107142857143,1,1,1
OpenThinker3-7B,mquake_fscr_0730_t7,0.4309523809523809,1.0,0,1,1
OpenThinker3-7B,mquake_fscr_0731_t3,0.49375,0.8,0,1,1
OpenThinker3-7B,mquake_fscr_0732_t3,0.21547619047619046,0.29404761904761906,0,1,1
OpenThinker3-7B,mquake_fscr_0733_t7,0.29404761904761906,0.6240476190476191,1,1,1
OpenThinker3-7B,mquake_fscr_0734_t3,0.3940476190476191,0.6622767857142857,1,1,1
OpenThinker3-7B,mquake_fscr_0735_t3,0.22708333333333336,0.22708333333333336,0,1,1
OpenThinker3-7B,mquake_fscr_0736_t3,0.375,1.0,1,1,1
OpenThinker3-7B,mquake_fscr_0737_t7,0.5671577380952382,0.5763244047619048,0,0,1
OpenThinker3-7B,mquake_fscr_0738_t7,0.4309523809523809,1.0,0,1,1
OpenThinker3-7B,mquake_fscr_0739_t7,0.5416666666666667,0.7052083333333334,0,1,1
OpenThinker3-7B,mquake_fscr_0740_t3,0.25625000000000003,0.8,1,1,0
OpenThinker3-7B,mquake_fscr_0741_t7,0.29404761904761906,1.0,1,1,1
OpenThinker3-7B,mquake_fscr_0742_t7,0.5701785714285714,0.6552976190476191,0,0,0
OpenThinker3-7B,mquake_fscr_0743_t3,0.25333333333333335,0.34718750000000004,0,1,1
OpenThinker3-7B,mquake_fscr_0744_t7,1.0,1.0,0,0,0
OpenThinker3-7B,mquake_fscr_0745_t3,0.12222222222222223,0.6344444444444445,1,1,0
OpenThinker3-7B,mquake_fscr_0746_t7,1.0,1.0,0,0,0
OpenThinker3-7B,mquake_fscr_0747_t7,0.5678571428571428,0.6767857142857143,0,1,1
OpenThinker3-7B,mquake_fscr_0748_t7,0.21547619047619046,1.0,1,1,1
OpenThinker3-7B,mquake_fscr_0749_t7,0.375,0.663888888888889,1,1,1
OpenThinker3-7B,mquake_fscr_0750_t3,0.29404761904761906,0.33333333333333337,0,1,1
OpenThinker3-7B,mquake_fscr_0751_t3,0.4309523809523809,1.0,0,1,1
OpenThinker3-7B,mquake_fscr_0752_t3,0.24166666666666667,0.55,1,1,1
OpenThinker3-7B,mquake_fscr_0753_t3,0.29404761904761906,0.6226190476190476,1,1,1
OpenThinker3-7B,mquake_fscr_0754_t3,0.375,0.1375,0,1,1
OpenThinker3-7B,mquake_fscr_0755_t7,0.4309523809523809,0.4309523809523809,0,1,1
OpenThinker3-7B,mquake_fscr_0756_t7,0.2038888888888889,1.0,1,1,1
OpenThinker3-7B,mquake_fscr_0757_t7,0.9,0.9,0,0,0
OpenThinker3-7B,mquake_fscr_0758_t7,1.0,1.0,0,0,1
OpenThinker3-7B,mquake_fscr_0759_t3,0.29404761904761906,1.0,1,1,0
OpenThinker3-7B,mquake_fscr_0760_t7,0.16597222222222224,1.0,1,1,1
OpenThinker3-7B,mquake_fscr_0761_t3,0.1875,0.33333333333333337,0,1,1
OpenThinker3-7B,mquake_fscr_0762_t7,0.4309523809523809,1.0,0,1,1
OpenThinker3-7B,mquake_fscr_0763_t7,0.55,0.6260714285714286,0,0,1
OpenThinker3-7B,mquake_fscr_0764_t3,0.29404761904761906,0.5973809523809523,1,1,1
OpenThinker3-7B,mquake_fscr_0765_t3,0.18333333333333335,0.6312053571428571,1,1,1
OpenThinker3-7B,mquake_fscr_0766_t7,1.0,1.0,0,0,0
OpenThinker3-7B,mquake_fscr_0767_t7,0.55,0.7312500000000001,0,0,0
OpenThinker3-7B,mquake_fscr_0768_t7,1.0,1.0,0,0,1
OpenThinker3-7B,mquake_fscr_0769_t3,0.18333333333333335,1.0,1,1,1
OpenThinker3-7B,mquake_fscr_0770_t3,0.2977777777777778,0.2977777777777778,0,1,1
OpenThinker3-7B,mquake_fscr_0771_t3,0.2038888888888889,1.0,1,1,1
OpenThinker3-7B,mquake_fscr_0772_t3,1.0,1.0,0,1,1
OpenThinker3-7B,mquake_fscr_0773_t7,0.2038888888888889,1.0,1,0,1
OpenThinker3-7B,mquake_fscr_0774_t3,0.34500000000000003,1.0,1,1,1
OpenThinker3-7B,mquake_fscr_0775_t7,0.41428571428571426,0.41428571428571426,0,1,1
OpenThinker3-7B,mquake_fscr_0776_t7,1.0,1.0,0,0,0
OpenThinker3-7B,mquake_fscr_0777_t7,0.11000000000000001,0.5791666666666667,1,1,1
OpenThinker3-7B,mquake_fscr_0778_t3,0.35238095238095235,0.4309523809523809,0,0,1
OpenThinker3-7B,mquake_fscr_0779_t7,0.09166666666666667,0.34500000000000003,0,1,1
OpenThinker3-7B,mquake_fscr_0780_t3,0.25625000000000003,0.6496651785714286,1,1,1
OpenThinker3-7B,mquake_fscr_0781_t3,0.25333333333333335,1.0,1,1,1
OpenThinker3-7B,mquake_fscr_0782_t7,0.25625000000000003,1.0,1,1,1
OpenThinker3-7B,mquake_fscr_0783_t7,0.35238095238095235,0.763095238095238,1,1,1
OpenThinker3-7B,mquake_fscr_0784_t3,0.16597222222222224,0.16597222222222224,0,1,1
OpenThinker3-7B,mquake_fscr_0785_t7,0.06875,0.25625000000000003,0,1,1
OpenThinker3-7B,mquake_fscr_0786_t7,0.43680555555555556,1.0,0,1,1
OpenThinker3-7B,mquake_fscr_0787_t7,1.0,1.0,0,0,0
OpenThinker3-7B,mquake_fscr_0788_t3,0.3319444444444445,0.7513888888888889,1,1,1
OpenThinker3-7B,mquake_fscr_0789_t3,0.2977777777777778,1.0,1,1,1
OpenThinker3-7B,mquake_fscr_0790_t7,0.62475,0.63225,0,0,0
OpenThinker3-7B,mquake_fscr_0791_t7,0.16597222222222224,0.21547619047619046,0,1,1
OpenThinker3-7B,mquake_fscr_0792_t3,0.49375,1.0,0,1,1
OpenThinker3-7B,mquake_fscr_0793_t7,0.325,0.38,0,1,1
OpenThinker3-7B,mquake_fscr_0794_t3,0.29404761904761906,0.6422619047619048,1,1,1
OpenThinker3-7B,mquake_fscr_0795_t3,0.07857142857142857,1.0,1,1,1
OpenThinker3-7B,mquake_fscr_0796_t7,0.3319444444444445,0.3319444444444445,0,1,1
OpenThinker3-7B,mquake_fscr_0797_t3,0.34500000000000003,0.4366666666666667,0,1,1
OpenThinker3-7B,mquake_fscr_0798_t7,1.0,0.6011607142857143,0,0,1
OpenThinker3-7B,mquake_fscr_0799_t7,0.1875,0.62234375,1,1,1
OpenThinker3-7B,mquake_fscr_0800_t7,0.55,0.5880952380952381,0,0,0
OpenThinker3-7B,mquake_fscr_0801_t7,0.4309523809523809,1.0,0,1,1
OpenThinker3-7B,mquake_fscr_0802_t7,0.48333333333333334,1.0,0,1,1
OpenThinker3-7B,mquake_fscr_0803_t7,0.30625,0.5625,1,1,1
OpenThinker3-7B,mquake_fscr_0804_t3,0.3940476190476191,0.6095238095238096,1,1,1
OpenThinker3-7B,mquake_fscr_0805_t7,0.21547619047619046,0.21547619047619046,0,1,1
OpenThinker3-7B,mquake_fscr_0806_t7,0.4309523809523809,0.4309523809523809,0,1,1
OpenThinker3-7B,mquake_fscr_0807_t3,0.11000000000000001,0.55,1,1,1
OpenThinker3-7B,mquake_fscr_0808_t3,0.25625000000000003,0.375,0,1,1
OpenThinker3-7B,mquake_fscr_0809_t3,0.18333333333333335,1.0,1,0,1
OpenThinker3-7B,mquake_fscr_0810_t7,0.16597222222222224,0.5845721726190477,1,1,1
OpenThinker3-7B,mquake_fscr_0811_t3,0.3726190476190476,0.3726190476190476,0,1,1
OpenThinker3-7B,mquake_fscr_0812_t3,0.21547619047619046,0.29404761904761906,0,1,1
OpenThinker3-7B,mquake_fscr_0813_t3,0.18333333333333335,0.55,1,1,0
OpenThinker3-7B,mquake_fscr_0814_t3,0.25333333333333335,1.0,1,1,0
OpenThinker3-7B,mquake_fscr_0815_t7,1.0,1.0,0,0,0
OpenThinker3-7B,mquake_fscr_0816_t7,0.572265625,1.0,0,0,0
OpenThinker3-7B,mquake_fscr_0817_t3,0.32000000000000006,0.5829285714285715,1,1,1
OpenThinker3-7B,mquake_fscr_0818_t7,1.0,1.0,0,0,0
OpenThinker3-7B,mquake_fscr_0819_t3,0.21547619047619046,0.5924107142857143,1,1,1
OpenThinker3-7B,mquake_fscr_0820_t3,0.3726190476190476,1.0,1,1,1
OpenThinker3-7B,mquake_fscr_0821_t7,0.11000000000000001,0.5800000000000001,1,1,1
OpenThinker3-7B,mquake_fscr_0822_t3,0.43680555555555556,0.2881944444444445,0,1,1
OpenThinker3-7B,mquake_fscr_0823_t3,0.34500000000000003,0.7383333333333333,1,1,1
OpenThinker3-7B,mquake_fscr_0824_t3,0.22708333333333336,0.5671577380952382,1,0,1
OpenThinker3-7B,mquake_fscr_0825_t3,0.4855555555555555,0.4855555555555555,0,1,1
OpenThinker3-7B,mquake_fscr_0826_t7,0.07857142857142857,0.33,0,1,1
OpenThinker3-7B,mquake_fscr_0827_t3,0.2977777777777778,0.2977777777777778,0,1,1
OpenThinker3-7B,mquake_fscr_0828_t7,0.22000000000000003,0.5800000000000001,1,1,1
OpenThinker3-7B,mquake_fscr_0829_t3,0.4309523809523809,1.0,0,1,1
OpenThinker3-7B,mquake_fscr_0830_t3,0.18333333333333335,0.6295833333333334,1,1,1
OpenThinker3-7B,mquake_fscr_0831_t7,0.55,0.8416666666666668,0,0,1
OpenThinker3-7B,mquake_fscr_0832_t7,0.06875,1.0,1,1,1
OpenThinker3-7B,mquake_fscr_0833_t3,0.25625000000000003,0.25625000000000003,0,1,1
OpenThinker3-7B,mquake_fscr_0834_t3,0.34500000000000003,0.6058333333333333,1,1,1
OpenThinker3-7B,mquake_fscr_0835_t3,0.44375,1.0,0,1,1
OpenThinker3-7B,mquake_fscr_0836_t3,0.25625000000000003,0.6312500000000001,1,1,0
OpenThinker3-7B,mquake_fscr_0837_t3,0.21547619047619046,0.4309523809523809,0,1,1
OpenThinker3-7B,mquake_fscr_0838_t3,0.2881944444444445,0.5717410714285714,1,0,1
OpenThinker3-7B,mquake_fscr_0839_t7,0.6372916666666667,0.614375,0,0,0
OpenThinker3-7B,mquake_fscr_0840_t7,1.0,1.0,0,0,0
OpenThinker3-7B,mquake_fscr_0841_t3,0.21547619047619046,0.6496651785714286,1,1,1
OpenThinker3-7B,mquake_fscr_0842_t3,0.15714285714285714,0.55,1,1,1
OpenThinker3-7B,mquake_fscr_0843_t3,0.34500000000000003,1.0,1,1,1
OpenThinker3-7B,mquake_fscr_0844_t7,0.21547619047619046,0.6473214285714286,1,1,1
OpenThinker3-7B,mquake_fscr_0845_t3,0.34500000000000003,0.34500000000000003,0,1,1
OpenThinker3-7B,mquake_fscr_0846_t7,0.21547619047619046,1.0,1,1,1
OpenThinker3-7B,mquake_fscr_0847_t7,0.29404761904761906,0.8125,1,1,1
OpenThinker3-7B,mquake_fscr_0848_t7,0.34500000000000003,0.4683333333333334,0,1,1
OpenThinker3-7B,mquake_fscr_0849_t7,1.0,1.0,0,0,0
OpenThinker3-7B,mquake_fscr_0850_t7,1.0,1.0,0,0,0
OpenThinker3-7B,mquake_fscr_0851_t3,0.29404761904761906,0.6591071428571429,1,1,1
OpenThinker3-7B,mquake_fscr_0852_t3,0.1488888888888889,0.5827864583333333,1,1,1
OpenThinker3-7B,mquake_fscr_0853_t3,0.25625000000000003,0.21547619047619046,0,1,1
OpenThinker3-7B,mquake_fscr_0854_t3,0.21547619047619046,0.6261904761904762,1,1,1
OpenThinker3-7B,mquake_fscr_0855_t3,0.18333333333333335,1.0,1,1,1
OpenThinker3-7B,mquake_fscr_0856_t7,0.6126674107142858,0.325,0,0,0
OpenThinker3-7B,mquake_fscr_0857_t7,0.4309523809523809,0.21547619047619046,0,1,1
OpenThinker3-7B,mquake_fscr_0858_t3,0.2038888888888889,1.0,1,1,1
OpenThinker3-7B,mquake_fscr_0859_t3,0.375,0.6496651785714286,1,1,1
OpenThinker3-7B,mquake_fscr_0860_t3,0.25333333333333335,0.6260714285714286,1,1,1
OpenThinker3-7B,mquake_fscr_0861_t3,0.16597222222222224,1.0,1,1,1
OpenThinker3-7B,mquake_fscr_0862_t3,0.15714285714285714,0.29404761904761906,0,1,1
OpenThinker3-7B,mquake_fscr_0863_t7,0.275,0.29404761904761906,0,1,1
OpenThinker3-7B,mquake_fscr_0864_t7,0.2977777777777778,0.6027777777777779,1,1,1
OpenThinker3-7B,mquake_fscr_0865_t7,0.29375,1.0,1,1,0
OpenThinker3-7B,mquake_fscr_0866_t3,0.29404761904761906,0.29404761904761906,0,1,1
OpenThinker3-7B,mquake_fscr_0867_t3,0.27083333333333337,0.43680555555555556,0,1,1
OpenThinker3-7B,mquake_fscr_0868_t7,0.6273995535714286,0.55,0,0,0
OpenThinker3-7B,mquake_fscr_0869_t7,0.49375,0.6039062500000001,0,1,1
OpenThinker3-7B,mquake_fscr_0870_t7,0.24166666666666667,0.3726190476190476,0,1,1
OpenThinker3-7B,mquake_fscr_0871_t3,0.30625,0.5625,1,1,1
OpenThinker3-7B,mquake_fscr_0872_t7,0.1375,1.0,1,1,1
OpenThinker3-7B,mquake_fscr_0873_t3,0.375,0.375,0,1,1
OpenThinker3-7B,mquake_fscr_0874_t7,1.0,1.0,0,0,0
OpenThinker3-7B,mquake_fscr_0875_t3,0.22000000000000003,1.0,1,1,1
OpenThinker3-7B,mquake_fscr_0876_t3,0.30351190476190476,0.6240476190476191,1,1,1
OpenThinker3-7B,mquake_fscr_0877_t3,0.25625000000000003,0.375,0,1,1
OpenThinker3-7B,mquake_fscr_0878_t3,0.22000000000000003,0.22000000000000003,0,1,1
OpenThinker3-7B,mquake_fscr_0879_t3,0.09166666666666667,1.0,1,1,1
OpenThinker3-7B,mquake_fscr_0880_t3,0.22708333333333336,0.5854910714285715,1,1,1
OpenThinker3-7B,mquake_fscr_0881_t7,0.29404761904761906,0.43680555555555556,0,1,1
OpenThinker3-7B,mquake_fscr_0882_t3,0.43680555555555556,0.6252738095238096,0,1,1
OpenThinker3-7B,mquake_fscr_0883_t3,0.21547619047619046,0.11000000000000001,0,1,1
OpenThinker3-7B,mquake_fscr_0884_t3,0.25625000000000003,0.55,1,1,1
OpenThinker3-7B,mquake_fscr_0885_t3,0.375,0.6160044642857143,1,1,1
OpenThinker3-7B,mquake_fscr_0886_t3,0.4309523809523809,0.4309523809523809,0,1,1
OpenThinker3-7B,mquake_fscr_0887_t7,0.20714285714285713,0.30215773809523805,0,0,1
OpenThinker3-7B,mquake_fscr_0888_t3,0.21547619047619046,1.0,1,1,1
OpenThinker3-7B,mquake_fscr_0889_t3,0.3319444444444445,1.0,1,1,1
OpenThinker3-7B,mquake_fscr_0890_t7,0.09166666666666667,0.5924107142857143,1,1,1
OpenThinker3-7B,mquake_fscr_0891_t3,0.25333333333333335,1.0,1,1,1
OpenThinker3-7B,mquake_fscr_0892_t3,0.25625000000000003,0.25625000000000003,0,1,1
OpenThinker3-7B,mquake_fscr_0893_t3,0.22708333333333336,1.0,1,1,1
OpenThinker3-7B,mquake_fscr_0894_t3,0.0,0.18333333333333335,0,1,1
OpenThinker3-7B,mquake_fscr_0895_t7,0.55,0.55,0,0,0
OpenThinker3-7B,mquake_fscr_0896_t3,0.07857142857142857,0.6892857142857143,1,1,1
OpenThinker3-7B,mquake_fscr_0897_t7,0.29404761904761906,0.6767857142857143,1,1,0
OpenThinker3-7B,mquake_fscr_0898_t3,0.375,0.51953125,0,1,1
OpenThinker3-7B,mquake_fscr_0899_t3,0.275,0.275,0,1,1
OpenThinker3-7B,mquake_fscr_0900_t3,0.21547619047619046,0.21547619047619046,0,1,1
OpenThinker3-7B,mquake_fscr_0901_t3,0.15714285714285714,0.4309523809523809,0,1,1
OpenThinker3-7B,mquake_fscr_0902_t7,1.0,1.0,0,0,0
OpenThinker3-7B,mquake_fscr_0903_t7,0.3319444444444445,0.55,1,1,1
OpenThinker3-7B,mquake_fscr_0904_t7,0.3319444444444445,1.0,1,1,1
OpenThinker3-7B,mquake_fscr_0905_t3,0.12222222222222223,1.0,1,1,1
OpenThinker3-7B,mquake_fscr_0906_t7,0.60859375,0.85625,0,0,0
OpenThinker3-7B,mquake_fscr_0907_t7,0.15714285714285714,0.7047619047619047,1,1,0
OpenThinker3-7B,mquake_fscr_0908_t3,0.21547619047619046,0.7833333333333333,1,1,1
OpenThinker3-7B,mquake_fscr_0909_t3,0.31547619047619047,0.3940476190476191,0,1,1
OpenThinker3-7B,mquake_fscr_0910_t3,0.34500000000000003,1.0,1,1,1
OpenThinker3-7B,mquake_fscr_0911_t3,0.1375,1.0,1,1,1
OpenThinker3-7B,mquake_fscr_0912_t3,0.2857142857142857,0.2857142857142857,0,1,1
OpenThinker3-7B,mquake_fscr_0913_t3,0.3726190476190476,0.3726190476190476,0,1,1
OpenThinker3-7B,mquake_fscr_0914_t7,0.34500000000000003,0.8416666666666668,1,1,0
OpenThinker3-7B,mquake_fscr_0915_t3,0.44500000000000006,0.6393035714285715,0,1,1
OpenThinker3-7B,mquake_fscr_0916_t7,0.375,0.44375,0,1,1
OpenThinker3-7B,mquake_fscr_0917_t7,0.634732142857143,0.6422321428571429,0,0,0
OpenThinker3-7B,mquake_fscr_0918_t7,0.25625000000000003,0.8,1,1,0
OpenThinker3-7B,mquake_fscr_0919_t7,1.0,1.0,0,0,0
OpenThinker3-7B,mquake_fscr_0920_t7,1.0,1.0,0,0,0
OpenThinker3-7B,mquake_fscr_0921_t7,0.39166666666666666,1.0,1,1,1
OpenThinker3-7B,mquake_fscr_0922_t7,0.21547619047619046,0.5763244047619048,1,1,1
OpenThinker3-7B,mquake_fscr_0923_t7,0.30351190476190476,0.6240476190476191,1,1,1
OpenThinker3-7B,mquake_fscr_0924_t3,0.4309523809523809,0.6240476190476191,0,1,1
OpenThinker3-7B,mquake_fscr_0925_t3,0.34500000000000003,1.0,1,1,1
OpenThinker3-7B,mquake_fscr_0926_t7,0.6555059523809524,0.6555059523809524,0,0,0
OpenThinker3-7B,mquake_fscr_0927_t7,0.375,0.5625,1,1,1
OpenThinker3-7B,mquake_fscr_0928_t3,0.41428571428571426,0.2857142857142857,0,1,1
OpenThinker3-7B,mquake_fscr_0929_t7,1.0,1.0,0,0,0
OpenThinker3-7B,mquake_fscr_0930_t7,0.6116607142857143,0.6352321428571429,0,0,0
OpenThinker3-7B,mquake_fscr_0931_t7,0.5800000000000001,0.5800000000000001,0,0,0
OpenThinker3-7B,mquake_fscr_0932_t7,0.25333333333333335,0.45119047619047625,0,1,1
OpenThinker3-7B,mquake_fscr_0933_t3,0.29404761904761906,1.0,1,1,0
OpenThinker3-7B,mquake_fscr_0934_t3,0.1488888888888889,0.5955555555555556,1,1,1
OpenThinker3-7B,mquake_fscr_0935_t7,0.25625000000000003,0.78125,1,1,1
OpenThinker3-7B,mquake_fscr_0936_t7,0.0,1.0,1,1,1
OpenThinker3-7B,mquake_fscr_0937_t7,0.3930555555555556,0.9,1,1,0
OpenThinker3-7B,mquake_fscr_0938_t3,0.25625000000000003,1.0,1,1,1
OpenThinker3-7B,mquake_fscr_0939_t7,1.0,1.0,0,0,0
OpenThinker3-7B,mquake_fscr_0940_t3,0.375,1.0,1,1,1
OpenThinker3-7B,mquake_fscr_0941_t7,0.55,1.0,0,0,0
OpenThinker3-7B,mquake_fscr_0942_t7,0.375,0.49375,0,1,1
OpenThinker3-7B,mquake_fscr_0943_t3,0.21547619047619046,0.6666071428571428,1,1,1
OpenThinker3-7B,mquake_fscr_0944_t7,0.4309523809523809,0.6666666666666667,0,1,1
OpenThinker3-7B,mquake_fscr_0945_t7,0.6372916666666667,0.55,0,0,0
OpenThinker3-7B,mquake_fscr_0946_t7,0.29404761904761906,0.5678571428571428,1,1,1
OpenThinker3-7B,mquake_fscr_0947_t3,0.4309523809523809,1.0,0,1,1
OpenThinker3-7B,mquake_fscr_0948_t3,0.375,0.6360044642857143,1,1,1
OpenThinker3-7B,mquake_fscr_0949_t3,0.4309523809523809,0.7833333333333333,0,1,1
OpenThinker3-7B,mquake_fscr_0950_t7,1.0,1.0,0,0,0
OpenThinker3-7B,mquake_fscr_0951_t3,0.16597222222222224,1.0,1,1,1
OpenThinker3-7B,mquake_fscr_0952_t7,0.29404761904761906,0.29404761904761906,0,1,1
OpenThinker3-7B,mquake_fscr_0953_t3,0.34500000000000003,0.34500000000000003,0,1,1
OpenThinker3-7B,mquake_fscr_0954_t3,0.29404761904761906,0.6360044642857143,1,1,1
OpenThinker3-7B,mquake_fscr_0955_t7,0.21547619047619046,0.6496651785714286,1,1,0
OpenThinker3-7B,mquake_fscr_0956_t7,0.34500000000000003,0.275,0,1,1
OpenThinker3-7B,mquake_fscr_0957_t7,0.29404761904761906,1.0,1,1,1
OpenThinker3-7B,mquake_fscr_0958_t3,0.22000000000000003,0.55,1,1,1
OpenThinker3-7B,mquake_fscr_0959_t7,0.3527777777777778,1.0,1,1,1
OpenThinker3-7B,mquake_fscr_0960_t3,0.18333333333333335,0.5752232142857143,1,1,1
OpenThinker3-7B,mquake_fscr_0961_t7,0.4309523809523809,0.6445238095238095,0,1,1
OpenThinker3-7B,mquake_fscr_0962_t3,0.09166666666666667,0.6357142857142858,1,1,1
OpenThinker3-7B,mquake_fscr_0963_t7,0.22708333333333336,0.6143452380952381,1,1,1
OpenThinker3-7B,mquake_fscr_0964_t7,0.6375000000000001,0.671875,0,1,1
OpenThinker3-7B,mquake_fscr_0965_t3,0.06875,1.0,1,1,1
OpenThinker3-7B,mquake_fscr_0966_t7,0.1875,1.0,1,1,1
OpenThinker3-7B,mquake_fscr_0967_t3,0.4309523809523809,0.763095238095238,0,1,1
OpenThinker3-7B,mquake_fscr_0968_t7,0.55,0.39375,0,0,0
OpenThinker3-7B,mquake_fscr_0969_t7,0.25625000000000003,0.44375,0,1,1
OpenThinker3-7B,mquake_fscr_0970_t3,0.3319444444444445,0.8416666666666668,1,1,0
OpenThinker3-7B,mquake_fscr_0971_t3,0.16597222222222224,1.0,1,1,1
OpenThinker3-7B,mquake_fscr_0972_t3,0.2857142857142857,0.7214285714285714,1,1,0
OpenThinker3-7B,mquake_fscr_0973_t3,0.21547619047619046,0.4309523809523809,0,1,1
OpenThinker3-7B,mquake_fscr_0974_t3,0.763095238095238,0.6240476190476191,0,1,1
OpenThinker3-7B,mquake_fscr_0975_t3,0.3319444444444445,0.37517361111111114,0,1,0
OpenThinker3-7B,mquake_fscr_0976_t7,0.29404761904761906,1.0,1,1,1
OpenThinker3-7B,mquake_fscr_0977_t3,0.21547619047619046,1.0,1,1,0
OpenThinker3-7B,mquake_fscr_0978_t7,0.07857142857142857,1.0,1,1,1
OpenThinker3-7B,mquake_fscr_0979_t7,0.375,0.6265625,1,1,1
OpenThinker3-7B,mquake_fscr_0980_t7,0.22708333333333336,1.0,1,1,1
OpenThinker3-7B,mquake_fscr_0981_t3,0.763095238095238,1.0,0,1,1
OpenThinker3-7B,mquake_fscr_0982_t7,0.43680555555555556,0.5890089285714286,0,1,1
OpenThinker3-7B,mquake_fscr_0983_t3,0.25333333333333335,1.0,1,1,1
OpenThinker3-7B,mquake_fscr_0984_t7,0.6625,0.6625,0,0,0
OpenThinker3-7B,mquake_fscr_0985_t7,0.22708333333333336,1.0,1,1,1
OpenThinker3-7B,mquake_fscr_0986_t3,0.16597222222222224,1.0,1,1,1
OpenThinker3-7B,mquake_fscr_0987_t3,0.325,1.0,1,1,1
OpenThinker3-7B,mquake_fscr_0988_t3,0.29404761904761906,0.6357142857142858,1,1,1
OpenThinker3-7B,mquake_fscr_0989_t3,0.11000000000000001,0.5587857142857143,1,1,1
OpenThinker3-7B,mquake_fscr_0990_t3,0.2357142857142857,1.0,1,1,1
OpenThinker3-7B,mquake_fscr_0991_t3,0.18333333333333335,0.5791666666666667,1,1,1
OpenThinker3-7B,mquake_fscr_0992_t3,0.22708333333333336,0.5854910714285715,1,1,1
OpenThinker3-7B,mquake_fscr_0993_t7,0.21547619047619046,1.0,1,1,1
OpenThinker3-7B,mquake_fscr_0994_t7,0.1875,0.8500000000000001,1,1,0
OpenThinker3-7B,mquake_fscr_0995_t7,0.2703125,1.0,1,1,1
OpenThinker3-7B,mquake_fscr_0996_t3,0.18333333333333335,0.5766666666666667,1,0,1
OpenThinker3-7B,mquake_fscr_0997_t7,0.6422619047619048,0.6422619047619048,0,0,0
OpenThinker3-7B,mquake_fscr_0998_t3,0.21547619047619046,0.29404761904761906,0,1,1
OpenThinker3-7B,mquake_fscr_0999_t3,0.4309523809523809,0.4309523809523809,0,1,1
Falcon-H1R-7B,mquake_fscr_0000_t3,0.0,0.0,0,1,1
Falcon-H1R-7B,mquake_fscr_0001_t7,0.43680555555555556,0.0,0,0,0
Falcon-H1R-7B,mquake_fscr_0002_t7,0.55,0.0,0,0,0
Falcon-H1R-7B,mquake_fscr_0003_t3,0.30625,0.0,0,0,1
Falcon-H1R-7B,mquake_fscr_0004_t7,0.06875,0.0,0,1,1
Falcon-H1R-7B,mquake_fscr_0005_t3,0.3930555555555556,0.0,0,0,0
Falcon-H1R-7B,mquake_fscr_0006_t7,0.55,0.0,0,0,0
Falcon-H1R-7B,mquake_fscr_0007_t7,0.0,0.0,0,1,1
Falcon-H1R-7B,mquake_fscr_0008_t7,0.763095238095238,0.0,0,1,1
Falcon-H1R-7B,mquake_fscr_0009_t7,0.2038888888888889,0.0,0,1,1
Falcon-H1R-7B,mquake_fscr_0010_t3,0.0,0.0,0,1,1
Falcon-H1R-7B,mquake_fscr_0011_t7,0.29404761904761906,0.29404761904761906,0,1,1
Falcon-H1R-7B,mquake_fscr_0012_t7,1.0,0.0,0,0,0
Falcon-H1R-7B,mquake_fscr_0013_t3,0.0,0.0,0,1,1
Falcon-H1R-7B,mquake_fscr_0014_t7,1.0,1.0,0,0,0
Falcon-H1R-7B,mquake_fscr_0015_t7,0.21547619047619046,0.0,0,1,1
Falcon-H1R-7B,mquake_fscr_0016_t7,0.25625000000000003,0.0,0,1,1
Falcon-H1R-7B,mquake_fscr_0017_t7,0.8383333333333333,0.0,0,1,1
Falcon-H1R-7B,mquake_fscr_0018_t3,1.0,0.0,0,1,1
Falcon-H1R-7B,mquake_fscr_0019_t7,0.55,0.0,0,0,0
Falcon-H1R-7B,mquake_fscr_0020_t3,0.0,0.0,0,1,1
Falcon-H1R-7B,mquake_fscr_0021_t7,0.55,0.0,0,0,0
Falcon-H1R-7B,mquake_fscr_0022_t3,0.0,0.0,0,1,1
Falcon-H1R-7B,mquake_fscr_0023_t3,0.0,0.21547619047619046,0,1,1
Falcon-H1R-7B,mquake_fscr_0024_t7,0.55,0.0,0,0,0
Falcon-H1R-7B,mquake_fscr_0025_t3,1.0,0.0,0,1,1
Falcon-H1R-7B,mquake_fscr_0026_t3,0.0,0.0,0,1,1
Falcon-H1R-7B,mquake_fscr_0027_t7,0.55,0.0,0,0,0
Falcon-H1R-7B,mquake_fscr_0028_t3,0.0,0.0,0,1,1
Falcon-H1R-7B,mquake_fscr_0029_t7,1.0,1.0,0,0,0
Falcon-H1R-7B,mquake_fscr_0030_t7,1.0,0.43680555555555556,0,1,0
Falcon-H1R-7B,mquake_fscr_0031_t3,0.0,0.0,0,1,1
Falcon-H1R-7B,mquake_fscr_0032_t7,0.25625000000000003,0.0,0,1,1
Falcon-H1R-7B,mquake_fscr_0033_t7,0.55,0.0,0,0,0
Falcon-H1R-7B,mquake_fscr_0034_t7,0.7951388888888888,0.21547619047619046,0,1,1
Falcon-H1R-7B,mquake_fscr_0035_t7,0.2857142857142857,0.07857142857142857,0,1,1
Falcon-H1R-7B,mquake_fscr_0036_t3,1.0,0.0,0,1,1
Falcon-H1R-7B,mquake_fscr_0037_t7,0.5928571428571429,0.0,0,1,1
Falcon-H1R-7B,mquake_fscr_0038_t3,0.0,0.0,0,1,1
Falcon-H1R-7B,mquake_fscr_0039_t7,0.6902777777777778,0.0,0,1,1
Falcon-H1R-7B,mquake_fscr_0040_t7,0.18125000000000002,0.0,0,1,1
Falcon-H1R-7B,mquake_fscr_0041_t7,0.5766666666666667,0.0,0,1,1
Falcon-H1R-7B,mquake_fscr_0042_t3,0.0,0.0,0,1,1
Falcon-H1R-7B,mquake_fscr_0043_t7,0.25625000000000003,0.22708333333333336,0,1,1
Falcon-H1R-7B,mquake_fscr_0044_t7,0.5766666666666667,0.0,0,1,1
Falcon-H1R-7B,mquake_fscr_0045_t7,0.55,0.55,0,0,0
Falcon-H1R-7B,mquake_fscr_0046_t7,0.6200520833333334,0.55,0,0,0
Falcon-H1R-7B,mquake_fscr_0047_t7,0.21547619047619046,0.0,0,1,1
Falcon-H1R-7B,mquake_fscr_0048_t7,1.0,0.0,0,0,0
Falcon-H1R-7B,mquake_fscr_0049_t7,0.6125,0.0,0,1,1
Falcon-H1R-7B,mquake_fscr_0050_t7,0.25333333333333335,0.0,0,1,1
Falcon-H1R-7B,mquake_fscr_0051_t3,0.0,0.0,0,1,1
Falcon-H1R-7B,mquake_fscr_0052_t3,0.0,0.0,0,1,1
Falcon-H1R-7B,mquake_fscr_0053_t3,0.0,0.0,0,1,1
Falcon-H1R-7B,mquake_fscr_0054_t3,0.0,0.0,0,1,1
Falcon-H1R-7B,mquake_fscr_0055_t7,0.06875,0.0,0,1,1
Falcon-H1R-7B,mquake_fscr_0056_t3,0.0,0.0,0,1,1
Falcon-H1R-7B,mquake_fscr_0057_t7,1.0,0.0,0,1,1
Falcon-H1R-7B,mquake_fscr_0058_t3,0.0,0.0,0,1,1
Falcon-H1R-7B,mquake_fscr_0059_t7,0.6902777777777778,0.0,0,1,1
Falcon-H1R-7B,mquake_fscr_0060_t7,0.55,0.0,0,0,0
Falcon-H1R-7B,mquake_fscr_0061_t7,1.0,0.0,0,0,1
Falcon-H1R-7B,mquake_fscr_0062_t3,0.0,0.0,0,1,1
Falcon-H1R-7B,mquake_fscr_0063_t3,0.0,0.0,0,1,1
Falcon-H1R-7B,mquake_fscr_0064_t3,0.0,0.0,0,1,1
Falcon-H1R-7B,mquake_fscr_0065_t7,0.4642857142857143,0.0,0,1,1
Falcon-H1R-7B,mquake_fscr_0066_t3,0.0,0.0,0,1,1
Falcon-H1R-7B,mquake_fscr_0067_t7,0.34500000000000003,0.0,0,1,1
Falcon-H1R-7B,mquake_fscr_0068_t7,0.29404761904761906,0.29404761904761906,0,1,1
Falcon-H1R-7B,mquake_fscr_0069_t7,0.55,0.55,0,0,0
Falcon-H1R-7B,mquake_fscr_0070_t3,0.20625000000000002,0.0,0,1,1
Falcon-H1R-7B,mquake_fscr_0071_t3,0.0,0.0,0,1,1
Falcon-H1R-7B,mquake_fscr_0072_t3,0.0,0.0,0,1,1
Falcon-H1R-7B,mquake_fscr_0073_t7,0.3319444444444445,0.0,0,1,1
Falcon-H1R-7B,mquake_fscr_0074_t7,0.18333333333333335,0.06875,0,1,1
Falcon-H1R-7B,mquake_fscr_0075_t7,1.0,1.0,0,0,0
Falcon-H1R-7B,mquake_fscr_0076_t3,0.375,0.0,0,1,1
Falcon-H1R-7B,mquake_fscr_0077_t7,0.21547619047619046,0.0,0,1,1
Falcon-H1R-7B,mquake_fscr_0078_t3,0.0,0.0,0,1,1
Falcon-H1R-7B,mquake_fscr_0079_t3,0.0,0.0,0,1,1
Falcon-H1R-7B,mquake_fscr_0080_t7,0.9,0.0,0,0,0
Falcon-H1R-7B,mquake_fscr_0081_t7,0.6625000000000001,0.0,0,1,1
Falcon-H1R-7B,mquake_fscr_0082_t3,0.0,0.0,0,1,1
Falcon-H1R-7B,mquake_fscr_0083_t3,0.0,0.0,0,1,1
Falcon-H1R-7B,mquake_fscr_0084_t7,0.09166666666666667,0.09166666666666667,0,1,1
Falcon-H1R-7B,mquake_fscr_0085_t3,0.22000000000000003,0.22000000000000003,0,1,1
Falcon-H1R-7B,mquake_fscr_0086_t7,0.25625000000000003,0.0,0,1,1
Falcon-H1R-7B,mquake_fscr_0087_t3,0.0,0.0,0,1,1
Falcon-H1R-7B,mquake_fscr_0088_t7,0.34500000000000003,0.0,0,1,1
Falcon-H1R-7B,mquake_fscr_0089_t7,0.0,0.0,0,1,1
Falcon-H1R-7B,mquake_fscr_0090_t3,0.0,0.0,0,1,1
Falcon-H1R-7B,mquake_fscr_0091_t3,0.0,0.0,0,1,1
Falcon-H1R-7B,mquake_fscr_0092_t7,1.0,1.0,0,0,0
Falcon-H1R-7B,mquake_fscr_0093_t7,0.0,0.0,0,1,1
Falcon-H1R-7B,mquake_fscr_0094_t3,0.0,0.0,0,1,1
Falcon-H1R-7B,mquake_fscr_0095_t7,1.0,1.0,0,0,0
Falcon-H1R-7B,mquake_fscr_0096_t7,0.16597222222222224,0.0,0,1,1
Falcon-H1R-7B,mquake_fscr_0097_t3,0.0,0.0,0,1,1
Falcon-H1R-7B,mquake_fscr_0098_t7,0.7383333333333333,0.0,0,1,1
Falcon-H1R-7B,mquake_fscr_0099_t7,0.7951388888888888,0.0,0,1,1
Falcon-H1R-7B,mquake_fscr_0100_t7,1.0,1.0,0,0,0
Falcon-H1R-7B,mquake_fscr_0101_t7,0.55,0.55,0,0,0
Falcon-H1R-7B,mquake_fscr_0102_t7,0.15714285714285714,0.0,0,1,1
Falcon-H1R-7B,mquake_fscr_0103_t3,0.0,0.0,0,1,1
Falcon-H1R-7B,mquake_fscr_0104_t7,0.1875,0.0,0,1,1
Falcon-H1R-7B,mquake_fscr_0105_t7,0.22708333333333336,0.16597222222222224,0,1,1
Falcon-H1R-7B,mquake_fscr_0106_t7,0.6261904761904762,0.0,0,1,1
Falcon-H1R-7B,mquake_fscr_0107_t3,0.0,0.0,0,1,1
Falcon-H1R-7B,mquake_fscr_0108_t3,0.0,0.0,0,1,1
Falcon-H1R-7B,mquake_fscr_0109_t3,0.0,0.0,0,1,1
Falcon-H1R-7B,mquake_fscr_0110_t3,0.7383333333333333,0.0,0,1,1
Falcon-H1R-7B,mquake_fscr_0111_t7,0.55,0.55,0,0,0
Falcon-H1R-7B,mquake_fscr_0112_t3,0.0,0.0,0,1,1
Falcon-H1R-7B,mquake_fscr_0113_t3,0.0,0.0,0,1,1
Falcon-H1R-7B,mquake_fscr_0114_t7,0.7951388888888888,0.0,0,1,1
Falcon-H1R-7B,mquake_fscr_0115_t3,0.0,0.0,0,1,1
Falcon-H1R-7B,mquake_fscr_0116_t3,0.5368055555555555,0.0,0,1,1
Falcon-H1R-7B,mquake_fscr_0117_t3,0.0,0.0,0,1,1
Falcon-H1R-7B,mquake_fscr_0118_t3,0.0,0.0,0,1,1
Falcon-H1R-7B,mquake_fscr_0119_t3,0.0,0.0,0,1,1
Falcon-H1R-7B,mquake_fscr_0120_t3,0.0,0.0,0,1,1
Falcon-H1R-7B,mquake_fscr_0121_t7,0.6261904761904762,0.0,0,1,1
Falcon-H1R-7B,mquake_fscr_0122_t7,0.763095238095238,0.0,0,1,1
Falcon-H1R-7B,mquake_fscr_0123_t3,0.0,0.0,0,1,1
Falcon-H1R-7B,mquake_fscr_0124_t7,1.0,0.0,0,0,0
Falcon-H1R-7B,mquake_fscr_0125_t7,1.0,1.0,0,0,0
Falcon-H1R-7B,mquake_fscr_0126_t3,0.25625000000000003,0.0,0,1,1
Falcon-H1R-7B,mquake_fscr_0127_t7,0.6902777777777778,0.0,0,1,1
Falcon-H1R-7B,mquake_fscr_0128_t7,0.9,0.0,0,0,0
Falcon-H1R-7B,mquake_fscr_0129_t3,0.0,0.0,0,1,1
Falcon-H1R-7B,mquake_fscr_0130_t7,0.55,0.55,0,0,0
Falcon-H1R-7B,mquake_fscr_0131_t7,0.7214285714285714,0.0,0,1,1
Falcon-H1R-7B,mquake_fscr_0132_t7,0.4309523809523809,0.0,0,1,1
Falcon-H1R-7B,mquake_fscr_0133_t3,0.0,0.0,0,1,1
Falcon-H1R-7B,mquake_fscr_0134_t7,0.55,0.55,0,0,0
Falcon-H1R-7B,mquake_fscr_0135_t3,0.0,0.0,0,1,1
Falcon-H1R-7B,mquake_fscr_0136_t7,0.55,0.0,0,0,0
Falcon-H1R-7B,mquake_fscr_0137_t3,0.0,0.0,0,1,1
Falcon-H1R-7B,mquake_fscr_0138_t3,0.275,0.275,0,1,1
Falcon-H1R-7B,mquake_fscr_0139_t7,0.375,0.0,0,1,1
Falcon-H1R-7B,mquake_fscr_0140_t7,1.0,0.0,0,0,0
Falcon-H1R-7B,mquake_fscr_0141_t7,0.29404761904761906,0.0,0,1,1
Falcon-H1R-7B,mquake_fscr_0142_t3,0.0,0.0,0,1,1
Falcon-H1R-7B,mquake_fscr_0143_t3,0.0,0.0,0,1,1
Falcon-H1R-7B,mquake_fscr_0144_t3,0.0,0.0,0,1,1
Falcon-H1R-7B,mquake_fscr_0145_t3,0.0,0.0,0,1,1
Falcon-H1R-7B,mquake_fscr_0146_t7,0.54375,0.0,0,1,1
Falcon-H1R-7B,mquake_fscr_0147_t7,0.55,0.55,0,0,0
Falcon-H1R-7B,mquake_fscr_0148_t3,0.0,0.0,0,1,1
Falcon-H1R-7B,mquake_fscr_0149_t3,0.07857142857142857,0.0,0,1,1
Falcon-H1R-7B,mquake_fscr_0150_t7,0.7951388888888888,0.16597222222222224,0,1,1
Falcon-H1R-7B,mquake_fscr_0151_t3,0.0,0.29404761904761906,0,1,1
Falcon-H1R-7B,mquake_fscr_0152_t7,1.0,1.0,0,0,0
Falcon-H1R-7B,mquake_fscr_0153_t3,0.0,0.0,0,1,1
Falcon-H1R-7B,mquake_fscr_0154_t3,0.0,0.0,0,1,1
Falcon-H1R-7B,mquake_fscr_0155_t7,0.1875,0.0,0,1,1
Falcon-H1R-7B,mquake_fscr_0156_t7,0.37517361111111114,0.275,0,1,1
Falcon-H1R-7B,mquake_fscr_0157_t3,0.0,0.0,0,1,1
Falcon-H1R-7B,mquake_fscr_0158_t3,0.275,0.43680555555555556,0,1,1
Falcon-H1R-7B,mquake_fscr_0159_t7,0.9,0.0,0,0,0
Falcon-H1R-7B,mquake_fscr_0160_t7,0.763095238095238,0.0,0,1,1
Falcon-H1R-7B,mquake_fscr_0161_t7,0.55,0.30351190476190476,0,0,0
Falcon-H1R-7B,mquake_fscr_0162_t7,0.21547619047619046,0.0,0,1,1
Falcon-H1R-7B,mquake_fscr_0163_t3,0.0,0.0,0,1,1
Falcon-H1R-7B,mquake_fscr_0164_t7,1.0,0.0,0,0,0
Falcon-H1R-7B,mquake_fscr_0165_t7,0.6625000000000001,0.0,0,1,1
Falcon-H1R-7B,mquake_fscr_0166_t3,0.0,0.0,0,1,1
Falcon-H1R-7B,mquake_fscr_0167_t7,0.22708333333333336,0.0,0,1,1
Falcon-H1R-7B,mquake_fscr_0168_t3,0.25625000000000003,0.25625000000000003,0,0,1
Falcon-H1R-7B,mquake_fscr_0169_t3,0.0,0.0,0,1,1
Falcon-H1R-7B,mquake_fscr_0170_t7,0.55,0.55,0,0,0
Falcon-H1R-7B,mquake_fscr_0171_t3,0.0,0.0,0,1,1
Falcon-H1R-7B,mquake_fscr_0172_t7,1.0,0.0,0,0,0
Falcon-H1R-7B,mquake_fscr_0173_t7,0.25625000000000003,0.0,0,1,1
Falcon-H1R-7B,mquake_fscr_0174_t3,0.0,0.0,0,1,1
Falcon-H1R-7B,mquake_fscr_0175_t3,0.0,0.0,0,1,1
Falcon-H1R-7B,mquake_fscr_0176_t7,0.25625000000000003,0.0,0,1,1
Falcon-H1R-7B,mquake_fscr_0177_t7,0.21547619047619046,0.0,0,1,1
Falcon-H1R-7B,mquake_fscr_0178_t7,0.55,0.55,0,0,0
Falcon-H1R-7B,mquake_fscr_0179_t3,0.0,0.0,0,1,1
Falcon-H1R-7B,mquake_fscr_0180_t7,0.55,0.55,0,0,0
Falcon-H1R-7B,mquake_fscr_0181_t7,0.6625000000000001,0.0,0,1,1
Falcon-H1R-7B,mquake_fscr_0182_t3,0.09166666666666667,0.0,0,1,1
Falcon-H1R-7B,mquake_fscr_0183_t3,0.0,0.0,0,1,1
Falcon-H1R-7B,mquake_fscr_0184_t3,0.0,0.0,0,1,1
Falcon-H1R-7B,mquake_fscr_0185_t7,0.7951388888888888,0.0,0,1,1
Falcon-H1R-7B,mquake_fscr_0186_t3,0.0,0.18333333333333335,0,1,1
Falcon-H1R-7B,mquake_fscr_0187_t3,0.0,0.0,0,1,1
Falcon-H1R-7B,mquake_fscr_0188_t7,0.6261904761904762,0.0,0,1,1
Falcon-H1R-7B,mquake_fscr_0189_t7,0.1875,0.09166666666666667,0,1,1
Falcon-H1R-7B,mquake_fscr_0190_t7,0.7951388888888888,0.0,0,1,1
Falcon-H1R-7B,mquake_fscr_0191_t7,0.55,0.55,0,0,0
Falcon-H1R-7B,mquake_fscr_0192_t3,0.0,0.0,0,1,1
Falcon-H1R-7B,mquake_fscr_0193_t7,0.6261904761904762,0.0,0,1,1
Falcon-H1R-7B,mquake_fscr_0194_t7,0.55,0.55,0,0,0
Falcon-H1R-7B,mquake_fscr_0195_t3,0.0,0.25625000000000003,0,1,1
Falcon-H1R-7B,mquake_fscr_0196_t7,0.55,0.55,0,0,0
Falcon-H1R-7B,mquake_fscr_0197_t7,0.5928571428571429,0.0,0,1,1
Falcon-H1R-7B,mquake_fscr_0198_t7,0.55,0.375,0,0,0
Falcon-H1R-7B,mquake_fscr_0199_t3,0.0,0.0,0,1,1
Falcon-H1R-7B,mquake_fscr_0200_t7,0.55,0.55,0,0,0
Falcon-H1R-7B,mquake_fscr_0201_t7,0.7122222222222223,0.0,0,1,1
Falcon-H1R-7B,mquake_fscr_0202_t3,0.0,0.0,0,1,1
Falcon-H1R-7B,mquake_fscr_0203_t3,1.0,0.34500000000000003,0,1,1
Falcon-H1R-7B,mquake_fscr_0204_t7,0.55,0.0,0,0,0
Falcon-H1R-7B,mquake_fscr_0205_t3,0.275,0.275,0,1,1
Falcon-H1R-7B,mquake_fscr_0206_t3,0.0,0.0,0,1,1
Falcon-H1R-7B,mquake_fscr_0207_t3,0.0,0.0,0,1,1
Falcon-H1R-7B,mquake_fscr_0208_t3,0.0,0.0,0,1,1
Falcon-H1R-7B,mquake_fscr_0209_t7,1.0,1.0,0,0,0
Falcon-H1R-7B,mquake_fscr_0210_t3,0.0,0.0,0,1,1
Falcon-H1R-7B,mquake_fscr_0211_t3,0.0,0.29404761904761906,0,1,1
Falcon-H1R-7B,mquake_fscr_0212_t3,1.0,0.0,0,1,1
Falcon-H1R-7B,mquake_fscr_0213_t7,0.07857142857142857,0.0,0,1,1
Falcon-H1R-7B,mquake_fscr_0214_t3,1.0,0.0,0,1,1
Falcon-H1R-7B,mquake_fscr_0215_t3,0.0,0.0,0,1,1
Falcon-H1R-7B,mquake_fscr_0216_t7,0.29404761904761906,0.0,0,1,1
Falcon-H1R-7B,mquake_fscr_0217_t3,0.29404761904761906,0.0,0,1,1
Falcon-H1R-7B,mquake_fscr_0218_t3,0.0,0.0,0,1,1
Falcon-H1R-7B,mquake_fscr_0219_t3,0.0,0.0,0,1,1
Falcon-H1R-7B,mquake_fscr_0220_t3,0.0,0.21547619047619046,0,1,1
Falcon-H1R-7B,mquake_fscr_0221_t7,0.29404761904761906,0.29404761904761906,0,1,1
Falcon-H1R-7B,mquake_fscr_0222_t3,0.2881944444444445,0.0,0,0,1
Falcon-H1R-7B,mquake_fscr_0223_t7,0.6261904761904762,0.0,0,1,1
Falcon-H1R-7B,mquake_fscr_0224_t3,0.0,0.0,0,1,1
Falcon-H1R-7B,mquake_fscr_0225_t3,0.18333333333333335,0.18333333333333335,0,1,1
Falcon-H1R-7B,mquake_fscr_0226_t3,0.0,0.0,0,1,1
Falcon-H1R-7B,mquake_fscr_0227_t3,0.0,0.0,0,1,1
Falcon-H1R-7B,mquake_fscr_0228_t7,0.34500000000000003,0.0,0,1,1
Falcon-H1R-7B,mquake_fscr_0229_t7,0.0,0.0,0,1,1
Falcon-H1R-7B,mquake_fscr_0230_t7,0.3726190476190476,0.0,0,1,1
Falcon-H1R-7B,mquake_fscr_0231_t3,0.275,0.275,0,1,1
Falcon-H1R-7B,mquake_fscr_0232_t7,0.0,0.0,0,1,1
Falcon-H1R-7B,mquake_fscr_0233_t7,0.55,0.0,0,0,0
Falcon-H1R-7B,mquake_fscr_0234_t7,0.55,0.55,0,0,0
Falcon-H1R-7B,mquake_fscr_0235_t7,1.0,1.0,0,0,0
Falcon-H1R-7B,mquake_fscr_0236_t3,0.0,0.0,0,1,1
Falcon-H1R-7B,mquake_fscr_0237_t7,0.27083333333333337,0.27083333333333337,0,1,0
Falcon-H1R-7B,mquake_fscr_0238_t7,1.0,0.0,0,0,0
Falcon-H1R-7B,mquake_fscr_0239_t3,0.0,0.0,0,1,1
Falcon-H1R-7B,mquake_fscr_0240_t7,0.25333333333333335,0.0,0,1,1
Falcon-H1R-7B,mquake_fscr_0241_t3,0.0,0.0,0,1,1
Falcon-H1R-7B,mquake_fscr_0242_t7,0.55,0.55,0,0,0
Falcon-H1R-7B,mquake_fscr_0243_t7,0.6902777777777778,0.061111111111111116,0,1,1
Falcon-H1R-7B,mquake_fscr_0244_t7,1.0,1.0,0,0,0
Falcon-H1R-7B,mquake_fscr_0245_t3,0.21547619047619046,0.21547619047619046,0,1,1
Falcon-H1R-7B,mquake_fscr_0246_t7,0.0,0.0,0,1,1
Falcon-H1R-7B,mquake_fscr_0247_t3,0.0,0.0,0,1,1
Falcon-H1R-7B,mquake_fscr_0248_t7,0.11000000000000001,0.11000000000000001,0,1,1
Falcon-H1R-7B,mquake_fscr_0249_t7,1.0,0.0,0,0,0
Falcon-H1R-7B,mquake_fscr_0250_t3,1.0,0.0,0,0,1
Falcon-H1R-7B,mquake_fscr_0251_t3,0.0,0.0,0,1,1
Falcon-H1R-7B,mquake_fscr_0252_t7,0.55,0.55,0,0,0
Falcon-H1R-7B,mquake_fscr_0253_t3,0.29404761904761906,0.0,0,1,1
Falcon-H1R-7B,mquake_fscr_0254_t7,0.0,0.0,0,1,1
Falcon-H1R-7B,mquake_fscr_0255_t7,0.29404761904761906,0.29404761904761906,0,1,1
Falcon-H1R-7B,mquake_fscr_0256_t7,0.55,0.6397321428571429,0,0,0
Falcon-H1R-7B,mquake_fscr_0257_t3,0.0,0.0,0,1,1
Falcon-H1R-7B,mquake_fscr_0258_t3,0.0,0.0,0,1,1
Falcon-H1R-7B,mquake_fscr_0259_t3,0.0,0.29404761904761906,0,1,1
Falcon-H1R-7B,mquake_fscr_0260_t3,0.0,0.0,0,1,1
Falcon-H1R-7B,mquake_fscr_0261_t3,0.0,0.0,0,1,1
Falcon-H1R-7B,mquake_fscr_0262_t3,0.0,0.0,0,1,1
Falcon-H1R-7B,mquake_fscr_0263_t7,1.0,0.0,0,0,0
Falcon-H1R-7B,mquake_fscr_0264_t3,0.25625000000000003,0.0,0,1,1
Falcon-H1R-7B,mquake_fscr_0265_t7,0.55,0.0,0,0,0
Falcon-H1R-7B,mquake_fscr_0266_t7,0.0,0.0,0,1,1
Falcon-H1R-7B,mquake_fscr_0267_t3,0.0,0.0,0,1,1
Falcon-H1R-7B,mquake_fscr_0268_t3,0.0,0.0,0,1,1
Falcon-H1R-7B,mquake_fscr_0269_t3,0.0,0.0,0,1,1
Falcon-H1R-7B,mquake_fscr_0270_t7,0.55,1.0,0,0,0
Falcon-H1R-7B,mquake_fscr_0271_t7,1.0,0.0,0,0,0
Falcon-H1R-7B,mquake_fscr_0272_t7,0.1875,0.0,0,1,1
Falcon-H1R-7B,mquake_fscr_0273_t3,0.0,0.0,0,1,1
Falcon-H1R-7B,mquake_fscr_0274_t7,1.0,0.0,0,0,0
Falcon-H1R-7B,mquake_fscr_0275_t7,1.0,0.0,0,0,0
Falcon-H1R-7B,mquake_fscr_0276_t3,0.0,0.0,0,1,1
Falcon-H1R-7B,mquake_fscr_0277_t3,0.0,0.0,0,1,1
Falcon-H1R-7B,mquake_fscr_0278_t7,0.6261904761904762,0.0,0,1,1
Falcon-H1R-7B,mquake_fscr_0279_t3,0.0,0.0,0,1,1
Falcon-H1R-7B,mquake_fscr_0280_t7,0.55,0.0,0,0,0
Falcon-H1R-7B,mquake_fscr_0281_t3,0.0,0.0,0,1,1
Falcon-H1R-7B,mquake_fscr_0282_t3,1.0,0.0,0,1,1
Falcon-H1R-7B,mquake_fscr_0283_t7,0.763095238095238,0.0,0,1,1
Falcon-H1R-7B,mquake_fscr_0284_t3,0.0,0.0,0,1,1
Falcon-H1R-7B,mquake_fscr_0285_t3,0.0,0.0,0,1,1
Falcon-H1R-7B,mquake_fscr_0286_t3,0.0,0.0,0,1,1
Falcon-H1R-7B,mquake_fscr_0287_t3,0.0,0.0,0,1,1
Falcon-H1R-7B,mquake_fscr_0288_t3,0.0,0.0,0,1,1
Falcon-H1R-7B,mquake_fscr_0289_t3,0.0,0.0,0,1,1
Falcon-H1R-7B,mquake_fscr_0290_t3,0.0,0.0,0,1,1
Falcon-H1R-7B,mquake_fscr_0291_t3,0.0,0.0,0,1,1
Falcon-H1R-7B,mquake_fscr_0292_t3,0.21547619047619046,0.0,0,0,1
Falcon-H1R-7B,mquake_fscr_0293_t3,0.0,0.0,0,1,1
Falcon-H1R-7B,mquake_fscr_0294_t3,0.0,0.0,0,1,1
Falcon-H1R-7B,mquake_fscr_0295_t7,0.6902777777777778,0.0,0,1,1
Falcon-H1R-7B,mquake_fscr_0296_t7,0.6261904761904762,0.09166666666666667,0,1,1
Falcon-H1R-7B,mquake_fscr_0297_t3,0.0,0.0,0,1,1
Falcon-H1R-7B,mquake_fscr_0298_t7,0.18333333333333335,0.0,0,1,1
Falcon-H1R-7B,mquake_fscr_0299_t3,0.30625,0.0,0,1,1
Falcon-H1R-7B,mquake_fscr_0300_t7,0.7383333333333333,0.0,0,1,1
Falcon-H1R-7B,mquake_fscr_0301_t3,0.0,0.0,0,1,1
Falcon-H1R-7B,mquake_fscr_0302_t7,0.45238095238095233,0.0,0,1,1
Falcon-H1R-7B,mquake_fscr_0303_t7,0.55,0.55,0,0,0
Falcon-H1R-7B,mquake_fscr_0304_t3,0.0,0.0,0,1,1
Falcon-H1R-7B,mquake_fscr_0305_t3,0.0,0.0,0,1,1
Falcon-H1R-7B,mquake_fscr_0306_t3,0.0,0.0,0,1,1
Falcon-H1R-7B,mquake_fscr_0307_t3,0.0,0.0,0,1,1
Falcon-H1R-7B,mquake_fscr_0308_t7,1.0,1.0,0,0,0
Falcon-H1R-7B,mquake_fscr_0309_t7,0.1875,0.0,0,1,1
Falcon-H1R-7B,mquake_fscr_0310_t7,0.44666666666666666,0.0,0,1,1
Falcon-H1R-7B,mquake_fscr_0311_t7,0.7025,0.0,0,1,1
Falcon-H1R-7B,mquake_fscr_0312_t3,0.0,0.0,0,1,1
Falcon-H1R-7B,mquake_fscr_0313_t7,0.7383333333333333,0.0,0,1,1
Falcon-H1R-7B,mquake_fscr_0314_t7,1.0,0.0,0,0,0
Falcon-H1R-7B,mquake_fscr_0315_t3,0.0,0.09166666666666667,0,1,1
Falcon-H1R-7B,mquake_fscr_0316_t3,0.0,0.0,0,1,1
Falcon-H1R-7B,mquake_fscr_0317_t7,0.29404761904761906,0.21547619047619046,0,1,1
Falcon-H1R-7B,mquake_fscr_0318_t3,0.0,0.0,0,1,1
Falcon-H1R-7B,mquake_fscr_0319_t7,0.6902777777777778,0.0,0,1,1
Falcon-H1R-7B,mquake_fscr_0320_t7,0.6261904761904762,0.09166666666666667,0,1,1
Falcon-H1R-7B,mquake_fscr_0321_t3,0.0,0.0,0,1,1
Falcon-H1R-7B,mquake_fscr_0322_t7,0.55,0.55,0,0,0
Falcon-H1R-7B,mquake_fscr_0323_t7,0.55,0.55,0,0,0
Falcon-H1R-7B,mquake_fscr_0324_t3,0.0,0.0,0,1,1
Falcon-H1R-7B,mquake_fscr_0325_t7,0.7025,0.0,0,1,1
Falcon-H1R-7B,mquake_fscr_0326_t7,0.09166666666666667,0.0,0,1,1
Falcon-H1R-7B,mquake_fscr_0327_t3,0.0,0.0,0,1,1
Falcon-H1R-7B,mquake_fscr_0328_t3,0.0,0.0,0,1,1
Falcon-H1R-7B,mquake_fscr_0329_t7,0.7122222222222223,0.0,0,1,1
Falcon-H1R-7B,mquake_fscr_0330_t3,0.0,0.09166666666666667,0,1,0
Falcon-H1R-7B,mquake_fscr_0331_t3,0.0,0.0,0,1,1
Falcon-H1R-7B,mquake_fscr_0332_t7,1.0,1.0,0,0,0
Falcon-H1R-7B,mquake_fscr_0333_t7,1.0,1.0,0,0,0
Falcon-H1R-7B,mquake_fscr_0334_t3,1.0,0.0,0,1,1
Falcon-H1R-7B,mquake_fscr_0335_t3,0.0,0.0,0,1,1
Falcon-H1R-7B,mquake_fscr_0336_t3,0.0,0.0,0,1,1
Falcon-H1R-7B,mquake_fscr_0337_t7,1.0,0.0,0,0,0
Falcon-H1R-7B,mquake_fscr_0338_t3,0.0,0.0,0,1,1
Falcon-H1R-7B,mquake_fscr_0339_t3,0.0,0.0,0,1,1
Falcon-H1R-7B,mquake_fscr_0340_t3,0.0,0.0,0,1,1
Falcon-H1R-7B,mquake_fscr_0341_t3,0.0,0.0,0,1,1
Falcon-H1R-7B,mquake_fscr_0342_t3,0.0,0.0,0,1,1
Falcon-H1R-7B,mquake_fscr_0343_t3,0.0,0.21547619047619046,0,1,1
Falcon-H1R-7B,mquake_fscr_0344_t3,0.0,0.0,0,1,1
Falcon-H1R-7B,mquake_fscr_0345_t7,0.55,0.0,0,0,0
Falcon-H1R-7B,mquake_fscr_0346_t7,0.09166666666666667,0.0,0,1,1
Falcon-H1R-7B,mquake_fscr_0347_t3,0.275,0.275,0,1,1
Falcon-H1R-7B,mquake_fscr_0348_t7,0.25625000000000003,0.0,0,1,1
Falcon-H1R-7B,mquake_fscr_0349_t7,0.55,0.0,0,0,0
Falcon-H1R-7B,mquake_fscr_0350_t7,0.29404761904761906,0.0,0,1,1
Falcon-H1R-7B,mquake_fscr_0351_t7,0.55,0.375,0,0,0
Falcon-H1R-7B,mquake_fscr_0352_t7,1.0,1.0,0,0,0
Falcon-H1R-7B,mquake_fscr_0353_t3,0.0,0.0,0,1,1
Falcon-H1R-7B,mquake_fscr_0354_t7,0.55,0.0,0,0,0
Falcon-H1R-7B,mquake_fscr_0355_t7,0.25333333333333335,0.0,0,1,1
Falcon-H1R-7B,mquake_fscr_0356_t7,0.21547619047619046,0.0,0,1,1
Falcon-H1R-7B,mquake_fscr_0357_t3,0.0,0.0,0,1,1
Falcon-H1R-7B,mquake_fscr_0358_t3,0.0,0.0,0,1,1
Falcon-H1R-7B,mquake_fscr_0359_t3,0.0,0.0,0,1,1
Falcon-H1R-7B,mquake_fscr_0360_t7,0.0,0.0,0,1,1
Falcon-H1R-7B,mquake_fscr_0361_t7,0.29404761904761906,0.0,0,1,1
Falcon-H1R-7B,mquake_fscr_0362_t7,0.55,0.55,0,0,0
Falcon-H1R-7B,mquake_fscr_0363_t7,1.0,1.0,0,0,0
Falcon-H1R-7B,mquake_fscr_0364_t3,0.0,0.0,0,1,1
Falcon-H1R-7B,mquake_fscr_0365_t3,0.0,0.0,0,1,1
Falcon-H1R-7B,mquake_fscr_0366_t7,0.763095238095238,0.0,0,1,1
Falcon-H1R-7B,mquake_fscr_0367_t3,0.0,0.0,0,1,1
Falcon-H1R-7B,mquake_fscr_0368_t3,1.0,0.0,0,1,1
Falcon-H1R-7B,mquake_fscr_0369_t7,0.25333333333333335,0.0,0,1,1
Falcon-H1R-7B,mquake_fscr_0370_t7,0.25333333333333335,0.0,0,1,1
Falcon-H1R-7B,mquake_fscr_0371_t3,0.25625000000000003,0.0,0,1,1
Falcon-H1R-7B,mquake_fscr_0372_t7,0.06875,0.0,0,1,1
Falcon-H1R-7B,mquake_fscr_0373_t3,0.0,0.0,0,1,1
Falcon-H1R-7B,mquake_fscr_0374_t7,0.55,0.0,0,0,0
Falcon-H1R-7B,mquake_fscr_0375_t3,0.0,0.25625000000000003,0,1,1
Falcon-H1R-7B,mquake_fscr_0376_t7,0.6261904761904762,0.07857142857142857,0,1,1
Falcon-H1R-7B,mquake_fscr_0377_t7,0.55,0.55,0,0,0
Falcon-H1R-7B,mquake_fscr_0378_t3,0.0,0.0,0,1,1
Falcon-H1R-7B,mquake_fscr_0379_t3,0.0,0.0,0,1,1
Falcon-H1R-7B,mquake_fscr_0380_t7,0.18333333333333335,0.0,0,1,1
Falcon-H1R-7B,mquake_fscr_0381_t7,0.30625,0.0,0,1,1
Falcon-H1R-7B,mquake_fscr_0382_t3,0.0,0.0,0,1,1
Falcon-H1R-7B,mquake_fscr_0383_t7,0.55,0.55,0,0,0
Falcon-H1R-7B,mquake_fscr_0384_t7,0.55,0.0,0,0,0
Falcon-H1R-7B,mquake_fscr_0385_t7,0.5766666666666667,0.0,0,1,1
Falcon-H1R-7B,mquake_fscr_0386_t3,0.0,0.0,0,1,1
Falcon-H1R-7B,mquake_fscr_0387_t7,1.0,1.0,0,0,0
Falcon-H1R-7B,mquake_fscr_0388_t7,0.061111111111111116,0.0,0,1,1
Falcon-H1R-7B,mquake_fscr_0389_t7,1.0,0.0,0,0,0
Falcon-H1R-7B,mquake_fscr_0390_t7,0.55,0.5997767857142857,0,0,0
Falcon-H1R-7B,mquake_fscr_0391_t3,1.0,0.0,0,1,1
Falcon-H1R-7B,mquake_fscr_0392_t7,0.21547619047619046,0.0,0,1,1
Falcon-H1R-7B,mquake_fscr_0393_t3,0.0,0.0,0,1,1
Falcon-H1R-7B,mquake_fscr_0394_t7,0.07857142857142857,0.0,0,1,1
Falcon-H1R-7B,mquake_fscr_0395_t3,0.0,0.0,0,1,1
Falcon-H1R-7B,mquake_fscr_0396_t7,0.763095238095238,0.0,0,1,1
Falcon-H1R-7B,mquake_fscr_0397_t7,0.55,0.55,0,0,0
Falcon-H1R-7B,mquake_fscr_0398_t3,0.0,0.0,0,1,1
Falcon-H1R-7B,mquake_fscr_0399_t3,0.0,0.0,0,1,1
Falcon-H1R-7B,mquake_fscr_0400_t7,0.55,0.0,0,0,0
Falcon-H1R-7B,mquake_fscr_0401_t3,0.0,0.0,0,1,1
Falcon-H1R-7B,mquake_fscr_0402_t3,0.0,0.0,0,1,1
Falcon-H1R-7B,mquake_fscr_0403_t3,0.0,0.0,0,1,1
Falcon-H1R-7B,mquake_fscr_0404_t7,0.55,0.0,0,0,0
Falcon-H1R-7B,mquake_fscr_0405_t7,0.55,0.0,0,0,0
Falcon-H1R-7B,mquake_fscr_0406_t3,0.0,0.0,0,1,1
Falcon-H1R-7B,mquake_fscr_0407_t3,0.0,0.0,0,1,1
Falcon-H1R-7B,mquake_fscr_0408_t7,0.55,0.55,0,0,0
Falcon-H1R-7B,mquake_fscr_0409_t7,1.0,0.0,0,0,0
Falcon-H1R-7B,mquake_fscr_0410_t7,0.763095238095238,0.0,0,1,1
Falcon-H1R-7B,mquake_fscr_0411_t7,0.763095238095238,0.0,0,1,1
Falcon-H1R-7B,mquake_fscr_0412_t7,0.55,0.55,0,0,0
Falcon-H1R-7B,mquake_fscr_0413_t7,0.6212797619047619,0.375,0,0,0
Falcon-H1R-7B,mquake_fscr_0414_t3,0.0,0.0,0,1,1
Falcon-H1R-7B,mquake_fscr_0415_t3,0.0,0.0,0,1,1
Falcon-H1R-7B,mquake_fscr_0416_t3,0.0,0.0,0,1,1
Falcon-H1R-7B,mquake_fscr_0417_t7,0.0,0.0,0,1,1
Falcon-H1R-7B,mquake_fscr_0418_t3,0.0,0.0,0,1,1
Falcon-H1R-7B,mquake_fscr_0419_t3,0.0,0.0,0,1,1
Falcon-H1R-7B,mquake_fscr_0420_t3,0.0,0.0,0,1,1
Falcon-H1R-7B,mquake_fscr_0421_t3,0.0,0.0,0,1,1
Falcon-H1R-7B,mquake_fscr_0422_t3,0.0,0.0,0,1,1
Falcon-H1R-7B,mquake_fscr_0423_t3,0.1875,0.0,0,0,1
Falcon-H1R-7B,mquake_fscr_0424_t3,0.07857142857142857,0.07857142857142857,0,1,1
Falcon-H1R-7B,mquake_fscr_0425_t7,0.25333333333333335,0.0,0,1,1
Falcon-H1R-7B,mquake_fscr_0426_t3,0.0,0.0,0,1,1
Falcon-H1R-7B,mquake_fscr_0427_t7,0.55,1.0,0,0,0
Falcon-H1R-7B,mquake_fscr_0428_t3,1.0,0.0,0,1,1
Falcon-H1R-7B,mquake_fscr_0429_t3,1.0,0.0,0,1,1
Falcon-H1R-7B,mquake_fscr_0430_t3,0.0,0.0,0,1,1
Falcon-H1R-7B,mquake_fscr_0431_t7,0.763095238095238,0.0,0,1,1
Falcon-H1R-7B,mquake_fscr_0432_t7,0.0,0.0,0,1,1
Falcon-H1R-7B,mquake_fscr_0433_t3,0.0,0.0,0,1,1
Falcon-H1R-7B,mquake_fscr_0434_t3,0.0,0.0,0,1,1
Falcon-H1R-7B,mquake_fscr_0435_t3,0.0,0.0,0,1,1
Falcon-H1R-7B,mquake_fscr_0436_t7,0.4309523809523809,0.4309523809523809,0,1,1
Falcon-H1R-7B,mquake_fscr_0437_t3,0.0,0.0,0,1,1
Falcon-H1R-7B,mquake_fscr_0438_t3,0.22708333333333336,0.0,0,0,1
Falcon-H1R-7B,mquake_fscr_0439_t3,0.21547619047619046,0.0,0,0,1
Falcon-H1R-7B,mquake_fscr_0440_t3,0.0,0.0,0,1,1
Falcon-H1R-7B,mquake_fscr_0441_t7,0.4309523809523809,0.4309523809523809,0,1,1
Falcon-H1R-7B,mquake_fscr_0442_t3,0.3319444444444445,0.0,0,0,1
Falcon-H1R-7B,mquake_fscr_0443_t3,0.0,0.0,0,1,1
Falcon-H1R-7B,mquake_fscr_0444_t3,0.0,0.0,0,1,1
Falcon-H1R-7B,mquake_fscr_0445_t3,0.0,0.0,0,1,1
Falcon-H1R-7B,mquake_fscr_0446_t3,0.0,0.0,0,1,1
Falcon-H1R-7B,mquake_fscr_0447_t3,0.0,0.0,0,1,1
Falcon-H1R-7B,mquake_fscr_0448_t3,0.0,0.0,0,1,1
Falcon-H1R-7B,mquake_fscr_0449_t3,0.1875,0.0,0,0,1
Falcon-H1R-7B,mquake_fscr_0450_t3,0.0,0.0,0,1,1
Falcon-H1R-7B,mquake_fscr_0451_t7,0.55,0.55,0,0,0
Falcon-H1R-7B,mquake_fscr_0452_t7,0.6261904761904762,0.0,0,1,1
Falcon-H1R-7B,mquake_fscr_0453_t7,1.0,0.0,0,0,0
Falcon-H1R-7B,mquake_fscr_0454_t3,0.0,0.0,0,1,1
Falcon-H1R-7B,mquake_fscr_0455_t7,1.0,0.0,0,0,0
Falcon-H1R-7B,mquake_fscr_0456_t3,0.0,0.0,0,1,1
Falcon-H1R-7B,mquake_fscr_0457_t3,0.0,0.0,0,1,1
Falcon-H1R-7B,mquake_fscr_0458_t7,0.55,0.55,0,0,0
Falcon-H1R-7B,mquake_fscr_0459_t3,0.0,0.0,0,1,1
Falcon-H1R-7B,mquake_fscr_0460_t3,1.0,0.0,0,1,1
Falcon-H1R-7B,mquake_fscr_0461_t7,0.55,0.21547619047619046,0,0,0
Falcon-H1R-7B,mquake_fscr_0462_t3,0.0,0.0,0,1,1
Falcon-H1R-7B,mquake_fscr_0463_t7,0.55,0.0,0,0,0
Falcon-H1R-7B,mquake_fscr_0464_t7,0.29404761904761906,0.0,0,1,1
Falcon-H1R-7B,mquake_fscr_0465_t3,0.0,0.0,0,1,1
Falcon-H1R-7B,mquake_fscr_0466_t3,0.0,0.0,0,1,1
Falcon-H1R-7B,mquake_fscr_0467_t3,0.0,0.0,0,1,1
Falcon-H1R-7B,mquake_fscr_0468_t3,0.0,0.0,0,1,1
Falcon-H1R-7B,mquake_fscr_0469_t3,0.0,0.0,0,1,1
Falcon-H1R-7B,mquake_fscr_0470_t7,0.0,0.0,0,1,1
Falcon-H1R-7B,mquake_fscr_0471_t3,0.43680555555555556,0.43680555555555556,0,1,1
Falcon-H1R-7B,mquake_fscr_0472_t3,0.0,0.0,0,1,1
Falcon-H1R-7B,mquake_fscr_0473_t7,0.55,0.55,0,0,0
Falcon-H1R-7B,mquake_fscr_0474_t3,0.0,0.0,0,1,1
Falcon-H1R-7B,mquake_fscr_0475_t3,0.7383333333333333,0.0,0,1,1
Falcon-H1R-7B,mquake_fscr_0476_t3,0.0,0.0,0,1,1
Falcon-H1R-7B,mquake_fscr_0477_t7,0.3319444444444445,0.0,0,1,1
Falcon-H1R-7B,mquake_fscr_0478_t3,0.0,0.0,0,1,1
Falcon-H1R-7B,mquake_fscr_0479_t7,0.5766666666666667,0.0,0,1,1
Falcon-H1R-7B,mquake_fscr_0480_t7,1.0,0.0,0,0,0
Falcon-H1R-7B,mquake_fscr_0481_t3,0.0,0.0,0,1,1
Falcon-H1R-7B,mquake_fscr_0482_t7,1.0,1.0,0,0,0
Falcon-H1R-7B,mquake_fscr_0483_t7,0.5766666666666667,0.0,0,1,1
Falcon-H1R-7B,mquake_fscr_0484_t7,0.763095238095238,0.0,0,1,1
Falcon-H1R-7B,mquake_fscr_0485_t7,0.55,0.55,0,0,0
Falcon-H1R-7B,mquake_fscr_0486_t3,0.0,0.0,0,1,1
Falcon-H1R-7B,mquake_fscr_0487_t3,0.0,0.0,0,1,1
Falcon-H1R-7B,mquake_fscr_0488_t7,1.0,1.0,0,0,0
Falcon-H1R-7B,mquake_fscr_0489_t7,0.4563244047619048,0.32611607142857146,0,1,1
Falcon-H1R-7B,mquake_fscr_0490_t3,0.0,0.0,0,1,1
Falcon-H1R-7B,mquake_fscr_0491_t7,0.0,0.0,0,1,1
Falcon-H1R-7B,mquake_fscr_0492_t7,0.55,0.0,0,0,0
Falcon-H1R-7B,mquake_fscr_0493_t7,0.43680555555555556,0.0,0,1,1
Falcon-H1R-7B,mquake_fscr_0494_t7,0.54375,0.0,0,1,1
Falcon-H1R-7B,mquake_fscr_0495_t7,0.22000000000000003,0.0,0,1,1
Falcon-H1R-7B,mquake_fscr_0496_t3,0.0,0.0,0,1,1
Falcon-H1R-7B,mquake_fscr_0497_t7,0.18333333333333335,0.0,0,1,1
Falcon-H1R-7B,mquake_fscr_0498_t3,0.22708333333333336,0.0,0,1,1
Falcon-H1R-7B,mquake_fscr_0499_t3,0.0,0.0,0,1,1
Falcon-H1R-7B,mquake_fscr_0500_t3,0.0,0.0,0,1,1
Falcon-H1R-7B,mquake_fscr_0501_t3,0.07857142857142857,0.0,0,1,1
Falcon-H1R-7B,mquake_fscr_0502_t7,1.0,1.0,0,0,0
Falcon-H1R-7B,mquake_fscr_0503_t7,0.55,0.0,0,0,0
Falcon-H1R-7B,mquake_fscr_0504_t3,0.0,0.0,0,1,1
Falcon-H1R-7B,mquake_fscr_0505_t3,1.0,0.0,0,1,1
Falcon-H1R-7B,mquake_fscr_0506_t7,1.0,1.0,0,0,0
Falcon-H1R-7B,mquake_fscr_0507_t7,0.7383333333333333,0.0,0,1,1
Falcon-H1R-7B,mquake_fscr_0508_t7,0.55,0.0,0,0,0
Falcon-H1R-7B,mquake_fscr_0509_t7,0.22708333333333336,0.0,0,1,1
Falcon-H1R-7B,mquake_fscr_0510_t7,1.0,0.0,0,0,0
Falcon-H1R-7B,mquake_fscr_0511_t3,0.0,0.0,0,1,1
Falcon-H1R-7B,mquake_fscr_0512_t7,1.0,0.0,0,1,1
Falcon-H1R-7B,mquake_fscr_0513_t7,0.34500000000000003,0.0,0,1,1
Falcon-H1R-7B,mquake_fscr_0514_t3,0.16597222222222224,0.0,0,1,0
Falcon-H1R-7B,mquake_fscr_0515_t7,0.0,0.0,0,1,1
Falcon-H1R-7B,mquake_fscr_0516_t3,0.0,0.0,0,1,1
Falcon-H1R-7B,mquake_fscr_0517_t3,0.0,0.0,0,1,1
Falcon-H1R-7B,mquake_fscr_0518_t7,0.07857142857142857,0.07857142857142857,0,1,1
Falcon-H1R-7B,mquake_fscr_0519_t7,0.7951388888888888,0.0,0,1,1
Falcon-H1R-7B,mquake_fscr_0520_t3,0.0,0.33333333333333337,0,1,1
Falcon-H1R-7B,mquake_fscr_0521_t3,0.21547619047619046,0.0,0,1,1
Falcon-H1R-7B,mquake_fscr_0522_t3,0.0,0.0,0,1,1
Falcon-H1R-7B,mquake_fscr_0523_t3,0.0,0.0,0,1,1
Falcon-H1R-7B,mquake_fscr_0524_t3,0.0,0.16597222222222224,0,0,1
Falcon-H1R-7B,mquake_fscr_0525_t3,0.0,0.0,0,1,1
Falcon-H1R-7B,mquake_fscr_0526_t3,0.375,0.0,0,1,1
Falcon-H1R-7B,mquake_fscr_0527_t7,0.7383333333333333,0.0,0,1,1
Falcon-H1R-7B,mquake_fscr_0528_t7,0.55,0.0,0,0,0
Falcon-H1R-7B,mquake_fscr_0529_t7,0.55,0.07857142857142857,0,0,0
Falcon-H1R-7B,mquake_fscr_0530_t7,0.3726190476190476,0.0,0,1,1
Falcon-H1R-7B,mquake_fscr_0531_t3,0.0,0.0,0,1,1
Falcon-H1R-7B,mquake_fscr_0532_t3,0.2857142857142857,0.2857142857142857,0,1,1
Falcon-H1R-7B,mquake_fscr_0533_t3,0.0,0.0,0,1,1
Falcon-H1R-7B,mquake_fscr_0534_t7,0.3319444444444445,0.0,0,1,1
Falcon-H1R-7B,mquake_fscr_0535_t3,0.0,0.0,0,1,1
Falcon-H1R-7B,mquake_fscr_0536_t7,0.30625,0.0,0,1,1
Falcon-H1R-7B,mquake_fscr_0537_t3,0.0,0.0,0,1,1
Falcon-H1R-7B,mquake_fscr_0538_t7,0.55,0.0,0,0,0
Falcon-H1R-7B,mquake_fscr_0539_t7,0.55,0.55,0,0,0
Falcon-H1R-7B,mquake_fscr_0540_t7,0.6902777777777778,0.0,0,1,1
Falcon-H1R-7B,mquake_fscr_0541_t7,0.8416666666666668,0.0,0,1,1
Falcon-H1R-7B,mquake_fscr_0542_t3,0.0,0.0,0,1,1
Falcon-H1R-7B,mquake_fscr_0543_t7,1.0,1.0,0,0,0
Falcon-H1R-7B,mquake_fscr_0544_t7,0.5928571428571429,0.0,0,1,1
Falcon-H1R-7B,mquake_fscr_0545_t7,0.55,0.0,0,0,0
Falcon-H1R-7B,mquake_fscr_0546_t7,0.55,0.55,0,0,0
Falcon-H1R-7B,mquake_fscr_0547_t3,0.0,0.0,0,1,1
Falcon-H1R-7B,mquake_fscr_0548_t3,0.0,0.0,0,1,1
Falcon-H1R-7B,mquake_fscr_0549_t7,1.0,0.0,0,0,0
Falcon-H1R-7B,mquake_fscr_0550_t3,0.0,0.0,0,1,1
Falcon-H1R-7B,mquake_fscr_0551_t7,0.55,0.55,0,0,0
Falcon-H1R-7B,mquake_fscr_0552_t3,0.0,0.0,0,1,1
Falcon-H1R-7B,mquake_fscr_0553_t7,1.0,0.0,0,1,1
Falcon-H1R-7B,mquake_fscr_0554_t7,0.06875,0.0,0,1,1
Falcon-H1R-7B,mquake_fscr_0555_t7,0.863095238095238,0.0,0,1,1
Falcon-H1R-7B,mquake_fscr_0556_t3,0.0,0.0,0,1,1
Falcon-H1R-7B,mquake_fscr_0557_t3,0.0,0.0,0,1,1
Falcon-H1R-7B,mquake_fscr_0558_t7,0.55,0.55,0,0,0
Falcon-H1R-7B,mquake_fscr_0559_t7,1.0,1.0,0,0,0
Falcon-H1R-7B,mquake_fscr_0560_t3,0.0,0.0,0,1,0
Falcon-H1R-7B,mquake_fscr_0561_t7,0.7951388888888888,0.0,0,1,1
Falcon-H1R-7B,mquake_fscr_0562_t3,0.0,0.0,0,1,1
Falcon-H1R-7B,mquake_fscr_0563_t7,1.0,1.0,0,0,0
Falcon-H1R-7B,mquake_fscr_0564_t3,0.0,0.0,0,1,1
Falcon-H1R-7B,mquake_fscr_0565_t7,0.7383333333333333,0.0,0,1,1
Falcon-H1R-7B,mquake_fscr_0566_t7,0.25333333333333335,0.0,0,1,1
Falcon-H1R-7B,mquake_fscr_0567_t3,0.0,0.0,0,1,1
Falcon-H1R-7B,mquake_fscr_0568_t3,0.0,0.0,0,1,1
Falcon-H1R-7B,mquake_fscr_0569_t3,0.0,0.0,0,1,1
Falcon-H1R-7B,mquake_fscr_0570_t7,0.27083333333333337,0.27083333333333337,0,1,1
Falcon-H1R-7B,mquake_fscr_0571_t3,0.275,0.275,0,1,1
Falcon-H1R-7B,mquake_fscr_0572_t7,0.275,0.0,0,1,1
Falcon-H1R-7B,mquake_fscr_0573_t7,0.763095238095238,0.0,0,1,1
Falcon-H1R-7B,mquake_fscr_0574_t3,0.0,0.0,0,1,1
Falcon-H1R-7B,mquake_fscr_0575_t3,0.0,0.0,0,1,1
Falcon-H1R-7B,mquake_fscr_0576_t7,0.4309523809523809,0.0,0,1,1
Falcon-H1R-7B,mquake_fscr_0577_t3,0.0,0.0,0,1,1
Falcon-H1R-7B,mquake_fscr_0578_t3,0.30625,0.0,0,1,1
Falcon-H1R-7B,mquake_fscr_0579_t7,0.55,0.5800000000000001,0,0,0
Falcon-H1R-7B,mquake_fscr_0580_t7,0.7122222222222223,0.0,0,1,1
Falcon-H1R-7B,mquake_fscr_0581_t7,0.6261904761904762,0.0,0,1,1
Falcon-H1R-7B,mquake_fscr_0582_t3,0.0,0.0,0,1,1
Falcon-H1R-7B,mquake_fscr_0583_t7,0.21547619047619046,0.21547619047619046,0,1,1
Falcon-H1R-7B,mquake_fscr_0584_t3,0.0,0.0,0,1,1
Falcon-H1R-7B,mquake_fscr_0585_t3,0.16597222222222224,0.0,0,1,1
Falcon-H1R-7B,mquake_fscr_0586_t3,0.0,0.0,0,1,1
Falcon-H1R-7B,mquake_fscr_0587_t3,0.275,0.275,0,1,1
Falcon-H1R-7B,mquake_fscr_0588_t7,0.5766666666666667,0.0,0,1,1
Falcon-H1R-7B,mquake_fscr_0589_t3,0.0,0.0,0,1,1
Falcon-H1R-7B,mquake_fscr_0590_t3,0.0,0.0,0,1,1
Falcon-H1R-7B,mquake_fscr_0591_t3,0.0,0.0,0,1,1
Falcon-H1R-7B,mquake_fscr_0592_t7,0.55,0.55,0,0,0
Falcon-H1R-7B,mquake_fscr_0593_t7,1.0,1.0,0,0,0
Falcon-H1R-7B,mquake_fscr_0594_t7,0.55,0.0,0,0,0
Falcon-H1R-7B,mquake_fscr_0595_t7,1.0,1.0,0,0,0
Falcon-H1R-7B,mquake_fscr_0596_t7,1.0,0.0,0,0,0
Falcon-H1R-7B,mquake_fscr_0597_t3,0.0,0.0,0,1,1
Falcon-H1R-7B,mquake_fscr_0598_t3,0.0,0.0,0,1,1
Falcon-H1R-7B,mquake_fscr_0599_t7,0.21547619047619046,0.0,0,1,1
Falcon-H1R-7B,mquake_fscr_0600_t7,0.21547619047619046,0.0,0,1,1
Falcon-H1R-7B,mquake_fscr_0601_t7,0.55,0.55,0,0,0
Falcon-H1R-7B,mquake_fscr_0602_t7,0.55,1.0,0,0,0
Falcon-H1R-7B,mquake_fscr_0603_t3,0.0,0.0,0,1,1
Falcon-H1R-7B,mquake_fscr_0604_t7,0.7951388888888888,0.0,0,1,1
Falcon-H1R-7B,mquake_fscr_0605_t7,0.34500000000000003,0.0,0,1,1
Falcon-H1R-7B,mquake_fscr_0606_t3,0.0,0.0,0,1,1
Falcon-H1R-7B,mquake_fscr_0607_t7,1.0,1.0,0,0,0
Falcon-H1R-7B,mquake_fscr_0608_t7,0.16597222222222224,0.0,0,1,1
Falcon-H1R-7B,mquake_fscr_0609_t3,0.07857142857142857,0.0,0,1,1
Falcon-H1R-7B,mquake_fscr_0610_t7,0.3493055555555556,0.0,0,1,1
Falcon-H1R-7B,mquake_fscr_0611_t7,0.55,0.55,0,0,0
Falcon-H1R-7B,mquake_fscr_0612_t3,0.0,0.0,0,1,1
Falcon-H1R-7B,mquake_fscr_0613_t7,1.0,0.55,0,0,0
Falcon-H1R-7B,mquake_fscr_0614_t3,0.0,0.0,0,1,1
Falcon-H1R-7B,mquake_fscr_0615_t7,1.0,1.0,0,0,0
Falcon-H1R-7B,mquake_fscr_0616_t3,0.0,0.0,0,1,1
Falcon-H1R-7B,mquake_fscr_0617_t3,0.0,0.0,0,1,1
Falcon-H1R-7B,mquake_fscr_0618_t3,0.0,0.0,0,1,1
Falcon-H1R-7B,mquake_fscr_0619_t7,0.6902777777777778,0.0,0,1,1
Falcon-H1R-7B,mquake_fscr_0620_t3,0.0,0.0,0,1,1
Falcon-H1R-7B,mquake_fscr_0621_t7,0.55,0.55,0,0,0
Falcon-H1R-7B,mquake_fscr_0622_t7,0.55,0.55,0,0,0
Falcon-H1R-7B,mquake_fscr_0623_t7,1.0,0.0,0,1,1
Falcon-H1R-7B,mquake_fscr_0624_t3,0.0,0.0,0,1,1
Falcon-H1R-7B,mquake_fscr_0625_t7,0.375,0.0,0,1,1
Falcon-H1R-7B,mquake_fscr_0626_t7,1.0,0.0,0,0,0
Falcon-H1R-7B,mquake_fscr_0627_t7,0.55,0.18333333333333335,0,0,0
Falcon-H1R-7B,mquake_fscr_0628_t3,0.0,0.0,0,1,1
Falcon-H1R-7B,mquake_fscr_0629_t3,0.0,0.0,0,1,1
Falcon-H1R-7B,mquake_fscr_0630_t7,0.20714285714285713,0.0,0,1,1
Falcon-H1R-7B,mquake_fscr_0631_t7,1.0,1.0,0,0,0
Falcon-H1R-7B,mquake_fscr_0632_t7,0.78125,0.0,0,1,1
Falcon-H1R-7B,mquake_fscr_0633_t7,0.0,0.18333333333333335,0,1,1
Falcon-H1R-7B,mquake_fscr_0634_t3,0.0,0.0,0,1,1
Falcon-H1R-7B,mquake_fscr_0635_t7,1.0,0.0,0,0,0
Falcon-H1R-7B,mquake_fscr_0636_t3,0.0,0.0,0,1,1
Falcon-H1R-7B,mquake_fscr_0637_t7,0.55,0.55,0,0,0
Falcon-H1R-7B,mquake_fscr_0638_t3,0.0,0.0,0,1,1
Falcon-H1R-7B,mquake_fscr_0639_t7,1.0,0.1875,0,0,0
Falcon-H1R-7B,mquake_fscr_0640_t3,0.0,0.0,0,1,1
Falcon-H1R-7B,mquake_fscr_0641_t7,0.55,0.55,0,0,0
Falcon-H1R-7B,mquake_fscr_0642_t7,0.29404761904761906,0.29404761904761906,0,1,1
Falcon-H1R-7B,mquake_fscr_0643_t3,0.0,0.0,0,1,1
Falcon-H1R-7B,mquake_fscr_0644_t7,0.15714285714285714,0.0,0,1,1
Falcon-H1R-7B,mquake_fscr_0645_t3,0.0,0.0,0,1,1
Falcon-H1R-7B,mquake_fscr_0646_t7,0.4928571428571429,0.28705357142857146,0,1,1
Falcon-H1R-7B,mquake_fscr_0647_t7,0.7383333333333333,0.0,0,1,1
Falcon-H1R-7B,mquake_fscr_0648_t7,1.0,1.0,0,0,0
Falcon-H1R-7B,mquake_fscr_0649_t3,0.0,0.0,0,1,1
Falcon-H1R-7B,mquake_fscr_0650_t3,0.0,0.25333333333333335,0,1,1
Falcon-H1R-7B,mquake_fscr_0651_t7,0.55,0.0,0,0,0
Falcon-H1R-7B,mquake_fscr_0652_t3,0.0,0.0,0,1,1
Falcon-H1R-7B,mquake_fscr_0653_t3,0.0,0.0,0,1,1
Falcon-H1R-7B,mquake_fscr_0654_t3,0.18333333333333335,0.0,0,1,1
Falcon-H1R-7B,mquake_fscr_0655_t3,0.0,0.0,0,1,1
Falcon-H1R-7B,mquake_fscr_0656_t3,0.25333333333333335,0.0,0,1,1
Falcon-H1R-7B,mquake_fscr_0657_t7,0.29404761904761906,0.29404761904761906,0,1,1
Falcon-H1R-7B,mquake_fscr_0658_t3,0.0,0.0,0,1,1
Falcon-H1R-7B,mquake_fscr_0659_t3,0.22708333333333336,0.0,0,0,1
Falcon-H1R-7B,mquake_fscr_0660_t7,0.21547619047619046,0.0,0,1,1
Falcon-H1R-7B,mquake_fscr_0661_t7,0.55,0.55,0,0,0
Falcon-H1R-7B,mquake_fscr_0662_t7,0.55,0.55,0,0,0
Falcon-H1R-7B,mquake_fscr_0663_t3,0.0,0.0,0,1,1
Falcon-H1R-7B,mquake_fscr_0664_t3,0.0,0.0,0,1,1
Falcon-H1R-7B,mquake_fscr_0665_t7,0.6261904761904762,0.0,0,1,1
Falcon-H1R-7B,mquake_fscr_0666_t7,1.0,1.0,0,0,0
Falcon-H1R-7B,mquake_fscr_0667_t3,0.0,0.0,0,1,1
Falcon-H1R-7B,mquake_fscr_0668_t7,0.4309523809523809,0.0,0,1,1
Falcon-H1R-7B,mquake_fscr_0669_t7,1.0,0.0,0,0,0
Falcon-H1R-7B,mquake_fscr_0670_t7,0.0,0.0,0,1,1
Falcon-H1R-7B,mquake_fscr_0671_t3,0.0,0.29404761904761906,0,1,1
Falcon-H1R-7B,mquake_fscr_0672_t7,0.7383333333333333,0.06875,0,1,1
Falcon-H1R-7B,mquake_fscr_0673_t7,0.763095238095238,0.0,0,1,1
Falcon-H1R-7B,mquake_fscr_0674_t7,1.0,1.0,0,0,0
Falcon-H1R-7B,mquake_fscr_0675_t7,1.0,1.0,0,0,0
Falcon-H1R-7B,mquake_fscr_0676_t7,0.7214285714285714,0.0,0,1,1
Falcon-H1R-7B,mquake_fscr_0677_t7,0.55,0.0,0,0,0
Falcon-H1R-7B,mquake_fscr_0678_t3,0.0,0.0,0,1,1
Falcon-H1R-7B,mquake_fscr_0679_t7,0.29404761904761906,0.0,0,1,1
Falcon-H1R-7B,mquake_fscr_0680_t7,1.0,1.0,0,0,0
Falcon-H1R-7B,mquake_fscr_0681_t7,0.5766666666666667,0.0,0,1,1
Falcon-H1R-7B,mquake_fscr_0682_t7,0.763095238095238,0.0,0,1,1
Falcon-H1R-7B,mquake_fscr_0683_t3,0.0,0.0,0,1,1
Falcon-H1R-7B,mquake_fscr_0684_t7,0.32000000000000006,0.0,0,1,1
Falcon-H1R-7B,mquake_fscr_0685_t3,0.0,0.0,0,1,1
Falcon-H1R-7B,mquake_fscr_0686_t7,0.55,0.55,0,0,0
Falcon-H1R-7B,mquake_fscr_0687_t3,0.0,0.0,0,1,1
Falcon-H1R-7B,mquake_fscr_0688_t7,0.6902777777777778,0.0,0,1,1
Falcon-H1R-7B,mquake_fscr_0689_t7,0.21547619047619046,0.0,0,1,1
Falcon-H1R-7B,mquake_fscr_0690_t3,0.0,0.0,0,1,1
Falcon-H1R-7B,mquake_fscr_0691_t7,0.55,0.55,0,0,0
Falcon-H1R-7B,mquake_fscr_0692_t3,1.0,0.0,0,1,1
Falcon-H1R-7B,mquake_fscr_0693_t3,0.40625,0.0,0,1,1
Falcon-H1R-7B,mquake_fscr_0694_t3,0.0,0.0,0,1,1
Falcon-H1R-7B,mquake_fscr_0695_t7,0.763095238095238,0.0,0,1,1
Falcon-H1R-7B,mquake_fscr_0696_t3,0.0,0.0,0,1,1
Falcon-H1R-7B,mquake_fscr_0697_t7,0.0,0.0,0,1,1
Falcon-H1R-7B,mquake_fscr_0698_t7,0.6902777777777778,0.0,0,1,1
Falcon-H1R-7B,mquake_fscr_0699_t3,0.11000000000000001,0.0,0,1,1
Falcon-H1R-7B,mquake_fscr_0700_t7,0.55,0.0,0,0,0
Falcon-H1R-7B,mquake_fscr_0701_t3,0.0,0.0,0,1,1
Falcon-H1R-7B,mquake_fscr_0702_t7,0.6916666666666667,0.0,0,1,1
Falcon-H1R-7B,mquake_fscr_0703_t3,0.0,0.0,0,1,1
Falcon-H1R-7B,mquake_fscr_0704_t7,0.3493055555555556,0.0,0,1,1
Falcon-H1R-7B,mquake_fscr_0705_t3,0.0,0.0,0,1,1
Falcon-H1R-7B,mquake_fscr_0706_t3,0.0,0.0,0,1,1
Falcon-H1R-7B,mquake_fscr_0707_t3,0.0,0.0,0,1,1
Falcon-H1R-7B,mquake_fscr_0708_t3,0.0,0.0,0,1,1
Falcon-H1R-7B,mquake_fscr_0709_t7,0.6261904761904762,0.0,0,1,1
Falcon-H1R-7B,mquake_fscr_0710_t3,0.0,0.0,0,1,1
Falcon-H1R-7B,mquake_fscr_0711_t3,0.0,0.0,0,1,1
Falcon-H1R-7B,mquake_fscr_0712_t3,0.0,0.0,0,1,1
Falcon-H1R-7B,mquake_fscr_0713_t3,0.0,0.0,0,1,1
Falcon-H1R-7B,mquake_fscr_0714_t3,0.0,0.0,0,1,1
Falcon-H1R-7B,mquake_fscr_0715_t7,0.21547619047619046,0.0,0,1,1
Falcon-H1R-7B,mquake_fscr_0716_t7,0.6261904761904762,0.0,0,1,1
Falcon-H1R-7B,mquake_fscr_0717_t7,1.0,0.0,0,1,1
Falcon-H1R-7B,mquake_fscr_0718_t3,0.0,0.0,0,1,1
Falcon-H1R-7B,mquake_fscr_0719_t3,0.763095238095238,0.0,0,1,1
Falcon-H1R-7B,mquake_fscr_0720_t7,0.1875,0.0,0,1,1
Falcon-H1R-7B,mquake_fscr_0721_t3,0.0,0.0,0,1,1
Falcon-H1R-7B,mquake_fscr_0722_t3,0.0,0.0,0,1,1
Falcon-H1R-7B,mquake_fscr_0723_t3,0.0,0.0,0,1,1
Falcon-H1R-7B,mquake_fscr_0724_t7,0.763095238095238,0.0,0,1,1
Falcon-H1R-7B,mquake_fscr_0725_t3,1.0,0.0,0,1,1
Falcon-H1R-7B,mquake_fscr_0726_t3,0.0,0.0,0,1,1
Falcon-H1R-7B,mquake_fscr_0727_t7,1.0,0.0,0,0,0
Falcon-H1R-7B,mquake_fscr_0728_t3,0.29404761904761906,0.0,0,1,1
Falcon-H1R-7B,mquake_fscr_0729_t7,0.5766666666666667,0.0,0,1,1
Falcon-H1R-7B,mquake_fscr_0730_t7,0.763095238095238,0.0,0,1,1
Falcon-H1R-7B,mquake_fscr_0731_t3,0.0,0.0,0,1,1
Falcon-H1R-7B,mquake_fscr_0732_t3,0.0,0.0,0,1,1
Falcon-H1R-7B,mquake_fscr_0733_t7,0.6683333333333333,0.0,0,1,1
Falcon-H1R-7B,mquake_fscr_0734_t3,0.18333333333333335,0.3940476190476191,0,1,1
Falcon-H1R-7B,mquake_fscr_0735_t3,0.22708333333333336,0.0,0,0,1
Falcon-H1R-7B,mquake_fscr_0736_t3,0.0,0.0,0,1,1
Falcon-H1R-7B,mquake_fscr_0737_t7,0.55,0.9,0,0,0
Falcon-H1R-7B,mquake_fscr_0738_t7,0.763095238095238,0.07857142857142857,0,1,1
Falcon-H1R-7B,mquake_fscr_0739_t7,0.27083333333333337,0.0,0,1,1
Falcon-H1R-7B,mquake_fscr_0740_t3,0.0,0.0,0,1,1
Falcon-H1R-7B,mquake_fscr_0741_t7,0.6261904761904762,0.0,0,1,1
Falcon-H1R-7B,mquake_fscr_0742_t7,0.55,0.0,0,0,0
Falcon-H1R-7B,mquake_fscr_0743_t3,0.0,0.0,0,1,1
Falcon-H1R-7B,mquake_fscr_0744_t7,1.0,0.0,0,0,0
Falcon-H1R-7B,mquake_fscr_0745_t3,0.0,0.0,0,1,1
Falcon-H1R-7B,mquake_fscr_0746_t7,1.0,0.0,0,0,0
Falcon-H1R-7B,mquake_fscr_0747_t7,0.0,0.0,0,1,1
Falcon-H1R-7B,mquake_fscr_0748_t7,0.6261904761904762,0.0,0,1,1
Falcon-H1R-7B,mquake_fscr_0749_t7,0.06875,0.0,0,1,1
Falcon-H1R-7B,mquake_fscr_0750_t3,0.33333333333333337,0.0,0,1,1
Falcon-H1R-7B,mquake_fscr_0751_t3,0.0,0.0,0,1,1
Falcon-H1R-7B,mquake_fscr_0752_t3,0.0,0.0,0,1,1
Falcon-H1R-7B,mquake_fscr_0753_t3,0.0,0.0,0,1,1
Falcon-H1R-7B,mquake_fscr_0754_t3,0.0,0.0,0,1,1
Falcon-H1R-7B,mquake_fscr_0755_t7,0.4309523809523809,0.0,0,1,1
Falcon-H1R-7B,mquake_fscr_0756_t7,0.7122222222222223,0.0,0,1,1
Falcon-H1R-7B,mquake_fscr_0757_t7,0.9,0.0,0,0,0
Falcon-H1R-7B,mquake_fscr_0758_t7,1.0,0.0,0,0,0
Falcon-H1R-7B,mquake_fscr_0759_t3,0.0,0.0,0,1,1
Falcon-H1R-7B,mquake_fscr_0760_t7,0.6902777777777778,0.0,0,1,1
Falcon-H1R-7B,mquake_fscr_0761_t3,0.0,0.09166666666666667,0,1,1
Falcon-H1R-7B,mquake_fscr_0762_t7,0.4309523809523809,0.0,0,1,1
Falcon-H1R-7B,mquake_fscr_0763_t7,0.55,0.55,0,0,0
Falcon-H1R-7B,mquake_fscr_0764_t3,0.0,0.0,0,1,1
Falcon-H1R-7B,mquake_fscr_0765_t3,0.0,0.0,0,1,1
Falcon-H1R-7B,mquake_fscr_0766_t7,1.0,0.0,0,0,0
Falcon-H1R-7B,mquake_fscr_0767_t7,0.55,0.0,0,0,0
Falcon-H1R-7B,mquake_fscr_0768_t7,1.0,1.0,0,0,0
Falcon-H1R-7B,mquake_fscr_0769_t3,0.0,0.0,0,1,1
Falcon-H1R-7B,mquake_fscr_0770_t3,0.0,0.0,0,1,1
Falcon-H1R-7B,mquake_fscr_0771_t3,0.0,0.0,0,1,1
Falcon-H1R-7B,mquake_fscr_0772_t3,0.0,0.6261904761904762,1,1,0
Falcon-H1R-7B,mquake_fscr_0773_t7,0.7122222222222223,0.0,0,1,1
Falcon-H1R-7B,mquake_fscr_0774_t3,0.34500000000000003,0.0,0,1,1
Falcon-H1R-7B,mquake_fscr_0775_t7,0.7214285714285714,0.0,0,1,1
Falcon-H1R-7B,mquake_fscr_0776_t7,1.0,1.0,0,0,0
Falcon-H1R-7B,mquake_fscr_0777_t7,0.7383333333333333,0.0,0,1,1
Falcon-H1R-7B,mquake_fscr_0778_t3,0.0,0.0,0,1,1
Falcon-H1R-7B,mquake_fscr_0779_t7,0.09166666666666667,0.0,0,1,1
Falcon-H1R-7B,mquake_fscr_0780_t3,0.0,0.0,0,1,1
Falcon-H1R-7B,mquake_fscr_0781_t3,0.25333333333333335,0.25333333333333335,0,1,1
Falcon-H1R-7B,mquake_fscr_0782_t7,0.6625000000000001,0.0,0,1,1
Falcon-H1R-7B,mquake_fscr_0783_t7,0.763095238095238,0.0,0,1,1
Falcon-H1R-7B,mquake_fscr_0784_t3,0.16597222222222224,0.0,0,1,1
Falcon-H1R-7B,mquake_fscr_0785_t7,0.06875,0.0,0,1,1
Falcon-H1R-7B,mquake_fscr_0786_t7,0.6902777777777778,0.0,0,1,1
Falcon-H1R-7B,mquake_fscr_0787_t7,1.0,0.0,0,0,0
Falcon-H1R-7B,mquake_fscr_0788_t3,0.0,0.0,0,1,1
Falcon-H1R-7B,mquake_fscr_0789_t3,0.0,0.0,0,1,1
Falcon-H1R-7B,mquake_fscr_0790_t7,0.55,0.55,0,0,0
Falcon-H1R-7B,mquake_fscr_0791_t7,0.7951388888888888,0.0,0,1,1
Falcon-H1R-7B,mquake_fscr_0792_t3,0.0,0.0,0,1,1
Falcon-H1R-7B,mquake_fscr_0793_t7,0.325,0.0,0,1,1
Falcon-H1R-7B,mquake_fscr_0794_t3,0.29404761904761906,0.0,0,1,1
Falcon-H1R-7B,mquake_fscr_0795_t3,0.0,0.0,0,1,1
Falcon-H1R-7B,mquake_fscr_0796_t7,0.5854166666666667,0.0,0,1,1
Falcon-H1R-7B,mquake_fscr_0797_t3,0.0,0.0,0,1,1
Falcon-H1R-7B,mquake_fscr_0798_t7,0.55,0.0,0,0,0
Falcon-H1R-7B,mquake_fscr_0799_t7,0.5766666666666667,0.0,0,1,1
Falcon-H1R-7B,mquake_fscr_0800_t7,0.55,0.0,0,0,0
Falcon-H1R-7B,mquake_fscr_0801_t7,0.763095238095238,0.0,0,1,1
Falcon-H1R-7B,mquake_fscr_0802_t7,0.8416666666666668,0.0,0,1,1
Falcon-H1R-7B,mquake_fscr_0803_t7,0.6625000000000001,0.0,0,1,1
Falcon-H1R-7B,mquake_fscr_0804_t3,0.0,0.0,0,1,1
Falcon-H1R-7B,mquake_fscr_0805_t7,1.0,0.0,0,1,1
Falcon-H1R-7B,mquake_fscr_0806_t7,0.21547619047619046,0.0,0,1,1
Falcon-H1R-7B,mquake_fscr_0807_t3,0.0,0.0,0,1,1
Falcon-H1R-7B,mquake_fscr_0808_t3,0.0,0.07857142857142857,0,1,1
Falcon-H1R-7B,mquake_fscr_0809_t3,0.0,0.0,0,1,1
Falcon-H1R-7B,mquake_fscr_0810_t7,0.0,0.0,0,1,1
Falcon-H1R-7B,mquake_fscr_0811_t3,1.0,0.0,0,1,1
Falcon-H1R-7B,mquake_fscr_0812_t3,0.0,0.0,0,1,1
Falcon-H1R-7B,mquake_fscr_0813_t3,0.0,0.09166666666666667,0,1,1
Falcon-H1R-7B,mquake_fscr_0814_t3,0.0,0.0,0,1,1
Falcon-H1R-7B,mquake_fscr_0815_t7,1.0,0.0,0,0,0
Falcon-H1R-7B,mquake_fscr_0816_t7,0.55,0.55,0,0,0
Falcon-H1R-7B,mquake_fscr_0817_t3,0.0,0.0,0,0,1
Falcon-H1R-7B,mquake_fscr_0818_t7,1.0,1.0,0,0,0
Falcon-H1R-7B,mquake_fscr_0819_t3,0.0,0.0,0,1,1
Falcon-H1R-7B,mquake_fscr_0820_t3,0.0,0.0,0,1,1
Falcon-H1R-7B,mquake_fscr_0821_t7,0.0,0.11000000000000001,0,1,1
Falcon-H1R-7B,mquake_fscr_0822_t3,0.0,0.0,0,1,1
Falcon-H1R-7B,mquake_fscr_0823_t3,0.0,0.0,0,1,1
Falcon-H1R-7B,mquake_fscr_0824_t3,0.0,0.0,0,1,1
Falcon-H1R-7B,mquake_fscr_0825_t3,0.0,0.2038888888888889,0,1,1
Falcon-H1R-7B,mquake_fscr_0826_t7,0.7025,0.0,0,1,1
Falcon-H1R-7B,mquake_fscr_0827_t3,0.2977777777777778,0.0,0,1,1
Falcon-H1R-7B,mquake_fscr_0828_t7,0.7025,0.0,0,1,1
Falcon-H1R-7B,mquake_fscr_0829_t3,0.4309523809523809,0.0,0,1,1
Falcon-H1R-7B,mquake_fscr_0830_t3,0.0,0.0,0,1,1
Falcon-H1R-7B,mquake_fscr_0831_t7,0.55,0.0,0,0,0
Falcon-H1R-7B,mquake_fscr_0832_t7,0.0,0.0,0,1,1
Falcon-H1R-7B,mquake_fscr_0833_t3,0.0,0.0,0,1,1
Falcon-H1R-7B,mquake_fscr_0834_t3,0.34500000000000003,0.0,0,1,1
Falcon-H1R-7B,mquake_fscr_0835_t3,0.0,0.0,0,1,1
Falcon-H1R-7B,mquake_fscr_0836_t3,0.0,0.25625000000000003,0,1,1
Falcon-H1R-7B,mquake_fscr_0837_t3,0.0,0.0,0,1,1
Falcon-H1R-7B,mquake_fscr_0838_t3,0.0,0.0,0,1,1
Falcon-H1R-7B,mquake_fscr_0839_t7,0.55,0.09166666666666667,0,0,0
Falcon-H1R-7B,mquake_fscr_0840_t7,1.0,0.0,0,0,0
Falcon-H1R-7B,mquake_fscr_0841_t3,0.0,0.0,0,1,1
Falcon-H1R-7B,mquake_fscr_0842_t3,0.15714285714285714,0.0,0,1,1
Falcon-H1R-7B,mquake_fscr_0843_t3,0.0,0.0,0,1,1
Falcon-H1R-7B,mquake_fscr_0844_t7,0.21547619047619046,0.0,0,1,1
Falcon-H1R-7B,mquake_fscr_0845_t3,1.0,0.0,0,1,1
Falcon-H1R-7B,mquake_fscr_0846_t7,0.6261904761904762,0.0,0,1,1
Falcon-H1R-7B,mquake_fscr_0847_t7,0.21547619047619046,0.0,0,1,1
Falcon-H1R-7B,mquake_fscr_0848_t7,0.34500000000000003,0.275,0,1,1
Falcon-H1R-7B,mquake_fscr_0849_t7,1.0,1.0,0,0,0
Falcon-H1R-7B,mquake_fscr_0850_t7,1.0,0.0,0,0,0
Falcon-H1R-7B,mquake_fscr_0851_t3,0.0,0.0,0,1,1
Falcon-H1R-7B,mquake_fscr_0852_t3,0.1488888888888889,0.0,0,1,1
Falcon-H1R-7B,mquake_fscr_0853_t3,0.0,0.07857142857142857,0,1,1
Falcon-H1R-7B,mquake_fscr_0854_t3,1.0,0.0,0,0,1
Falcon-H1R-7B,mquake_fscr_0855_t3,0.09166666666666667,0.0,0,1,1
Falcon-H1R-7B,mquake_fscr_0856_t7,0.55,0.55,0,0,0
Falcon-H1R-7B,mquake_fscr_0857_t7,0.763095238095238,0.0,0,1,1
Falcon-H1R-7B,mquake_fscr_0858_t3,0.0,0.0,0,1,1
Falcon-H1R-7B,mquake_fscr_0859_t3,0.0,0.0,0,1,1
Falcon-H1R-7B,mquake_fscr_0860_t3,0.0,0.0,0,1,1
Falcon-H1R-7B,mquake_fscr_0861_t3,0.0,0.16597222222222224,0,1,1
Falcon-H1R-7B,mquake_fscr_0862_t3,0.0,0.0,0,1,1
Falcon-H1R-7B,mquake_fscr_0863_t7,0.6683333333333333,0.0,0,1,1
Falcon-H1R-7B,mquake_fscr_0864_t7,0.5244444444444445,0.2977777777777778,0,1,1
Falcon-H1R-7B,mquake_fscr_0865_t7,0.675,0.0,0,1,1
Falcon-H1R-7B,mquake_fscr_0866_t3,1.0,0.0,0,1,1
Falcon-H1R-7B,mquake_fscr_0867_t3,0.0,0.0,0,1,1
Falcon-H1R-7B,mquake_fscr_0868_t7,0.55,0.55,0,0,0
Falcon-H1R-7B,mquake_fscr_0869_t7,0.375,0.49375,0,1,1
Falcon-H1R-7B,mquake_fscr_0870_t7,0.24166666666666667,0.0,0,1,1
Falcon-H1R-7B,mquake_fscr_0871_t3,0.0,0.0,0,1,1
Falcon-H1R-7B,mquake_fscr_0872_t7,0.54375,0.0,0,1,1
Falcon-H1R-7B,mquake_fscr_0873_t3,0.0,0.0,0,1,1
Falcon-H1R-7B,mquake_fscr_0874_t7,1.0,0.0,0,0,0
Falcon-H1R-7B,mquake_fscr_0875_t3,0.0,0.0,0,1,1
Falcon-H1R-7B,mquake_fscr_0876_t3,0.0,0.0,0,1,1
Falcon-H1R-7B,mquake_fscr_0877_t3,0.0,0.0,0,1,1
Falcon-H1R-7B,mquake_fscr_0878_t3,0.0,0.0,0,1,1
Falcon-H1R-7B,mquake_fscr_0879_t3,0.0,0.09166666666666667,0,1,1
Falcon-H1R-7B,mquake_fscr_0880_t3,0.0,0.0,0,1,1
Falcon-H1R-7B,mquake_fscr_0881_t7,0.29404761904761906,0.0,0,1,1
Falcon-H1R-7B,mquake_fscr_0882_t3,0.0,0.0,0,1,1
Falcon-H1R-7B,mquake_fscr_0883_t3,0.0,0.0,0,1,1
Falcon-H1R-7B,mquake_fscr_0884_t3,0.0,0.0,0,1,1
Falcon-H1R-7B,mquake_fscr_0885_t3,0.0,0.0,0,1,1
Falcon-H1R-7B,mquake_fscr_0886_t3,1.0,0.0,0,1,1
Falcon-H1R-7B,mquake_fscr_0887_t7,0.0,0.0,0,1,1
Falcon-H1R-7B,mquake_fscr_0888_t3,0.0,0.0,0,1,1
Falcon-H1R-7B,mquake_fscr_0889_t3,0.0,0.0,0,1,1
Falcon-H1R-7B,mquake_fscr_0890_t7,0.5766666666666667,0.0,0,1,1
Falcon-H1R-7B,mquake_fscr_0891_t3,0.0,0.0,0,1,1
Falcon-H1R-7B,mquake_fscr_0892_t3,0.25625000000000003,0.0,0,1,1
Falcon-H1R-7B,mquake_fscr_0893_t3,0.0,0.0,0,1,1
Falcon-H1R-7B,mquake_fscr_0894_t3,0.0,0.0,0,1,1
Falcon-H1R-7B,mquake_fscr_0895_t7,0.55,0.55,0,0,0
Falcon-H1R-7B,mquake_fscr_0896_t3,0.0,0.0,0,1,1
Falcon-H1R-7B,mquake_fscr_0897_t7,0.0,0.0,0,1,1
Falcon-H1R-7B,mquake_fscr_0898_t3,0.0,0.0,0,1,1
Falcon-H1R-7B,mquake_fscr_0899_t3,0.275,0.275,0,1,1
Falcon-H1R-7B,mquake_fscr_0900_t3,0.0,0.0,0,1,1
Falcon-H1R-7B,mquake_fscr_0901_t3,0.15714285714285714,0.0,0,0,1
Falcon-H1R-7B,mquake_fscr_0902_t7,1.0,1.0,0,0,0
Falcon-H1R-7B,mquake_fscr_0903_t7,0.3319444444444445,0.0,0,1,1
Falcon-H1R-7B,mquake_fscr_0904_t7,0.2881944444444445,0.0,0,1,1
Falcon-H1R-7B,mquake_fscr_0905_t3,0.0,0.0,0,1,1
Falcon-H1R-7B,mquake_fscr_0906_t7,0.60859375,0.0,0,0,0
Falcon-H1R-7B,mquake_fscr_0907_t7,0.15714285714285714,0.0,0,1,1
Falcon-H1R-7B,mquake_fscr_0908_t3,0.0,0.0,0,1,1
Falcon-H1R-7B,mquake_fscr_0909_t3,0.31547619047619047,0.0,0,1,1
Falcon-H1R-7B,mquake_fscr_0910_t3,0.0,0.0,0,1,1
Falcon-H1R-7B,mquake_fscr_0911_t3,0.0,0.0,0,1,1
Falcon-H1R-7B,mquake_fscr_0912_t3,0.0,0.0,0,1,1
Falcon-H1R-7B,mquake_fscr_0913_t3,0.0,0.0,0,1,1
Falcon-H1R-7B,mquake_fscr_0914_t7,0.34500000000000003,0.0,0,1,1
Falcon-H1R-7B,mquake_fscr_0915_t3,0.0,0.0,0,1,1
Falcon-H1R-7B,mquake_fscr_0916_t7,0.375,0.0,0,1,1
Falcon-H1R-7B,mquake_fscr_0917_t7,0.55,0.55,0,0,0
Falcon-H1R-7B,mquake_fscr_0918_t7,0.25625000000000003,0.0,0,1,1
Falcon-H1R-7B,mquake_fscr_0919_t7,1.0,0.0,0,0,0
Falcon-H1R-7B,mquake_fscr_0920_t7,1.0,1.0,0,0,0
Falcon-H1R-7B,mquake_fscr_0921_t7,0.39166666666666666,0.2977777777777778,0,1,1
Falcon-H1R-7B,mquake_fscr_0922_t7,0.7951388888888888,0.0,0,1,1
Falcon-H1R-7B,mquake_fscr_0923_t7,0.763095238095238,0.0,0,1,1
Falcon-H1R-7B,mquake_fscr_0924_t3,0.0,0.0,0,1,1
Falcon-H1R-7B,mquake_fscr_0925_t3,0.0,0.0,0,1,1
Falcon-H1R-7B,mquake_fscr_0926_t7,0.55,0.0,0,0,0
Falcon-H1R-7B,mquake_fscr_0927_t7,0.6625000000000001,0.0,0,1,1
Falcon-H1R-7B,mquake_fscr_0928_t3,0.0,0.0,0,1,1
Falcon-H1R-7B,mquake_fscr_0929_t7,1.0,1.0,0,0,0
Falcon-H1R-7B,mquake_fscr_0930_t7,0.55,0.55,0,0,0
Falcon-H1R-7B,mquake_fscr_0931_t7,0.55,0.55,0,0,0
Falcon-H1R-7B,mquake_fscr_0932_t7,0.763095238095238,0.0,0,1,1
Falcon-H1R-7B,mquake_fscr_0933_t3,0.0,0.0,0,1,1
Falcon-H1R-7B,mquake_fscr_0934_t3,0.0,0.0,0,1,1
Falcon-H1R-7B,mquake_fscr_0935_t7,0.06875,0.06875,0,1,1
Falcon-H1R-7B,mquake_fscr_0936_t7,0.0,0.0,0,1,1
Falcon-H1R-7B,mquake_fscr_0937_t7,0.0,0.0,0,1,1
Falcon-H1R-7B,mquake_fscr_0938_t3,0.06875,0.0,0,1,1
Falcon-H1R-7B,mquake_fscr_0939_t7,1.0,1.0,0,0,0
Falcon-H1R-7B,mquake_fscr_0940_t3,0.0,0.0,0,1,1
Falcon-H1R-7B,mquake_fscr_0941_t7,0.55,0.55,0,0,0
Falcon-H1R-7B,mquake_fscr_0942_t7,0.375,0.11000000000000001,0,1,1
Falcon-H1R-7B,mquake_fscr_0943_t3,0.0,0.0,0,1,1
Falcon-H1R-7B,mquake_fscr_0944_t7,0.4309523809523809,0.07857142857142857,0,1,1
Falcon-H1R-7B,mquake_fscr_0945_t7,0.375,0.0,0,0,0
Falcon-H1R-7B,mquake_fscr_0946_t7,0.4309523809523809,0.0,0,1,1
Falcon-H1R-7B,mquake_fscr_0947_t3,0.12222222222222223,0.0,0,1,1
Falcon-H1R-7B,mquake_fscr_0948_t3,0.0,0.0,0,1,1
Falcon-H1R-7B,mquake_fscr_0949_t3,0.0,0.0,0,1,1
Falcon-H1R-7B,mquake_fscr_0950_t7,1.0,1.0,0,0,0
Falcon-H1R-7B,mquake_fscr_0951_t3,0.0,0.0,0,1,1
Falcon-H1R-7B,mquake_fscr_0952_t7,0.6261904761904762,0.0,0,1,1
Falcon-H1R-7B,mquake_fscr_0953_t3,0.0,0.0,0,1,1
Falcon-H1R-7B,mquake_fscr_0954_t3,0.0,0.0,0,1,1
Falcon-H1R-7B,mquake_fscr_0955_t7,0.6261904761904762,0.0,0,1,1
Falcon-H1R-7B,mquake_fscr_0956_t7,0.34500000000000003,0.0,0,1,1
Falcon-H1R-7B,mquake_fscr_0957_t7,0.29404761904761906,0.0,0,1,1
Falcon-H1R-7B,mquake_fscr_0958_t3,0.0,0.0,0,1,1
Falcon-H1R-7B,mquake_fscr_0959_t7,0.3527777777777778,0.2977777777777778,0,1,1
Falcon-H1R-7B,mquake_fscr_0960_t3,0.0,0.0,0,1,1
Falcon-H1R-7B,mquake_fscr_0961_t7,0.763095238095238,0.0,0,1,1
Falcon-H1R-7B,mquake_fscr_0962_t3,0.0,0.09166666666666667,0,1,1
Falcon-H1R-7B,mquake_fscr_0963_t7,0.7951388888888888,0.0,0,1,1
Falcon-H1R-7B,mquake_fscr_0964_t7,0.09166666666666667,0.0,0,1,1
Falcon-H1R-7B,mquake_fscr_0965_t3,0.0,0.0,0,1,1
Falcon-H1R-7B,mquake_fscr_0966_t7,0.7383333333333333,0.0,0,1,1
Falcon-H1R-7B,mquake_fscr_0967_t3,0.0,0.0,0,1,1
Falcon-H1R-7B,mquake_fscr_0968_t7,0.55,0.0,0,0,0
Falcon-H1R-7B,mquake_fscr_0969_t7,0.25625000000000003,0.0,0,1,1
Falcon-H1R-7B,mquake_fscr_0970_t3,0.0,0.0,0,1,1
Falcon-H1R-7B,mquake_fscr_0971_t3,0.0,0.0,0,1,1
Falcon-H1R-7B,mquake_fscr_0972_t3,0.0,0.0,0,1,1
Falcon-H1R-7B,mquake_fscr_0973_t3,0.0,0.0,0,1,1
Falcon-H1R-7B,mquake_fscr_0974_t3,0.0,0.0,0,1,1
Falcon-H1R-7B,mquake_fscr_0975_t3,1.0,0.0,0,1,0
Falcon-H1R-7B,mquake_fscr_0976_t7,0.6261904761904762,0.0,0,1,1
Falcon-H1R-7B,mquake_fscr_0977_t3,0.0,0.0,0,1,1
Falcon-H1R-7B,mquake_fscr_0978_t7,0.6902777777777778,0.0,0,1,1
Falcon-H1R-7B,mquake_fscr_0979_t7,0.375,0.0,0,1,1
Falcon-H1R-7B,mquake_fscr_0980_t7,0.22708333333333336,0.0,0,1,1
Falcon-H1R-7B,mquake_fscr_0981_t3,0.0,0.0,0,1,1
Falcon-H1R-7B,mquake_fscr_0982_t7,0.43680555555555556,0.0,0,1,1
Falcon-H1R-7B,mquake_fscr_0983_t3,0.0,0.0,0,1,1
Falcon-H1R-7B,mquake_fscr_0984_t7,0.55,0.0,0,0,0
Falcon-H1R-7B,mquake_fscr_0985_t7,0.16597222222222224,0.0,0,1,1
Falcon-H1R-7B,mquake_fscr_0986_t3,0.16597222222222224,0.0,0,1,1
Falcon-H1R-7B,mquake_fscr_0987_t3,0.0,0.0,0,1,1
Falcon-H1R-7B,mquake_fscr_0988_t3,0.0,0.0,0,1,1
Falcon-H1R-7B,mquake_fscr_0989_t3,0.0,0.0,0,1,1
Falcon-H1R-7B,mquake_fscr_0990_t3,0.07857142857142857,0.0,0,1,1
Falcon-H1R-7B,mquake_fscr_0991_t3,0.0,0.0,0,1,1
Falcon-H1R-7B,mquake_fscr_0992_t3,0.0,0.0,0,1,1
Falcon-H1R-7B,mquake_fscr_0993_t7,0.6261904761904762,0.0,0,1,1
Falcon-H1R-7B,mquake_fscr_0994_t7,0.6625000000000001,0.0,0,1,1
Falcon-H1R-7B,mquake_fscr_0995_t7,0.18125000000000002,0.0,0,1,1
Falcon-H1R-7B,mquake_fscr_0996_t3,0.0,0.0,0,1,1
Falcon-H1R-7B,mquake_fscr_0997_t7,0.55,0.55,0,0,0
Falcon-H1R-7B,mquake_fscr_0998_t3,0.0,0.0,0,1,1
Falcon-H1R-7B,mquake_fscr_0999_t3,0.0,0.0,0,1,1
