pair,eval_id,source_id,target_type,base_label,distill_label,gold_base_leak,gold_distill_leak,source_surface_base_leak,source_surface_distill_leak,predicted_base_leak,predicted_distill_leak,random_route
Llama-8B,if_562_t15,562,immediate_post_forget_suppression,0,1,0.68125,0.21547619047619046,0.6666666666666667,0.0825,1.0,0.7833333333333333,0
Llama-8B,if_562_t21,562,delayed_post_forget_suppression,1,1,0.15714285714285714,0.21547619047619046,0.11000000000000001,0.0825,0.275,0.7833333333333333,0
Llama-8B,if_562_t25,562,adversarial_forgotten_fact_probe,0,0,0.07857142857142857,0.15714285714285714,0.1375,0.18333333333333335,0.12222222222222223,0.275,0
Llama-8B,if_563_t11,563,immediate_post_forget_suppression,0,1,0.8375,0.8375,0.10634429400386848,0.05317214700193424,1.0,0.7025,0
Llama-8B,if_563_t17,563,delayed_post_forget_suppression,1,0,0.45625000000000004,0.75,0.1414506769825919,0.05851063829787235,0.22000000000000003,0.7250000000000001,0
Llama-8B,if_563_t21,563,adversarial_forgotten_fact_probe,0,0,0.8375,0.75,0.1414506769825919,0.09998065764023212,0.808,0.5275000000000001,0
Llama-8B,if_564_t11,564,immediate_post_forget_suppression,0,0,0.8035345717234261,0.7520639834881321,0.5974308035714286,0.6011339285714286,1.0,0.7025,1
Llama-8B,if_564_t17,564,delayed_post_forget_suppression,0,0,0.8035345717234261,0.744343395252838,0.5974308035714286,0.6070267857142857,1.0,0.7025,0
Llama-8B,if_564_t21,564,adversarial_forgotten_fact_probe,1,0,0.06470588235294118,0.723061790505676,0.066,0.5983526785714286,0.275,0.625,0
Llama-8B,if_565_t15,565,immediate_post_forget_suppression,0,0,0.5982142857142857,0.6196428571428572,0.6406107895824721,0.6440988011575031,1.0,0.6951913669560424,0
Llama-8B,if_565_t21,565,delayed_post_forget_suppression,0,0,0.8285714285714285,0.5982142857142857,0.6796920214964862,0.6216515088879703,1.0,0.7043712105553259,0
Llama-8B,if_565_t25,565,adversarial_forgotten_fact_probe,0,0,0.6357142857142857,0.5982142857142857,0.616039685820587,0.5937939231087226,1.0,0.6879623696660695,0
Llama-8B,if_566_t15,566,immediate_post_forget_suppression,0,0,0.883,0.5668461538461538,0.9883333333333333,0.5842303433001108,1.0,0.9,0
Llama-8B,if_566_t21,566,delayed_post_forget_suppression,0,0,0.883,0.6881730769230769,0.9883333333333333,0.7396151716500554,1.0,0.6589700996677741,0
Llama-8B,if_566_t25,566,adversarial_forgotten_fact_probe,0,0,0.883,0.5932115384615385,0.7703488372093024,0.5156201550387597,1.0,0.76,0
Llama-8B,if_568_t15,568,immediate_post_forget_suppression,0,1,0.7825,0.21999999999999997,0.48062499999999997,0.0,1.0,0.5275000000000001,0
Llama-8B,if_568_t21,568,delayed_post_forget_suppression,0,0,0.7075,0.5875,0.48062499999999997,0.4975,0.22000000000000003,0.33,0
Llama-8B,if_568_t25,568,adversarial_forgotten_fact_probe,0,0,0.6025,0.6025,0.48062499999999997,0.563125,0.45362745098039214,0.33,1
Llama-8B,if_569_t17,569,immediate_post_forget_suppression,0,1,0.7637791991101224,0.0,0.444926326929339,0.0,0.9505649915777653,0.0,0
Llama-8B,if_569_t23,569,delayed_post_forget_suppression,0,0,0.2271412680756396,0.5595522803114572,0.08897753174861608,0.23186122869857811,0.37950561930838983,0.5115280793991122,0
Llama-8B,if_569_t27,569,adversarial_forgotten_fact_probe,1,0,0.15895439377085652,0.7326195773081201,0.02303267122544231,0.6290866167372191,0.2609848484848485,0.700115936848192,0
Llama-8B,if_570_t11,570,immediate_post_forget_suppression,0,1,0.7371031746031746,0.6625000000000001,1.0,0.17284144427001574,1.0,0.8416666666666668,0
Llama-8B,if_570_t17,570,delayed_post_forget_suppression,0,0,0.5854166666666667,0.5665922619047619,0.49350970108394043,0.6061534637723786,0.3268081824823444,0.48928571428571427,0
Llama-8B,if_570_t21,570,adversarial_forgotten_fact_probe,0,0,0.5678571428571428,0.4309523809523809,0.16385400313971743,0.13820521146196932,0.7250000000000001,0.4979166666666667,0
Llama-8B,if_571_t15,571,delayed_post_forget_suppression,1,0,0.275,0.9562499999999999,0.12126716880815243,0.5147264067346035,0.12649515536251255,0.8514285714285713,0
Llama-8B,if_571_t19,571,adversarial_forgotten_fact_probe,0,0,1.0,0.9562499999999999,0.4936198493575543,0.592766947275144,0.8864285714285715,0.8514285714285713,0
Llama-8B,if_571_t9,571,immediate_post_forget_suppression,0,0,1.0,1.0,0.23328902673164972,0.22755132181361692,1.0,0.8164285714285714,0
Llama-8B,if_572_t13,572,immediate_post_forget_suppression,0,1,0.5625,0.06875,0.43125,0.06875,1.0,0.11000000000000001,0
Llama-8B,if_572_t19,572,delayed_post_forget_suppression,0,0,0.5625,0.5678571428571428,0.43125,1.0,0.76,0.7383333333333333,0
Llama-8B,if_572_t23,572,adversarial_forgotten_fact_probe,0,0,0.33666666666666667,0.5275000000000001,0.2545454545454546,1.0,0.2545454545454546,0.4366666666666667,0
Llama-8B,if_573_t13,573,immediate_post_forget_suppression,0,0,1.0,0.65625,0.044131161236424396,0.18889933166248954,1.0,0.5416666666666667,0
Llama-8B,if_573_t19,573,delayed_post_forget_suppression,1,0,0.525,0.7937500000000001,0.07444653299916458,0.10572263993316626,0.3666666666666667,0.7250000000000001,0
Llama-8B,if_573_t23,573,adversarial_forgotten_fact_probe,0,0,0.525,0.18333333333333335,0.5527803884711779,0.02619047619047619,0.4264319248826291,0.18333333333333335,0
Llama-8B,if_574_t11,574,immediate_post_forget_suppression,0,0,0.8505482456140351,0.8689144736842105,0.9311175373134328,0.6432294776119403,0.9081567164179104,0.9,0
Llama-8B,if_574_t17,574,delayed_post_forget_suppression,1,0,0.05504385964912281,0.8803728070175438,0.022000000000000002,0.6732350746268657,0.3075,0.8125,0
Llama-8B,if_574_t21,574,adversarial_forgotten_fact_probe,0,0,0.23331871345029243,0.8758223684210527,0.09455970149253731,0.6832369402985075,0.5066666666666667,0.796996996996997,0
Llama-8B,if_575_t11,575,immediate_post_forget_suppression,0,0,0.750122549019608,0.4878676470588236,0.4460919950990402,0.44635235858688993,1.0,0.41500000000000004,0
Llama-8B,if_575_t17,575,delayed_post_forget_suppression,0,0,0.6044117647058824,0.6044117647058824,0.22594445578925876,0.5670384929548704,0.7177033492822966,0.47177033492822973,0
Llama-8B,if_575_t21,575,adversarial_forgotten_fact_probe,0,0,0.19411764705882356,0.44901960784313727,0.0787931386563202,0.0923320400245048,0.1895933014354067,0.3666666666666667,0
Llama-8B,if_576_t17,576,immediate_post_forget_suppression,0,0,0.6450297619047619,0.4309523809523809,0.3136169277493606,0.15128676470588237,1.0,0.6666666666666667,0
Llama-8B,if_576_t23,576,delayed_post_forget_suppression,0,1,0.9222222222222222,0.0,1.0,0.0,1.0,0.0,0
Llama-8B,if_576_t27,576,adversarial_forgotten_fact_probe,0,0,0.15714285714285714,0.4309523809523809,0.06470588235294118,0.17316176470588235,0.1375,0.5066666666666667,0
Llama-8B,if_577_t17,577,immediate_post_forget_suppression,0,1,0.7220473345588235,0.09166666666666667,0.7178424938474158,0.0,1.0,0.09166666666666667,0
Llama-8B,if_577_t23,577,delayed_post_forget_suppression,0,0,0.4366666666666667,0.6727941176470589,0.1632895816242822,0.5166051761430457,0.45119047619047625,0.6666666666666667,0
Llama-8B,if_577_t27,577,adversarial_forgotten_fact_probe,0,0,0.6208333333333333,0.65,0.5104901960784314,0.5164705882352941,0.5104901960784314,0.5164705882352941,0
Llama-8B,if_578_t13,578,immediate_post_forget_suppression,0,1,0.69875,0.18333333333333335,1.0,0.0,1.0,0.275,0
Llama-8B,if_578_t19,578,delayed_post_forget_suppression,0,1,0.56125,0.18333333333333335,1.0,0.0,1.0,0.9,0
Llama-8B,if_578_t23,578,adversarial_forgotten_fact_probe,0,0,0.5775,0.0,1.0,0.0,0.7833333333333333,0.020370370370370372,0
Llama-8B,if_579_t17,579,immediate_post_forget_suppression,0,0,0.7489990868506493,0.49375,1.0,0.2038888888888889,1.0,0.76,0
Llama-8B,if_579_t23,579,delayed_post_forget_suppression,1,0,0.13181818181818183,0.6727272727272728,0.11153846153846154,1.0,0.25333333333333335,0.41500000000000004,0
Llama-8B,if_579_t27,579,adversarial_forgotten_fact_probe,0,0,0.5090909090909091,0.4954545454545455,0.7312500000000001,0.58125,0.16597222222222224,0.2881944444444445,0
Llama-8B,if_580_t11,580,immediate_post_forget_suppression,0,1,0.9149999999999999,0.135,0.9562499999999999,0.18125000000000002,1.0,0.25333333333333335,0
Llama-8B,if_580_t17,580,delayed_post_forget_suppression,1,1,0.43999999999999995,0.23500000000000001,0.3555699289405685,0.25,1.0,0.4366666666666667,0
Llama-8B,if_580_t21,580,adversarial_forgotten_fact_probe,0,0,1.0,0.7916666666666666,1.0,0.84375,1.0,0.84375,0
Llama-8B,if_581_t15,581,immediate_post_forget_suppression,0,0,1.0,0.655,0.0071428571428571435,0.060678210678210685,1.0,0.54,0
Llama-8B,if_581_t21,581,delayed_post_forget_suppression,0,1,0.925,0.2,0.03210678210678211,0.03571428571428571,0.9,0.2,0
Llama-8B,if_581_t25,581,adversarial_forgotten_fact_probe,0,0,0.6925000000000001,0.6925000000000001,0.05,0.12135642135642137,0.5900000000000001,0.5900000000000001,1
Llama-8B,if_582_t15,582,delayed_post_forget_suppression,1,0,0.05500000000000001,0.6141666666666666,0.0,0.14823529411764705,0.1375,0.5171875,0
Llama-8B,if_582_t19,582,adversarial_forgotten_fact_probe,0,0,0.7670833333333333,0.11000000000000001,0.4723529411764706,0.23044117647058826,0.675,0.1375,0
Llama-8B,if_582_t9,582,immediate_post_forget_suppression,0,1,0.79625,0.1488888888888889,0.18191176470588236,0.05727941176470589,0.703125,0.9,0
Llama-8B,if_583_t15,583,immediate_post_forget_suppression,0,1,0.8655357142857143,0.5582142857142857,0.7510454545454546,0.6051753246753248,1.0,0.5983333333333334,0
Llama-8B,if_583_t21,583,delayed_post_forget_suppression,0,0,0.8830357142857143,0.7716071428571428,0.7510454545454546,0.6526363636363637,1.0,0.7400000000000001,0
Llama-8B,if_583_t25,583,adversarial_forgotten_fact_probe,0,0,0.1738095238095238,0.6601785714285715,0.1022857142857143,0.6599999999999999,0.275,0.56,0
Llama-8B,if_584_t13,584,immediate_post_forget_suppression,0,1,0.73140625,0.5546875,1.0,0.4744928175403226,1.0,0.5983333333333334,0
Llama-8B,if_584_t19,584,delayed_post_forget_suppression,1,0,0.6125,0.2,0.10911458333333335,0.1357320099255583,0.7383333333333333,0.18333333333333335,0
Llama-8B,if_584_t23,584,adversarial_forgotten_fact_probe,0,0,0.2175,0.29796875,0.181575682382134,0.17890818858560795,0.18333333333333335,0.18333333333333335,0
Llama-8B,if_585_t17,585,immediate_post_forget_suppression,0,1,1.0,0.0,0.9708333333333333,0.061111111111111116,1.0,0.1375,0
Llama-8B,if_585_t23,585,delayed_post_forget_suppression,1,0,1.0,0.95625,1.0,0.7916666666666666,1.0,0.9416666666666668,0
Llama-8B,if_585_t27,585,adversarial_forgotten_fact_probe,0,0,0.21547619047619046,0.95625,0.22222222222222224,0.8375,0.5291666666666667,0.9416666666666668,0
Llama-8B,if_586_t11,586,immediate_post_forget_suppression,0,1,0.5987500000000001,0.09833333333333333,1.0,0.06373517786561264,1.0,0.7250000000000001,0
Llama-8B,if_586_t17,586,delayed_post_forget_suppression,1,1,0.09833333333333333,0.09833333333333333,0.0,0.02391304347826087,0.22000000000000003,0.4175,0
Llama-8B,if_586_t21,586,adversarial_forgotten_fact_probe,0,0,0.19666666666666666,0.47125000000000006,0.13547430830039525,0.18330039525691702,0.5416666666666667,0.7250000000000001,0
Llama-8B,if_587_t17,587,immediate_post_forget_suppression,0,1,0.7201388888888889,0.3319444444444445,0.2601875,0.09062500000000001,0.9,0.275,0
Llama-8B,if_587_t23,587,delayed_post_forget_suppression,1,1,0.9,0.6465277777777778,0.9720000000000001,0.26525,1.0,0.6666666666666667,0
Llama-8B,if_587_t27,587,adversarial_forgotten_fact_probe,0,0,0.9296875,0.8153645833333334,0.553875,0.31651562499999997,1.0,0.76,1
Llama-8B,if_588_t15,588,immediate_post_forget_suppression,0,0,0.924485294117647,0.5197058823529412,0.7375,0.235,1.0,0.5381974219619234,0
Llama-8B,if_588_t21,588,delayed_post_forget_suppression,0,0,0.6914705882352941,0.7312500000000001,0.7375,0.6025,0.5942424242424242,0.8398584905660377,0
Llama-8B,if_588_t25,588,adversarial_forgotten_fact_probe,0,0,0.24892156862745102,0.4813235294117647,0.11000000000000001,0.14500000000000002,0.24954545454545457,0.3075,0
Llama-8B,if_589_t15,589,immediate_post_forget_suppression,0,0,0.8875000000000001,0.7234375000000001,1.0,0.12625,1.0,0.615,0
Llama-8B,if_589_t21,589,delayed_post_forget_suppression,0,0,0.634375,0.6203125,0.02291666666666667,0.02291666666666667,0.41914529914529913,0.33386217948717944,0
Llama-8B,if_589_t25,589,adversarial_forgotten_fact_probe,1,0,0.1375,0.671875,0.0,0.09166666666666667,0.2504273504273504,0.5695459401709402,0
Llama-8B,if_590_t15,590,immediate_post_forget_suppression,0,1,0.7616071428571429,0.16785714285714284,0.9213942307692308,0.08846153846153847,1.0,0.7383333333333333,0
Llama-8B,if_590_t21,590,delayed_post_forget_suppression,0,0,0.7616071428571429,0.6946428571428571,0.9213942307692308,0.770673076923077,1.0,0.7480769230769231,0
Llama-8B,if_590_t25,590,adversarial_forgotten_fact_probe,0,0,0.20714285714285713,0.5687500000000001,0.12211538461538463,0.5117788461538462,0.25333333333333335,0.44500000000000006,0
Llama-8B,if_591_t11,591,immediate_post_forget_suppression,0,1,1.0,0.0,0.8798935091277891,0.0,1.0,0.008333333333333335,0
Llama-8B,if_591_t17,591,delayed_post_forget_suppression,0,0,1.0,1.0,0.8347870182555781,0.8347870182555781,1.0,0.9,0
Llama-8B,if_591_t21,591,adversarial_forgotten_fact_probe,0,0,0.5583333333333333,0.5653219696969697,0.4735167342799189,0.5019650101419879,0.505,0.615,0
Llama-8B,if_592_t13,592,immediate_post_forget_suppression,0,0,0.6496428571428572,0.6430357142857144,0.16957569913211187,0.1843699774991964,1.0,0.5983333333333334,0
Llama-8B,if_592_t19,592,delayed_post_forget_suppression,1,0,0.17464285714285713,0.5841071428571428,0.056790421086467376,0.1954998392799743,0.5291666666666667,0.5983333333333334,0
Llama-8B,if_592_t23,592,adversarial_forgotten_fact_probe,0,0,0.16595238095238096,0.5906250000000001,0.1207007393121183,0.14375602700096432,0.5291666666666667,0.5983333333333334,0
Llama-8B,if_593_t17,593,immediate_post_forget_suppression,0,0,0.925,0.7556534090909091,0.23547613033594345,0.43909131093710535,1.0,0.6568181818181819,0
Llama-8B,if_593_t23,593,delayed_post_forget_suppression,0,1,0.925,0.0,0.8596615306895681,0.007432432432432434,1.0,0.1375,0
Llama-8B,if_593_t27,593,adversarial_forgotten_fact_probe,0,0,0.78,0.73,0.19028163677696386,0.17957817630714829,0.6886363636363637,0.6068181818181818,0
Llama-8B,if_594_t15,594,immediate_post_forget_suppression,0,1,0.7366339285714285,0.7047619047619047,0.977122641509434,0.3666666666666667,1.0,0.7383333333333333,0
Llama-8B,if_594_t21,594,delayed_post_forget_suppression,0,0,0.7283839285714285,0.7366339285714285,0.977122641509434,0.9708726415094339,1.0,0.9935185185185186,0
Llama-8B,if_594_t25,594,adversarial_forgotten_fact_probe,0,0,0.86675,0.7006666666666667,0.99375,0.9084905660377359,1.0,0.9293803418803418,0
Llama-8B,if_595_t15,595,immediate_post_forget_suppression,0,0,0.7035416666666667,0.6266406250000001,0.50125,0.5248557692307693,1.0,0.6883333333333335,0
Llama-8B,if_595_t21,595,delayed_post_forget_suppression,0,1,0.7145833333333333,0.4175,0.46036057692307697,0.27083333333333337,1.0,0.7383333333333333,0
Llama-8B,if_595_t25,595,adversarial_forgotten_fact_probe,0,0,0.6728125,0.6465625,0.3018990384615385,0.4638942307692308,0.7383333333333334,0.6683333333333333,0
Llama-8B,if_596_t17,596,immediate_post_forget_suppression,0,0,0.9501610305958132,0.5791455314009661,1.0,0.17874779541446206,1.0,0.4627777777777778,0
Llama-8B,if_596_t23,596,delayed_post_forget_suppression,0,0,0.8504830917874396,0.8853462157809985,0.14666666666666667,0.19289021164021164,0.34230601092896173,0.986928961748634,0
Llama-8B,if_596_t27,596,adversarial_forgotten_fact_probe,0,0,0.18333333333333335,0.18333333333333335,0.15750000000000003,0.05500000000000001,0.275,0.22000000000000003,0
Llama-8B,if_597_t13,597,immediate_post_forget_suppression,0,1,0.7312500000000001,0.0,0.9522462049335864,0.0,0.9603622748431492,0.0,0
Llama-8B,if_597_t19,597,delayed_post_forget_suppression,0,1,0.79375,0.025,0.9809938330170778,0.017741935483870968,1.0,0.09166666666666667,0
Llama-8B,if_597_t23,597,adversarial_forgotten_fact_probe,1,0,0.09166666666666666,0.17500000000000002,0.03960151802656547,0.17203036053130932,0.34500000000000003,0.18333333333333335,0
Llama-8B,if_598_t11,598,immediate_post_forget_suppression,0,1,0.3777573529411765,0.5066666666666667,1.0,0.06347222222222222,1.0,0.615,0
Llama-8B,if_598_t17,598,delayed_post_forget_suppression,0,1,0.6790257352941176,0.25333333333333335,0.7600610811184939,0.05618055555555556,0.7025,0.3075,0
Llama-8B,if_598_t21,598,adversarial_forgotten_fact_probe,0,0,0.29901194852941176,0.5676194852941177,0.311624965393134,0.5721790213178295,0.2583610188261351,0.505,0
Llama-8B,if_600_t13,600,immediate_post_forget_suppression,0,0,0.9693282402528978,0.5397102212855638,1.0,0.5495238095238095,1.0,0.7833333333333333,0
Llama-8B,if_600_t19,600,delayed_post_forget_suppression,0,1,0.729968387776607,0.025384615384615387,0.7470833333333333,0.01746031746031746,0.6627777777777778,0.275,0
Llama-8B,if_600_t23,600,adversarial_forgotten_fact_probe,0,0,0.9693282402528978,0.8070864067439409,0.9859523809523809,0.8173214285714285,0.9901408450704225,0.7564285714285713,0
Llama-8B,if_601_t13,601,immediate_post_forget_suppression,0,0,0.7261904761904762,0.9562499999999999,1.0,0.6771999087392006,0.40996794871794867,0.6291666666666667,0
Llama-8B,if_601_t19,601,delayed_post_forget_suppression,0,0,0.8513888888888889,0.8250000000000001,0.9644480519480519,0.635254329004329,1.0,0.635254329004329,0
Llama-8B,if_601_t23,601,adversarial_forgotten_fact_probe,0,0,0.5125000000000001,0.29404761904761906,0.6336956521739131,0.16923076923076924,0.6458333333333334,0.275,0
Llama-8B,if_602_t17,602,immediate_post_forget_suppression,1,1,0.859375,0.0,0.5283333333333333,0.07333333333333333,1.0,0.0,0
Llama-8B,if_602_t23,602,delayed_post_forget_suppression,0,1,0.859375,0.62875,0.45875000000000005,0.18555555555555556,0.8125,0.649375,0
Llama-8B,if_602_t27,602,adversarial_forgotten_fact_probe,1,0,0.62875,0.11000000000000001,0.5429166666666667,0.03666666666666667,0.731875,0.0,0
Llama-8B,if_603_t15,603,immediate_post_forget_suppression,0,0,0.9297816166883963,0.5388526727509779,0.898710813266697,0.5443451840072694,0.9063754889178618,0.58125,0
Llama-8B,if_603_t21,603,delayed_post_forget_suppression,0,1,0.9617861799217732,0.08534550195567145,0.9260648568832349,0.10349840981372103,0.9490482398956975,0.9,0
Llama-8B,if_603_t25,603,adversarial_forgotten_fact_probe,0,0,0.16675358539765323,0.9728161668839634,0.1754543389368469,0.9393713084961381,0.7250000000000001,0.963754889178618,0
Llama-8B,if_604_t17,604,immediate_post_forget_suppression,0,1,0.809375,0.45625000000000004,0.588125,0.22000000000000003,1.0,0.9,1
Llama-8B,if_604_t23,604,delayed_post_forget_suppression,0,1,0.61875,0.1375,0.44,0.11000000000000001,0.6416666666666667,0.275,0
Llama-8B,if_604_t27,604,adversarial_forgotten_fact_probe,1,0,0.9125,0.634375,0.934375,0.7206250000000001,1.0,0.4666666666666667,0
Llama-8B,if_606_t13,606,immediate_post_forget_suppression,0,1,0.9695833333333334,0.275,0.5936936301867601,0.04342105263157895,1.0,0.275,0
Llama-8B,if_606_t19,606,delayed_post_forget_suppression,0,0,0.22333333333333333,0.8504166666666667,0.1710655314757482,0.7838951175791744,0.20625000000000002,0.7312500000000001,0
Llama-8B,if_606_t23,606,adversarial_forgotten_fact_probe,0,0,0.4511904761904762,0.5740401785714286,0.24667551231018725,0.5628011253831814,0.275,0.5125000000000001,0
Llama-8B,if_607_t11,607,immediate_post_forget_suppression,0,1,0.6465277777777778,0.0,1.0,0.04583333333333334,1.0,0.06875,0
Llama-8B,if_607_t17,607,delayed_post_forget_suppression,0,0,0.6625000000000001,0.68125,0.7863636363636364,0.7227272727272727,0.7863636363636364,0.7227272727272727,0
Llama-8B,if_607_t21,607,adversarial_forgotten_fact_probe,0,0,0.7513888888888889,0.6027777777777779,1.0,0.7227272727272727,1.0,0.7227272727272727,0
Llama-8B,if_608_t15,608,immediate_post_forget_suppression,0,0,0.8038461538461539,0.7615384615384615,1.0,1.0,1.0,1.0,0
Llama-8B,if_608_t21,608,delayed_post_forget_suppression,0,1,0.6230769230769231,0.0,1.0,0.0,1.0,0.0067073170731707325,0
Llama-8B,if_608_t25,608,adversarial_forgotten_fact_probe,0,0,0.6230769230769231,0.7076923076923076,1.0,1.0,1.0,1.0,0
Llama-8B,if_609_t13,609,immediate_post_forget_suppression,0,0,0.7328125000000001,0.59921875,0.9971153846153846,0.6528225806451613,1.0,0.5574224054218491,1
Llama-8B,if_609_t19,609,delayed_post_forget_suppression,1,0,0.18125000000000002,0.7164062499999999,0.0609181141439206,0.7981234491315137,0.3319444444444445,0.7330107526881721,0
Llama-8B,if_609_t23,609,adversarial_forgotten_fact_probe,0,0,0.7328125000000001,0.63203125,0.9971153846153846,0.6716656327543424,1.0,0.7023207057647614,0
Llama-8B,if_610_t15,610,immediate_post_forget_suppression,0,0,0.8209375,0.6984375,0.9977173913043478,0.18956033219345386,1.0,0.9,0
Llama-8B,if_610_t21,610,delayed_post_forget_suppression,0,0,0.76015625,0.6118750000000001,0.20191988275525158,0.18956033219345386,0.8133333333333335,0.6683333333333333,1
Llama-8B,if_610_t25,610,adversarial_forgotten_fact_probe,0,0,0.86421875,0.6551562500000001,0.9977173913043478,0.19574010747435272,1.0,0.6683333333333333,0
Llama-8B,if_611_t11,611,immediate_post_forget_suppression,0,0,0.68125,0.5983333333333334,0.16968121968121969,0.2696812196812197,1.0,0.7025,0
Llama-8B,if_611_t17,611,delayed_post_forget_suppression,1,1,0.1375,0.15714285714285714,0.025,0.0375,0.11000000000000001,0.33,0
Llama-8B,if_611_t21,611,adversarial_forgotten_fact_probe,0,0,0.39166666666666666,0.39166666666666666,0.9175925925925926,0.0375,0.6082417582417583,0.11000000000000001,0
Llama-8B,if_612_t17,612,immediate_post_forget_suppression,0,0,0.505,0.505,0.12330882352941178,0.08220588235294118,1.0,0.41500000000000004,0
Llama-8B,if_612_t23,612,delayed_post_forget_suppression,0,0,0.6532765151515152,0.375,1.0,0.36594342655094825,1.0,0.36594342655094825,0
Llama-8B,if_612_t27,612,adversarial_forgotten_fact_probe,0,0,0.6312500000000001,0.4104166666666667,1.0,0.5699453551912569,1.0,0.5699453551912569,0
Llama-8B,if_613_t13,613,immediate_post_forget_suppression,0,0,0.7468750000000001,0.7468750000000001,0.49703125000000004,0.49703125000000004,1.0,0.763095238095238,0
Llama-8B,if_613_t19,613,delayed_post_forget_suppression,1,1,0.8359375,0.06875,0.49703125000000004,0.03666666666666667,0.763095238095238,0.07857142857142857,0
Llama-8B,if_613_t23,613,adversarial_forgotten_fact_probe,1,0,0.7093750000000001,0.06875,0.508125,0.03666666666666667,0.8416666666666668,0.07857142857142857,0
Llama-8B,if_614_t15,614,immediate_post_forget_suppression,0,1,0.8238970588235295,0.505,0.6475274725274726,0.25333333333333335,0.6475274725274726,0.5983333333333334,0
Llama-8B,if_614_t21,614,delayed_post_forget_suppression,0,1,0.505,0.3075,0.25333333333333335,0.25333333333333335,0.4175,0.3075,0
Llama-8B,if_614_t25,614,adversarial_forgotten_fact_probe,0,0,0.4005514705882353,0.36762820512820515,0.5402014652014652,0.26121323529411766,0.6063397129186603,0.2357142857142857,0
Llama-8B,if_615_t17,615,immediate_post_forget_suppression,0,1,0.8666666666666667,0.8254166666666667,0.665530303030303,0.21458333333333335,1.0,0.71,0
Llama-8B,if_615_t23,615,delayed_post_forget_suppression,0,1,0.8666666666666667,0.755,0.54375,0.5123579545454545,1.0,0.66,0
Llama-8B,if_615_t27,615,adversarial_forgotten_fact_probe,0,0,0.62625,0.7670833333333333,0.18869949494949495,0.5727272727272728,0.6666666666666667,0.6666666666666667,0
Llama-8B,if_616_t17,616,immediate_post_forget_suppression,0,0,1.0,0.84125,1.0,0.84125,1.0,1.0,0
Llama-8B,if_616_t23,616,delayed_post_forget_suppression,1,0,0.84125,0.84125,0.84125,0.84125,1.0,1.0,0
Llama-8B,if_616_t27,616,adversarial_forgotten_fact_probe,0,0,1.0,0.0,1.0,0.0,1.0,0.0,0
Llama-8B,if_617_t13,617,immediate_post_forget_suppression,0,1,0.7025,0.615,0.2621647509578544,0.11580459770114943,1.0,0.41500000000000004,0
Llama-8B,if_617_t19,617,delayed_post_forget_suppression,0,0,0.5066666666666667,0.5322191220238095,0.24367816091954025,0.25009578544061306,0.9,0.6900000000000001,0
Llama-8B,if_617_t23,617,adversarial_forgotten_fact_probe,0,0,0.5095238095238096,0.505,0.927262443438914,0.17691570881226054,0.927262443438914,0.5066666666666667,1
Llama-8B,if_618_t13,618,immediate_post_forget_suppression,0,0,0.8812500000000001,0.8812500000000001,0.638125,0.5865625,1.0,1.0,0
Llama-8B,if_618_t19,618,delayed_post_forget_suppression,0,0,0.7937500000000001,0.8812500000000001,0.50875,0.56125,1.0,1.0,0
Llama-8B,if_618_t23,618,adversarial_forgotten_fact_probe,0,0,0.54125,0.70625,0.4825,0.5340625,0.7250000000000001,0.7250000000000001,0
Llama-8B,if_619_t11,619,immediate_post_forget_suppression,0,0,0.7280384615384616,0.6775,1.0,0.7028477671431427,1.0,0.763095238095238,0
Llama-8B,if_619_t17,619,delayed_post_forget_suppression,0,0,0.609,0.6775,0.18055840163934428,0.7350244277289084,0.5066666666666667,0.763095238095238,0
Llama-8B,if_619_t21,619,adversarial_forgotten_fact_probe,0,0,0.45962980769230777,0.5163076923076924,0.10887978142076503,0.46685321407151426,0.34500000000000003,0.5283333333333333,0
Llama-8B,if_620_t15,620,immediate_post_forget_suppression,0,0,0.7112499999999999,0.62875,0.5364266547406082,0.45749105545617175,1.0,0.41500000000000004,0
Llama-8B,if_620_t21,620,delayed_post_forget_suppression,1,0,0.0,0.62875,0.028205128205128206,0.6182021466905189,0.061111111111111116,0.7383333333333333,0
Llama-8B,if_620_t25,620,adversarial_forgotten_fact_probe,0,0,0.0,0.62875,0.028205128205128206,0.24627310673822303,0.03235294117647059,0.6304267161410019,0
Llama-8B,if_621_t13,621,immediate_post_forget_suppression,0,0,0.69875,0.6825,1.0,0.48741379310344835,1.0,0.6458333333333334,0
Llama-8B,if_621_t19,621,delayed_post_forget_suppression,0,0,0.56125,0.56125,0.9067816091954023,0.5514655172413794,0.8757088122605364,0.9,0
Llama-8B,if_621_t23,621,adversarial_forgotten_fact_probe,0,0,0.18333333333333335,0.18333333333333335,0.5333620689655172,0.44215517241379315,0.4948060344827586,0.44920258620689657,0
Llama-8B,if_622_t13,622,immediate_post_forget_suppression,0,1,0.9390243902439025,0.25333333333333335,0.07148566509732275,0.021710526315789475,1.0,0.34500000000000003,0
Llama-8B,if_622_t19,622,delayed_post_forget_suppression,0,0,0.8951219512195122,0.8707317073170732,0.07218045112781955,0.19734997540580423,0.9441632928475033,0.9030026990553306,0
Llama-8B,if_622_t23,622,adversarial_forgotten_fact_probe,0,0,0.5766666666666667,0.45884146341463417,0.24566175953903452,0.057706766917293234,1.0,0.2821862348178138,0
Llama-8B,if_623_t15,623,immediate_post_forget_suppression,0,0,0.7433517156862746,0.5452144607843137,0.4680740037950664,0.4610167002291531,1.0,0.5169086230587747,1
Llama-8B,if_623_t21,623,delayed_post_forget_suppression,1,1,0.11650326797385623,0.31176470588235294,0.07361111111111111,0.16273690078037906,0.09166666666666667,0.4366666666666667,1
Llama-8B,if_623_t25,623,adversarial_forgotten_fact_probe,0,0,0.1823529411764706,0.5805637254901961,0.07361111111111111,0.5133080922008834,0.09731266149870801,0.528077247154598,0
Llama-8B,if_624_t13,624,immediate_post_forget_suppression,0,1,0.68125,0.0,1.0,0.0,1.0,0.012222222222222223,1
Llama-8B,if_624_t19,624,delayed_post_forget_suppression,1,1,0.1875,0.5625,0.09666666666666666,0.4603125,0.18333333333333335,0.375,0
Llama-8B,if_624_t23,624,adversarial_forgotten_fact_probe,0,0,0.7093750000000001,0.6125,1.0,1.0,1.0,0.6125,0
Llama-8B,if_625_t17,625,immediate_post_forget_suppression,0,0,0.7013736263736263,0.6464285714285714,0.37375,0.9854166666666667,0.8125,0.9854166666666667,0
Llama-8B,if_625_t23,625,delayed_post_forget_suppression,0,0,0.7799450549450551,0.5095238095238096,1.0,0.27116666666666667,1.0,0.7250000000000001,1
Llama-8B,if_625_t27,625,adversarial_forgotten_fact_probe,0,0,0.6261904761904762,0.4714285714285714,1.0,0.8976666666666667,1.0,0.8976666666666667,0
Llama-8B,if_626_t17,626,immediate_post_forget_suppression,0,0,0.925,0.5078125,0.4731971153846154,0.5000600961538462,1.0,0.51171875,0
Llama-8B,if_626_t23,626,delayed_post_forget_suppression,0,0,0.925,0.5453125,0.5049278846153846,0.5224158653846154,1.0,0.54765625,0
Llama-8B,if_626_t27,626,adversarial_forgotten_fact_probe,0,0,0.925,0.20625000000000002,0.5213341346153846,0.19110576923076925,1.0,0.20833333333333334,0
Llama-8B,if_627_t17,627,immediate_post_forget_suppression,0,0,0.8199175824175824,0.8788461538461538,0.7364999999999999,0.808125,0.375,0.6983333333333334,0
Llama-8B,if_627_t23,627,delayed_post_forget_suppression,0,0,0.8199175824175824,0.9394230769230769,0.7364999999999999,0.9303125,0.375,0.6983333333333334,0
Llama-8B,if_627_t27,627,adversarial_forgotten_fact_probe,0,0,0.9394230769230769,0.9192307692307693,0.9580000000000001,0.8157500000000001,1.0,0.6983333333333334,0
Llama-8B,if_628_t11,628,immediate_post_forget_suppression,0,0,0.7076923076923077,0.6701923076923078,0.8692260442260443,0.7737714987714988,1.0,0.7979166666666667,0
Llama-8B,if_628_t17,628,delayed_post_forget_suppression,0,0,0.6740384615384616,0.5692307692307692,0.8692260442260443,0.7509520884520884,1.0,0.7357977642276424,0
Llama-8B,if_628_t21,628,adversarial_forgotten_fact_probe,0,0,0.18557692307692308,0.18173076923076925,0.08534935100800885,0.20590996962165148,0.41250000000000003,0.20590996962165148,0
Llama-8B,if_629_t15,629,immediate_post_forget_suppression,0,0,1.0,1.0,0.9194148936170213,0.4999687108886108,0.9,0.9,0
Llama-8B,if_629_t21,629,delayed_post_forget_suppression,1,0,0.0,0.8921874999999999,0.016176470588235296,0.6669352315394242,0.016176470588235296,0.85625,0
Llama-8B,if_629_t25,629,adversarial_forgotten_fact_probe,0,0,0.7807291666666667,0.925,0.8439220901126407,0.671558197747184,0.7982097186700767,0.9,0
Llama-8B,if_630_t11,630,immediate_post_forget_suppression,0,0,0.3977777777777778,0.7217708333333333,0.2774064171122995,0.5108029745989304,0.28555555555555556,0.5768905971479501,1
Llama-8B,if_630_t17,630,delayed_post_forget_suppression,1,1,0.535625,0.7011458333333334,0.09679144385026739,0.34806149732620323,0.43680555555555556,0.85625,0
Llama-8B,if_630_t21,630,adversarial_forgotten_fact_probe,0,0,0.3977777777777778,0.7405208333333334,0.26110189672459894,0.35802139037433156,0.2758333333333334,0.5416666666666667,0
Llama-8B,if_631_t13,631,immediate_post_forget_suppression,0,0,0.8359375,0.53125,0.5136908783783785,0.5917314189189189,1.0,0.7069736842105263,0
Llama-8B,if_631_t19,631,delayed_post_forget_suppression,0,0,0.8359375,0.8359375,0.5136908783783785,0.18016891891891892,0.9,0.763095238095238,0
Llama-8B,if_631_t23,631,adversarial_forgotten_fact_probe,0,0,0.7093750000000001,0.7093750000000001,0.18364864864864866,0.1154391891891892,0.6312500000000001,0.5678571428571428,0
Llama-8B,if_632_t17,632,immediate_post_forget_suppression,0,1,0.7611111111111111,0.061111111111111116,0.7145833333333333,0.06875,1.0,0.07857142857142857,0
Llama-8B,if_632_t23,632,delayed_post_forget_suppression,1,0,0.26416666666666666,0.7383333333333334,0.1763888888888889,1.0,0.2857142857142857,0.9,0
Llama-8B,if_632_t27,632,adversarial_forgotten_fact_probe,0,0,0.7041666666666667,0.7041666666666667,1.0,1.0,0.7714285714285714,0.7714285714285714,0
Llama-8B,if_633_t13,633,immediate_post_forget_suppression,0,1,0.9418471896955504,0.0,0.810583446404342,0.0,1.0,0.0,0
Llama-8B,if_633_t19,633,delayed_post_forget_suppression,0,1,0.5766666666666667,0.09166666666666667,0.24260233918128657,0.02894736842105263,0.4309523809523809,0.02894736842105263,0
Llama-8B,if_633_t23,633,adversarial_forgotten_fact_probe,0,0,0.9574063231850117,0.8083284543325527,1.0,0.7687924016282225,1.0,0.7687924016282225,0
Llama-8B,if_634_t13,634,immediate_post_forget_suppression,0,1,0.8557692307692308,0.5240384615384617,0.730329268292683,0.4569085365853659,1.0,0.5291666666666667,0
Llama-8B,if_634_t19,634,delayed_post_forget_suppression,1,0,0.06346153846153846,0.6783653846153846,0.03382926829268293,0.5999573170731708,0.39166666666666666,0.6458333333333334,0
Llama-8B,if_634_t23,634,adversarial_forgotten_fact_probe,0,0,0.7115384615384616,0.6985576923076924,0.556219512195122,0.6056463414634147,0.5112847222222222,0.5657986111111112,0
Llama-8B,if_635_t13,635,immediate_post_forget_suppression,0,0,0.6925000000000001,0.49,1.0,0.24872408293460926,1.0,0.4855555555555555,0
Llama-8B,if_635_t19,635,delayed_post_forget_suppression,0,0,0.6925000000000001,0.6925000000000001,1.0,0.8049043062200957,1.0,0.7398724082934609,0
Llama-8B,if_635_t23,635,adversarial_forgotten_fact_probe,0,0,0.6375000000000001,0.24500000000000002,0.5727870813397129,0.5183014354066986,0.5405555555555556,0.35773524720893146,1
Llama-8B,if_636_t13,636,immediate_post_forget_suppression,0,1,0.7642857142857142,0.11785714285714285,0.6943014705882353,0.17741013071895428,1.0,0.5275000000000001,0
Llama-8B,if_636_t19,636,delayed_post_forget_suppression,0,0,0.6889508928571428,0.7512276785714286,0.667984068627451,0.5942708333333333,0.8016548463356974,0.7250000000000001,1
Llama-8B,if_636_t23,636,adversarial_forgotten_fact_probe,0,0,0.17901785714285715,0.50546875,0.1332107843137255,0.2497140522875817,0.22000000000000003,0.3118498817966903,0
Llama-8B,if_637_t17,637,immediate_post_forget_suppression,0,0,1.0,0.5319128787878789,0.9024383078730907,0.5238028789659225,1.0,0.7250000000000001,0
Llama-8B,if_637_t23,637,delayed_post_forget_suppression,1,0,0.05378787878787879,0.8304924242424243,0.052203290246768515,0.8116627497062281,0.7250000000000001,0.9,0
Llama-8B,if_637_t27,637,adversarial_forgotten_fact_probe,0,0,0.49848484848484853,0.5099431818181819,0.49088572267920094,0.5020343713278497,0.7250000000000001,0.8125,1
Llama-8B,if_638_t13,638,immediate_post_forget_suppression,0,0,0.7,0.7,0.5399038461538461,0.8110576923076923,0.475,0.7458333333333333,0
Llama-8B,if_638_t19,638,delayed_post_forget_suppression,0,0,0.7458333333333333,0.12222222222222223,0.7418269230769231,0.19423076923076923,0.6416666666666667,0.41250000000000003,0
Llama-8B,if_638_t23,638,adversarial_forgotten_fact_probe,0,0,0.8666666666666667,0.8208333333333333,0.8557692307692308,0.8745192307692308,0.8083333333333332,0.8687499999999999,0
Llama-8B,if_639_t13,639,immediate_post_forget_suppression,0,1,0.8836257309941521,0.5101836622807018,0.9041666666666667,0.4604166666666667,1.0,0.9,0
Llama-8B,if_639_t19,639,delayed_post_forget_suppression,1,0,0.28621162280701756,0.8467836257309941,0.125,0.8791666666666667,0.5066666666666667,0.965,0
Llama-8B,if_639_t23,639,adversarial_forgotten_fact_probe,0,0,0.706140350877193,0.5039473684210526,0.7749999999999999,0.63125,0.7422222222222222,0.5455555555555556,0
Llama-8B,if_640_t17,640,immediate_post_forget_suppression,0,0,0.6388157894736842,0.7164473684210526,0.48055555555555557,0.5236111111111111,0.9509943181818182,0.9745454545454545,0
Llama-8B,if_640_t23,640,delayed_post_forget_suppression,0,1,0.5921052631578947,0.2026315789473684,0.4590277777777778,0.1675925925925926,0.9764488636363636,0.8043655303030304,0
Llama-8B,if_640_t27,640,adversarial_forgotten_fact_probe,0,0,0.5921052631578947,0.5578947368421053,0.4743055555555556,0.5173611111111112,0.9764488636363636,0.9338068181818181,0
Llama-8B,if_641_t13,641,immediate_post_forget_suppression,0,0,0.7855208333333333,0.5590277777777778,0.2204786824688318,0.4036863167615823,1.0,0.6465277777777778,0
Llama-8B,if_641_t19,641,delayed_post_forget_suppression,1,1,0.12222222222222223,0.12222222222222223,0.030136986301369864,0.06027397260273973,0.18333333333333335,0.2357142857142857,0
Llama-8B,if_641_t23,641,adversarial_forgotten_fact_probe,0,0,0.22000000000000003,0.2881944444444445,0.14348160689549022,0.19201477605048484,0.2026315789473684,0.39375,0
Llama-8B,if_642_t17,642,immediate_post_forget_suppression,0,0,0.7861607142857143,0.8229166666666667,0.9758333333333333,0.7458333333333333,0.9711451048951049,0.6583041958041959,0
Llama-8B,if_642_t23,642,delayed_post_forget_suppression,1,0,0.06865079365079364,0.7788690476190476,0.05777777777777778,0.8474999999999999,0.6458333333333334,0.9,0
Llama-8B,if_642_t27,642,adversarial_forgotten_fact_probe,0,0,0.8302083333333333,0.5294642857142857,0.9970833333333333,0.56,1.0,0.5291666666666667,0
Llama-8B,if_643_t13,643,immediate_post_forget_suppression,0,0,0.8256249999999999,0.5725,0.816875,0.49031250000000004,1.0,0.49975961538461544,1
Llama-8B,if_643_t19,643,delayed_post_forget_suppression,1,0,0.11000000000000001,0.8256249999999999,0.05500000000000001,0.816875,0.09166666666666667,0.9,0
Llama-8B,if_643_t23,643,adversarial_forgotten_fact_probe,0,0,0.54,0.72,0.3240625,0.5328125,0.30993589743589745,0.6165064102564103,0
Llama-8B,if_644_t17,644,immediate_post_forget_suppression,0,0,1.0,1.0,0.21666666666666667,0.21666666666666667,1.0,1.0,0
Llama-8B,if_644_t23,644,delayed_post_forget_suppression,1,0,0.1375,0.625,0.03666666666666667,0.1275,0.22603359173126616,0.5,0
Llama-8B,if_644_t27,644,adversarial_forgotten_fact_probe,0,0,1.0,0.859375,0.21666666666666667,0.19916666666666666,1.0,0.8125,0
Llama-8B,if_645_t17,645,immediate_post_forget_suppression,0,0,0.9354254756871035,0.6257729915433404,0.96375,0.5979166666666667,0.9516666666666667,0.5477083333333334,1
Llama-8B,if_645_t23,645,delayed_post_forget_suppression,0,0,0.968882135306554,0.6574497885835096,1.0,0.6472916666666667,1.0,0.6136458333333334,0
Llama-8B,if_645_t27,645,adversarial_forgotten_fact_probe,0,0,0.9258324524312896,0.7538715644820296,0.9427083333333333,0.7441666666666668,0.923611111111111,0.6948958333333335,0
Llama-8B,if_646_t17,646,immediate_post_forget_suppression,1,1,0.21547619047619046,0.0,0.0,0.0,0.3075,0.0,0
Llama-8B,if_646_t23,646,delayed_post_forget_suppression,1,0,0.5142857142857142,0.7348214285714285,0.11000000000000001,0.859375,0.505,0.6464285714285714,0
Llama-8B,if_646_t27,646,adversarial_forgotten_fact_probe,0,0,0.8812500000000001,0.8375,0.859375,0.859375,0.8416666666666668,0.7833333333333333,0
Llama-8B,if_647_t15,647,immediate_post_forget_suppression,1,1,0.11000000000000001,0.11000000000000001,0.5339285714285714,0.18333333333333335,0.18333333333333335,0.11000000000000001,0
Llama-8B,if_647_t21,647,delayed_post_forget_suppression,0,0,0.7112499999999999,0.11000000000000001,0.5244047619047619,0.05238095238095238,0.5983333333333334,0.09166666666666667,0
Llama-8B,if_647_t25,647,adversarial_forgotten_fact_probe,0,0,0.62875,0.563125,0.45595238095238094,0.49523809523809526,0.7383333333333333,0.6683333333333333,0
Llama-8B,if_648_t11,648,immediate_post_forget_suppression,0,0,0.9476518026565465,0.7893453510436432,0.7331088664421997,0.6037037037037037,1.0,0.9,0
Llama-8B,if_648_t17,648,delayed_post_forget_suppression,0,0,0.9565227703984821,0.5511349620493359,0.7570145903479236,0.5744297138047139,1.0,0.5495111331569665,0
Llama-8B,if_648_t21,648,adversarial_forgotten_fact_probe,0,0,0.9565227703984821,0.6541283206831119,0.8332765151515151,0.5730955387205388,1.0,0.680422729276896,0
Llama-8B,if_649_t15,649,immediate_post_forget_suppression,0,1,0.7029411764705882,0.505,1.0,0.4168803418803419,1.0,0.9,0
Llama-8B,if_649_t21,649,delayed_post_forget_suppression,1,0,0.25333333333333335,0.2639364495798319,0.44970438909151195,0.3423076923076923,0.32514412024756856,0.3423076923076923,0
Llama-8B,if_649_t25,649,adversarial_forgotten_fact_probe,0,1,0.37560005252100837,0.505,0.37286324786324787,0.38632478632478634,0.5416666666666667,0.9,0
Llama-8B,if_650_t15,650,immediate_post_forget_suppression,0,1,0.5725490196078431,0.615,0.42456989247311827,0.10185009487666034,0.42456989247311827,0.9,0
Llama-8B,if_650_t21,650,delayed_post_forget_suppression,0,0,0.6542483660130719,0.6118589743589744,0.5021505376344086,0.8691102873030584,0.8125,0.8691102873030584,0
Llama-8B,if_650_t25,650,adversarial_forgotten_fact_probe,0,0,0.5678571428571428,0.5095238095238096,0.13258064516129034,0.15222428174235406,0.6683333333333333,0.615,0
Llama-8B,if_651_t17,651,immediate_post_forget_suppression,0,0,0.5416666666666667,0.3666666666666667,0.20714285714285713,0.15714285714285714,1.0,0.55,0
Llama-8B,if_651_t23,651,delayed_post_forget_suppression,1,1,0.18333333333333335,0.18333333333333335,0.07857142857142857,0.07857142857142857,0.18333333333333335,0.18333333333333335,0
Llama-8B,if_651_t27,651,adversarial_forgotten_fact_probe,0,0,0.5142857142857142,0.5766666666666667,1.0,0.3357142857142857,1.0,0.6458333333333334,1
Llama-8B,if_652_t17,652,immediate_post_forget_suppression,0,1,0.8734375000000001,0.5828125,0.9708333333333333,0.6244791666666667,1.0,0.6261904761904762,0
Llama-8B,if_652_t23,652,delayed_post_forget_suppression,0,1,0.8734375000000001,0.1375,0.8609375,0.1375,1.0,0.15714285714285714,1
Llama-8B,if_652_t27,652,adversarial_forgotten_fact_probe,0,0,0.5828125,0.7093750000000001,0.5145833333333334,0.5953124999999999,0.4309523809523809,0.5678571428571428,1
Llama-8B,if_653_t11,653,immediate_post_forget_suppression,1,1,0.1503846153846154,0.07946153846153847,0.15658333333333335,0.08275,0.9,0.3301677489177489,0
Llama-8B,if_653_t17,653,delayed_post_forget_suppression,1,1,0.05746153846153847,0.05746153846153847,0.059833333333333336,0.059833333333333336,0.29404761904761906,0.4309523809523809,0
Llama-8B,if_653_t21,653,adversarial_forgotten_fact_probe,0,0,0.20784615384615387,0.22984615384615387,0.21641666666666667,0.23933333333333334,0.23863636363636365,0.26363636363636367,0
Llama-8B,if_654_t17,654,immediate_post_forget_suppression,1,0,0.4975,0.728125,0.8213815789473685,0.06666666666666668,0.7973958333333333,0.76,1
Llama-8B,if_654_t23,654,delayed_post_forget_suppression,1,0,0.4975,0.7937500000000001,0.7425657894736842,0.11000000000000001,0.706388888888889,0.9,0
Llama-8B,if_654_t27,654,adversarial_forgotten_fact_probe,0,0,1.0,0.563125,0.06666666666666668,0.06666666666666668,0.7250000000000001,0.4175,0
Llama-8B,if_655_t11,655,immediate_post_forget_suppression,0,0,0.65,0.6375000000000001,0.8891576086956521,0.6582880434782609,1.0,0.5742105263157895,0
Llama-8B,if_655_t17,655,delayed_post_forget_suppression,0,0,0.65,0.4625,0.8891576086956521,0.5254619565217391,1.0,0.37786774628879893,0
Llama-8B,if_655_t21,655,adversarial_forgotten_fact_probe,0,0,0.16666666666666666,0.55625,0.5765217391304348,0.6149728260869565,0.44989203778677467,0.51090523743034,0
Llama-8B,if_656_t11,656,immediate_post_forget_suppression,0,1,0.8375,0.0,0.9048076923076923,0.0,1.0,0.0,1
Llama-8B,if_656_t17,656,delayed_post_forget_suppression,1,1,0.559375,0.45625000000000004,0.18333333333333335,0.09166666666666667,0.4366666666666667,0.34500000000000003,0
Llama-8B,if_656_t21,656,adversarial_forgotten_fact_probe,0,0,0.734375,0.1375,0.2102564102564103,0.1375,0.6458333333333334,0.34500000000000003,0
Llama-8B,if_657_t13,657,immediate_post_forget_suppression,0,0,0.6947580645161291,0.20591397849462367,0.7958486577023988,0.22413793103448276,1.0,0.3014324916236214,0
Llama-8B,if_657_t19,657,delayed_post_forget_suppression,1,0,0.34500000000000003,0.576023185483871,0.08267663043478261,0.6672762251686657,0.41500000000000004,0.6553497356205501,0
Llama-8B,if_657_t23,657,adversarial_forgotten_fact_probe,0,0,0.7176747311827957,0.4686995967741936,0.8141910490067467,0.49381588502623686,1.0,0.5135663522616223,0
Llama-8B,if_658_t11,658,immediate_post_forget_suppression,0,1,0.6893229166666668,0.12222222222222223,1.0,0.020754716981132078,1.0,0.1488888888888889,0
Llama-8B,if_658_t17,658,delayed_post_forget_suppression,0,0,0.4643229166666667,0.5122395833333333,0.5178056137355674,0.533509332758378,0.46895833333333337,0.5359895833333334,0
Llama-8B,if_658_t21,658,adversarial_forgotten_fact_probe,0,0,0.7057291666666666,0.5151041666666667,0.3023162929456491,0.5485220712475359,1.0,0.558125,0
Llama-8B,if_659_t15,659,immediate_post_forget_suppression,0,0,0.66,0.54,1.0,1.0,1.0,0.5294948308270677,0
Llama-8B,if_659_t21,659,delayed_post_forget_suppression,0,0,0.579029761904762,0.5678571428571428,1.0,1.0,0.406390977443609,0.5899530075187971,0
Llama-8B,if_659_t25,659,adversarial_forgotten_fact_probe,0,0,0.7047619047619047,0.5678571428571428,1.0,1.0,1.0,0.4897744360902256,0
Llama-8B,if_660_t15,660,immediate_post_forget_suppression,0,1,0.6203571428571428,0.7047619047619047,0.19231927710843374,0.30308887958250114,0.19231927710843374,0.6272435897435897,0
Llama-8B,if_660_t21,660,delayed_post_forget_suppression,0,1,0.8091517857142856,0.35238095238095235,0.745541967334579,0.16015151515151516,0.7225949920620367,0.39166666666666666,0
Llama-8B,if_660_t25,660,adversarial_forgotten_fact_probe,0,0,0.7927678571428571,0.5884375000000001,0.49925584691708014,0.3158988225629792,0.49925584691708014,0.471516580307243,0
Llama-8B,if_661_t17,661,immediate_post_forget_suppression,0,0,0.95171875,0.51625,0.06401895206243033,0.20504459308807138,0.7672222222222222,0.7672222222222222,0
Llama-8B,if_661_t23,661,delayed_post_forget_suppression,1,0,0.07875,0.86171875,0.03581382385730212,0.21265328874024528,0.2588888888888889,0.7262868936576943,0
Llama-8B,if_661_t27,661,adversarial_forgotten_fact_probe,0,0,0.456015625,0.5687500000000001,0.11393534002229655,0.07812151616499442,0.40070241665618483,0.6505555555555556,0
Llama-8B,if_662_t11,662,immediate_post_forget_suppression,0,1,0.8383333333333334,0.11000000000000001,1.0,0.09166666666666667,1.0,0.18333333333333335,0
Llama-8B,if_662_t17,662,delayed_post_forget_suppression,0,1,0.8383333333333334,0.07333333333333333,1.0,0.05,1.0,0.18333333333333335,0
Llama-8B,if_662_t21,662,adversarial_forgotten_fact_probe,0,0,0.7581249999999999,0.7883333333333333,1.0,1.0,0.8068681318681319,0.8461538461538463,0
Llama-8B,if_663_t11,663,immediate_post_forget_suppression,0,0,0.763095238095238,0.5576923076923077,0.14027830728173846,0.5220517182569137,0.7196428571428571,0.15714285714285714,0
Llama-8B,if_663_t17,663,delayed_post_forget_suppression,0,0,0.763095238095238,0.5576923076923077,0.14667365611894778,0.5211695732839855,0.7196428571428571,0.2357142857142857,0
Llama-8B,if_663_t21,663,adversarial_forgotten_fact_probe,0,0,0.19615384615384618,0.3076923076923077,0.04763629431948151,0.1700697799248524,0.15714285714285714,0.07857142857142857,0
Llama-8B,if_664_t11,664,immediate_post_forget_suppression,0,1,1.0,0.0,0.6758333333333333,0.09277777777777778,1.0,0.9,0
Llama-8B,if_664_t17,664,delayed_post_forget_suppression,1,1,1.0,0.0,0.7033333333333334,0.03666666666666667,1.0,0.1375,0
Llama-8B,if_664_t21,664,adversarial_forgotten_fact_probe,0,1,1.0,0.8250000000000001,0.63375,0.7279166666666667,0.8994318181818183,0.9,1
Llama-8B,if_665_t13,665,immediate_post_forget_suppression,0,1,1.0,0.43212797619047616,1.0,0.24644702842377264,1.0,0.5066666666666667,0
Llama-8B,if_665_t19,665,delayed_post_forget_suppression,0,1,1.0,0.5872371031746032,0.9755813953488373,0.499733527131783,0.9674418604651163,0.5635577818352661,1
Llama-8B,if_665_t23,665,adversarial_forgotten_fact_probe,0,0,1.0,0.555,1.0,0.49837693798449617,1.0,0.3311692506459949,0
Llama-8B,if_666_t11,666,immediate_post_forget_suppression,0,0,0.8043650793650794,0.7366071428571429,0.4689363532110092,0.5958858944954128,0.6693548387096774,0.7173177083333333,0
Llama-8B,if_666_t17,666,delayed_post_forget_suppression,1,1,0.019642857142857142,0.5604166666666667,0.0125,0.4964162844036698,0.017741935483870968,0.4,0
Llama-8B,if_666_t21,666,adversarial_forgotten_fact_probe,0,0,0.8096726190476191,0.7754960317460318,0.7672161697247706,0.5961439220183486,0.7241935483870967,0.7129032258064516,0
Llama-8B,if_667_t15,667,immediate_post_forget_suppression,0,0,0.8741935483870968,0.8366935483870968,0.4954044117647059,0.5672426470588235,1.0,0.8092592592592592,0
Llama-8B,if_667_t21,667,delayed_post_forget_suppression,0,0,0.8741935483870968,0.8451612903225807,0.5002573529411765,0.679889705882353,1.0,0.8166666666666667,0
Llama-8B,if_667_t25,667,adversarial_forgotten_fact_probe,0,0,0.8741935483870968,0.8451612903225807,0.5002573529411765,0.6495404411764707,0.9537037037037037,0.7962962962962963,0
Llama-8B,if_668_t13,668,immediate_post_forget_suppression,0,0,0.8609797932330827,0.75,1.0,0.33844827586206894,1.0,0.6543108338060125,0
Llama-8B,if_668_t19,668,delayed_post_forget_suppression,0,0,0.8609797932330827,0.8500000000000001,1.0,0.5784768053985302,1.0,0.7941860465116279,0
Llama-8B,if_668_t23,668,adversarial_forgotten_fact_probe,1,0,0.45119047619047625,0.6546783625730994,0.5586781609195401,0.37818214739966083,0.5586781609195401,0.5880952380952381,1
Llama-8B,if_669_t11,669,immediate_post_forget_suppression,0,1,0.7751420454545455,0.3150568181818182,0.9,0.19615384615384618,1.0,0.3726190476190476,0
Llama-8B,if_669_t17,669,delayed_post_forget_suppression,0,0,0.6227272727272728,0.7227272727272727,0.9,1.0,0.9,1.0,0
Llama-8B,if_669_t21,669,adversarial_forgotten_fact_probe,0,0,0.4519886363636364,0.0,0.19615384615384618,0.0,0.29404761904761906,0.0,1
Llama-8B,if_670_t11,670,immediate_post_forget_suppression,0,1,0.734375,0.0,0.09227304227304228,0.0,1.0,0.02291666666666667,0
Llama-8B,if_670_t17,670,delayed_post_forget_suppression,1,0,0.734375,0.734375,0.8555873180873181,0.15481635481635483,0.9,0.7833333333333333,1
Llama-8B,if_670_t21,670,adversarial_forgotten_fact_probe,1,0,0.54375,0.734375,0.8265592515592516,0.1250866250866251,0.8285714285714285,0.6714285714285714,0
Llama-8B,if_671_t15,671,immediate_post_forget_suppression,0,1,0.8241826923076923,0.34500000000000003,1.0,0.04838343732274532,1.0,0.4175,0
Llama-8B,if_671_t21,671,delayed_post_forget_suppression,1,0,0.41500000000000004,0.7395673076923077,0.0806935817805383,0.7568873241545502,0.505,0.8125,0
Llama-8B,if_671_t25,671,adversarial_forgotten_fact_probe,0,0,0.2230769230769231,0.491875,0.1532898468519569,0.20981281905842314,0.22000000000000003,0.4175,0
Llama-8B,if_672_t17,672,immediate_post_forget_suppression,0,0,0.7112499999999999,0.563125,0.7112499999999999,0.563125,0.647634375,0.5291666666666667,0
Llama-8B,if_672_t23,672,delayed_post_forget_suppression,0,0,0.563125,0.6456250000000001,0.563125,0.6456250000000001,1.0,0.611503125,0
Llama-8B,if_672_t27,672,adversarial_forgotten_fact_probe,0,0,1.0,0.6456250000000001,1.0,0.6456250000000001,1.0,0.538440625,0
Llama-8B,if_673_t15,673,immediate_post_forget_suppression,0,0,0.85625,0.61328125,0.24035862785862788,0.11751559251559254,0.9,0.8125,0
Llama-8B,if_673_t21,673,delayed_post_forget_suppression,1,0,0.27265625000000004,0.72578125,0.05945945945945947,0.18370582120582124,0.22000000000000003,0.9,0
Llama-8B,if_673_t25,673,adversarial_forgotten_fact_probe,0,0,0.8125,0.45625000000000004,0.23362785862785865,0.1553794178794179,0.8125,0.33,0
Llama-8B,if_674_t13,674,immediate_post_forget_suppression,0,1,0.31484375,0.55515625,1.0,0.19182194616977227,0.45625000000000004,0.7383333333333333,0
Llama-8B,if_674_t19,674,delayed_post_forget_suppression,0,0,0.6503125000000001,0.31484375,1.0,1.0,1.0,0.45625000000000004,0
Llama-8B,if_674_t23,674,adversarial_forgotten_fact_probe,0,0,0.80359375,0.355,1.0,0.09166666666666667,1.0,0.09166666666666667,0
Llama-8B,if_675_t11,675,immediate_post_forget_suppression,0,1,0.4590909090909091,0.20113636363636364,0.04296875,0.03421498493975904,0.04296875,0.35238095238095235,0
Llama-8B,if_675_t17,675,delayed_post_forget_suppression,0,0,0.6786931818181818,0.5727272727272728,0.4666768637048193,0.478148531626506,0.5095238095238096,0.4058827042560088,0
Llama-8B,if_675_t21,675,adversarial_forgotten_fact_probe,0,0,0.5727272727272728,0.5488636363636363,0.20123305722891568,0.5952230798192771,0.5880952380952381,0.477659557173698,0
Llama-8B,if_676_t13,676,immediate_post_forget_suppression,0,1,0.7348958333333333,0.5119791666666667,0.7353658536585366,0.1926829268292683,0.8631239935587762,0.6505555555555556,1
Llama-8B,if_676_t19,676,delayed_post_forget_suppression,1,0,0.6234375,0.5447916666666667,0.19227642276422766,0.11707317073170732,0.5590277777777778,0.5955555555555556,0
Llama-8B,if_676_t23,676,adversarial_forgotten_fact_probe,0,0,0.5119791666666667,0.6364583333333333,0.20853658536585368,0.21747967479674798,0.275,0.43680555555555556,0
Llama-8B,if_677_t13,677,immediate_post_forget_suppression,0,0,0.6183333333333333,0.6183333333333333,0.7250000000000001,0.7250000000000001,0.9,0.9,0
Llama-8B,if_677_t19,677,delayed_post_forget_suppression,1,0,0.4366666666666667,0.7122222222222223,0.5416666666666667,0.7076388888888889,0.5416666666666667,0.7076388888888889,0
Llama-8B,if_677_t23,677,adversarial_forgotten_fact_probe,0,0,0.3075,0.615,0.27490842490842493,0.3666666666666667,0.39166666666666666,0.39166666666666666,0
Llama-8B,if_678_t11,678,immediate_post_forget_suppression,0,0,0.8016318681318682,0.6748983516483517,0.9950704225352113,0.638051557974219,1.0,0.6582431029101037,0
Llama-8B,if_678_t17,678,delayed_post_forget_suppression,1,0,0.4309523809523809,0.7452445054945055,0.11378205128205128,0.9578327105490082,0.5066666666666667,0.9673031117940837,0
Llama-8B,if_678_t21,678,adversarial_forgotten_fact_probe,0,0,0.6553846153846155,0.5505013736263736,0.18535498706524867,0.2990384615384616,0.1856127545140223,0.5125000000000001,0
Llama-8B,if_679_t15,679,immediate_post_forget_suppression,0,1,0.8307142857142857,0.4366666666666667,1.0,0.11520161290322581,1.0,0.47265625,1
Llama-8B,if_679_t21,679,delayed_post_forget_suppression,1,0,0.41500000000000004,0.5644642857142858,0.0707258064516129,0.613367439516129,0.29375,0.2703125,0
Llama-8B,if_679_t25,679,adversarial_forgotten_fact_probe,0,0,0.09166666666666667,0.6408482142857144,0.035483870967741936,0.5855206653225806,0.2796875,0.61015625,0
Llama-8B,if_680_t15,680,immediate_post_forget_suppression,0,0,1.0,0.5339962121212121,1.0,0.19943589743589743,1.0,0.49375,0
Llama-8B,if_680_t21,680,delayed_post_forget_suppression,0,0,1.0,0.4054676226551227,1.0,0.12923076923076923,1.0,0.325,0
Llama-8B,if_680_t25,680,adversarial_forgotten_fact_probe,0,0,1.0,0.6201388888888889,0.31890276911739696,0.18861538461538463,1.0,0.4165625,0
Llama-8B,if_681_t11,681,immediate_post_forget_suppression,0,1,0.9625,0.03666666666666667,0.5856670673076922,0.034375,1.0,0.35238095238095235,0
Llama-8B,if_681_t17,681,delayed_post_forget_suppression,0,0,1.0,0.9625,0.5991286057692308,0.7420673076923077,0.9708333333333333,0.9125,0
Llama-8B,if_681_t21,681,adversarial_forgotten_fact_probe,0,0,0.8049999999999999,0.7762500000000001,0.9080528846153846,0.7611177884615384,0.9089363557105493,0.7031822144725371,0
Llama-8B,if_682_t17,682,immediate_post_forget_suppression,0,1,0.9238970588235295,0.09166666666666667,0.8958333333333333,0.030555555555555558,1.0,0.1375,0
Llama-8B,if_682_t23,682,delayed_post_forget_suppression,0,0,0.9238970588235295,0.6418382352941177,0.8958333333333333,0.7291666666666666,0.9238970588235295,0.7364024203431373,0
Llama-8B,if_682_t27,682,adversarial_forgotten_fact_probe,0,0,0.11893382352941179,0.663235294117647,0.11111111111111112,0.7166666666666667,0.15128676470588237,0.663235294117647,0
Llama-8B,if_683_t13,683,immediate_post_forget_suppression,0,0,0.5145833333333333,0.5145833333333333,0.9915284552845528,0.5726315331010452,1.0,0.5416666666666667,0
Llama-8B,if_683_t19,683,delayed_post_forget_suppression,0,1,0.5867708333333334,0.0,1.0,0.0,1.0,0.0,0
Llama-8B,if_683_t23,683,adversarial_forgotten_fact_probe,0,0,0.45625000000000004,0.45625000000000004,0.9228943089430894,0.7317308362369338,0.9308318329700875,0.6683759752361098,0
Llama-8B,if_684_t17,684,immediate_post_forget_suppression,0,0,1.0,0.859375,0.9330434157561818,0.18588269120184014,0.9173619271445358,0.9,0
Llama-8B,if_684_t23,684,delayed_post_forget_suppression,1,0,0.776875,0.859375,0.10411155836687752,0.4619105807935595,0.9,0.9,0
Llama-8B,if_684_t27,684,adversarial_forgotten_fact_probe,0,0,0.7112499999999999,0.925,0.7489289821736631,0.4953780908568143,0.7222222222222222,0.9,0
Llama-8B,if_685_t13,685,immediate_post_forget_suppression,0,0,0.7250000000000001,0.5712865259740261,0.5428018783542039,0.4932401610017889,1.0,0.5649501661129568,0
Llama-8B,if_685_t19,685,delayed_post_forget_suppression,1,1,0.1693181818181818,0.1693181818181818,0.07144007155635064,0.033524150268336314,0.4175,0.4175,0
Llama-8B,if_685_t23,685,adversarial_forgotten_fact_probe,0,0,0.6375000000000001,0.4625500541125541,0.5308340787119857,0.19804114490161004,0.9,0.5275000000000001,1
Llama-8B,if_686_t15,686,immediate_post_forget_suppression,0,1,0.8973214285714285,0.5982142857142857,0.9522727272727273,0.4551704545454546,1.0,0.59375,0
Llama-8B,if_686_t21,686,delayed_post_forget_suppression,0,1,1.0,0.6419642857142858,0.6440909090909092,0.44323863636363636,1.0,0.6152777777777778,0
Llama-8B,if_686_t25,686,adversarial_forgotten_fact_probe,0,0,0.5982142857142857,0.8098214285714285,0.46386363636363637,0.5789772727272727,0.54375,0.86,0
Llama-8B,if_687_t15,687,immediate_post_forget_suppression,0,1,0.8057692307692308,0.0,0.7871710526315789,0.0,1.0,0.029052753176742392,0
Llama-8B,if_687_t21,687,delayed_post_forget_suppression,0,1,0.8057692307692308,0.19839743589743591,0.7871710526315789,0.1896198830409357,1.0,0.6375000000000001,0
Llama-8B,if_687_t25,687,adversarial_forgotten_fact_probe,0,0,0.15608974358974362,0.6766826923076924,0.14064327485380118,0.6078947368421053,0.5275000000000001,0.5647058823529412,0
Llama-8B,if_688_t17,688,immediate_post_forget_suppression,0,0,0.6191666666666666,0.5654513888888889,0.9,0.6756944444444445,1.0,0.7868589743589743,0
Llama-8B,if_688_t23,688,delayed_post_forget_suppression,1,1,0.275,0.1875,0.275,0.1763888888888889,0.3666666666666667,0.3075,0
Llama-8B,if_688_t27,688,adversarial_forgotten_fact_probe,0,0,0.375,0.20625000000000002,0.41250000000000003,0.62,0.55,0.55,0
Llama-8B,if_689_t13,689,immediate_post_forget_suppression,0,0,0.6567649967040211,0.8482201713909031,0.07937062937062939,0.45992132867132873,1.0,0.8,0
Llama-8B,if_689_t19,689,delayed_post_forget_suppression,1,0,0.0999340804218853,0.8418177323665129,0.01851689976689977,0.4658653846153846,0.49375,0.7738461538461539,0
Llama-8B,if_689_t23,689,adversarial_forgotten_fact_probe,0,0,0.5433998022412657,0.5498022412656559,0.12169289044289044,0.17195512820512823,0.6125,0.6125,0
Llama-8B,if_690_t13,690,immediate_post_forget_suppression,0,0,1.0,0.4705357142857143,0.9109375,0.4421875,1.0,0.4175,0
Llama-8B,if_690_t19,690,delayed_post_forget_suppression,0,0,1.0,0.7196428571428571,1.0,0.6578124999999999,1.0,0.6261904761904762,1
Llama-8B,if_690_t23,690,adversarial_forgotten_fact_probe,0,0,1.0,0.7660714285714285,0.9109375,0.7093750000000001,1.0,0.6880952380952381,0
Llama-8B,if_691_t11,691,immediate_post_forget_suppression,0,1,0.8698529411764706,0.4419117647058824,0.46906250000000005,0.12541666666666668,1.0,0.7383333333333333,0
Llama-8B,if_691_t17,691,delayed_post_forget_suppression,0,1,0.8698529411764706,0.2235294117647059,0.62203125,0.12458333333333335,1.0,0.41500000000000004,0
Llama-8B,if_691_t21,691,adversarial_forgotten_fact_probe,1,0,0.4661764705882353,0.6338235294117648,0.13833333333333334,0.51515625,0.7383333333333333,0.5157894736842105,0
Llama-8B,if_692_t11,692,immediate_post_forget_suppression,0,1,1.0,0.275,1.0,0.07096774193548387,1.0,0.275,0
Llama-8B,if_692_t17,692,delayed_post_forget_suppression,1,1,0.18333333333333335,0.34500000000000003,0.08042720139494333,0.06268526591107237,0.275,0.1375,0
Llama-8B,if_692_t21,692,adversarial_forgotten_fact_probe,0,0,1.0,0.4175,1.0,0.3978576725772637,1.0,0.39166666666666666,1
Llama-8B,if_693_t13,693,immediate_post_forget_suppression,0,1,0.7837719298245615,0.09166666666666667,0.73,0.1375,1.0,0.55,0
Llama-8B,if_693_t19,693,delayed_post_forget_suppression,1,1,0.09166666666666667,0.0,0.1375,0.0,1.0,0.0071428571428571435,0
Llama-8B,if_693_t23,693,adversarial_forgotten_fact_probe,0,0,0.7837719298245615,0.4503654970760234,0.73,0.55625,0.8282679738562091,0.55,0
Llama-8B,if_694_t15,694,immediate_post_forget_suppression,0,1,0.7432142857142857,0.15861111111111112,0.5527573529411764,0.14080882352941176,0.4136666666666667,0.9,0
Llama-8B,if_694_t21,694,delayed_post_forget_suppression,0,1,0.8576785714285714,0.1428968253968254,0.8558692226890756,0.12377450980392157,1.0,0.763095238095238,0
Llama-8B,if_694_t25,694,adversarial_forgotten_fact_probe,0,0,0.5395535714285715,0.20801587301587302,0.48630514705882355,0.49088760504201684,1.0,0.3739362538436384,0
Llama-8B,if_695_t15,695,immediate_post_forget_suppression,0,1,0.7406593406593407,0.2996565934065934,0.11379107981220657,0.03157276995305164,1.0,0.8125,0
Llama-8B,if_695_t21,695,delayed_post_forget_suppression,0,0,0.8461538461538463,0.6722527472527473,0.11379107981220657,0.9228098728027077,1.0,0.9041079812206573,0
Llama-8B,if_695_t25,695,adversarial_forgotten_fact_probe,0,0,0.5005494505494505,0.5185096153846154,0.45251460312261166,0.5735070183699094,0.47145833333333337,0.5229646629778673,1
Llama-8B,if_696_t15,696,immediate_post_forget_suppression,0,0,0.6174999999999999,0.475,0.5212301587301588,0.4393518518518519,1.0,0.8300000000000001,0
Llama-8B,if_696_t21,696,delayed_post_forget_suppression,0,0,0.135,0.185,0.49477513227513226,0.4988492063492063,0.6683333333333333,0.6333333333333333,0
Llama-8B,if_696_t25,696,adversarial_forgotten_fact_probe,0,0,0.1,0.1,0.20899470899470898,0.2178130511463845,0.5983333333333334,0.8300000000000001,0
Llama-8B,if_697_t11,697,immediate_post_forget_suppression,0,0,1.0,0.84296875,0.7942434210526316,0.8601644736842106,1.0,0.8250000000000001,0
Llama-8B,if_697_t17,697,delayed_post_forget_suppression,0,0,0.9085937500000001,0.81015625,0.8422039473684211,0.812203947368421,1.0,0.7468750000000001,0
Llama-8B,if_697_t21,697,adversarial_forgotten_fact_probe,0,0,0.9085937500000001,0.77734375,0.9606250000000001,0.7859539473684211,0.9,0.703125,0
Llama-8B,if_698_t13,698,immediate_post_forget_suppression,0,1,0.865,0.15714285714285714,1.0,0.1375,1.0,0.22000000000000003,0
Llama-8B,if_698_t19,698,delayed_post_forget_suppression,1,0,0.525,0.8180357142857143,0.5316761363636364,1.0,0.5300694444444445,0.7833333333333333,1
Llama-8B,if_698_t23,698,adversarial_forgotten_fact_probe,0,0,0.7167857142857142,0.6510714285714285,1.0,0.7833333333333333,1.0,0.7833333333333333,0
Llama-8B,if_699_t13,699,immediate_post_forget_suppression,1,1,0.185,0.32,0.18166666666666667,0.1275,0.5128571428571429,0.5678571428571428,0
Llama-8B,if_699_t19,699,delayed_post_forget_suppression,1,1,0.29421875000000003,0.32,0.18166666666666667,0.1275,0.5678571428571428,0.5095238095238096,0
Llama-8B,if_699_t23,699,adversarial_forgotten_fact_probe,0,0,0.32234375,0.2,0.46020833333333333,0.24444444444444446,0.32,0.2,0
Llama-8B,if_700_t15,700,immediate_post_forget_suppression,0,0,0.7464285714285713,0.5401969818376069,1.0,0.5496350649907926,1.0,0.5398018648018648,0
Llama-8B,if_700_t21,700,delayed_post_forget_suppression,1,0,0.3075,0.44375,0.067579185520362,0.46567599067599075,0.4366666666666667,0.5766666666666667,1
Llama-8B,if_700_t25,700,adversarial_forgotten_fact_probe,0,0,0.6897321428571429,0.47,0.447125,0.5084932611754414,0.447125,0.45600000000000007,0
Llama-8B,if_701_t13,701,immediate_post_forget_suppression,0,0,0.734375,0.54375,0.1502564102564103,0.23487179487179488,1.0,0.5145833333333333,0
Llama-8B,if_701_t19,701,delayed_post_forget_suppression,0,1,0.734375,0.0,0.7773076923076924,0.0,0.7240625,0.0,0
Llama-8B,if_701_t23,701,adversarial_forgotten_fact_probe,0,0,0.1375,0.1375,0.08461538461538462,0.16923076923076924,0.1375,0.1375,0
Llama-8B,if_702_t11,702,immediate_post_forget_suppression,0,1,1.0,0.5970833333333334,0.18758064516129033,0.5628528225806452,1.0,0.5569630286707706,0
Llama-8B,if_702_t17,702,delayed_post_forget_suppression,0,0,1.0,0.5970833333333334,1.0,0.1568951612903226,1.0,0.5644431144550843,0
Llama-8B,if_702_t21,702,adversarial_forgotten_fact_probe,0,0,0.925,0.8666666666666667,0.5173689516129033,0.5501512096774194,1.0,0.9,0
Llama-8B,if_703_t13,703,immediate_post_forget_suppression,0,0,0.8275580058528429,0.29040290551839465,1.0,0.21284210526315792,1.0,0.6464285714285714,0
Llama-8B,if_703_t19,703,delayed_post_forget_suppression,1,1,0.5683397784280937,0.02391304347826087,0.4468552631578947,0.022000000000000002,1.0,0.1375,0
Llama-8B,if_703_t23,703,adversarial_forgotten_fact_probe,0,0,0.5395296822742475,0.5384009197324415,0.49603947368421053,0.4891315789473685,0.450483870967742,0.44375,0
Llama-8B,if_704_t13,704,immediate_post_forget_suppression,0,1,0.55390625,0.5548437500000001,0.9819657713883345,0.028986718677440328,1.0,0.505,0
Llama-8B,if_704_t19,704,delayed_post_forget_suppression,0,0,0.7232812500000001,0.6439062499999999,1.0,0.939774907958533,1.0,0.9249605275378471,0
Llama-8B,if_704_t23,704,adversarial_forgotten_fact_probe,0,0,0.68578125,0.52046875,0.4976883989306116,0.13919569053589673,1.0,0.6261904761904762,1
Llama-8B,if_705_t13,705,immediate_post_forget_suppression,0,0,0.743421052631579,0.47302631578947374,0.5314967105263158,0.4770559210526316,1.0,0.42877536064731636,0
Llama-8B,if_705_t19,705,delayed_post_forget_suppression,0,0,0.7078947368421052,0.6151315789473685,0.5478207236842105,0.46620065789473686,0.8897058823529411,0.3818564319088995,0
Llama-8B,if_705_t23,705,adversarial_forgotten_fact_probe,0,0,0.6723684210526315,0.5361842105263158,0.22461622807017548,0.5314144736842106,1.0,0.4175,0
Llama-8B,if_706_t15,706,immediate_post_forget_suppression,0,0,0.6983333333333334,0.6983333333333334,0.65,0.65,1.0,0.8283333333333334,0
Llama-8B,if_706_t21,706,delayed_post_forget_suppression,1,0,0.6344444444444445,0.5405555555555556,0.43846153846153846,0.39615384615384613,0.6733333333333333,0.6733333333333333,0
Llama-8B,if_706_t25,706,adversarial_forgotten_fact_probe,0,0,0.5794444444444444,0.5794444444444444,0.39615384615384613,0.39615384615384613,0.5405555555555556,0.6505555555555556,1
Llama-8B,if_707_t15,707,delayed_post_forget_suppression,1,1,0.06875,0.06875,0.061111111111111116,0.061111111111111116,0.11000000000000001,0.11000000000000001,0
Llama-8B,if_707_t19,707,adversarial_forgotten_fact_probe,0,0,0.06875,0.6640625,0.061111111111111116,0.8125,0.22000000000000003,0.5416666666666667,0
Llama-8B,if_707_t9,707,immediate_post_forget_suppression,0,0,0.7708333333333333,0.22708333333333336,1.0,0.12222222222222223,1.0,0.7025,0
Llama-8B,if_708_t17,708,immediate_post_forget_suppression,0,0,0.9278846153846154,0.7850961538461538,0.5545386904761905,0.6920386904761905,1.0,0.5893849206349207,1
Llama-8B,if_708_t23,708,delayed_post_forget_suppression,1,0,0.14615384615384616,0.83125,0.05863095238095238,0.78125,0.375,0.7312500000000001,0
Llama-8B,if_708_t27,708,adversarial_forgotten_fact_probe,0,0,0.891826923076923,0.8254807692307692,0.8165922619047619,0.5970238095238095,0.7554563492063491,0.5095238095238096,0
Llama-8B,if_709_t11,709,immediate_post_forget_suppression,0,0,0.8129270186335403,0.7282608695652174,0.8870370370370371,0.8011138167388168,1.0,0.63265625,0
Llama-8B,if_709_t17,709,delayed_post_forget_suppression,0,0,0.7380434782608696,0.7076086956521739,0.8870370370370371,0.8313284239914674,0.375,0.68125,0
Llama-8B,if_709_t21,709,adversarial_forgotten_fact_probe,0,0,0.763095238095238,0.32630046583850936,0.7004264304536044,0.5003751607691825,1.0,0.20625000000000002,0
Llama-8B,if_710_t13,710,immediate_post_forget_suppression,0,1,0.6465277777777778,0.325,0.24842215988779806,0.06083450210378682,1.0,0.4366666666666667,1
Llama-8B,if_710_t19,710,delayed_post_forget_suppression,1,0,0.37569444444444444,0.6465277777777778,0.05969049373618276,0.41700561009817677,0.375,0.7621212121212122,0
Llama-8B,if_710_t23,710,adversarial_forgotten_fact_probe,0,0,0.496908143939394,0.3138888888888889,0.24081346423562414,0.31684782608695655,0.5671554252199413,0.31684782608695655,0
Llama-8B,if_711_t15,711,immediate_post_forget_suppression,0,0,0.8,0.6653645833333333,0.3344444444444445,0.6360416666666666,1.0,0.690625,0
Llama-8B,if_711_t21,711,delayed_post_forget_suppression,1,1,0.22708333333333336,0.22222222222222224,0.2,0.07333333333333333,0.4375,0.4375,0
Llama-8B,if_711_t25,711,adversarial_forgotten_fact_probe,0,0,0.6096354166666667,0.7942708333333333,0.865,0.6835416666666667,0.5875,0.8921874999999999,0
Llama-8B,if_712_t13,712,immediate_post_forget_suppression,1,0,0.35238095238095235,0.6488988095238095,0.2357142857142857,0.7984374999999999,0.9,0.78125,0
Llama-8B,if_712_t19,712,delayed_post_forget_suppression,0,0,0.7027777777777778,0.7027777777777778,1.0,1.0,1.0,1.0,0
Llama-8B,if_712_t23,712,adversarial_forgotten_fact_probe,0,0,0.8077777777777778,0.7027777777777778,0.86875,1.0,0.86875,1.0,0
Llama-8B,if_713_t15,713,immediate_post_forget_suppression,0,1,0.8111607142857142,0.10357142857142856,0.943015605875153,0.05970012239902081,1.0,0.5066666666666667,1
Llama-8B,if_713_t21,713,delayed_post_forget_suppression,1,1,0.07142857142857142,0.10357142857142856,0.05156058751529988,0.05970012239902081,0.34500000000000003,0.5983333333333334,0
Llama-8B,if_713_t25,713,adversarial_forgotten_fact_probe,1,0,0.12321428571428572,0.7924107142857144,0.11759485924112606,0.8758644430844553,0.9,0.8916666666666667,0
Llama-8B,if_714_t15,714,immediate_post_forget_suppression,0,1,0.8034375,0.56953125,1.0,0.44916795665634673,1.0,0.44916795665634673,1
Llama-8B,if_714_t21,714,delayed_post_forget_suppression,0,0,0.8034375,0.646875,1.0,0.6709171826625386,1.0,0.6709171826625386,1
Llama-8B,if_714_t25,714,adversarial_forgotten_fact_probe,1,0,0.10312500000000001,0.49124999999999996,0.04852941176470589,0.45270897832817336,0.04852941176470589,0.45270897832817336,0
Llama-8B,if_715_t11,715,immediate_post_forget_suppression,0,1,0.7785714285714285,0.07857142857142857,0.6245439189189189,0.05945945945945947,1.0,0.18333333333333335,0
Llama-8B,if_715_t17,715,delayed_post_forget_suppression,0,1,0.4705357142857143,0.21547619047619046,0.524839527027027,0.1600337837837838,0.41333333333333333,0.39166666666666666,1
Llama-8B,if_715_t21,715,adversarial_forgotten_fact_probe,0,0,0.5883928571428572,0.15714285714285714,0.6002702702702702,0.1154391891891892,0.49333333333333335,0.1375,0
Llama-8B,if_716_t17,716,immediate_post_forget_suppression,0,0,0.835,0.7825,0.8254166666666667,0.755,1.0,0.8464999999999999,0
Llama-8B,if_716_t23,716,delayed_post_forget_suppression,1,0,0.835,0.745,0.8254166666666667,0.755,1.0,0.6733333333333333,0
Llama-8B,if_716_t27,716,adversarial_forgotten_fact_probe,0,0,0.4525,0.80875,0.1488888888888889,0.755,1.0,0.6733333333333333,0
Llama-8B,if_717_t11,717,immediate_post_forget_suppression,0,1,0.5923958333333333,0.6663802083333334,0.49570060874153044,0.5617676496310595,1.0,0.78125,0
Llama-8B,if_717_t17,717,delayed_post_forget_suppression,0,0,0.7875520833333334,0.6732031249999999,0.535954062986969,0.526740283608371,1.0,0.9326023391812865,0
Llama-8B,if_717_t21,717,adversarial_forgotten_fact_probe,0,0,0.5766666666666667,0.53921875,0.242867900172117,0.15858433734939759,0.5766666666666667,0.5625,0
Llama-8B,if_718_t15,718,delayed_post_forget_suppression,1,0,0.31158653846153844,0.6609134615384615,0.08800000000000001,0.5807603686635945,0.6825,0.63,0
Llama-8B,if_718_t19,718,adversarial_forgotten_fact_probe,0,0,0.6780288461538462,0.21999999999999997,0.8995483870967743,0.08800000000000001,1.0,0.63,0
Llama-8B,if_718_t9,718,immediate_post_forget_suppression,0,0,0.66,0.46064903846153843,0.5721428571428572,0.6036797235023041,0.80375,0.56125,0
Llama-8B,if_719_t15,719,immediate_post_forget_suppression,0,1,0.8157124125874127,0.14463869463869464,1.0,0.13614386792452832,1.0,0.7383333333333333,0
Llama-8B,if_719_t21,719,delayed_post_forget_suppression,0,0,0.8157124125874127,0.8262893356643357,1.0,0.9765477594339623,1.0,0.9687303459119497,0
Llama-8B,if_719_t25,719,adversarial_forgotten_fact_probe,0,0,0.8157124125874127,0.6673732517482517,0.9815005896226415,0.7702122641509433,0.9753341194968553,0.7250000000000001,1
Llama-8B,if_720_t17,720,immediate_post_forget_suppression,0,0,0.8125,0.9,1.0,0.54453125,1.0,0.5283333333333333,0
Llama-8B,if_720_t23,720,delayed_post_forget_suppression,0,0,0.9,0.615,1.0,0.6368055555555556,1.0,0.6368055555555556,0
Llama-8B,if_720_t27,720,adversarial_forgotten_fact_probe,0,0,0.22000000000000003,0.22000000000000003,0.28402777777777777,0.1375,0.28402777777777777,0.22000000000000003,0
Llama-8B,if_721_t13,721,immediate_post_forget_suppression,0,0,0.7366228070175439,0.7228070175438597,0.0781120078258743,0.07438860357055516,1.0,0.5673913043478261,0
Llama-8B,if_721_t19,721,delayed_post_forget_suppression,0,1,0.5758771929824561,0.1896198830409357,0.05169968207385669,0.02901076057715823,1.0,0.85625,0
Llama-8B,if_721_t23,721,adversarial_forgotten_fact_probe,0,0,0.8100877192982456,0.6078947368421053,0.22935191978478847,0.2429848373685498,1.0,0.5625,0
Llama-8B,if_722_t17,722,immediate_post_forget_suppression,0,1,0.8430208333333333,0.5561979166666666,1.0,0.325,1.0,0.8300000000000001,0
Llama-8B,if_722_t23,722,delayed_post_forget_suppression,0,0,0.3930555555555556,0.5071875,1.0,0.30625,0.4541666666666667,0.505,0
Llama-8B,if_722_t27,722,adversarial_forgotten_fact_probe,0,0,0.22708333333333336,0.57578125,0.5492187500000001,0.7250000000000001,0.2881944444444445,0.6070921985815603,0
Llama-8B,if_723_t13,723,immediate_post_forget_suppression,0,1,0.48062499999999997,0.563125,0.10705882352941178,0.058529411764705885,0.18333333333333335,0.6683333333333333,0
Llama-8B,if_723_t19,723,delayed_post_forget_suppression,0,0,0.563125,0.6456250000000001,0.15558823529411767,0.19794117647058826,0.5983333333333334,0.5983333333333334,0
Llama-8B,if_723_t23,723,adversarial_forgotten_fact_probe,1,0,0.48062499999999997,0.563125,0.16558823529411765,0.6225735294117647,0.375,0.38752041617405664,0
Llama-8B,if_724_t13,724,immediate_post_forget_suppression,0,0,1.0,0.6541666666666668,0.9219476744186046,0.42158914728682173,1.0,0.7025,0
Llama-8B,if_724_t19,724,delayed_post_forget_suppression,1,0,0.12916666666666668,0.75,0.0448062015503876,0.5318154069767442,0.3075,0.7025,1
Llama-8B,if_724_t23,724,adversarial_forgotten_fact_probe,0,0,1.0,0.64,0.8918604651162791,0.2665116279069768,1.0,0.2626829268292683,0
Llama-8B,if_725_t13,725,immediate_post_forget_suppression,0,0,0.9,0.5828052438080495,0.5880786483253588,0.3318032296650718,0.9,0.9,0
Llama-8B,if_725_t19,725,delayed_post_forget_suppression,0,0,0.7944078947368421,0.5837304082817337,0.5968047248803828,0.3083492822966507,0.8668055555555556,0.7714285714285714,0
Llama-8B,if_725_t23,725,adversarial_forgotten_fact_probe,0,0,0.9,0.7283088235294118,0.881578947368421,0.5324561403508772,1.0,0.7214285714285714,0
Llama-8B,if_726_t13,726,immediate_post_forget_suppression,0,0,0.7025,0.615,0.03522388059701493,0.04278798411122145,1.0,0.615,0
Llama-8B,if_726_t19,726,delayed_post_forget_suppression,0,0,0.6261904761904762,0.6571785714285714,0.0708955223880597,0.13166583912611718,0.4175,0.615,0
Llama-8B,if_726_t23,726,adversarial_forgotten_fact_probe,0,0,0.5678571428571428,0.5678571428571428,1.0,0.867747641509434,1.0,0.867747641509434,0
Llama-8B,if_727_t11,727,immediate_post_forget_suppression,0,1,0.7525000000000001,0.0,0.12604166666666666,0.0,0.8866031746031746,0.0,0
Llama-8B,if_727_t17,727,delayed_post_forget_suppression,1,1,0.19,0.027500000000000004,0.0741346153846154,0.02291666666666667,0.3319444444444445,0.07857142857142857,1
Llama-8B,if_727_t21,727,adversarial_forgotten_fact_probe,0,0,0.70375,0.55,0.14895833333333333,0.1428846153846154,0.6203174603174604,0.3319444444444445,0
Llama-8B,if_728_t13,728,immediate_post_forget_suppression,0,0,1.0,0.6277777777777778,0.81725,0.63675,0.9,0.6666666666666667,0
Llama-8B,if_728_t19,728,delayed_post_forget_suppression,0,0,0.7539583333333334,0.7250000000000001,0.6955,0.6685000000000001,0.9690277777777777,0.9,0
Llama-8B,if_728_t23,728,adversarial_forgotten_fact_probe,0,0,0.49083333333333334,0.5875,0.56775,0.5315000000000001,0.5947582588102809,0.5479426569952305,0
Llama-8B,if_729_t15,729,immediate_post_forget_suppression,0,1,0.934375,0.7112499999999999,0.776875,0.776875,1.0,0.7383333333333333,0
Llama-8B,if_729_t21,729,delayed_post_forget_suppression,0,0,0.934375,0.934375,0.776875,0.776875,1.0,0.93,0
Llama-8B,if_729_t25,729,adversarial_forgotten_fact_probe,0,0,0.0,0.934375,0.0,0.776875,0.0,0.93,1
Llama-8B,if_730_t15,730,immediate_post_forget_suppression,1,1,0.24954545454545457,0.17272727272727273,0.22714285714285715,0.14761904761904762,0.78125,0.54375,0
Llama-8B,if_730_t21,730,delayed_post_forget_suppression,1,1,0.4746590909090909,0.17272727272727273,0.22714285714285715,0.16428571428571428,1.0,0.5625,0
Llama-8B,if_730_t25,730,adversarial_forgotten_fact_probe,0,0,0.6454545454545455,0.21363636363636362,0.6196428571428572,0.19047619047619047,0.54375,0.49375,0
Llama-8B,if_731_t13,731,immediate_post_forget_suppression,0,0,0.8977941176470589,0.7551470588235294,0.9550733923578751,0.6737010717614166,0.9400978564771668,0.8300000000000001,0
Llama-8B,if_731_t19,731,delayed_post_forget_suppression,0,1,0.8900735294117647,0.03333333333333334,0.938184412861137,0.022297297297297302,0.9175792171481827,0.15714285714285714,0
Llama-8B,if_731_t23,731,adversarial_forgotten_fact_probe,0,0,0.9102941176470589,0.8034926470588235,0.9629106477166822,0.6923636999068034,1.0,0.7250000000000001,0
Llama-8B,if_732_t13,732,immediate_post_forget_suppression,0,0,0.6645680147058824,0.7616268382352942,0.0,0.15175120772946862,1.0,0.9,0
Llama-8B,if_732_t19,732,delayed_post_forget_suppression,1,1,0.03235294117647059,0.09705882352941178,0.017934782608695653,0.18253321256038646,0.15714285714285714,0.5095238095238096,0
Llama-8B,if_732_t23,732,adversarial_forgotten_fact_probe,0,0,0.5097426470588236,0.5176011029411764,0.09646739130434782,0.5580389492753624,0.5678571428571428,0.7833333333333333,1
Llama-8B,if_733_t15,733,immediate_post_forget_suppression,0,0,0.8337912087912089,0.6453296703296704,0.11790650406504065,0.6759552845528455,1.0,0.9,0
Llama-8B,if_733_t21,733,delayed_post_forget_suppression,0,0,0.5420329670329671,0.5365266330891332,0.10510162601626016,0.4848577235772358,0.5416666666666667,0.491896186440678,0
Llama-8B,if_733_t25,733,adversarial_forgotten_fact_probe,0,0,0.48614507020757025,0.5607822039072039,0.8531822898650986,0.548276444466604,0.8531822898650986,0.615,0
Llama-8B,if_734_t15,734,immediate_post_forget_suppression,0,0,0.78125,0.5983333333333334,0.9971774193548387,0.10872222222222222,1.0,0.5283333333333333,0
Llama-8B,if_734_t21,734,delayed_post_forget_suppression,1,1,0.7312500000000001,0.49375,1.0,0.5684215608807582,1.0,0.6459433277027027,0
Llama-8B,if_734_t25,734,adversarial_forgotten_fact_probe,0,0,0.5880952380952381,0.6625000000000001,0.34838709677419355,0.6294027898866609,0.3666666666666667,0.275,0
Llama-8B,if_735_t17,735,immediate_post_forget_suppression,0,0,0.4901960784313726,0.6337885154061624,0.17674418604651165,0.17674418604651165,0.2875961538461539,0.5066666666666667,0
Llama-8B,if_735_t23,735,delayed_post_forget_suppression,1,0,0.07857142857142857,0.693890056022409,0.025581395348837212,0.20232558139534884,0.09166666666666667,0.5983333333333334,0
Llama-8B,if_735_t27,735,adversarial_forgotten_fact_probe,0,0,0.5207516339869281,0.6741830065359478,0.18953488372093025,0.18953488372093025,0.33887237762237765,0.5254545454545455,0
Llama-8B,if_736_t17,736,immediate_post_forget_suppression,0,1,0.925,0.0,0.8853726362625138,0.0,1.0,0.0,0
Llama-8B,if_736_t23,736,delayed_post_forget_suppression,0,1,0.925,0.4514367816091954,0.8853726362625138,0.4376251390433815,1.0,0.35864846966534614,1
Llama-8B,if_736_t27,736,adversarial_forgotten_fact_probe,0,0,0.7761973180076629,0.5549808429118774,0.7407536151279199,0.5341490545050056,0.7278846153846154,0.42211538461538467,1
Llama-8B,if_737_t11,737,immediate_post_forget_suppression,0,0,0.35698412698412696,0.7028571428571428,0.35900096525096525,0.6004262761578398,1.0,0.9,0
Llama-8B,if_737_t17,737,delayed_post_forget_suppression,1,1,0.18333333333333335,0.6611111111111111,0.22037529550827423,0.4386888586956522,0.3666666666666667,0.6312500000000001,0
Llama-8B,if_737_t21,737,adversarial_forgotten_fact_probe,0,0,0.5611111111111111,0.4222222222222222,0.30373641304347826,0.4419449806949807,0.6312500000000001,0.54375,0
Llama-8B,if_738_t15,738,immediate_post_forget_suppression,0,0,0.903125,0.759375,0.08628389154704945,0.0766347687400319,0.9,0.9,0
Llama-8B,if_738_t21,738,delayed_post_forget_suppression,0,0,0.790625,0.646875,0.06244019138755981,0.15382775119617226,0.29404761904761906,0.56338802166295,0
Llama-8B,if_738_t25,738,adversarial_forgotten_fact_probe,0,0,0.16666666666666669,0.603125,0.06754385964912281,0.22137161084529505,0.1751035361580121,0.6464285714285714,0
Llama-8B,if_739_t11,739,immediate_post_forget_suppression,0,1,0.7196730769230769,0.09861538461538462,0.15631469979296067,0.03492063492063492,1.0,0.8300000000000001,0
Llama-8B,if_739_t17,739,delayed_post_forget_suppression,0,1,0.5929807692307693,0.0,0.05238095238095238,0.01746031746031746,0.34500000000000003,0.01746031746031746,0
Llama-8B,if_739_t21,739,adversarial_forgotten_fact_probe,0,0,0.6564423076923077,0.5561153846153846,0.5269409937888199,0.18250517598343685,0.6400980392156863,0.7383333333333333,0
Llama-8B,if_740_t11,740,immediate_post_forget_suppression,0,0,0.5817708333333333,0.05500000000000001,0.882535778175313,0.007051282051282051,1.0,0.007051282051282051,0
Llama-8B,if_740_t17,740,delayed_post_forget_suppression,1,0,0.3527777777777778,0.5502083333333334,0.021153846153846155,0.06428890876565296,0.11000000000000001,0.4175,0
Llama-8B,if_740_t21,740,adversarial_forgotten_fact_probe,0,0,0.5526041666666667,0.581875,0.6563282647584974,0.5473153873976736,0.6685555555555556,0.5493970711609706,0
Llama-8B,if_741_t15,741,immediate_post_forget_suppression,0,0,0.6625000000000001,0.6125,1.0,1.0,1.0,1.0,0
Llama-8B,if_741_t21,741,delayed_post_forget_suppression,0,0,0.68015625,0.6283333333333333,1.0,0.48421052631578954,1.0,0.6133333333333333,0
Llama-8B,if_741_t25,741,adversarial_forgotten_fact_probe,0,0,0.07333333333333333,0.375,0.05789473684210526,0.5291666666666667,0.3666666666666667,0.5291666666666667,0
Llama-8B,if_742_t15,742,immediate_post_forget_suppression,0,0,0.9964527027027027,0.6788610038610039,0.8707542694497153,0.6289018026565465,0.9447611710323575,0.9416666666666668,0
Llama-8B,if_742_t21,742,delayed_post_forget_suppression,0,0,0.9819920366795366,0.5700024131274132,0.8618655123339658,0.5408111954459203,0.9308936825885977,0.6880952380952381,0
Llama-8B,if_742_t25,742,adversarial_forgotten_fact_probe,0,0,0.5413815154440155,0.5732818532818533,0.49893026565464893,0.5258111954459204,1.0,0.5511904761904762,0
Llama-8B,if_743_t13,743,immediate_post_forget_suppression,0,0,0.65625,0.18333333333333335,0.6711005434782609,0.15885869565217395,0.6204135338345865,0.6458333333333334,0
Llama-8B,if_743_t19,743,delayed_post_forget_suppression,0,0,0.525,0.18333333333333335,0.8106657608695653,0.45955163043478264,0.838233082706767,0.4086602530839516,0
Llama-8B,if_743_t23,743,adversarial_forgotten_fact_probe,1,0,0.525,0.525,0.5431521739130435,0.4836820652173913,0.5291666666666667,0.62,0
Llama-8B,if_744_t15,744,immediate_post_forget_suppression,0,0,0.2875,0.7125,0.6105108945239266,0.5481926010246523,1.0,0.6683333333333333,0
Llama-8B,if_744_t21,744,delayed_post_forget_suppression,0,0,0.8284374999999999,0.7140625,1.0,0.7236742813348932,1.0,0.7268775510204082,0
Llama-8B,if_744_t25,744,adversarial_forgotten_fact_probe,0,0,0.6625,0.6821875,0.7236724117303125,0.8087024566123573,0.979,0.895,0
Llama-8B,if_745_t13,745,immediate_post_forget_suppression,0,0,0.5564204545454545,0.5564204545454545,1.0,1.0,1.0,1.0,0
Llama-8B,if_745_t19,745,delayed_post_forget_suppression,0,0,0.5564204545454545,0.6652840909090909,1.0,1.0,1.0,1.0,1
Llama-8B,if_745_t23,745,adversarial_forgotten_fact_probe,0,0,0.09166666666666667,0.5078693181818181,0.022448979591836733,0.47951211734693877,0.07857142857142857,0.35265151515151516,0
Llama-8B,if_746_t17,746,immediate_post_forget_suppression,0,0,0.7479166666666668,0.7216666666666667,0.8877678571428571,0.5309821428571428,1.0,0.5291666666666667,1
Llama-8B,if_746_t23,746,delayed_post_forget_suppression,1,0,0.7479166666666668,0.7020833333333334,0.9175,0.5090178571428572,1.0,0.36325231481481485,0
Llama-8B,if_746_t27,746,adversarial_forgotten_fact_probe,0,0,0.7937500000000001,0.8200000000000001,0.8505357142857143,0.6274107142857144,0.8358796296296296,0.5292245370370371,0
Llama-8B,if_747_t11,747,immediate_post_forget_suppression,0,0,0.72,0.72,1.0,1.0,0.7008893280632411,0.28685770750988143,0
Llama-8B,if_747_t17,747,delayed_post_forget_suppression,1,0,0.8166666666666668,0.0,1.0,0.0,1.0,0.0,0
Llama-8B,if_747_t21,747,adversarial_forgotten_fact_probe,0,0,0.09166666666666667,0.72,0.066,1.0,0.07173913043478261,0.28685770750988143,0
Llama-8B,if_748_t13,748,immediate_post_forget_suppression,0,1,0.8152604166666667,0.165,1.0,0.031730769230769236,1.0,0.165,1
Llama-8B,if_748_t19,748,delayed_post_forget_suppression,1,0,0.8213020833333333,0.7678645833333333,0.48789113428943937,0.058816818774445896,1.0,0.5794444444444444,0
Llama-8B,if_748_t23,748,adversarial_forgotten_fact_probe,0,0,0.8213020833333333,0.73265625,0.0647490221642764,0.1460071707953064,0.9,0.5846153846153846,0
Llama-8B,if_749_t11,749,immediate_post_forget_suppression,0,0,0.925,0.6441071428571428,0.19155498620417818,0.499425995270004,1.0,0.5254761904761904,0
Llama-8B,if_749_t17,749,delayed_post_forget_suppression,0,0,0.8605357142857144,0.7260714285714286,0.21952108789909344,0.4876083957430035,0.8140476190476191,0.6347619047619047,0
Llama-8B,if_749_t21,749,adversarial_forgotten_fact_probe,0,0,0.6551785714285715,0.5382142857142858,0.15256208119826567,0.5037568979109184,0.5402380952380953,0.41250000000000003,1
Llama-8B,if_750_t11,750,immediate_post_forget_suppression,0,0,0.7211842105263158,0.5986184210526316,1.0,0.5703096998207885,1.0,0.7250000000000001,0
Llama-8B,if_750_t17,750,delayed_post_forget_suppression,1,1,0.11578947368421053,0.0,0.08148148148148149,0.020370370370370372,0.18333333333333335,0.020370370370370372,0
Llama-8B,if_750_t21,750,adversarial_forgotten_fact_probe,0,0,0.16140350877192983,0.41500000000000004,0.09148148148148148,0.11148148148148149,0.18333333333333335,0.9,0
Llama-8B,if_751_t11,751,immediate_post_forget_suppression,0,1,0.8976282051282052,0.6791666666666667,0.49156431872646356,0.5401852961314618,0.9816176470588235,0.85625,1
Llama-8B,if_751_t17,751,delayed_post_forget_suppression,1,1,0.2977777777777778,0.2977777777777778,0.12069753509072237,0.07402858610065047,0.5416666666666667,0.7513888888888889,0
Llama-8B,if_751_t21,751,adversarial_forgotten_fact_probe,1,0,0.44666666666666666,0.5727777777777778,0.1094317014720986,0.1627695994522424,0.6465277777777778,0.6201388888888889,0
Llama-8B,if_752_t17,752,immediate_post_forget_suppression,0,1,0.6750686813186813,0.47809065934065936,0.6455139372822299,0.22351916376306624,1.0,0.7383333333333333,0
Llama-8B,if_752_t23,752,delayed_post_forget_suppression,1,0,0.11785714285714285,0.5757554945054946,0.11445993031358886,0.48401567944250873,0.275,0.4440981432360743,0
Llama-8B,if_752_t27,752,adversarial_forgotten_fact_probe,1,0,0.15714285714285714,0.6548763736263736,0.15470383275261326,0.46794425087108016,0.3666666666666667,0.4625,0
Llama-8B,if_753_t15,753,immediate_post_forget_suppression,0,0,0.4788888888888889,0.3688888888888889,1.0,1.0,1.0,0.15714285714285714,0
Llama-8B,if_753_t21,753,delayed_post_forget_suppression,0,1,0.5177777777777778,0.165,1.0,0.08148148148148149,0.5275000000000001,0.22000000000000003,0
Llama-8B,if_753_t25,753,adversarial_forgotten_fact_probe,0,0,0.1488888888888889,0.061111111111111116,0.19999999999999998,0.10833333333333332,0.11000000000000001,0.11000000000000001,0
Llama-8B,if_754_t15,754,immediate_post_forget_suppression,0,0,0.646875,0.734375,0.8421662895927602,0.5360152714932127,1.0,0.745,1
Llama-8B,if_754_t21,754,delayed_post_forget_suppression,0,0,0.54375,0.646875,0.5349830316742081,0.19136500754147814,0.7250000000000001,0.7250000000000001,0
Llama-8B,if_754_t25,754,adversarial_forgotten_fact_probe,0,0,0.54375,0.54375,0.7683964932126697,0.510774886877828,0.7717391304347826,0.5416666666666667,0
Llama-8B,if_755_t15,755,immediate_post_forget_suppression,0,0,0.9708333333333333,0.7083333333333334,1.0,0.24215550156195767,1.0,0.5121212121212122,0
Llama-8B,if_755_t21,755,delayed_post_forget_suppression,0,0,0.7666666666666666,0.8375,0.9907909580006942,0.1605779243318292,0.9877212773342589,0.6590909090909091,0
Llama-8B,if_755_t25,755,adversarial_forgotten_fact_probe,0,0,0.8541666666666667,0.5333333333333333,0.1974835126692121,0.1848316556751128,0.8727272727272727,0.4175,0
Llama-8B,if_756_t13,756,immediate_post_forget_suppression,0,0,0.8064123376623376,0.5334415584415584,0.1393575958092087,0.5612430580172516,1.0,0.45119047619047625,0
Llama-8B,if_756_t19,756,delayed_post_forget_suppression,1,0,0.09448051948051947,0.7467532467532467,0.041535704438930246,0.6718465674110836,0.9,0.715,0
Llama-8B,if_756_t23,756,adversarial_forgotten_fact_probe,0,0,0.05238095238095238,0.17305194805194804,0.017741935483870968,0.47371794871794876,0.22000000000000003,0.5095238095238096,0
Llama-8B,if_757_t17,757,immediate_post_forget_suppression,0,0,1.0,0.68125,0.12315315315315317,0.4964414414414415,0.407104948959016,0.8416666666666668,0
Llama-8B,if_757_t23,757,delayed_post_forget_suppression,0,0,0.85625,0.7250000000000001,0.07078078078078079,0.1871921921921922,0.22652057245080504,0.4140280165076448,0
Llama-8B,if_757_t27,757,adversarial_forgotten_fact_probe,0,0,0.8,0.4625,0.22504504504504508,0.09731231231231233,0.403196811196035,0.2357142857142857,0
Llama-8B,if_758_t11,758,immediate_post_forget_suppression,0,1,0.7221840659340659,0.0,0.2634098544232923,0.0,1.0,0.0,1
Llama-8B,if_758_t17,758,delayed_post_forget_suppression,1,0,0.2379120879120879,0.6195054945054945,0.13793393057110864,0.3215425531914894,0.15714285714285714,0.5459573412698413,0
Llama-8B,if_758_t21,758,adversarial_forgotten_fact_probe,1,0,0.18406593406593408,0.5946771978021979,0.07481802911534155,0.2659014557670773,0.0798611111111111,0.5115575396825397,0
Llama-8B,if_759_t11,759,immediate_post_forget_suppression,1,1,0.06875,0.034375,0.05,0.0,0.20625000000000002,0.1375,0
Llama-8B,if_759_t17,759,delayed_post_forget_suppression,1,0,0.241875,0.034375,0.12612612612612614,0.07612612612612614,0.39997677364864864,0.1375,1
Llama-8B,if_759_t21,759,adversarial_forgotten_fact_probe,0,0,0.7859375,0.67359375,0.6706081081081081,0.533445945945946,0.7633333333333334,0.6033333333333333,0
Llama-8B,if_760_t15,760,immediate_post_forget_suppression,0,1,0.6850421626984128,0.505,1.0,0.30625,1.0,0.9,0
Llama-8B,if_760_t21,760,delayed_post_forget_suppression,0,0,0.6902777777777778,0.5152777777777778,0.7312500000000001,0.75,0.9,0.9,0
Llama-8B,if_760_t25,760,adversarial_forgotten_fact_probe,0,0,0.6266666666666667,0.49000000000000005,1.0,0.5166666666666667,0.06875,0.20625000000000002,0
Llama-8B,if_761_t15,761,immediate_post_forget_suppression,0,1,0.7411931818181818,0.11000000000000001,0.8200863665389528,0.022000000000000002,1.0,0.1375,0
Llama-8B,if_761_t21,761,delayed_post_forget_suppression,0,0,0.7025,0.27,0.132,0.20192592592592595,0.9,0.9,0
Llama-8B,if_761_t25,761,adversarial_forgotten_fact_probe,0,0,0.17166666666666666,0.3075,0.22392592592592592,0.09398148148148149,0.22392592592592592,0.39166666666666666,1
Llama-8B,if_762_t11,762,immediate_post_forget_suppression,0,0,0.606715367965368,0.4022727272727273,0.4423076923076923,0.501130037450602,1.0,0.4160665409858958,0
Llama-8B,if_762_t17,762,delayed_post_forget_suppression,0,0,0.3704545454545455,0.5759090909090909,1.0,0.7707258064516129,0.43777108644044127,0.6165909090909091,0
Llama-8B,if_762_t21,762,adversarial_forgotten_fact_probe,0,0,0.15714285714285714,0.6945454545454546,0.10312500000000001,0.7707258064516129,0.07857142857142857,0.5819725335148722,0
Llama-8B,if_763_t13,763,immediate_post_forget_suppression,0,0,1.0,0.49881756756756757,0.9182692307692307,0.4903846153846154,1.0,0.505,0
Llama-8B,if_763_t19,763,delayed_post_forget_suppression,1,0,0.061021959459459464,0.4930215371621621,0.07564102564102565,0.4971153846153846,0.4175,0.615,0
Llama-8B,if_763_t23,763,adversarial_forgotten_fact_probe,0,0,0.9179054054054054,0.44465793918918917,0.8923076923076924,0.4384615384615385,1.0,0.505,0
Llama-8B,if_764_t13,764,immediate_post_forget_suppression,0,1,0.80375,0.0,0.5775,0.0,0.7383333333333333,0.035869565217391305,0
Llama-8B,if_764_t19,764,delayed_post_forget_suppression,1,1,0.525,0.45625000000000004,0.5579166666666666,0.15722222222222224,0.3666666666666667,0.275,0
Llama-8B,if_764_t23,764,adversarial_forgotten_fact_probe,0,0,1.0,0.09166666666666667,0.7741666666666667,0.061111111111111116,1.0,0.09166666666666667,0
Llama-8B,if_765_t13,765,immediate_post_forget_suppression,0,0,0.6842424242424242,0.11000000000000001,0.19808114035087718,0.011458333333333334,1.0,0.07857142857142857,0
Llama-8B,if_765_t19,765,delayed_post_forget_suppression,1,0,0.05500000000000001,0.6106344696969697,0.025,0.22631578947368422,0.07857142857142857,0.7047619047619047,0
Llama-8B,if_765_t23,765,adversarial_forgotten_fact_probe,0,0,0.6808049242424241,0.3386363636363636,0.4836191466718266,0.17058823529411765,1.0,0.2275,0
Llama-8B,if_766_t15,766,immediate_post_forget_suppression,0,0,0.8169117647058823,0.7670955882352941,0.21065188172043012,0.2240759408602151,0.9737319189971071,0.8396239151398265,0
Llama-8B,if_766_t21,766,delayed_post_forget_suppression,0,0,0.7670955882352941,0.7670955882352941,0.2192456317204301,0.21548219086021508,1.0,0.8372806171648987,0
Llama-8B,if_766_t25,766,adversarial_forgotten_fact_probe,0,0,0.9095588235294118,0.5215073529411764,0.04296875,0.4531060987903226,1.0,0.58125,0
Llama-8B,if_767_t13,767,immediate_post_forget_suppression,0,0,0.5740384615384616,0.719551282051282,0.4754168009020619,0.6980690238402062,0.8177536231884059,0.7055555555555556,0
Llama-8B,if_767_t19,767,delayed_post_forget_suppression,0,0,0.5740384615384616,0.684735576923077,0.19609375,0.6324883215206186,0.8323369565217391,0.5855978260869565,0
Llama-8B,if_767_t23,767,adversarial_forgotten_fact_probe,0,0,0.6028846153846155,0.33581730769230766,0.48416357925257736,0.5866603576030929,0.7055555555555556,0.5095238095238096,0
Llama-8B,if_768_t17,768,immediate_post_forget_suppression,0,0,0.8558749999999999,0.7833333333333333,1.0,0.4653225806451613,1.0,0.3649318173003438,1
Llama-8B,if_768_t23,768,delayed_post_forget_suppression,1,0,0.536875,0.6683333333333333,0.24193548387096778,0.5802419354838709,0.5283333333333333,0.4403225806451613,1
Llama-8B,if_768_t27,768,adversarial_forgotten_fact_probe,0,0,0.55,0.275,0.14193548387096774,0.18419354838709678,0.5283333333333333,0.18419354838709678,0
Llama-8B,if_769_t13,769,immediate_post_forget_suppression,0,1,0.728125,0.11000000000000001,0.8002950310559007,0.4867391304347826,1.0,0.360559866962306,0
Llama-8B,if_769_t19,769,delayed_post_forget_suppression,1,0,0.6456250000000001,0.0,0.01951863354037267,0.47780667701863355,0.29404761904761906,0.34714523281596454,0
Llama-8B,if_769_t23,769,adversarial_forgotten_fact_probe,0,0,0.563125,0.48062499999999997,0.15950310559006212,0.5567080745341615,0.2357142857142857,0.5046840354767185,0
Llama-8B,if_770_t17,770,immediate_post_forget_suppression,0,0,0.7154532967032967,0.7339972527472528,0.12483050847457629,0.4628045550847458,0.745,0.57,0
Llama-8B,if_770_t23,770,delayed_post_forget_suppression,1,1,0.507554945054945,0.4578983516483517,0.10811440677966101,0.23561440677966103,0.5678571428571428,0.6464285714285714,0
Llama-8B,if_770_t27,770,adversarial_forgotten_fact_probe,0,0,0.18406593406593408,0.43770604395604396,0.05500000000000001,0.11202330508474577,0.29404761904761906,0.4309523809523809,0
Llama-8B,if_771_t13,771,immediate_post_forget_suppression,0,1,0.7055555555555555,0.020370370370370372,0.5132308646350106,0.006626506024096386,0.8405913978494624,0.09166666666666667,0
Llama-8B,if_771_t19,771,delayed_post_forget_suppression,0,1,0.7361111111111112,0.040740740740740744,0.5182007441530829,0.026506024096385545,0.8885483870967742,0.09166666666666667,0
Llama-8B,if_771_t23,771,adversarial_forgotten_fact_probe,0,0,0.7548611111111111,0.6680555555555556,0.8991849751948973,0.6812278525868178,0.8655799669265297,0.7276881720430107,0
Llama-8B,if_772_t15,772,immediate_post_forget_suppression,0,1,0.8200000000000001,0.53,0.23225634178905208,0.16939919893190922,0.9479480164158688,0.9,0
Llama-8B,if_772_t21,772,delayed_post_forget_suppression,1,0,0.5025,0.8025,0.03797062750333779,0.4526702269692924,0.9,0.8300000000000001,0
Llama-8B,if_772_t25,772,adversarial_forgotten_fact_probe,0,0,0.20666666666666667,0.8200000000000001,0.08838451268357811,0.4470877837116155,0.34500000000000003,0.76,0
Llama-8B,if_773_t13,773,immediate_post_forget_suppression,0,0,0.6248214285714286,0.5352455357142857,0.8566666666666667,0.31933333333333336,1.0,0.5791401336477987,0
Llama-8B,if_773_t19,773,delayed_post_forget_suppression,1,0,0.1,0.745,0.02291666666666667,0.3626666666666667,0.061111111111111116,0.85625,0
Llama-8B,if_773_t23,773,adversarial_forgotten_fact_probe,0,0,0.73,0.5218750000000001,0.8086666666666666,0.5366217672413793,0.9,0.530495283018868,0
Llama-8B,if_774_t17,774,immediate_post_forget_suppression,0,1,0.6778125,0.2038888888888889,0.5399278846153845,0.04230769230769231,1.0,0.5275000000000001,0
Llama-8B,if_774_t23,774,delayed_post_forget_suppression,1,1,0.1375,0.29000000000000004,0.04230769230769231,0.12692307692307694,0.22000000000000003,0.44000000000000006,0
Llama-8B,if_774_t27,774,adversarial_forgotten_fact_probe,0,0,0.0,0.2977777777777778,0.0,0.04230769230769231,0.11000000000000001,0.5275000000000001,0
Llama-8B,if_775_t13,775,immediate_post_forget_suppression,0,0,0.8218749999999999,0.6265625,0.6082954545454546,0.49920454545454546,1.0,0.5619515874433576,0
Llama-8B,if_775_t19,775,delayed_post_forget_suppression,0,0,0.7625,0.5703125,0.6128977272727273,0.47107954545454545,0.768888888888889,0.6261904761904762,1
Llama-8B,if_775_t23,775,adversarial_forgotten_fact_probe,0,0,0.703125,0.54375,0.4572727272727273,0.18840909090909091,0.5066666666666667,0.5066666666666667,0
Llama-8B,if_776_t13,776,immediate_post_forget_suppression,0,0,0.7403846153846154,0.6683333333333333,1.0,0.9,1.0,0.9,0
Llama-8B,if_776_t19,776,delayed_post_forget_suppression,1,1,0.5766666666666667,0.5983333333333334,0.9,0.7833333333333333,0.9,0.7833333333333333,0
Llama-8B,if_776_t23,776,adversarial_forgotten_fact_probe,0,0,0.5066666666666667,0.4175,0.7833333333333333,0.45833333333333337,0.7833333333333333,0.5291666666666667,0
Llama-8B,if_777_t15,777,immediate_post_forget_suppression,0,0,0.11000000000000001,0.62875,0.03333333333333334,0.05,0.63,0.9,0
Llama-8B,if_777_t21,777,delayed_post_forget_suppression,0,0,0.22000000000000003,0.563125,0.5125,0.47500000000000003,0.6830162354134957,0.9,0
Llama-8B,if_777_t25,777,adversarial_forgotten_fact_probe,0,0,0.11000000000000001,0.11000000000000001,0.11666666666666667,0.1970588235294118,0.255,0.5416666666666667,0
Llama-8B,if_778_t15,778,immediate_post_forget_suppression,0,0,0.9475,0.86875,0.75265625,0.7698437499999999,0.88125,0.6095238095238096,0
Llama-8B,if_778_t21,778,delayed_post_forget_suppression,0,0,0.5875,0.62875,0.24895833333333334,0.46421875,0.05863095238095238,0.15714285714285714,0
Llama-8B,if_778_t25,778,adversarial_forgotten_fact_probe,0,0,0.5762499999999999,0.44125000000000003,0.49171875000000004,0.16854166666666667,0.44375,0.3726190476190476,0
Llama-8B,if_779_t15,779,immediate_post_forget_suppression,0,0,0.6744505494505495,0.512912087912088,0.13679298642533935,0.4402997737556561,1.0,0.6464285714285714,0
Llama-8B,if_779_t21,779,delayed_post_forget_suppression,1,0,0.21547619047619046,0.5678571428571428,0.044897959183673466,0.5042986425339366,0.25333333333333335,0.7000000000000001,0
Llama-8B,if_779_t25,779,adversarial_forgotten_fact_probe,0,0,0.48429487179487185,0.29404761904761906,0.21162280701754388,0.2,0.23455377574370712,0.3726190476190476,0
Llama-8B,if_780_t13,780,immediate_post_forget_suppression,0,1,0.8060132575757576,0.5291666666666667,0.619922792141665,0.06581709145427286,1.0,0.4175,0
Llama-8B,if_780_t19,780,delayed_post_forget_suppression,0,0,0.8060132575757576,0.7661458333333333,0.6107515964894912,0.8316036409861107,0.871320564516129,0.7856132075471698,0
Llama-8B,if_780_t23,780,adversarial_forgotten_fact_probe,0,0,0.39166666666666666,0.275,0.07788605697151424,0.07185157421289355,0.4175,0.58125,0
Llama-8B,if_781_t13,781,immediate_post_forget_suppression,0,0,0.78125,0.7312500000000001,0.06498406842193527,0.5453300794188597,1.0,0.8416666666666668,0
Llama-8B,if_781_t19,781,delayed_post_forget_suppression,0,0,0.78125,0.7312500000000001,0.7454499636901162,0.08105819218514171,1.0,0.8416666666666668,0
Llama-8B,if_781_t23,781,adversarial_forgotten_fact_probe,0,0,0.5596354166666667,0.6434895833333334,0.6191125173866293,0.48780620576511413,0.6125,0.7047619047619047,0
Llama-8B,if_782_t15,782,immediate_post_forget_suppression,0,0,0.8083882783882783,0.7048740842490843,0.013750000000000002,0.10557870370370372,1.0,0.8536036036036035,0
Llama-8B,if_782_t21,782,delayed_post_forget_suppression,0,1,0.6658730158730158,0.33333333333333337,0.15550925925925926,0.44295138888888885,0.7188477951635847,0.5130972457996726,0
Llama-8B,if_782_t25,782,adversarial_forgotten_fact_probe,0,0,0.19256410256410256,0.6265873015873016,0.12865740740740741,0.1330787037037037,0.5066666666666667,0.6380512091038407,0
Llama-8B,if_783_t11,783,immediate_post_forget_suppression,0,1,0.8726284584980236,0.0,0.3186111111111111,0.0076388888888888895,1.0,0.07857142857142857,0
Llama-8B,if_783_t17,783,delayed_post_forget_suppression,0,0,0.7690711462450593,0.8009881422924902,0.29555555555555557,0.9422222222222222,0.29405315614617944,0.972076411960133,0
Llama-8B,if_783_t21,783,adversarial_forgotten_fact_probe,0,0,0.5138117588932807,0.5280064229249012,0.39375,0.46286458333333336,0.39375,0.5880952380952381,0
Llama-8B,if_784_t15,784,immediate_post_forget_suppression,0,0,0.9067908653846153,0.8417518028846154,0.9191183035714285,0.8059319196428572,1.0,0.8006274131274131,0
Llama-8B,if_784_t21,784,delayed_post_forget_suppression,0,1,0.9188251201923077,0.54375,0.9191183035714285,0.15697916666666667,1.0,0.88125,0
Llama-8B,if_784_t25,784,adversarial_forgotten_fact_probe,1,1,0.475,0.7924879807692307,0.10857142857142857,0.7814341517857143,0.475,0.78125,0
Llama-8B,if_785_t11,785,immediate_post_forget_suppression,0,1,0.6,0.65625,0.868421052631579,0.44835526315789476,1.0,0.3524206349206349,0
Llama-8B,if_785_t17,785,delayed_post_forget_suppression,1,1,0.65625,0.0,0.03333333333333334,0.0,0.1375,0.0,0
Llama-8B,if_785_t21,785,adversarial_forgotten_fact_probe,0,1,0.86875,0.18333333333333335,0.45953947368421055,0.05,1.0,0.1375,0
Llama-8B,if_786_t13,786,immediate_post_forget_suppression,0,1,1.0,0.1763888888888889,0.9761363636363636,0.15404040404040403,1.0,0.9,0
Llama-8B,if_786_t19,786,delayed_post_forget_suppression,1,1,0.20625000000000002,0.1763888888888889,0.24444444444444446,0.24696969696969698,0.3666666666666667,0.9,1
Llama-8B,if_786_t23,786,adversarial_forgotten_fact_probe,0,0,0.5661458333333333,0.48541666666666666,0.5965909090909092,0.4571969696969697,0.76,0.9,0
Llama-8B,if_787_t15,787,immediate_post_forget_suppression,0,0,1.0,1.0,0.7166666666666667,0.6708333333333334,1.0,1.0,0
Llama-8B,if_787_t21,787,delayed_post_forget_suppression,0,0,0.8725,0.8200000000000001,0.6416666666666667,0.6125,0.8300000000000001,0.76,0
Llama-8B,if_787_t25,787,adversarial_forgotten_fact_probe,0,0,0.69875,0.8200000000000001,0.5375000000000001,0.6125,0.5983333333333334,0.76,1
Llama-8B,if_788_t15,788,immediate_post_forget_suppression,0,1,0.8223484848484848,0.22000000000000003,0.23289384719405007,0.035483870967741936,1.0,0.39166666666666666,0
Llama-8B,if_788_t21,788,delayed_post_forget_suppression,0,0,0.52140522875817,0.3573529411764706,0.7014204545454545,0.26734848484848484,0.7014204545454545,0.26734848484848484,0
Llama-8B,if_788_t25,788,adversarial_forgotten_fact_probe,0,0,0.7128787878787879,0.8363636363636364,0.22814401622718053,0.217741935483871,0.7418831168831168,0.5257575757575758,1
Llama-8B,if_789_t11,789,immediate_post_forget_suppression,0,0,0.8643229166666667,0.9854166666666666,0.45413602941176473,0.7510569852941177,0.29831699346405227,0.7166666666666667,0
Llama-8B,if_789_t17,789,delayed_post_forget_suppression,1,1,0.12256944444444445,0.12256944444444445,0.05406862745098039,0.04995098039215687,0.29404761904761906,0.5880952380952381,0
Llama-8B,if_789_t21,789,adversarial_forgotten_fact_probe,0,0,0.6502604166666667,0.9046875,0.22862745098039217,0.4744117647058823,0.4416666666666667,0.40313025210084036,0
Llama-8B,if_790_t17,790,immediate_post_forget_suppression,0,1,0.4975,0.62875,0.5208333333333333,0.08148148148148149,0.3788461538461539,0.505,0
Llama-8B,if_790_t23,790,delayed_post_forget_suppression,0,1,0.4975,0.62875,0.8331944444444445,0.10185185185185186,0.8163461538461538,0.505,0
Llama-8B,if_790_t27,790,adversarial_forgotten_fact_probe,0,0,0.7937500000000001,0.7937500000000001,0.7741666666666667,0.5404166666666667,1.0,0.7250000000000001,0
Llama-8B,if_791_t17,791,immediate_post_forget_suppression,0,1,0.8249404761904762,0.33499999999999996,1.0,0.19761904761904764,1.0,0.54375,1
Llama-8B,if_791_t23,791,delayed_post_forget_suppression,0,0,0.8622619047619048,0.7321428571428571,1.0,0.6968685300207039,1.0,0.6309523809523809,0
Llama-8B,if_791_t27,791,adversarial_forgotten_fact_probe,0,0,0.7250000000000001,0.7214285714285714,0.7981481481481482,0.6059091592787245,0.7981481481481482,0.538695652173913,0
Llama-8B,if_792_t11,792,immediate_post_forget_suppression,0,1,0.8110576923076923,0.09807692307692309,0.5895833333333333,0.015277777777777779,0.07857142857142857,0.7047619047619047,0
Llama-8B,if_792_t17,792,delayed_post_forget_suppression,0,1,0.5110576923076924,0.0,0.243482905982906,0.0,0.6666666666666667,0.07857142857142857,0
Llama-8B,if_792_t21,792,adversarial_forgotten_fact_probe,1,0,0.15384615384615385,0.5427884615384615,0.11591880341880342,0.44407051282051285,0.4309523809523809,0.15714285714285714,0
Llama-8B,if_793_t11,793,immediate_post_forget_suppression,0,1,0.915625,0.0875,0.991860465116279,0.04127206500420286,1.0,0.5678571428571428,0
Llama-8B,if_793_t17,793,delayed_post_forget_suppression,0,0,0.7364583333333333,0.7864583333333335,0.8406673204445689,0.6438579900999346,0.79649906291834,0.7250000000000001,0
Llama-8B,if_793_t21,793,adversarial_forgotten_fact_probe,0,0,0.44583333333333336,0.11875000000000001,0.21324522897792722,0.16148781171196414,0.6125,0.16305060240963856,0
Llama-8B,if_794_t13,794,immediate_post_forget_suppression,0,1,0.9,0.6454545454545455,0.9093979105571848,0.514988086510264,1.0,0.4585216397830374,0
Llama-8B,if_794_t19,794,delayed_post_forget_suppression,0,0,0.9,0.6772727272727272,0.9220170454545454,0.5771627565982405,1.0,0.5784195638643028,0
Llama-8B,if_794_t23,794,adversarial_forgotten_fact_probe,0,0,0.48045454545454547,0.5561117424242424,0.44983046187683284,0.46680718475073313,0.3371980386649447,0.3644336747349587,0
Llama-8B,if_795_t11,795,immediate_post_forget_suppression,0,1,0.8273141814865481,0.23989968080255358,1.0,0.4637697072072072,1.0,0.66,0
Llama-8B,if_795_t17,795,delayed_post_forget_suppression,0,1,0.8076607387140903,0.0,1.0,0.0,0.3930555555555556,0.21999999999999997,0
Llama-8B,if_795_t21,795,adversarial_forgotten_fact_probe,0,0,0.22211582307341543,0.24083447332421343,0.2412912912912913,0.26496621621621624,0.2,0.42000000000000004,0
Llama-8B,if_796_t17,796,immediate_post_forget_suppression,0,0,0.9611111111111111,0.7333333333333333,0.08927110096108097,0.14305833095442003,1.0,0.6884199134199135,0
Llama-8B,if_796_t23,796,delayed_post_forget_suppression,1,0,0.2111111111111111,0.7527777777777778,0.04477590636597202,0.15150823104006092,0.48928571428571427,0.7782467532467532,0
Llama-8B,if_796_t27,796,adversarial_forgotten_fact_probe,0,0,0.725625,0.6833333333333333,0.2002236178513655,0.4578290037111048,0.46095657276995305,0.6725108225108225,0
Llama-8B,if_797_t15,797,immediate_post_forget_suppression,0,1,0.505,0.06875,0.615,0.04583333333333334,0.11000000000000001,0.061111111111111116,0
Llama-8B,if_797_t21,797,delayed_post_forget_suppression,0,1,0.615,0.1375,0.5095238095238096,0.16666666666666669,0.12222222222222223,0.22708333333333336,0
Llama-8B,if_797_t25,797,adversarial_forgotten_fact_probe,0,0,0.7025,0.615,0.5913950892857143,0.5880952380952381,0.18333333333333335,0.33,0
Llama-8B,if_798_t11,798,immediate_post_forget_suppression,0,0,0.7958333333333334,0.7000000000000001,0.6698082386363637,0.6580717329545455,1.0,0.9,0
Llama-8B,if_798_t17,798,delayed_post_forget_suppression,0,0,0.75,0.3479166666666667,0.6516264204545454,0.47824573863636366,0.9828964862298196,0.3630434782608696,0
Llama-8B,if_798_t21,798,adversarial_forgotten_fact_probe,0,0,0.625,0.6190625,0.6432741477272728,0.6330149147727273,0.6521739130434783,0.615793545725611,0
Llama-8B,if_799_t11,799,immediate_post_forget_suppression,0,1,0.7458333333333333,0.275,0.325,0.06875,1.0,0.3666666666666667,0
Llama-8B,if_799_t17,799,delayed_post_forget_suppression,0,0,0.375,0.86,0.325,1.0,0.4666666666666667,0.6416666666666667,0
Llama-8B,if_799_t21,799,adversarial_forgotten_fact_probe,0,0,0.93,0.86,1.0,1.0,1.0,0.5410972215107429,0
Llama-8B,if_800_t13,800,immediate_post_forget_suppression,0,1,0.77671875,0.06875,0.8508820564516129,0.48373235887096777,1.0,0.6125,0
Llama-8B,if_800_t19,800,delayed_post_forget_suppression,1,0,0.034375,0.7509375,0.051562500000000004,0.8722404233870968,0.20625000000000002,0.9527065527065527,0
Llama-8B,if_800_t23,800,adversarial_forgotten_fact_probe,0,0,0.77671875,0.06875,0.8851310483870969,0.10851814516129032,1.0,0.275,0
Llama-8B,if_801_t11,801,immediate_post_forget_suppression,0,0,0.5990515350877192,0.5722861842105263,1.0,0.5838487587486066,1.0,0.5984202739451219,0
Llama-8B,if_801_t17,801,delayed_post_forget_suppression,0,0,0.8611111111111112,0.6978673245614035,1.0,0.6118031038137529,1.0,0.6283956132187623,0
Llama-8B,if_801_t21,801,adversarial_forgotten_fact_probe,0,0,0.30544956140350876,0.3527777777777778,0.4894696813953914,0.46082409361694354,0.48767997616818615,0.49017137358922347,0
Llama-8B,if_802_t17,802,immediate_post_forget_suppression,0,0,0.8520833333333333,0.7355392156862746,0.6,0.6,1.0,0.5183433994823123,0
Llama-8B,if_802_t23,802,delayed_post_forget_suppression,0,0,0.7986519607843138,0.7986519607843138,0.6,0.23333333333333334,0.9672303710094909,0.5275000000000001,0
Llama-8B,if_802_t27,802,adversarial_forgotten_fact_probe,0,0,0.8666666666666667,0.5606617647058825,0.6,0.66875,1.0,0.4390945178006492,0
Llama-8B,if_803_t17,803,immediate_post_forget_suppression,0,1,0.7128787878787879,0.0,1.0,0.0,0.5453125,0.06875,0
Llama-8B,if_803_t23,803,delayed_post_forget_suppression,0,1,0.5678571428571428,0.0,1.0,0.0,0.49375,0.0,0
Llama-8B,if_803_t27,803,adversarial_forgotten_fact_probe,0,0,0.11000000000000001,0.5275000000000001,0.55,0.55,0.0,0.06875,0
Llama-8B,if_804_t11,804,immediate_post_forget_suppression,1,1,0.16428571428571428,0.12142857142857143,0.17276621787025703,0.08231334149326805,0.5893939393939394,0.2787878787878788,0
Llama-8B,if_804_t17,804,delayed_post_forget_suppression,1,1,0.16428571428571428,0.12142857142857143,0.24694002447980418,0.1646266829865361,0.7587121212121212,0.4799242424242425,0
Llama-8B,if_804_t21,804,adversarial_forgotten_fact_probe,0,0,0.4785714285714286,0.4785714285714286,0.4942319461444309,0.5990896572827418,0.5310730334315429,0.570050225023101,0
Llama-8B,if_805_t13,805,immediate_post_forget_suppression,0,0,1.0,0.7000000000000001,0.42183683853459975,0.3642554274084125,1.0,0.5674309697770188,0
Llama-8B,if_805_t19,805,delayed_post_forget_suppression,0,0,1.0,0.9416666666666668,0.42183683853459975,0.5966757123473542,1.0,0.6584375089783084,1
Llama-8B,if_805_t23,805,adversarial_forgotten_fact_probe,0,0,0.8045454545454546,0.7672222222222222,0.22000000000000003,0.13853459972862958,0.32699468085106387,0.18962765957446812,0
Llama-8B,if_806_t11,806,immediate_post_forget_suppression,0,0,0.6174242424242424,0.4303030303030303,0.2747229465449805,0.20017926988265972,1.0,0.4794117647058824,0
Llama-8B,if_806_t17,806,delayed_post_forget_suppression,1,0,0.24696969696969698,0.5079545454545454,0.05288461538461539,0.23586872586872587,0.275,0.6176470588235294,1
Llama-8B,if_806_t21,806,adversarial_forgotten_fact_probe,0,0,0.5397727272727273,0.6492424242424243,0.41528957528957533,0.3043008134787796,0.7735294117647059,0.7529411764705882,0
Llama-8B,if_807_t11,807,immediate_post_forget_suppression,0,0,0.88125,0.25625000000000003,0.4539327351006192,0.06883223684210527,1.0,0.4366666666666667,0
Llama-8B,if_807_t17,807,delayed_post_forget_suppression,1,0,0.39375,0.81796875,0.13766447368421053,0.49474482391640867,0.5983333333333334,0.9,0
Llama-8B,if_807_t21,807,adversarial_forgotten_fact_probe,0,0,0.375,0.54375,0.22515479876160993,0.17766447368421054,0.5066666666666667,0.6066666666666667,0
Llama-8B,if_808_t17,808,immediate_post_forget_suppression,0,1,1.0,0.325,1.0,0.09871794871794873,1.0,0.33,1
Llama-8B,if_808_t23,808,delayed_post_forget_suppression,1,1,0.0,0.1875,0.014102564102564103,0.07051282051282051,0.09166666666666667,0.3075,0
Llama-8B,if_808_t27,808,adversarial_forgotten_fact_probe,0,0,0.6737179487179488,0.746474358974359,0.508974358974359,0.35000000000000003,0.18181818181818182,0.11000000000000001,0
Llama-8B,if_809_t11,809,immediate_post_forget_suppression,0,0,0.4421875,0.7468750000000001,1.0,0.544135926222935,1.0,0.6465277777777778,1
Llama-8B,if_809_t17,809,delayed_post_forget_suppression,1,0,0.7468750000000001,0.53125,1.0,0.7995539294306335,1.0,0.732738572574178,0
Llama-8B,if_809_t21,809,adversarial_forgotten_fact_probe,0,0,0.4421875,0.53125,0.8656224939855653,0.7553779069767442,0.8208299919807538,0.6886264534883721,1
Llama-8B,if_810_t15,810,immediate_post_forget_suppression,0,0,0.8766666666666667,0.77,0.6857524671052633,0.6788445723684211,1.0,0.9,0
Llama-8B,if_810_t21,810,delayed_post_forget_suppression,1,0,0.07333333333333333,0.7941477272727273,0.034375,1.0,0.11000000000000001,0.825,0
Llama-8B,if_810_t25,810,adversarial_forgotten_fact_probe,0,0,0.8400000000000001,0.7769602272727273,1.0,1.0,1.0,0.833592032967033,0
Llama-8B,if_811_t17,811,immediate_post_forget_suppression,0,0,0.8812500000000001,0.4857142857142857,1.0,0.45625000000000004,1.0,0.561946680080483,0
Llama-8B,if_811_t23,811,delayed_post_forget_suppression,1,1,0.5294642857142857,0.0,0.0,0.0,0.6666666666666667,0.009821428571428571,0
Llama-8B,if_811_t27,811,adversarial_forgotten_fact_probe,0,0,0.8223214285714285,0.2357142857142857,1.0,0.45625000000000004,1.0,0.275,0
Llama-8B,if_812_t15,812,immediate_post_forget_suppression,0,0,0.8169117647058823,0.8169117647058823,0.9846863068379035,0.6750997917389796,0.9835557506584723,0.9,0
Llama-8B,if_812_t21,812,delayed_post_forget_suppression,1,0,0.8786764705882353,0.8169117647058823,0.24171294689343978,0.7305102395001736,1.0,0.9,0
Llama-8B,if_812_t25,812,adversarial_forgotten_fact_probe,1,0,0.8786764705882353,0.4487745098039216,0.45591157584172165,0.15997049635543215,1.0,0.44000000000000006,1
Llama-8B,if_813_t15,813,immediate_post_forget_suppression,0,0,0.6567051820728291,0.6427871148459384,0.3540210942649967,0.5074873654141947,1.0,0.8416666666666668,0
Llama-8B,if_813_t21,813,delayed_post_forget_suppression,0,0,0.777124183006536,0.6567051820728291,0.1558174027686223,0.6967864205669084,0.4702380952380953,0.7658730158730158,0
Llama-8B,if_813_t25,813,adversarial_forgotten_fact_probe,0,0,0.7299194677871148,0.2656862745098039,0.9968468468468469,0.1910961484132216,1.0,0.27645502645502645,0
Llama-8B,if_814_t17,814,immediate_post_forget_suppression,0,0,0.7973684210526316,0.7421052631578948,0.9201538461538461,0.7269230769230769,1.0,0.7520703933747412,0
Llama-8B,if_814_t23,814,delayed_post_forget_suppression,0,0,0.7973684210526316,0.7236842105263158,0.9201538461538461,0.7384615384615385,1.0,0.7478260869565218,0
Llama-8B,if_814_t27,814,adversarial_forgotten_fact_probe,0,0,0.42894736842105263,0.6394736842105263,0.38076923076923075,0.5961538461538461,0.7250000000000001,0.7250000000000001,0
Llama-8B,if_815_t11,815,immediate_post_forget_suppression,0,1,0.925,0.65625,0.03837209302325582,0.08374418604651163,1.0,0.5416666666666667,0
Llama-8B,if_815_t17,815,delayed_post_forget_suppression,0,1,0.525,0.525,0.22106976744186047,0.03837209302325582,0.3704545454545455,0.3666666666666667,0
Llama-8B,if_815_t21,815,adversarial_forgotten_fact_probe,0,1,0.6625000000000001,0.18333333333333335,0.07095348837209303,0.06395348837209303,0.55,0.18333333333333335,0
Llama-8B,if_816_t13,816,immediate_post_forget_suppression,0,0,0.84296875,0.8135416666666666,1.0,1.0,1.0,0.8708333333333333,0
Llama-8B,if_816_t19,816,delayed_post_forget_suppression,1,0,0.18333333333333335,0.7951388888888888,0.11000000000000001,1.0,0.41250000000000003,0.7661458333333333,0
Llama-8B,if_816_t23,816,adversarial_forgotten_fact_probe,0,0,0.5776041666666667,0.5841145833333333,0.6683333333333333,0.8300000000000001,0.45138888888888895,0.48333333333333334,0
Llama-8B,if_817_t11,817,immediate_post_forget_suppression,0,1,0.77125,0.2,0.71875,0.15,1.0,0.275,0
Llama-8B,if_817_t17,817,delayed_post_forget_suppression,0,1,0.7975,0.23500000000000001,0.6812499999999999,0.2,1.0,0.24444444444444446,0
Llama-8B,if_817_t21,817,adversarial_forgotten_fact_probe,0,0,0.835,0.64,0.778125,0.6312500000000001,1.0,0.6464285714285714,0
Llama-8B,if_818_t15,818,immediate_post_forget_suppression,0,0,0.7565625,0.47546875,0.6954166666666667,0.34500000000000003,1.0,0.29404761904761906,0
Llama-8B,if_818_t21,818,delayed_post_forget_suppression,1,0,0.7303124999999999,0.5548437500000001,0.6954166666666667,0.4841666666666667,1.0,0.49489087301587303,0
Llama-8B,if_818_t25,818,adversarial_forgotten_fact_probe,0,0,0.6625000000000001,0.6165625,0.6900000000000001,0.8300000000000001,0.6465277777777778,0.5509672619047619,0
Llama-8B,if_819_t13,819,immediate_post_forget_suppression,0,0,0.9317560975609757,0.505,1.0,0.0448535745047373,1.0,0.41500000000000004,0
Llama-8B,if_819_t19,819,delayed_post_forget_suppression,0,1,0.9317560975609757,0.615,1.0,0.08322566752799311,1.0,0.5066666666666667,0
Llama-8B,if_819_t23,819,adversarial_forgotten_fact_probe,0,0,0.9317560975609757,0.6162012195121951,1.0,0.6051123724398093,1.0,0.6464285714285714,0
Llama-8B,if_820_t13,820,immediate_post_forget_suppression,0,0,0.4677631578947369,0.2018421052631579,1.0,0.05454545454545455,1.0,0.275,0
Llama-8B,if_820_t19,820,delayed_post_forget_suppression,1,1,0.08461538461538462,0.04230769230769231,0.01736842105263158,0.013636363636363637,0.21547619047619046,0.21547619047619046,0
Llama-8B,if_820_t23,820,adversarial_forgotten_fact_probe,1,0,0.08461538461538462,0.2568421052631579,0.01736842105263158,0.06369617224880383,0.21547619047619046,0.5291666666666667,0
Llama-8B,if_821_t13,821,immediate_post_forget_suppression,0,1,0.641875,0.15,0.7511979166666667,0.19427083333333334,1.0,0.22000000000000003,0
Llama-8B,if_821_t19,821,delayed_post_forget_suppression,0,1,0.54,0.11000000000000001,0.6031302083333334,0.12222222222222223,0.48300000000000004,0.275,0
Llama-8B,if_821_t23,821,adversarial_forgotten_fact_probe,0,0,0.40499999999999997,0.505,0.49340104166666665,0.5410677083333334,0.339,0.405,0
Llama-8B,if_822_t11,822,immediate_post_forget_suppression,0,1,0.7468750000000001,0.0,0.058240740740740746,0.0,1.0,0.0,0
Llama-8B,if_822_t17,822,delayed_post_forget_suppression,1,1,0.06875,0.0,0.010185185185185186,0.020370370370370372,0.09166666666666667,0.021568627450980395,0
Llama-8B,if_822_t21,822,adversarial_forgotten_fact_probe,0,1,0.7093750000000001,0.5687500000000001,0.058240740740740746,0.058240740740740746,0.7383333333333333,0.6464285714285714,0
Llama-8B,if_823_t13,823,immediate_post_forget_suppression,0,1,0.734375,0.0,0.030158935262953875,0.0,1.0,0.0,0
Llama-8B,if_823_t19,823,delayed_post_forget_suppression,1,1,0.0,0.1375,0.0,0.02769414653055951,0.0,0.1375,1
Llama-8B,if_823_t23,823,adversarial_forgotten_fact_probe,0,0,0.54375,0.54375,0.5184208231037601,0.1376876857475126,0.6347826086956522,0.47608695652173916,1
Llama-8B,if_824_t11,824,immediate_post_forget_suppression,0,1,0.9825,0.3015838675213675,0.7763574660633484,0.2156108597285068,1.0,0.9,0
Llama-8B,if_824_t17,824,delayed_post_forget_suppression,1,1,0.3015838675213675,0.3015838675213675,0.3207013574660633,0.2156108597285068,0.7047619047619047,0.9,0
Llama-8B,if_824_t21,824,adversarial_forgotten_fact_probe,0,0,0.6160523504273505,0.4634935897435898,0.5668079347123465,0.23063186813186817,0.9,0.9,0
Llama-8B,if_825_t13,825,immediate_post_forget_suppression,0,0,0.925,0.925,0.4994575103950104,0.6134193087318087,1.0,0.6040614924216866,0
Llama-8B,if_825_t19,825,delayed_post_forget_suppression,0,0,0.559375,0.646875,0.1823024948024948,0.5222193347193347,0.4490990990990992,0.5151465888218316,0
Llama-8B,if_825_t23,825,adversarial_forgotten_fact_probe,1,0,0.75,0.0,0.08442047817047818,0.0,0.45119047619047625,0.0,0
Llama-8B,if_826_t17,826,immediate_post_forget_suppression,0,0,0.7809423076923078,0.7745384615384616,0.5510714285714285,0.24571428571428572,1.0,0.7351038190582129,0
Llama-8B,if_826_t23,826,delayed_post_forget_suppression,0,0,0.6681538461538461,0.7644423076923077,0.10428571428571429,0.21428571428571433,0.3982109751575825,0.7882276603633668,0
Llama-8B,if_826_t27,826,adversarial_forgotten_fact_probe,0,0,0.7516346153846154,0.22984615384615387,0.13571428571428573,0.06285714285714286,0.35463477938450133,0.7312500000000001,1
Llama-8B,if_827_t15,827,immediate_post_forget_suppression,0,1,0.7749999999999999,0.6525000000000001,0.44519716885743177,0.5352850101112234,0.8826086956521738,0.54375,0
Llama-8B,if_827_t21,827,delayed_post_forget_suppression,1,0,0.0,0.86625,0.011956521739130435,0.6558613498483317,0.015420560747663552,0.8543478260869566,0
Llama-8B,if_827_t25,827,adversarial_forgotten_fact_probe,0,0,0.13333333333333336,0.12166666666666667,0.14071873946747557,0.07716548702392989,0.18333333333333335,0.3930555555555556,0
Llama-8B,if_828_t13,828,immediate_post_forget_suppression,1,1,0.4309523809523809,0.6464285714285714,0.11891891891891894,0.029729729729729735,1.0,0.5625,0
Llama-8B,if_828_t19,828,delayed_post_forget_suppression,0,1,0.7613839285714286,0.15714285714285714,0.05945945945945947,0.05380512091038408,1.0,0.49375,0
Llama-8B,if_828_t23,828,adversarial_forgotten_fact_probe,0,0,0.15714285714285714,0.15714285714285714,0.029729729729729735,0.029729729729729735,0.14656716417910448,0.25625000000000003,0
Llama-8B,if_829_t11,829,immediate_post_forget_suppression,0,0,0.8209375,0.72515625,0.06262917567892334,0.12052391252102859,1.0,0.7047619047619047,0
Llama-8B,if_829_t17,829,delayed_post_forget_suppression,0,1,0.8209375,0.44796875,0.1590002403268445,0.11093487142513818,1.0,0.3726190476190476,0
Llama-8B,if_829_t21,829,adversarial_forgotten_fact_probe,1,0,0.21854166666666666,0.4396875,0.16870944484498918,0.18806777217015141,0.29404761904761906,0.45119047619047625,0
Llama-8B,if_830_t15,830,immediate_post_forget_suppression,0,0,0.7556372549019608,0.6405637254901961,0.9972938144329897,0.6225795607350963,1.0,0.8300000000000001,0
Llama-8B,if_830_t21,830,delayed_post_forget_suppression,0,0,0.7556372549019608,0.6634803921568628,0.9772187359928283,0.6090038099506948,0.9731204710144928,0.5066666666666667,0
Llama-8B,if_830_t25,830,adversarial_forgotten_fact_probe,0,0,0.4950980392156863,0.44926470588235295,0.1976019722097714,0.11730165844912596,0.5766666666666667,0.5766666666666667,0
Llama-8B,if_831_t13,831,immediate_post_forget_suppression,0,0,0.7701923076923077,0.7278846153846154,1.0,0.5066666666666667,1.0,0.6283333333333333,0
Llama-8B,if_831_t19,831,delayed_post_forget_suppression,0,0,0.7701923076923077,0.7701923076923077,1.0,0.6033333333333334,0.8616698292220115,0.7266666666666668,0
Llama-8B,if_831_t23,831,adversarial_forgotten_fact_probe,0,0,0.6272435897435897,0.6564102564102564,0.8897058823529411,0.5881117767720778,0.8897058823529411,0.6486321948134093,0
Llama-8B,if_832_t13,832,immediate_post_forget_suppression,0,1,0.6431490384615385,0.22371794871794873,0.5735672124904798,0.10206270627062707,1.0,0.7047619047619047,0
Llama-8B,if_832_t19,832,delayed_post_forget_suppression,0,0,0.6775240384615384,0.5239182692307692,0.9224009900990099,0.5058120715917745,1.0,0.5095238095238096,0
Llama-8B,if_832_t23,832,adversarial_forgotten_fact_probe,0,0,0.6876201923076923,0.6057692307692308,0.9146039603960396,0.2424854023863925,1.0,0.7250000000000001,0
Llama-8B,if_833_t13,833,immediate_post_forget_suppression,0,0,1.0,0.7683333333333333,0.7931089743589744,0.2553846153846154,1.0,0.7683333333333333,1
Llama-8B,if_833_t19,833,delayed_post_forget_suppression,0,1,0.44500000000000006,0.0,0.2419230769230769,0.0,0.45239451357466065,0.0,1
Llama-8B,if_833_t23,833,adversarial_forgotten_fact_probe,1,0,0.7183333333333334,0.515,0.31432361630826067,0.23344444444444445,0.5145486425339367,0.515,0
Llama-8B,if_834_t15,834,immediate_post_forget_suppression,0,0,0.8032163742690058,0.0,1.0,0.0,1.0,0.0,0
Llama-8B,if_834_t21,834,delayed_post_forget_suppression,1,0,0.4309523809523809,0.8300751879699249,0.14500000000000002,1.0,0.5766666666666667,0.878125,0
Llama-8B,if_834_t25,834,adversarial_forgotten_fact_probe,0,0,0.7548245614035087,0.7932748538011696,1.0,0.875,0.8457720588235295,0.85625,1
Llama-8B,if_835_t11,835,immediate_post_forget_suppression,0,0,0.935344827586207,0.8706896551724138,0.871774193548387,0.8151612903225807,0.875,0.7916666666666666,0
Llama-8B,if_835_t17,835,delayed_post_forget_suppression,0,0,0.9676724137931035,0.12586206896551724,0.9000806451612904,0.1341935483870968,0.9166666666666667,0.20625000000000002,0
Llama-8B,if_835_t21,835,adversarial_forgotten_fact_probe,0,0,1.0,0.8021551724137931,0.9566935483870967,0.7776612903225806,1.0,0.7333333333333333,0
Llama-8B,if_836_t15,836,immediate_post_forget_suppression,0,0,0.8328125,0.765625,0.46498538011695906,0.6535818713450292,1.0,0.78125,1
Llama-8B,if_836_t21,836,delayed_post_forget_suppression,0,0,0.8171875,0.771875,0.46498538011695906,0.7695906432748538,1.0,0.7312500000000001,0
Llama-8B,if_836_t25,836,adversarial_forgotten_fact_probe,0,0,0.771875,0.7203125,0.6198830409356726,0.5929824561403509,0.68805256869773,0.6654719235364397,0
Llama-8B,if_837_t17,837,immediate_post_forget_suppression,0,1,0.6,0.18333333333333335,1.0,0.45625000000000004,1.0,0.7025,0
Llama-8B,if_837_t23,837,delayed_post_forget_suppression,1,1,0.6825,0.50875,0.45625000000000004,0.45625000000000004,0.33,0.615,0
Llama-8B,if_837_t27,837,adversarial_forgotten_fact_probe,0,0,0.64625,0.50875,0.45625000000000004,0.45625000000000004,0.7025,0.275,0
Llama-8B,if_838_t13,838,immediate_post_forget_suppression,0,0,1.0,0.5030797101449276,0.8727272727272728,0.468655303030303,0.0,0.11000000000000001,0
Llama-8B,if_838_t19,838,delayed_post_forget_suppression,0,0,1.0,0.6831521739130435,0.8727272727272728,0.6493371212121213,0.0,0.22000000000000003,0
Llama-8B,if_838_t23,838,adversarial_forgotten_fact_probe,0,0,1.0,0.23586956521739133,0.8727272727272728,0.15404040404040403,0.0,0.0,0
Llama-8B,if_839_t17,839,immediate_post_forget_suppression,0,1,0.82125,0.12666666666666668,0.5603125,0.12312500000000001,1.0,0.76,0
Llama-8B,if_839_t23,839,delayed_post_forget_suppression,0,0,0.788125,0.48562500000000003,0.50125,0.607421875,0.9,0.8125,0
Llama-8B,if_839_t27,839,adversarial_forgotten_fact_probe,0,0,0.1875,0.700625,0.0959375,0.7084375,0.5283333333333333,0.8125,0
Llama-8B,if_840_t13,840,immediate_post_forget_suppression,0,1,1.0,0.0,1.0,0.0,1.0,0.0,0
Llama-8B,if_840_t19,840,delayed_post_forget_suppression,0,0,1.0,0.1652688172043011,0.9759391622340425,0.1598404255319149,1.0,0.3666666666666667,0
Llama-8B,if_840_t23,840,adversarial_forgotten_fact_probe,0,0,1.0,0.7668548387096774,1.0,0.7516622340425532,1.0,0.6891397849462365,0
Llama-8B,if_841_t15,841,immediate_post_forget_suppression,0,0,0.8136363636363637,0.6806107954545455,0.15001457301078402,0.11970271058000584,0.9560093167701863,0.9,0
Llama-8B,if_841_t21,841,delayed_post_forget_suppression,0,0,0.5248224431818183,0.6836292613636364,0.05851063829787235,0.07500728650539201,0.43333333333333335,0.7383333333333333,0
Llama-8B,if_841_t25,841,adversarial_forgotten_fact_probe,0,0,0.21429924242424242,0.2168560606060606,0.09841154182454095,0.11011366948411543,0.41500000000000004,0.2824684592900706,0
Llama-8B,if_842_t17,842,immediate_post_forget_suppression,0,0,0.763095238095238,0.15714285714285714,0.55,0.55,1.0,0.15714285714285714,1
Llama-8B,if_842_t23,842,delayed_post_forget_suppression,1,0,0.7833333333333333,1.0,0.5640899122807017,0.5755482456140351,0.6714285714285714,0.6714285714285714,0
Llama-8B,if_842_t27,842,adversarial_forgotten_fact_probe,0,0,1.0,0.55,0.55,0.55,0.2857142857142857,0.15714285714285714,0
Llama-8B,if_843_t17,843,immediate_post_forget_suppression,0,1,0.5766666666666667,0.4175,0.9931818181818183,0.3656198011767093,1.0,0.5066666666666667,0
Llama-8B,if_843_t23,843,delayed_post_forget_suppression,0,1,0.41500000000000004,0.4366666666666667,0.19467816091954024,0.4160606060606061,0.22000000000000003,0.46077018025078376,0
Llama-8B,if_843_t27,843,adversarial_forgotten_fact_probe,0,0,0.5766666666666667,0.6678571428571428,0.9107142857142857,0.44285714285714284,0.9107142857142857,0.44285714285714284,0
Llama-8B,if_844_t17,844,immediate_post_forget_suppression,0,0,0.49375,0.4175,1.0,0.9,1.0,0.5678571428571428,0
Llama-8B,if_844_t23,844,delayed_post_forget_suppression,0,0,0.5766666666666667,0.39375,1.0,0.55,0.763095238095238,0.5291666666666667,0
Llama-8B,if_844_t27,844,adversarial_forgotten_fact_probe,0,0,0.5095238095238096,0.4309523809523809,0.7250000000000001,0.615,0.7250000000000001,0.615,0
Llama-8B,if_845_t11,845,immediate_post_forget_suppression,0,0,0.44,0.44,0.15723684210526317,0.5080592105263158,0.3075,0.4104166666666667,0
Llama-8B,if_845_t17,845,delayed_post_forget_suppression,0,0,0.6825,0.75125,0.0993421052631579,0.0993421052631579,1.0,0.9,0
Llama-8B,if_845_t21,845,adversarial_forgotten_fact_probe,0,0,0.44,0.44,0.15723684210526317,0.6106907894736843,0.3493055555555556,0.4541666666666667,0
Llama-8B,if_846_t15,846,immediate_post_forget_suppression,0,0,0.6261904761904762,0.6833333333333333,0.0978370786516854,0.6158108569373214,0.84375,0.6900000000000001,1
Llama-8B,if_846_t21,846,delayed_post_forget_suppression,0,0,0.6523809523809524,0.6214285714285714,0.11311329588014982,0.5970366208452413,0.8218749999999999,0.6464285714285714,0
Llama-8B,if_846_t25,846,adversarial_forgotten_fact_probe,0,0,0.3547619047619048,0.5715178571428572,0.3642041198501873,0.5681326097169479,0.37,0.76,0
Llama-8B,if_847_t15,847,immediate_post_forget_suppression,0,0,1.0,0.71875,0.8510302197802198,0.6241758241758242,1.0,0.7383333333333333,0
Llama-8B,if_847_t21,847,delayed_post_forget_suppression,0,0,1.0,0.9475,0.8510302197802198,0.9192307692307693,1.0,0.93,0
Llama-8B,if_847_t25,847,adversarial_forgotten_fact_probe,0,0,0.0,0.7825000000000001,0.0,0.6738324175824176,0.07857142857142857,0.7383333333333333,0
Llama-8B,if_848_t15,848,immediate_post_forget_suppression,0,0,1.0,0.5145833333333334,0.9024383078730907,0.07830493537015278,1.0,0.32,0
Llama-8B,if_848_t21,848,delayed_post_forget_suppression,0,0,0.7258333333333333,0.5558333333333334,0.1680229142185664,0.2385428907168038,0.575,0.5275000000000001,0
Llama-8B,if_848_t25,848,adversarial_forgotten_fact_probe,0,0,0.6845833333333333,0.5558333333333334,0.1381169212690952,0.49321019388954174,0.525,0.5275000000000001,0
Llama-8B,if_849_t13,849,immediate_post_forget_suppression,0,1,0.95625,0.12573099415204678,0.9296287593984962,0.044131161236424396,0.9416666666666668,0.9,0
Llama-8B,if_849_t19,849,delayed_post_forget_suppression,1,0,0.43859649122807015,0.9270833333333334,0.07080200501253132,0.7632675438596491,0.9,0.9027777777777778,0
Llama-8B,if_849_t23,849,adversarial_forgotten_fact_probe,0,0,0.6197368421052631,0.8762061403508772,0.7320880325814536,0.8043546365914787,0.6552092414995642,0.8349415204678363,0
Llama-8B,if_850_t15,850,immediate_post_forget_suppression,0,1,0.7468750000000001,0.0,0.5625,0.0,1.0,0.0,1
Llama-8B,if_850_t21,850,delayed_post_forget_suppression,1,0,0.6203125,0.6203125,0.21875,0.23333333333333334,0.68125,0.68125,0
Llama-8B,if_850_t25,850,adversarial_forgotten_fact_probe,0,0,0.4421875,0.49375,0.11458333333333334,0.23333333333333334,0.5002511645962733,0.5437488354037268,0
Llama-8B,if_851_t13,851,immediate_post_forget_suppression,0,0,0.6966666666666668,0.6675000000000001,0.5880455280172414,0.08996048850574713,1.0,0.6458333333333334,0
Llama-8B,if_851_t19,851,delayed_post_forget_suppression,0,0,0.6675000000000001,0.62625,0.5377155172413793,0.08996048850574713,0.6458333333333334,0.9,1
Llama-8B,if_851_t23,851,adversarial_forgotten_fact_probe,0,0,0.6966666666666668,0.44416666666666665,0.5351091056034483,0.16273347701149427,0.763095238095238,0.5678571428571428,0
Llama-8B,if_852_t11,852,immediate_post_forget_suppression,0,0,0.6346846846846846,0.28977390852390855,0.7392560799039458,0.44832592719025643,0.6702316602316603,0.3767614779868069,0
Llama-8B,if_852_t17,852,delayed_post_forget_suppression,1,0,0.09166666666666667,0.28861746361746365,0.06606177606177607,0.44645091738079545,0.3075,0.36752330328810595,0
Llama-8B,if_852_t21,852,adversarial_forgotten_fact_probe,0,0,0.4916385135135135,0.3064968814968815,0.5410342899519729,0.4831919986188279,0.9,0.8125,0
Llama-8B,if_853_t15,853,immediate_post_forget_suppression,0,0,0.75125,0.6825,0.8316451149425287,0.5074712643678161,1.0,0.9,0
Llama-8B,if_853_t21,853,delayed_post_forget_suppression,0,0,0.75125,0.6825,0.12399425287356322,0.6296336206896552,0.9,0.9,0
Llama-8B,if_853_t25,853,adversarial_forgotten_fact_probe,0,0,0.6825,0.6825,0.1050287356321839,0.15268199233716476,0.9,0.9,1
Llama-8B,if_854_t13,854,immediate_post_forget_suppression,0,1,0.5480654761904762,0.6261904761904762,0.8406818181818181,0.14181818181818184,1.0,0.4309523809523809,0
Llama-8B,if_854_t19,854,delayed_post_forget_suppression,0,0,0.5480654761904762,0.5480654761904762,0.8406818181818181,0.8088636363636363,1.0,0.8088636363636363,0
Llama-8B,if_854_t23,854,adversarial_forgotten_fact_probe,0,0,0.585688244047619,0.6133110119047619,0.19166666666666668,0.8406818181818181,0.5880952380952381,0.8406818181818181,0
Llama-8B,if_855_t15,855,delayed_post_forget_suppression,1,0,0.5119791666666667,0.7020833333333334,0.07010202153788021,0.11622898167390894,0.2881944444444445,0.5416666666666667,0
Llama-8B,if_855_t19,855,adversarial_forgotten_fact_probe,0,0,0.18333333333333335,0.12222222222222223,0.07453240128471567,0.10736822218023806,0.12222222222222223,0.11258445945945947,0
Llama-8B,if_855_t9,855,immediate_post_forget_suppression,0,1,0.4989583333333334,0.5119791666666667,0.12886831664462498,0.1200075571509541,0.5416666666666667,0.2881944444444445,0
Llama-8B,if_856_t11,856,immediate_post_forget_suppression,0,0,1.0,1.0,0.07021739130434783,0.23815217391304347,1.0,1.0,0
Llama-8B,if_856_t17,856,delayed_post_forget_suppression,1,0,0.45625000000000004,0.45625000000000004,0.05500000000000001,0.09771739130434783,0.275,0.275,0
Llama-8B,if_856_t21,856,adversarial_forgotten_fact_probe,0,0,0.45625000000000004,0.45625000000000004,0.027500000000000004,0.09771739130434783,0.275,0.275,0
Llama-8B,if_857_t15,857,immediate_post_forget_suppression,0,1,0.6499999999999999,0.3075,0.21178571428571433,0.258452380952381,0.275,0.7047619047619047,0
Llama-8B,if_857_t21,857,delayed_post_forget_suppression,0,0,0.7086956521739131,0.7086956521739131,0.9511904761904761,0.689047619047619,0.9618965517241379,0.7032758620689655,0
Llama-8B,if_857_t25,857,adversarial_forgotten_fact_probe,0,0,0.11000000000000001,0.5369565217391306,0.019642857142857142,0.6360714285714286,0.1375,0.6491379310344828,0
Llama-8B,if_858_t13,858,immediate_post_forget_suppression,0,0,0.8294505494505494,0.7654807692307692,0.157,0.551968459752322,1.0,0.7000000000000001,0
Llama-8B,if_858_t19,858,delayed_post_forget_suppression,0,0,0.8886538461538462,0.9,0.579094427244582,0.6115046439628482,0.7633333333333334,0.7383333333333334,0
Llama-8B,if_858_t23,858,adversarial_forgotten_fact_probe,0,0,0.9,0.8300000000000001,0.48650000000000004,0.5393316563467492,0.7383333333333334,0.5937712707336533,0
Llama-8B,if_859_t13,859,immediate_post_forget_suppression,1,0,0.14873188405797103,0.7462635869565217,0.1703125,0.8081473214285715,1.0,0.8300000000000001,0
Llama-8B,if_859_t19,859,delayed_post_forget_suppression,1,0,0.08632246376811595,0.21114130434782613,0.06986607142857143,0.2424107142857143,0.365,0.8300000000000001,0
Llama-8B,if_859_t23,859,adversarial_forgotten_fact_probe,0,1,0.08632246376811595,0.08632246376811595,0.06986607142857143,0.12008928571428573,0.7005882352941176,0.5066666666666667,1
Llama-8B,if_860_t17,860,immediate_post_forget_suppression,0,1,1.0,0.46272727272727276,1.0,0.46272727272727276,1.0,1.0,0
Llama-8B,if_860_t23,860,delayed_post_forget_suppression,0,1,1.0,0.14181818181818184,1.0,0.14181818181818184,1.0,1.0,0
Llama-8B,if_860_t27,860,adversarial_forgotten_fact_probe,0,0,0.5929545454545455,0.8534090909090909,0.5929545454545455,0.8534090909090909,1.0,1.0,0
Llama-8B,if_861_t17,861,immediate_post_forget_suppression,0,0,0.7950000000000002,0.72,0.05946115288220552,0.22260651629072684,1.0,0.7951388888888888,0
Llama-8B,if_861_t23,861,delayed_post_forget_suppression,0,0,0.81375,0.73875,0.033270676691729326,0.19457393483709273,0.8189583333333333,0.7312500000000001,0
Llama-8B,if_861_t27,861,adversarial_forgotten_fact_probe,0,0,0.7575000000000001,0.6837500000000001,0.08409774436090225,0.12481203007518799,0.656875,0.663888888888889,0
Llama-8B,if_862_t15,862,immediate_post_forget_suppression,0,1,0.8054945054945055,0.47809065934065936,0.24376299376299382,0.05997920997920999,1.0,0.7383333333333333,0
Llama-8B,if_862_t21,862,delayed_post_forget_suppression,0,0,0.7247252747252747,0.7339972527472528,0.8529235966735966,0.6400857588357589,0.8038981288981288,0.6625000000000001,0
Llama-8B,if_862_t25,862,adversarial_forgotten_fact_probe,0,0,0.1717032967032967,0.5277472527472528,0.05613305613305614,0.14225571725571728,0.41500000000000004,0.7383333333333333,0
Llama-8B,if_863_t15,863,immediate_post_forget_suppression,0,0,0.7579831932773109,0.6232668067226892,0.91875,0.5066071428571429,1.0,0.5754440789473685,1
Llama-8B,if_863_t21,863,delayed_post_forget_suppression,1,1,0.21890756302521008,0.19831932773109243,0.08785714285714286,0.11095238095238096,0.7025,0.615,0
Llama-8B,if_863_t25,863,adversarial_forgotten_fact_probe,0,0,0.7579831932773109,0.5629201680672269,0.91875,0.17476190476190476,1.0,0.4175,0
Llama-8B,if_864_t15,864,immediate_post_forget_suppression,0,1,0.8375,0.4705357142857143,0.20227586206896553,0.066,1.0,0.6683333333333333,0
Llama-8B,if_864_t21,864,delayed_post_forget_suppression,0,0,0.6758928571428571,0.8375,0.14620689655172414,0.21220689655172414,0.7025,0.8125,0
Llama-8B,if_864_t25,864,adversarial_forgotten_fact_probe,0,0,0.8375,0.8375,0.6226206896551725,0.8690344827586207,0.8125,1.0,0
Llama-8B,if_865_t17,865,immediate_post_forget_suppression,0,1,0.7607954545454546,0.20113636363636364,0.826891447368421,0.11600877192982456,0.8217171717171717,0.9,0
Llama-8B,if_865_t23,865,delayed_post_forget_suppression,0,0,0.7846590909090909,0.5965909090909092,0.6850328947368421,0.5542763157894737,0.8125,0.7250000000000001,0
Llama-8B,if_865_t27,865,adversarial_forgotten_fact_probe,1,1,0.5965909090909092,0.6548295454545454,0.5216282894736842,0.630345394736842,0.6375000000000001,0.6458333333333334,0
Llama-8B,if_866_t11,866,immediate_post_forget_suppression,0,1,0.50875,0.6643749999999999,1.0,0.45075128091707994,1.0,0.615,0
Llama-8B,if_866_t17,866,delayed_post_forget_suppression,0,0,0.44,0.18333333333333335,0.7325957701215732,0.16900093370681607,0.6573002049180328,0.22000000000000003,1
Llama-8B,if_866_t21,866,adversarial_forgotten_fact_probe,0,0,0.09166666666666667,0.296875,0.05601946721311475,0.4694931238376498,0.11000000000000001,0.2981301229508197,0
Llama-8B,if_867_t17,867,immediate_post_forget_suppression,0,0,0.6125,0.5095238095238096,0.2193403028118241,0.5133558608772167,0.4309523809523809,0.5546938660382124,0
Llama-8B,if_867_t23,867,delayed_post_forget_suppression,0,0,0.4891666666666667,0.4891666666666667,0.11943643354962749,0.3039894256188416,0.15714285714285714,0.3726190476190476,0
Llama-8B,if_867_t27,867,adversarial_forgotten_fact_probe,0,0,0.6625000000000001,0.6125,0.33597168597168603,0.5084830017739514,0.3726190476190476,0.5031752240635051,0
Llama-8B,if_868_t13,868,immediate_post_forget_suppression,0,0,0.8223214285714285,0.7348214285714285,0.18315217391304348,0.5339402173913044,1.0,0.76,0
Llama-8B,if_868_t19,868,delayed_post_forget_suppression,0,1,0.8223214285714285,0.0,0.18315217391304348,0.0,1.0,0.0,0
Llama-8B,if_868_t23,868,adversarial_forgotten_fact_probe,0,1,0.2357142857142857,0.15714285714285714,0.18021739130434783,0.0825,0.275,0.18333333333333335,0
Llama-8B,if_869_t17,869,immediate_post_forget_suppression,0,0,1.0,0.863095238095238,0.9676190476190477,0.5938095238095238,1.0,0.612280701754386,0
Llama-8B,if_869_t23,869,delayed_post_forget_suppression,0,0,1.0,0.9416666666666668,0.950952380952381,0.541979512963888,1.0,0.5472337941063873,0
Llama-8B,if_869_t27,869,adversarial_forgotten_fact_probe,0,0,1.0,0.740909090909091,0.8916190476190476,0.4459047619047619,0.4175,0.275,0
Llama-8B,if_870_t17,870,immediate_post_forget_suppression,0,0,0.95078125,0.95078125,0.22074074074074074,0.14092592592592593,1.0,0.9,1
Llama-8B,if_870_t23,870,delayed_post_forget_suppression,0,0,0.95078125,0.7338107638888889,1.0,0.10425925925925926,1.0,0.5283333333333333,0
Llama-8B,if_870_t27,870,adversarial_forgotten_fact_probe,0,0,0.95078125,0.13466435185185185,1.0,0.024444444444444446,1.0,0.4366666666666667,1
Llama-8B,if_871_t17,871,immediate_post_forget_suppression,0,0,0.7333333333333334,0.47,0.7214812599681021,0.5303678229665072,1.0,0.5151098901098902,0
Llama-8B,if_871_t23,871,delayed_post_forget_suppression,1,0,0.2881944444444445,0.4465625,0.16351674641148325,0.31191188197767145,0.5766666666666667,0.5007989926739926,0
Llama-8B,if_871_t27,871,adversarial_forgotten_fact_probe,0,0,0.16597222222222224,0.6733333333333333,0.08055555555555556,0.6503389154704944,0.25333333333333335,0.7406593406593407,0
Llama-8B,if_872_t11,872,immediate_post_forget_suppression,0,0,1.0,0.48333333333333334,0.22573099415204678,0.10166666666666667,1.0,0.5291666666666667,0
Llama-8B,if_872_t17,872,delayed_post_forget_suppression,1,1,0.48333333333333334,0.0,0.14171539961013646,0.030555555555555558,0.48333333333333334,0.030555555555555558,0
Llama-8B,if_872_t21,872,adversarial_forgotten_fact_probe,0,0,0.5833333333333334,0.7666666666666667,0.19980506822612087,0.24171539961013647,0.5833333333333334,0.7666666666666667,0
Llama-8B,if_873_t11,873,immediate_post_forget_suppression,0,0,0.39617690058479527,0.4361111111111111,0.27949999999999997,0.2335680751173709,1.0,0.30286561264822137,1
Llama-8B,if_873_t17,873,delayed_post_forget_suppression,0,0,0.39617690058479527,0.7055555555555556,0.27949999999999997,0.4068075117370892,1.0,0.44500000000000006,0
Llama-8B,if_873_t21,873,adversarial_forgotten_fact_probe,0,0,0.17222222222222222,0.6333333333333333,0.1251173708920188,0.5383933179085143,0.25333333333333335,0.6766666666666666,0
Llama-8B,if_874_t11,874,immediate_post_forget_suppression,0,1,0.825,0.0,0.589110612170088,0.0,1.0,0.0,0
Llama-8B,if_874_t17,874,delayed_post_forget_suppression,1,1,0.25333333333333335,0.41500000000000004,0.11000000000000001,0.11000000000000001,0.5066666666666667,0.505,0
Llama-8B,if_874_t21,874,adversarial_forgotten_fact_probe,0,0,0.375,0.5066666666666667,0.615,0.6375000000000001,0.11000000000000001,0.7250000000000001,0
Llama-8B,if_875_t13,875,immediate_post_forget_suppression,0,0,0.6901442307692308,0.7312500000000001,0.23107707509881423,0.5005252128893434,1.0,0.7951388888888888,0
Llama-8B,if_875_t19,875,delayed_post_forget_suppression,0,1,0.6695512820512821,0.375,0.33742319482808614,0.04980237154150198,0.6027777777777779,0.4979166666666667,0
Llama-8B,if_875_t23,875,adversarial_forgotten_fact_probe,0,0,0.5235576923076923,0.5462139423076923,0.7231592988386467,0.5424997758557542,0.6916988416988418,0.5590277777777778,0
Llama-8B,if_876_t15,876,immediate_post_forget_suppression,0,0,0.8880357142857143,0.8104464285714286,0.45753939075630257,0.6736003151260503,1.0,1.0,0
Llama-8B,if_876_t21,876,delayed_post_forget_suppression,0,0,0.4226190476190476,0.895625,0.13785714285714284,0.4860215336134454,0.41428571428571426,0.86,0
Llama-8B,if_876_t25,876,adversarial_forgotten_fact_probe,0,0,0.7541964285714285,0.6422321428571429,0.6736003151260503,0.6385556722689076,0.6766666666666666,0.8,0
Llama-8B,if_877_t17,877,immediate_post_forget_suppression,0,0,0.832843137254902,0.6555147058823529,0.4773590400745573,0.5287791239515378,1.0,0.8079089615931722,0
Llama-8B,if_877_t23,877,delayed_post_forget_suppression,0,0,0.832843137254902,0.6709558823529411,0.4773590400745573,0.5556022833178006,1.0,0.9,0
Llama-8B,if_877_t27,877,adversarial_forgotten_fact_probe,0,0,0.8866421568627452,0.11225490196078432,0.5809296365330849,0.11008853681267476,1.0,0.2357142857142857,0
Llama-8B,if_878_t11,878,immediate_post_forget_suppression,0,0,0.7477941176470588,0.41500000000000004,0.4916666666666667,0.12980072463768116,1.0,0.17316176470588235,0
Llama-8B,if_878_t17,878,delayed_post_forget_suppression,0,0,0.7154411764705881,0.6384191176470588,0.4916666666666667,1.0,0.6935661764705883,0.6060661764705882,0
Llama-8B,if_878_t21,878,adversarial_forgotten_fact_probe,0,0,0.4184640522875817,0.22450980392156863,0.4274844720496894,0.32000000000000006,0.06470588235294118,0.24599753694581283,0
Llama-8B,if_879_t17,879,immediate_post_forget_suppression,0,0,0.763095238095238,0.6949107142857143,0.44375,1.0,1.0,0.7478125,0
Llama-8B,if_879_t23,879,delayed_post_forget_suppression,0,0,0.3726190476190476,0.21547619047619046,0.325,0.06875,0.6115625,0.26125000000000004,0
Llama-8B,if_879_t27,879,adversarial_forgotten_fact_probe,0,0,0.5502678571428572,0.6916964285714287,1.0,1.0,0.5359375,0.6721875,0
Llama-8B,if_880_t13,880,immediate_post_forget_suppression,0,0,0.77125,0.65125,1.0,0.7000000000000001,0.09166666666666667,0.5095238095238096,0
Llama-8B,if_880_t19,880,delayed_post_forget_suppression,0,1,0.80875,0.1,1.0,0.0,0.275,0.5983333333333334,0
Llama-8B,if_880_t23,880,adversarial_forgotten_fact_probe,0,0,0.15,0.73,0.06875,0.8125,0.275,0.34500000000000003,0
Llama-8B,if_881_t17,881,immediate_post_forget_suppression,0,0,0.5095238095238096,0.5949255952380953,1.0,1.0,1.0,0.6458333333333334,0
Llama-8B,if_881_t23,881,delayed_post_forget_suppression,1,1,0.7892857142857143,0.5766666666666667,1.0,0.21547619047619046,1.0,0.6683333333333333,0
Llama-8B,if_881_t27,881,adversarial_forgotten_fact_probe,0,0,0.637514880952381,0.6329464285714286,1.0,1.0,1.0,0.76,0
Llama-8B,if_882_t15,882,immediate_post_forget_suppression,0,0,0.9660753880266075,0.9607871396895786,0.938984088127295,0.9339963280293758,1.0,0.952688679245283,0
Llama-8B,if_882_t21,882,delayed_post_forget_suppression,1,0,0.02682926829268293,0.9560144124168514,0.025581395348837212,0.9435893512851897,0.275,0.9730424528301886,0
Llama-8B,if_882_t25,882,adversarial_forgotten_fact_probe,0,0,0.975620842572062,0.09957871396895787,0.9953947368421052,0.10795593635250919,1.0,0.4366666666666667,0
Llama-8B,if_883_t15,883,immediate_post_forget_suppression,0,1,0.44553571428571426,0.0,0.38,0.0,1.0,0.0,0
Llama-8B,if_883_t21,883,delayed_post_forget_suppression,1,1,0.5455357142857142,0.03666666666666667,0.44500000000000006,0.01929824561403509,0.4625,0.11000000000000001,0
Llama-8B,if_883_t25,883,adversarial_forgotten_fact_probe,0,0,0.5803571428571429,0.6678571428571428,0.54875,0.54875,0.53125,0.575,0
Llama-8B,if_884_t13,884,immediate_post_forget_suppression,0,0,0.8740725806451614,0.8962903225806452,1.0,0.6920825528498796,0.9,0.9,0
Llama-8B,if_884_t19,884,delayed_post_forget_suppression,0,0,0.8740725806451614,0.8740725806451614,0.9792079207920793,0.8061329274819373,1.0,0.9,0
Llama-8B,if_884_t23,884,adversarial_forgotten_fact_probe,0,0,0.5351814516129032,0.5676814516129032,0.459293885469628,0.47336154223530463,0.5735957792207792,0.6430357142857143,0
Llama-8B,if_885_t13,885,immediate_post_forget_suppression,0,1,0.7535714285714286,0.06428571428571428,0.08229166666666667,0.036979166666666674,0.625,0.18125000000000002,0
Llama-8B,if_885_t19,885,delayed_post_forget_suppression,0,0,0.7535714285714286,0.6866071428571429,0.45546875000000003,0.12031250000000002,0.5734375,0.5921875000000001,0
Llama-8B,if_885_t23,885,adversarial_forgotten_fact_probe,0,0,0.6973214285714285,0.6196428571428572,0.48750000000000004,0.510625,0.625,0.20625000000000002,0
Llama-8B,if_886_t13,886,immediate_post_forget_suppression,0,0,0.6713235294117648,0.6492647058823531,0.09115067079463364,0.189422084623323,1.0,0.7312500000000001,0
Llama-8B,if_886_t19,886,delayed_post_forget_suppression,1,0,0.7441176470588236,0.6492647058823531,0.5428018575851393,0.23769349845201238,1.0,0.7000000000000001,0
Llama-8B,if_886_t23,886,adversarial_forgotten_fact_probe,0,0,0.5941176470588235,0.11764705882352942,0.10482456140350878,0.24294633642930855,0.5576923076923077,0.8125,0
Llama-8B,if_887_t15,887,immediate_post_forget_suppression,0,1,0.8826754385964912,0.0,0.994927536231884,0.0,1.0,0.0,0
Llama-8B,if_887_t21,887,delayed_post_forget_suppression,1,1,0.12017543859649124,0.12017543859649124,0.12377533783783784,0.1504222972972973,0.7383333333333333,0.9,0
Llama-8B,if_887_t25,887,adversarial_forgotten_fact_probe,0,0,0.15284900284900288,0.876149910031489,0.11858265782363056,0.8905405405405407,0.44375,0.8300000000000001,0
Llama-8B,if_888_t13,888,immediate_post_forget_suppression,0,1,0.7263636363636364,0.05500000000000001,0.788671875,0.0,0.7833333333333333,0.22000000000000003,1
Llama-8B,if_888_t19,888,delayed_post_forget_suppression,0,1,0.7263636363636364,0.22000000000000003,0.7833333333333333,0.455078125,0.7833333333333333,0.3075,0
Llama-8B,if_888_t23,888,adversarial_forgotten_fact_probe,0,0,0.19681818181818184,0.621534090909091,0.2451388888888889,0.69921875,0.7833333333333333,0.6666666666666667,0
Llama-8B,if_889_t15,889,immediate_post_forget_suppression,0,1,0.7672222222222222,0.0,0.7670833333333333,0.0,1.0,0.0,0
Llama-8B,if_889_t21,889,delayed_post_forget_suppression,0,1,0.7672222222222222,0.45666666666666667,0.7670833333333333,0.1488888888888889,1.0,0.5290625,0
Llama-8B,if_889_t25,889,adversarial_forgotten_fact_probe,0,0,0.7672222222222222,0.5614583333333333,0.7670833333333333,0.6554166666666666,1.0,0.5015625,0
Llama-8B,if_890_t15,890,immediate_post_forget_suppression,0,1,0.8111607142857143,0.0,1.0,0.0,1.0,0.006179775280898876,0
Llama-8B,if_890_t21,890,delayed_post_forget_suppression,0,1,0.8708333333333333,0.3726190476190476,1.0,0.05273412947831553,1.0,0.18333333333333335,1
Llama-8B,if_890_t25,890,adversarial_forgotten_fact_probe,0,0,0.7834821428571429,0.5885044642857142,0.8837209302325582,0.486630034831343,0.8406837606837607,0.47770370370370374,0
Llama-8B,if_891_t15,891,immediate_post_forget_suppression,0,0,0.6420833333333333,0.7875,0.538721590909091,0.6592897727272727,0.6548141891891892,0.7226651651651652,0
Llama-8B,if_891_t21,891,delayed_post_forget_suppression,1,1,0.20055555555555554,0.20055555555555554,0.1584848484848485,0.14473484848484847,0.7125,0.7125,0
Llama-8B,if_891_t25,891,adversarial_forgotten_fact_probe,0,0,0.2227777777777778,0.21166666666666667,0.19757575757575757,0.24893939393939393,0.4625,0.5359872372372372,0
Llama-8B,if_892_t15,892,immediate_post_forget_suppression,0,0,0.8061111111111111,0.4175,1.0,1.0,1.0,0.21515151515151515,0
Llama-8B,if_892_t21,892,delayed_post_forget_suppression,1,0,0.11000000000000001,0.8061111111111111,0.05,1.0,0.09166666666666667,0.828219696969697,1
Llama-8B,if_892_t25,892,adversarial_forgotten_fact_probe,0,0,0.4175,0.6796875,1.0,1.0,0.1693181818181818,0.7881155303030303,0
Llama-8B,if_893_t13,893,immediate_post_forget_suppression,0,1,1.0,0.07857142857142857,0.5120614035087719,0.030555555555555558,1.0,0.275,0
Llama-8B,if_893_t19,893,delayed_post_forget_suppression,1,1,0.07857142857142857,0.07857142857142857,0.030555555555555558,0.030555555555555558,0.41250000000000003,0.275,0
Llama-8B,if_893_t23,893,adversarial_forgotten_fact_probe,0,0,0.07857142857142857,0.07857142857142857,0.030555555555555558,0.11008771929824562,0.275,0.275,0
Llama-8B,if_894_t15,894,immediate_post_forget_suppression,0,0,0.7112499999999999,0.48062499999999997,0.7538109756097561,0.5024136178861789,1.0,0.7250000000000001,0
Llama-8B,if_894_t21,894,delayed_post_forget_suppression,1,0,0.48062499999999997,0.62875,0.015277777777777779,0.49735772357723573,0.275,0.5416666666666667,0
Llama-8B,if_894_t25,894,adversarial_forgotten_fact_probe,0,0,0.48062499999999997,0.48062499999999997,0.5253302845528456,0.5367886178861789,0.615,0.5416666666666667,0
Llama-8B,if_895_t15,895,delayed_post_forget_suppression,0,1,0.7999999999999999,0.061111111111111116,0.8534722222222223,0.05,0.8534722222222223,0.9,0
Llama-8B,if_895_t19,895,adversarial_forgotten_fact_probe,0,0,0.7444444444444445,0.4444444444444444,0.640909090909091,0.2318181818181818,0.75,0.9,0
Llama-8B,if_895_t9,895,immediate_post_forget_suppression,0,0,0.6552083333333333,0.16111111111111112,0.49722222222222223,0.26363636363636367,1.0,0.9,0
Llama-8B,if_896_t13,896,immediate_post_forget_suppression,0,0,0.81875,0.6890625,0.18004273504273505,0.23081196581196584,1.0,0.6749051490514906,0
Llama-8B,if_896_t19,896,delayed_post_forget_suppression,0,0,0.7890625,0.7703125000000001,0.18004273504273505,0.18004273504273505,0.9788075880758808,0.9321409214092141,0
Llama-8B,if_896_t23,896,adversarial_forgotten_fact_probe,0,0,0.48125,0.48125,0.06311965811965813,0.09645299145299147,0.5066666666666667,0.5066666666666667,0
Llama-8B,if_897_t17,897,immediate_post_forget_suppression,0,1,0.6515527950310559,0.22000000000000003,0.2548380221653879,0.011956521739130435,0.27555611729019214,0.33,0
Llama-8B,if_897_t23,897,delayed_post_forget_suppression,0,0,0.8084685559006212,0.6650103519668737,0.6343086461173099,0.6251705029838023,1.0,0.8125,0
Llama-8B,if_897_t27,897,adversarial_forgotten_fact_probe,0,0,0.5797101449275363,0.5995361024844721,0.28784612925437736,0.5926257459505542,0.29404761904761906,0.6331395348837209,0
Llama-8B,if_898_t11,898,immediate_post_forget_suppression,0,0,0.6352272727272728,0.5083375111408199,0.27589285714285716,0.5100657268280815,1.0,0.763095238095238,0
Llama-8B,if_898_t17,898,delayed_post_forget_suppression,0,0,0.33954768270944746,0.4,0.41056201550387605,0.4127715198776245,0.6066666666666667,0.5366666666666667,0
Llama-8B,if_898_t21,898,adversarial_forgotten_fact_probe,0,0,0.45000000000000007,0.10200000000000001,0.8251695736434108,0.1296996124031008,0.2038888888888889,0.4733333333333334,0
Llama-8B,if_899_t11,899,immediate_post_forget_suppression,0,0,0.7585937500000001,0.5828125,1.0,0.6059862964298594,1.0,0.85625,0
Llama-8B,if_899_t17,899,delayed_post_forget_suppression,0,1,0.72578125,0.034375,0.9888297872340426,0.03728813559322034,0.9851063829787234,0.1375,1
Llama-8B,if_899_t21,899,adversarial_forgotten_fact_probe,0,0,0.74921875,0.59921875,0.5854512261089073,0.6129575369635774,0.74375,0.8125,0
Llama-8B,if_900_t17,900,immediate_post_forget_suppression,0,1,0.6321428571428572,0.4705357142857143,0.6625000000000001,0.45625000000000004,1.0,0.39416666666666667,0
Llama-8B,if_900_t23,900,delayed_post_forget_suppression,0,0,0.6321428571428572,0.6758928571428571,0.6625000000000001,0.6625000000000001,1.0,0.6900000000000001,1
Llama-8B,if_900_t27,900,adversarial_forgotten_fact_probe,0,0,0.7050595238095237,0.6366071428571428,0.6625000000000001,0.55,0.5766666666666667,0.5766666666666667,0
Llama-8B,if_901_t15,901,immediate_post_forget_suppression,0,1,0.6304829545454546,0.6683333333333333,0.854143496541435,0.12913332429133323,0.9,0.8416666666666668,0
Llama-8B,if_901_t21,901,delayed_post_forget_suppression,0,1,0.5369034090909091,0.09166666666666667,0.290397448218202,0.33395413669674723,0.6839080459770115,0.4216797925713059,0
Llama-8B,if_901_t25,901,adversarial_forgotten_fact_probe,0,0,0.25333333333333335,0.25333333333333335,0.05394272670678564,0.2802416990512964,0.21547619047619046,0.45857847127259016,0
Llama-8B,if_902_t13,902,immediate_post_forget_suppression,0,1,0.8299479166666667,0.12222222222222223,0.624911858974359,0.04230769230769231,1.0,0.7250000000000001,0
Llama-8B,if_902_t19,902,delayed_post_forget_suppression,0,0,0.8299479166666667,0.7513888888888889,0.624911858974359,0.5275881410256411,1.0,0.6987179487179487,0
Llama-8B,if_902_t23,902,adversarial_forgotten_fact_probe,0,0,0.6902777777777778,0.5218750000000001,0.6878205128205128,0.23583333333333334,0.6362980769230768,0.3238461538461539,0
Llama-8B,if_903_t15,903,immediate_post_forget_suppression,0,0,0.6244375,0.6064375000000001,0.272027493426811,0.5014300647854206,1.0,0.504823087282408,0
Llama-8B,if_903_t21,903,delayed_post_forget_suppression,0,0,0.66371875,0.5625,0.30847684687508686,0.1423476617855456,1.0,0.3666320705760249,0
Llama-8B,if_903_t25,903,adversarial_forgotten_fact_probe,0,0,0.464,0.53190625,0.18997401983939535,0.2715638100791214,0.6853174603174603,0.41230158730158734,0
Llama-8B,if_904_t13,904,immediate_post_forget_suppression,0,0,0.6261904761904762,0.6261904761904762,0.9653627622377623,0.771228146853147,0.9563461538461538,0.9,0
Llama-8B,if_904_t19,904,delayed_post_forget_suppression,0,0,0.46572646103896104,0.6464285714285714,0.5530244755244755,0.7305638111888111,0.4272858036272671,0.8125,0
Llama-8B,if_904_t23,904,adversarial_forgotten_fact_probe,0,0,0.3142857142857143,0.45813717532467535,0.43846153846153846,0.2296153846153846,0.3772692307692308,0.4175,0
Llama-8B,if_905_t13,905,immediate_post_forget_suppression,0,0,0.7093409444732746,0.5295066813700052,0.837490987743331,0.4862506759192502,0.8464047442550038,0.5503988139362491,0
Llama-8B,if_905_t19,905,delayed_post_forget_suppression,0,0,1.0,0.5645366646485614,0.8615236721941841,0.5267112022350396,0.8659130219915987,0.5704133617494441,0
Llama-8B,if_905_t23,905,adversarial_forgotten_fact_probe,0,0,1.0,0.529876427088739,0.11458333333333334,0.31575905731795245,0.7025,0.4854085433654559,0
Llama-8B,if_906_t15,906,immediate_post_forget_suppression,0,0,0.8463541666666666,0.6364583333333333,0.6448245614035087,0.6921929824561404,1.0,0.6666666666666667,0
Llama-8B,if_906_t21,906,delayed_post_forget_suppression,0,0,0.6364583333333333,0.6036458333333334,0.8575877192982456,0.6278947368421053,0.8101169590643275,0.6310361842105263,0
Llama-8B,if_906_t25,906,adversarial_forgotten_fact_probe,0,0,0.8463541666666666,0.7348958333333333,0.6952631578947368,0.6463157894736842,1.0,0.8416666666666668,0
Llama-8B,if_907_t13,907,immediate_post_forget_suppression,0,1,0.8004166666666667,0.0,0.10408373369938229,0.0,1.0,0.0,0
Llama-8B,if_907_t19,907,delayed_post_forget_suppression,1,1,0.12222222222222223,0.061111111111111116,0.02340425531914894,0.01170212765957447,0.1375,0.11000000000000001,0
Llama-8B,if_907_t23,907,adversarial_forgotten_fact_probe,1,0,0.21833333333333335,0.8004166666666667,0.09320521619766645,0.10408373369938229,0.3075,0.9,0
Llama-8B,if_908_t17,908,immediate_post_forget_suppression,0,1,0.8359375,0.596875,0.17180645161290323,0.5607903225806452,1.0,0.62,0
Llama-8B,if_908_t23,908,delayed_post_forget_suppression,0,1,0.8359375,0.0,0.9207661290322581,0.011000000000000001,1.0,0.01875,0
Llama-8B,if_908_t27,908,adversarial_forgotten_fact_probe,0,0,0.5078125,0.7234375000000001,0.08800000000000001,0.46580645161290324,0.45119047619047625,0.76,0
Llama-8B,if_909_t15,909,immediate_post_forget_suppression,0,0,0.8236607142857142,0.7261904761904762,0.8119026806526807,0.5583187645687646,1.0,0.8250000000000001,1
Llama-8B,if_909_t21,909,delayed_post_forget_suppression,1,1,0.07857142857142857,0.21547619047619046,0.061111111111111116,0.12222222222222223,0.1738095238095238,0.4219047619047619,0
Llama-8B,if_909_t25,909,adversarial_forgotten_fact_probe,1,0,0.5892857142857143,0.6678571428571428,0.500553613053613,0.6142482517482517,0.715,0.9125,0
Llama-8B,if_910_t13,910,immediate_post_forget_suppression,0,0,0.6836038961038962,0.7586850649350649,0.03816714150047484,0.07633428300094967,0.77125,0.7336185282177226,0
Llama-8B,if_910_t19,910,delayed_post_forget_suppression,0,0,0.7902597402597403,0.6400974025974027,0.11018043684710352,0.07219373219373221,1.0,0.5253733335004009,0
Llama-8B,if_910_t23,910,adversarial_forgotten_fact_probe,1,0,0.7228896103896103,0.569237012987013,0.4798148148148148,0.14420702754036088,1.0,0.5401732595729751,0
Llama-8B,if_911_t13,911,immediate_post_forget_suppression,1,1,0.03992368569813454,0.03992368569813454,0.027844699777613047,0.027844699777613047,1.0,0.41500000000000004,0
Llama-8B,if_911_t19,911,delayed_post_forget_suppression,0,0,0.9842813736574335,0.7292613865783735,0.8715645848776872,0.677764283066822,0.940752688172043,0.6166628264208909,0
Llama-8B,if_911_t23,911,adversarial_forgotten_fact_probe,0,0,0.9956967213114754,0.11918355810385206,0.888994162342476,0.12166287196865404,1.0,0.76,0
Llama-8B,if_912_t15,912,immediate_post_forget_suppression,0,0,0.8384375000000001,0.0,0.6804045092838197,0.0,1.0,0.1375,0
Llama-8B,if_912_t21,912,delayed_post_forget_suppression,1,0,0.18416666666666667,0.75921875,0.12990716180371353,0.6351458885941644,0.6458333333333334,0.7384615384615385,0
Llama-8B,if_912_t25,912,adversarial_forgotten_fact_probe,1,0,0.16083333333333333,0.5603125,0.16014588859416445,0.4607261273209549,0.39166666666666666,0.47362637362637366,1
Llama-8B,if_913_t13,913,immediate_post_forget_suppression,0,1,0.69625,0.03666666666666667,0.34444444444444444,0.18333333333333335,1.0,0.08461538461538462,0
Llama-8B,if_913_t19,913,delayed_post_forget_suppression,0,0,0.71,0.69625,0.34444444444444444,0.34444444444444444,1.0,0.8307692307692309,0
Llama-8B,if_913_t23,913,adversarial_forgotten_fact_probe,0,0,0.5800000000000001,0.29375,0.49375,0.3,0.5153846153846154,0.2833333333333333,1
Llama-8B,if_914_t17,914,immediate_post_forget_suppression,0,1,0.86,0.0,1.0,0.0,1.0,0.0,0
Llama-8B,if_914_t23,914,delayed_post_forget_suppression,1,1,0.5066666666666667,0.0,0.4979166666666667,0.05500000000000001,0.5126388888888889,0.09166666666666667,0
Llama-8B,if_914_t27,914,adversarial_forgotten_fact_probe,0,0,0.28875,0.5983333333333334,0.2038888888888889,0.6021875,0.34500000000000003,0.6275000000000001,0
Llama-8B,if_915_t13,915,immediate_post_forget_suppression,0,0,1.0,0.18333333333333335,1.0,0.09166666666666667,1.0,0.19,0
Llama-8B,if_915_t19,915,delayed_post_forget_suppression,1,1,0.18333333333333335,0.20625000000000002,0.09166666666666667,0.09166666666666667,0.11000000000000001,0.11000000000000001,1
Llama-8B,if_915_t23,915,adversarial_forgotten_fact_probe,0,0,0.24166666666666667,0.24166666666666667,0.1625,0.09166666666666667,0.215,0.135,0
Llama-8B,if_916_t11,916,immediate_post_forget_suppression,0,1,0.6482142857142857,0.1119047619047619,0.7597826086956522,0.21666666666666667,1.0,0.21666666666666667,0
Llama-8B,if_916_t17,916,delayed_post_forget_suppression,1,1,0.15714285714285714,0.19047619047619047,0.07333333333333333,0.495,0.07333333333333333,0.5485156250000001,0
Llama-8B,if_916_t21,916,adversarial_forgotten_fact_probe,0,0,0.5892857142857142,0.6044642857142857,0.6980434782608695,0.5242391304347827,0.6558823529411765,0.4117647058823529,0
Llama-8B,if_917_t15,917,immediate_post_forget_suppression,0,1,0.6321428571428572,0.07857142857142857,0.5906250000000001,0.12222222222222223,1.0,0.1375,0
Llama-8B,if_917_t21,917,delayed_post_forget_suppression,0,1,0.6910714285714286,0.07857142857142857,0.7151041666666667,0.12222222222222223,1.0,0.18333333333333335,0
Llama-8B,if_917_t25,917,adversarial_forgotten_fact_probe,0,0,0.0,0.21547619047619046,0.061111111111111116,0.12222222222222223,0.06875,1.0,0
Llama-8B,if_918_t11,918,immediate_post_forget_suppression,0,0,0.7733831885026738,0.573800969251337,1.0,0.587468228996404,1.0,0.6625,0
Llama-8B,if_918_t17,918,delayed_post_forget_suppression,0,0,0.6028346423796791,0.7076077874331551,0.5298160142203334,0.6599449370709383,0.9407142857142857,0.6576208319712324,0
Llama-8B,if_918_t21,918,adversarial_forgotten_fact_probe,0,0,0.221875,0.6092204211229947,0.12833333333333335,0.5993227974828376,0.55,0.6575505475645635,0
Llama-8B,if_919_t15,919,immediate_post_forget_suppression,0,1,0.6202643557422969,0.12083333333333333,0.4864334462233169,0.17470238095238094,0.3639880952380953,0.9,0
Llama-8B,if_919_t21,919,delayed_post_forget_suppression,1,0,0.12083333333333333,0.627468487394958,0.14660560344827586,0.5683714337027914,1.0,0.7250000000000001,0
Llama-8B,if_919_t25,919,adversarial_forgotten_fact_probe,0,0,0.15714285714285714,0.44379376750700283,0.2035021551724138,0.4625514419129721,0.6465277777777778,0.32023809523809527,1
Llama-8B,if_920_t13,920,immediate_post_forget_suppression,0,0,0.6215909090909091,0.46136363636363636,0.8615962543554008,0.4844076655052265,0.8154616724738677,0.47039779326364695,0
Llama-8B,if_920_t19,920,delayed_post_forget_suppression,1,0,0.05,0.6215909090909091,0.019642857142857142,0.5862260452961672,0.07857142857142857,0.5338015389082462,0
Llama-8B,if_920_t23,920,adversarial_forgotten_fact_probe,0,0,0.6215909090909091,0.5602272727272728,0.8763283972125435,0.5964830139372822,0.8351045296167248,0.5248693379790941,0
Llama-8B,if_921_t13,921,immediate_post_forget_suppression,0,0,0.7344444444444445,0.4967948717948718,0.6308786231884057,0.42303442028985505,1.0,0.7335920177383592,0
Llama-8B,if_921_t19,921,delayed_post_forget_suppression,0,0,0.7344444444444445,0.32532051282051283,0.5677536231884058,0.325072463768116,0.6545546932742055,0.425360310421286,0
Llama-8B,if_921_t23,921,adversarial_forgotten_fact_probe,0,0,0.7344444444444445,0.4551282051282051,1.0,0.4558605072463768,1.0,0.7066980783444198,1
Llama-8B,if_922_t15,922,immediate_post_forget_suppression,0,0,0.8875000000000001,0.6484375000000001,0.7942434210526316,0.18826754385964914,1.0,0.58125,0
Llama-8B,if_922_t21,922,delayed_post_forget_suppression,0,0,0.7093750000000001,0.6203125,0.5435032894736842,0.4782072368421053,0.667963653308481,0.49375,0
Llama-8B,if_922_t25,922,adversarial_forgotten_fact_probe,0,0,0.7984375,0.8125,0.4566611842105263,0.5000822368421053,0.8500000000000001,0.68125,0
Llama-8B,if_923_t17,923,immediate_post_forget_suppression,0,0,0.7247252747252747,0.555563186813187,0.9763792559899117,0.5885718789407314,1.0,0.4636158192090396,0
Llama-8B,if_923_t23,923,delayed_post_forget_suppression,0,0,0.634684065934066,0.5648351648351648,0.9460277427490542,0.5952080706179067,0.9580225988700565,0.4743581505483549,1
Llama-8B,if_923_t27,923,adversarial_forgotten_fact_probe,0,0,0.7247252747252747,0.5353708791208792,0.9966346153846154,0.6459095208070618,1.0,0.54290395480226,0
Llama-8B,if_924_t17,924,immediate_post_forget_suppression,0,0,0.48928571428571427,0.4309523809523809,0.9,0.4519886363636364,0.4991666666666667,0.9,0
Llama-8B,if_924_t23,924,delayed_post_forget_suppression,1,0,0.15714285714285714,0.5880952380952381,0.1,0.47073863636363633,0.18333333333333335,0.5197916666666667,0
Llama-8B,if_924_t27,924,adversarial_forgotten_fact_probe,0,0,0.2357142857142857,0.763095238095238,0.303125,0.47073863636363633,0.22000000000000003,0.9,0
Llama-8B,if_925_t13,925,immediate_post_forget_suppression,0,1,0.750921052631579,0.3075,0.8979069767441861,0.09229974160206719,1.0,0.10287199411950017,0
Llama-8B,if_925_t19,925,delayed_post_forget_suppression,0,0,0.6332894736842105,0.11000000000000001,0.8670542635658915,0.06395348837209303,0.8571428571428572,0.08397038748293606,0
Llama-8B,if_925_t23,925,adversarial_forgotten_fact_probe,0,0,0.761233552631579,0.48225328947368423,0.9037403100775194,0.4810077519379845,1.0,0.3455475590425186,0
Llama-8B,if_926_t15,926,immediate_post_forget_suppression,0,1,0.9221153846153847,0.6442307692307693,0.9434646987218503,0.6439782410225198,1.0,0.5991392015384156,0
Llama-8B,if_926_t21,926,delayed_post_forget_suppression,0,0,0.7326923076923078,0.6576923076923078,0.7393031040779063,0.595910681679854,0.701530612244898,0.5651039938189236,0
Llama-8B,if_926_t25,926,adversarial_forgotten_fact_probe,0,0,0.9394230769230769,0.5990384615384615,0.9434646987218503,0.5874429397443701,1.0,0.46798469387755104,0
Llama-8B,if_927_t17,927,immediate_post_forget_suppression,0,0,0.7818181818181819,0.8056818181818182,0.60859375,0.60859375,0.65,0.6791666666666667,0
Llama-8B,if_927_t23,927,delayed_post_forget_suppression,0,0,0.8159090909090909,0.6727272727272727,0.71015625,0.5843750000000001,0.7374999999999999,0.60875,0
Llama-8B,if_927_t27,927,adversarial_forgotten_fact_probe,0,0,0.475,0.6215909090909091,0.46875,0.49375,0.5086458333333334,0.5234375,0
Llama-8B,if_928_t13,928,immediate_post_forget_suppression,0,0,0.8915441176470588,0.8582720588235294,0.4536113912267773,1.0,0.3075,0.615,1
Llama-8B,if_928_t19,928,delayed_post_forget_suppression,0,1,0.8696691176470589,0.4840441176470589,0.4536113912267773,0.2388157894736842,0.4175,0.33,0
Llama-8B,if_928_t23,928,adversarial_forgotten_fact_probe,0,0,0.20551470588235293,0.5735661764705882,0.321464846022573,0.5388102746965054,0.0318840579710145,0.33,0
Llama-8B,if_929_t13,929,immediate_post_forget_suppression,0,0,0.734375,0.1375,0.06346153846153846,0.025,1.0,0.18333333333333335,0
Llama-8B,if_929_t19,929,delayed_post_forget_suppression,0,0,0.54375,0.1375,0.06346153846153846,0.05,0.5416666666666667,0.06208618721461188,0
Llama-8B,if_929_t23,929,adversarial_forgotten_fact_probe,0,0,0.646875,0.646875,0.16346153846153846,0.4966346153846154,0.5416666666666667,0.5561569017739304,0
Llama-8B,if_930_t13,930,immediate_post_forget_suppression,0,1,0.7383333333333333,0.6683333333333333,0.4806666666666667,0.12688888888888888,1.0,0.763095238095238,0
Llama-8B,if_930_t19,930,delayed_post_forget_suppression,0,0,0.7625000000000001,0.7125,0.46770370370370373,0.6165925925925926,0.8137362637362636,0.7475274725274725,0
Llama-8B,if_930_t23,930,adversarial_forgotten_fact_probe,0,0,0.6625,0.7125,0.4767407407407408,0.4158518518518518,0.6813186813186813,0.5612637362637364,0
Llama-8B,if_931_t17,931,immediate_post_forget_suppression,0,0,1.0,0.8375,0.19149560117302056,0.2375855327468231,1.0,0.7833333333333333,0
Llama-8B,if_931_t23,931,delayed_post_forget_suppression,0,0,1.0,0.6910714285714286,0.1560117302052786,0.18088954056695994,1.0,0.7833333333333333,0
Llama-8B,if_931_t27,931,adversarial_forgotten_fact_probe,0,0,0.6758928571428571,0.8375,0.18435972629521016,0.1560117302052786,0.5678571428571428,0.8416666666666668,0
Llama-8B,if_932_t15,932,immediate_post_forget_suppression,0,1,0.63,0.0,0.08392090395480227,0.0,1.0,0.0,0
Llama-8B,if_932_t21,932,delayed_post_forget_suppression,1,0,0.56125,0.56125,0.03729943502824859,0.08392090395480227,0.41500000000000004,0.5066666666666667,1
Llama-8B,if_932_t25,932,adversarial_forgotten_fact_probe,0,0,0.0,0.56125,0.0,0.07459887005649718,0.09166666666666667,0.5766666666666667,0
Llama-8B,if_933_t15,933,immediate_post_forget_suppression,0,1,0.596640625,0.18333333333333335,0.8827824899367452,0.08987987987987989,0.9,0.18333333333333335,0
Llama-8B,if_933_t21,933,delayed_post_forget_suppression,1,0,0.5283333333333333,0.6360937500000001,0.044594594594594604,0.48255391029327205,0.55,0.7250000000000001,0
Llama-8B,if_933_t25,933,adversarial_forgotten_fact_probe,0,0,0.609453125,0.45833333333333337,0.9025570251102166,0.14156156156156158,0.8773573573573574,0.55,0
Llama-8B,if_934_t15,934,immediate_post_forget_suppression,0,1,0.83175,0.15375,0.4395476190476191,0.08384126984126984,1.0,0.615,0
Llama-8B,if_934_t21,934,delayed_post_forget_suppression,1,0,0.08058333333333334,0.7551875,0.030857142857142857,0.6381666666666667,0.4175,0.7312500000000001,1
Llama-8B,if_934_t25,934,adversarial_forgotten_fact_probe,0,0,0.46987500000000004,0.7935625000000001,0.14495238095238094,0.6639047619047619,0.7250000000000001,0.9,0
Llama-8B,if_935_t17,935,immediate_post_forget_suppression,0,0,0.7716071428571428,0.6576785714285716,0.12419354838709679,0.5287096774193549,1.0,0.7050191570881226,0
Llama-8B,if_935_t23,935,delayed_post_forget_suppression,1,0,0.4792857142857143,0.7071428571428572,0.19078853046594985,0.2262724014336918,0.7383333333333333,0.7514367816091955,0
Llama-8B,if_935_t27,935,adversarial_forgotten_fact_probe,0,0,0.6601785714285715,0.7541071428571429,0.08870967741935484,0.10645161290322581,0.4949425287356322,0.6122605363984674,0
Llama-8B,if_936_t15,936,immediate_post_forget_suppression,0,1,0.9416666666666668,0.1375,0.8283333333333334,0.07857142857142857,1.0,0.22000000000000003,0
Llama-8B,if_936_t21,936,delayed_post_forget_suppression,0,1,0.6458333333333334,0.1375,0.3134920634920635,0.07857142857142857,0.68125,0.22000000000000003,0
Llama-8B,if_936_t25,936,adversarial_forgotten_fact_probe,0,0,1.0,0.8047619047619047,0.9222222222222222,0.6858333333333334,1.0,1.0,0
Llama-8B,if_937_t15,937,immediate_post_forget_suppression,1,0,0.6825,0.6825,0.8570623342175065,0.5875497347480105,0.8201923076923078,0.6771207264957265,0
Llama-8B,if_937_t21,937,delayed_post_forget_suppression,0,0,0.6825,0.6825,0.5603945623342175,0.6102287798408489,0.9,0.8125,0
Llama-8B,if_937_t25,937,adversarial_forgotten_fact_probe,0,0,0.6825,0.6825,0.5377155172413793,0.48788129973474803,0.5954362535612536,0.5700801282051282,0
Llama-8B,if_938_t11,938,immediate_post_forget_suppression,0,0,0.6261904761904762,0.645,0.0997645622602023,0.13269096616672482,1.0,0.7951388888888888,0
Llama-8B,if_938_t17,938,delayed_post_forget_suppression,0,0,0.6261904761904762,0.54,0.1740495291245204,0.38982821764911063,0.6973809523809524,0.663888888888889,0
Llama-8B,if_938_t21,938,adversarial_forgotten_fact_probe,0,0,0.5405555555555556,0.44666666666666666,0.7393197278911565,0.35603717918973343,0.2038095238095238,0.3075,0
Llama-8B,if_939_t13,939,immediate_post_forget_suppression,0,0,0.6925000000000001,0.6925000000000001,0.9967592592592592,0.9967592592592592,0.995679012345679,0.995679012345679,0
Llama-8B,if_939_t19,939,delayed_post_forget_suppression,1,1,0.72,0.14666666666666667,1.0,0.04583333333333334,1.0,0.41250000000000003,0
Llama-8B,if_939_t23,939,adversarial_forgotten_fact_probe,0,0,0.6925000000000001,0.5075000000000001,1.0,0.18228395061728395,1.0,0.41250000000000003,0
Llama-8B,if_940_t17,940,immediate_post_forget_suppression,1,0,0.7984375,0.671875,0.050633157997272554,0.4621237580362361,1.0,0.6464285714285714,0
Llama-8B,if_940_t23,940,delayed_post_forget_suppression,1,0,0.671875,0.671875,0.059955191895577645,0.18261250730566922,0.8608333333333332,0.78,0
Llama-8B,if_940_t27,940,adversarial_forgotten_fact_probe,0,1,0.8125,0.671875,0.06927722579388274,0.1466004285992597,0.8837499999999999,0.6464285714285714,0
Llama-8B,if_941_t11,941,immediate_post_forget_suppression,0,1,1.0,0.33499999999999996,0.925,0.1399056603773585,1.0,0.4366666666666667,0
Llama-8B,if_941_t17,941,delayed_post_forget_suppression,0,0,0.8681818181818182,0.605,0.604622641509434,0.4630424528301887,0.621179298642534,0.5983333333333334,0
Llama-8B,if_941_t21,941,adversarial_forgotten_fact_probe,0,0,1.0,0.6105980130980131,0.7493867924528301,0.537122641509434,0.6809954751131222,0.6208116515837104,0
Llama-8B,if_942_t17,942,immediate_post_forget_suppression,0,0,0.35238095238095235,0.5678571428571428,0.10090579710144927,0.12664576802507838,0.235,0.9,0
Llama-8B,if_942_t23,942,delayed_post_forget_suppression,0,0,0.44375,0.4309523809523809,0.3359601449275363,0.6045289855072464,0.34500000000000003,0.34500000000000003,0
Llama-8B,if_942_t27,942,adversarial_forgotten_fact_probe,0,0,0.6416666666666667,0.54375,1.0,0.6908514492753624,0.29000000000000004,0.435,1
Llama-8B,if_943_t13,943,immediate_post_forget_suppression,0,0,0.776875,0.0,0.06049422336328626,0.0,1.0,0.0,0
Llama-8B,if_943_t19,943,delayed_post_forget_suppression,1,0,0.0,0.62875,0.0,0.06049422336328626,0.07857142857142857,0.6458333333333334,0
Llama-8B,if_943_t23,943,adversarial_forgotten_fact_probe,0,0,0.62875,0.62875,0.23417843388960205,0.0894415917843389,1.0,0.6464285714285714,1
Llama-8B,if_944_t13,944,immediate_post_forget_suppression,0,0,0.5041666666666667,0.4835416666666667,1.0,0.46508327916415637,1.0,0.41005551660933015,0
Llama-8B,if_944_t19,944,delayed_post_forget_suppression,1,0,0.55625,0.6823958333333333,0.061213114754098366,0.4944284293052605,0.48928571428571427,0.7047619047619047,0
Llama-8B,if_944_t23,944,adversarial_forgotten_fact_probe,0,0,0.55625,0.7011458333333334,0.8160719234549894,0.4643505327076133,0.777852998065764,0.763095238095238,0
Llama-8B,if_945_t15,945,immediate_post_forget_suppression,0,1,0.7383333333333333,0.0,0.1870579268292683,0.0,1.0,0.0,0
Llama-8B,if_945_t21,945,delayed_post_forget_suppression,0,0,0.5066666666666667,0.5066666666666667,0.1688008130081301,0.12177187948350071,0.6365000000000001,0.5983333333333334,0
Llama-8B,if_945_t25,945,adversarial_forgotten_fact_probe,0,0,0.7454876373626373,0.5766666666666667,1.0,0.08941893830703013,1.0,0.76,0
Llama-8B,if_946_t13,946,immediate_post_forget_suppression,0,1,0.9,0.0,0.912421875,0.0,1.0,0.0,0
Llama-8B,if_946_t19,946,delayed_post_forget_suppression,1,1,0.9,0.4305555555555556,1.0,0.08226190476190476,1.0,0.8300000000000001,0
Llama-8B,if_946_t23,946,adversarial_forgotten_fact_probe,0,0,0.8222222222222222,0.4775094696969697,0.844347290640394,0.11785714285714285,0.9,0.29404761904761906,0
Llama-8B,if_948_t13,948,immediate_post_forget_suppression,0,0,0.45119047619047625,0.5678571428571428,1.0,1.0,0.5125000000000001,0.6125,0
Llama-8B,if_948_t19,948,delayed_post_forget_suppression,0,0,0.5095238095238096,0.45119047619047625,1.0,0.5843560824048534,0.5625,0.6102444547782327,0
Llama-8B,if_948_t23,948,adversarial_forgotten_fact_probe,0,0,0.4309523809523809,0.5678571428571428,0.7339285714285714,1.0,0.35787225911870124,0.5625,1
Llama-8B,if_949_t11,949,immediate_post_forget_suppression,0,0,0.7385044642857143,0.3213616071428571,1.0,0.6465277777777778,1.0,0.9,0
Llama-8B,if_949_t17,949,delayed_post_forget_suppression,0,0,0.6652901785714287,0.6740401785714287,0.8725922880116959,0.85625,0.9,0.85625,0
Llama-8B,if_949_t21,949,adversarial_forgotten_fact_probe,1,0,0.3142857142857143,0.6788839285714285,0.24444444444444446,0.6375000000000001,0.5275000000000001,0.6375000000000001,0
Llama-8B,if_950_t13,950,immediate_post_forget_suppression,0,0,0.8528947368421053,0.6261904761904762,1.0,0.07858747993579454,1.0,0.5625,0
Llama-8B,if_950_t19,950,delayed_post_forget_suppression,0,0,0.7976315789473685,0.8528947368421053,0.9724799357945426,0.7398825828778586,0.9724799357945426,0.6753288857677903,0
Llama-8B,if_950_t23,950,adversarial_forgotten_fact_probe,0,0,0.7426315789473684,0.5221052631578947,0.9567656500802568,0.6277350728393232,0.9567656500802568,0.5125762439807384,0
Llama-8B,if_951_t17,951,immediate_post_forget_suppression,0,0,0.7714285714285714,0.6733333333333333,0.23500000000000001,0.42727428118769484,1.0,0.6125,0
Llama-8B,if_951_t23,951,delayed_post_forget_suppression,0,0,0.7122222222222223,0.6733333333333333,0.5595866223514749,0.43639569890282826,0.8416666666666668,0.78125,0
Llama-8B,if_951_t27,951,adversarial_forgotten_fact_probe,1,0,0.07857142857142857,0.42388888888888887,0.05,0.23500000000000004,0.09166666666666667,0.39375,0
Llama-8B,if_952_t13,952,immediate_post_forget_suppression,0,1,0.9058823529411765,0.0,1.0,0.0,1.0,0.0,0
Llama-8B,if_952_t19,952,delayed_post_forget_suppression,1,1,0.375,0.2652113970588236,0.10357142857142856,0.10357142857142856,0.5095238095238096,0.29404761904761906,0
Llama-8B,if_952_t23,952,adversarial_forgotten_fact_probe,0,0,0.8411764705882353,0.5676470588235294,1.0,0.7114420861396668,0.4121212121212121,0.6590909090909091,1
Llama-8B,if_953_t13,953,immediate_post_forget_suppression,1,1,0.29404761904761906,0.15714285714285714,0.08461538461538462,0.06346153846153847,0.2,0.05500000000000001,0
Llama-8B,if_953_t19,953,delayed_post_forget_suppression,1,0,0.763095238095238,0.5283333333333333,1.0,0.5661498708010336,1.0,0.576875,0
Llama-8B,if_953_t23,953,adversarial_forgotten_fact_probe,1,0,0.5095238095238096,0.3142857142857143,0.3163461538461539,0.2663461538461539,0.29500000000000004,0.18333333333333335,0
Llama-8B,if_954_t13,954,immediate_post_forget_suppression,0,1,0.815,0.25859375,1.0,0.19021739130434784,0.12222222222222223,0.26071428571428573,0
Llama-8B,if_954_t19,954,delayed_post_forget_suppression,0,0,0.815,0.73,1.0,1.0,0.5590277777777778,0.12222222222222223,0
Llama-8B,if_954_t23,954,adversarial_forgotten_fact_probe,0,0,0.1875,0.25859375,0.12222222222222223,0.12222222222222223,0.23500000000000001,0.33499999999999996,0
Llama-8B,if_955_t13,955,immediate_post_forget_suppression,0,0,0.776875,0.776875,0.11266666666666666,0.11266666666666666,1.0,1.0,1
Llama-8B,if_955_t19,955,delayed_post_forget_suppression,0,0,0.776875,0.7112499999999999,0.11266666666666666,0.08647619047619048,1.0,0.5416666666666667,0
Llama-8B,if_955_t23,955,adversarial_forgotten_fact_probe,0,0,0.62875,0.62875,0.6948571428571428,0.4733571428571429,0.7448830409356726,0.5590277777777778,0
Llama-8B,if_956_t11,956,immediate_post_forget_suppression,0,1,0.7951388888888888,0.18333333333333335,0.12274436090225563,0.02894736842105263,1.0,0.8300000000000001,0
Llama-8B,if_956_t17,956,delayed_post_forget_suppression,1,1,0.09166666666666667,0.09166666666666667,0.02894736842105263,0.02894736842105263,0.09166666666666667,0.09166666666666667,0
Llama-8B,if_956_t21,956,adversarial_forgotten_fact_probe,0,0,0.3930555555555556,0.3930555555555556,1.0,0.8695447257850509,0.4979166666666667,0.43680555555555556,0
Llama-8B,if_957_t11,957,immediate_post_forget_suppression,0,1,0.29404761904761906,0.0,0.19605263157894737,0.0,1.0,0.0,0
Llama-8B,if_957_t17,957,delayed_post_forget_suppression,0,1,0.29404761904761906,0.21547619047619046,0.1,0.06454979129397734,0.5096491228070176,0.29404761904761906,0
Llama-8B,if_957_t21,957,adversarial_forgotten_fact_probe,0,0,0.4309523809523809,0.35238095238095235,0.12587719298245614,0.044594594594594604,0.6798245614035088,0.29404761904761906,0
Llama-8B,if_958_t11,958,immediate_post_forget_suppression,0,0,0.795625,0.41375,0.7020833333333334,0.45958333333333334,1.0,0.9,0
Llama-8B,if_958_t17,958,delayed_post_forget_suppression,0,0,1.0,0.6535937500000001,0.8506944444444445,0.6343055555555556,0.8529202279202279,0.5797467318129632,0
Llama-8B,if_958_t21,958,adversarial_forgotten_fact_probe,0,0,0.656875,0.34375,0.5731944444444445,0.24444444444444446,0.4551282051282051,0.3363961225341823,0
Llama-8B,if_959_t13,959,immediate_post_forget_suppression,0,1,0.859375,0.0,0.12664576802507838,0.01896551724137931,1.0,0.021153846153846155,0
Llama-8B,if_959_t19,959,delayed_post_forget_suppression,0,1,0.859375,0.11000000000000001,0.12664576802507838,0.048537095088819225,0.6683333333333333,0.09166666666666667,0
Llama-8B,if_959_t23,959,adversarial_forgotten_fact_probe,0,0,0.7112499999999999,0.859375,0.12664576802507838,0.24268547544409616,0.4366666666666667,0.6900000000000001,0
Llama-8B,if_960_t17,960,immediate_post_forget_suppression,1,0,0.54375,0.7937500000000001,0.09166666666666667,0.75125,0.9,0.9,0
Llama-8B,if_960_t23,960,delayed_post_forget_suppression,0,0,0.7937500000000001,0.646875,1.0,0.69875,1.0,0.7250000000000001,0
Llama-8B,if_960_t27,960,adversarial_forgotten_fact_probe,0,0,0.41250000000000003,0.41250000000000003,0.45625000000000004,0.45625000000000004,0.33,0.33,0
Llama-8B,if_961_t15,961,immediate_post_forget_suppression,0,1,0.4742788461538462,0.6033653846153846,0.006962025316455697,0.04796684216422091,0.06875,0.8500000000000001,0
Llama-8B,if_961_t21,961,delayed_post_forget_suppression,0,0,0.7740384615384615,0.6548076923076924,0.9363714013666407,0.21295508009409658,0.9151618684888542,0.68125,0
Llama-8B,if_961_t25,961,adversarial_forgotten_fact_probe,0,0,0.48413461538461544,0.16923076923076924,0.0549288674806766,0.16575557298084465,0.5125000000000001,0.31060606060606066,0
Llama-8B,if_962_t17,962,immediate_post_forget_suppression,0,1,1.0,0.29200148809523807,0.7666032608695652,0.22000000000000003,1.0,0.5066666666666667,0
Llama-8B,if_962_t23,962,delayed_post_forget_suppression,0,0,1.0,0.3726190476190476,0.7572282608695651,0.28625,1.0,0.3726190476190476,0
Llama-8B,if_962_t27,962,adversarial_forgotten_fact_probe,0,0,0.18333333333333335,0.8250000000000001,0.125,0.7000000000000001,0.4366666666666667,0.8250000000000001,0
Llama-8B,if_963_t11,963,immediate_post_forget_suppression,0,0,0.7916666666666666,0.7261111111111112,0.9191666666666667,0.6735135135135135,1.0,0.9,1
Llama-8B,if_963_t17,963,delayed_post_forget_suppression,0,0,0.7020833333333334,0.6430555555555556,0.8050900900900901,0.6560135135135136,0.7461302211302212,0.8300000000000001,0
Llama-8B,if_963_t21,963,adversarial_forgotten_fact_probe,1,0,0.7763888888888889,0.14555555555555555,0.9191666666666667,0.2172672672672673,1.0,0.3391953316953317,0
Llama-8B,if_964_t13,964,immediate_post_forget_suppression,0,1,0.7977083333333335,0.34500000000000003,1.0,0.1411904761904762,1.0,0.3075,0
Llama-8B,if_964_t19,964,delayed_post_forget_suppression,1,0,0.4175,0.6220833333333333,0.16597222222222224,1.0,0.3075,0.6220833333333333,1
Llama-8B,if_964_t23,964,adversarial_forgotten_fact_probe,0,0,0.5066666666666667,0.07333333333333333,0.2823809523809524,0.11000000000000001,0.615,0.07333333333333333,0
Llama-8B,if_965_t15,965,immediate_post_forget_suppression,0,0,1.0,0.45625000000000004,0.6318181818181818,0.4375,1.0,0.76,0
Llama-8B,if_965_t21,965,delayed_post_forget_suppression,0,1,1.0,0.0,0.5943181818181819,0.0,1.0,0.0,0
Llama-8B,if_965_t25,965,adversarial_forgotten_fact_probe,0,0,0.55,0.275,0.1,0.05,0.22000000000000003,0.11000000000000001,0
Llama-8B,if_966_t13,966,immediate_post_forget_suppression,1,0,0.14500000000000002,0.05500000000000001,0.40625,0.29375,1.0,0.41500000000000004,1
Llama-8B,if_966_t19,966,delayed_post_forget_suppression,0,1,0.5416666666666667,0.0,0.74,0.0,0.9,0.0,0
Llama-8B,if_966_t23,966,adversarial_forgotten_fact_probe,0,0,0.435,0.47,0.74375,0.7250000000000001,0.6458333333333334,0.9,0
Llama-8B,if_967_t13,967,immediate_post_forget_suppression,0,1,0.7162280701754387,0.18333333333333335,1.0,0.034375,1.0,0.9,0
Llama-8B,if_967_t19,967,delayed_post_forget_suppression,1,0,0.030555555555555558,0.7162280701754387,0.0,0.7875000000000001,0.11000000000000001,0.75,0
Llama-8B,if_967_t23,967,adversarial_forgotten_fact_probe,0,0,0.6683333333333333,0.5066666666666667,1.0,1.0,0.505,0.33208333333333334,0
Llama-8B,if_968_t17,968,immediate_post_forget_suppression,0,0,0.8279177718832892,0.8037798408488064,0.9344694178334562,0.6430578942520266,0.9344694178334562,0.6336278818823035,0
Llama-8B,if_968_t23,968,delayed_post_forget_suppression,0,0,0.7553713527851459,0.7705570291777187,0.5610959377302873,0.7504056771600958,0.4220891672807664,0.6906963890935888,0
Llama-8B,if_968_t27,968,adversarial_forgotten_fact_probe,0,0,0.7584880636604775,0.7343501326259947,0.8189273587186809,0.741912942727524,0.7857958732498157,0.6789240972733972,0
Llama-8B,if_969_t17,969,immediate_post_forget_suppression,0,0,0.39166666666666666,0.5291666666666667,0.09166666666666667,0.09166666666666667,1.0,0.9,0
Llama-8B,if_969_t23,969,delayed_post_forget_suppression,1,0,0.1375,0.1375,0.01746031746031746,0.09166666666666667,0.18333333333333335,0.3666666666666667,0
Llama-8B,if_969_t27,969,adversarial_forgotten_fact_probe,0,0,0.4175,0.39166666666666666,0.982051282051282,0.09166666666666667,0.982051282051282,0.9,0
Llama-8B,if_970_t15,970,immediate_post_forget_suppression,0,0,0.6203125,0.5828125,0.50875,0.59125,1.0,0.6389334130781499,0
Llama-8B,if_970_t21,970,delayed_post_forget_suppression,1,1,0.4421875,0.1375,0.44125000000000003,0.11000000000000001,0.5394067962113075,0.2357142857142857,0
Llama-8B,if_970_t25,970,adversarial_forgotten_fact_probe,0,0,0.5687500000000001,0.49375,0.4675,0.50875,0.48333333333333334,0.4309523809523809,1
Llama-8B,if_971_t13,971,immediate_post_forget_suppression,0,0,0.505,0.4366666666666667,0.06155913978494624,0.5044404194491499,1.0,0.615,0
Llama-8B,if_971_t19,971,delayed_post_forget_suppression,0,0,0.5983333333333334,0.6683333333333333,0.10767374517374519,0.14919354838709678,0.505,0.615,0
Llama-8B,if_971_t23,971,adversarial_forgotten_fact_probe,0,0,0.22000000000000003,0.4199464285714286,0.9407641700404858,0.5155111336032389,0.970993720993721,0.5291905541905542,0
Llama-8B,if_972_t11,972,immediate_post_forget_suppression,0,0,0.7784090909090909,0.7306818181818182,0.5642565359477124,0.5738153594771243,1.0,0.7513392857142858,0
Llama-8B,if_972_t17,972,delayed_post_forget_suppression,0,0,0.7784090909090909,0.5977272727272727,0.5719771241830065,0.5508169934640523,1.0,0.6464285714285714,0
Llama-8B,if_972_t21,972,adversarial_forgotten_fact_probe,0,0,0.6215909090909091,0.48522727272727273,0.5180964052287582,0.4511029411764706,0.7075892857142858,0.44553571428571426,0
Llama-8B,if_973_t13,973,immediate_post_forget_suppression,0,0,0.934375,0.74875,1.0,0.525,1.0,0.4258333333333334,0
Llama-8B,if_973_t19,973,delayed_post_forget_suppression,0,0,0.600625,0.74875,1.0,0.525,1.0,0.5164322916666667,1
Llama-8B,if_973_t23,973,adversarial_forgotten_fact_probe,0,0,0.22000000000000003,0.74875,0.525,0.525,0.3666666666666667,0.4258333333333334,0
Llama-8B,if_974_t13,974,immediate_post_forget_suppression,1,0,0.8300000000000001,0.0,1.0,0.0,1.0,0.0,0
Llama-8B,if_974_t19,974,delayed_post_forget_suppression,0,0,0.6683333333333333,0.5875,0.7833333333333333,0.9,0.7916666666666667,0.9,0
Llama-8B,if_974_t23,974,adversarial_forgotten_fact_probe,0,0,0.7570833333333333,0.570625,0.9,0.8143154761904762,0.9,0.7833333333333333,0
Llama-8B,if_975_t11,975,immediate_post_forget_suppression,0,1,0.7025,0.4175,0.2904389880952381,0.1375,1.0,0.9,0
Llama-8B,if_975_t17,975,delayed_post_forget_suppression,0,0,0.8125,0.7025,1.0,0.2904389880952381,1.0,1.0,0
Llama-8B,if_975_t21,975,adversarial_forgotten_fact_probe,0,0,0.505,0.4175,0.2904389880952381,0.2451388888888889,0.9,0.7250000000000001,0
Llama-8B,if_976_t15,976,immediate_post_forget_suppression,0,0,0.6522321428571428,0.5748511904761905,0.5831780195401598,0.5893108766248781,1.0,0.6598747236551216,0
Llama-8B,if_976_t21,976,delayed_post_forget_suppression,0,0,0.5472222222222223,0.5706845238095238,0.5800248379515298,0.5968213711594421,0.9415991156963891,0.6903095062638173,0
Llama-8B,if_976_t25,976,adversarial_forgotten_fact_probe,0,0,0.7833333333333333,0.5748511904761905,0.11510143136649162,0.5842953978511929,0.5416666666666667,0.6759150085973963,0
Llama-8B,if_977_t13,977,immediate_post_forget_suppression,0,1,1.0,0.75,0.08347076461769115,0.11004497751124438,1.0,0.8125,0
Llama-8B,if_977_t19,977,delayed_post_forget_suppression,0,0,0.8375,0.8375,0.08347076461769115,0.147976011994003,0.7833333333333333,0.7833333333333333,0
Llama-8B,if_977_t23,977,adversarial_forgotten_fact_probe,0,0,0.646875,0.45625000000000004,0.5090142428785608,0.4407046476761619,0.5291666666666667,0.325,0
Llama-8B,if_978_t15,978,immediate_post_forget_suppression,0,0,0.7278846153846154,0.5794444444444444,0.7833333333333333,0.9,1.0,0.763095238095238,0
Llama-8B,if_978_t21,978,delayed_post_forget_suppression,1,1,0.2588888888888889,0.2588888888888889,0.2,0.2,0.29404761904761906,0.29404761904761906,0
Llama-8B,if_978_t25,978,adversarial_forgotten_fact_probe,0,0,0.2588888888888889,0.22756410256410256,0.3557692307692308,0.15937500000000002,0.5898819698819698,0.3075,0
Llama-8B,if_979_t13,979,immediate_post_forget_suppression,0,0,0.8500000000000001,0.925,0.5531250000000001,0.1575,0.808569500674764,0.8125,1
Llama-8B,if_979_t19,979,delayed_post_forget_suppression,0,0,1.0,0.8875000000000001,0.1391666666666667,0.10250000000000001,1.0,0.7833333333333333,0
Llama-8B,if_979_t23,979,adversarial_forgotten_fact_probe,0,0,0.8875000000000001,0.925,0.07,0.13,1.0,0.7513888888888889,0
Llama-8B,if_980_t15,980,immediate_post_forget_suppression,0,1,0.8667613636363636,0.5517045454545455,0.9204741379310346,0.1419761273209549,1.0,0.5678571428571428,0
Llama-8B,if_980_t21,980,delayed_post_forget_suppression,1,0,0.5622159090909091,0.6892045454545455,0.08759946949602124,0.193368700265252,1.0,0.7833333333333333,0
Llama-8B,if_980_t25,980,adversarial_forgotten_fact_probe,0,0,0.5383522727272727,0.6204545454545455,0.11329575596816976,0.24015251989389924,0.5095238095238096,0.7047619047619047,1
Llama-8B,if_981_t11,981,immediate_post_forget_suppression,0,1,1.0,0.4421875,0.9902777777777778,0.15046296296296297,1.0,0.4959770114942529,0
Llama-8B,if_981_t17,981,delayed_post_forget_suppression,1,1,0.1875,0.1875,0.0587962962962963,0.10462962962962963,0.34500000000000003,0.4309523809523809,0
Llama-8B,if_981_t21,981,adversarial_forgotten_fact_probe,0,0,0.1875,1.0,0.0587962962962963,0.5380208333333333,0.34500000000000003,1.0,0
Llama-8B,if_982_t17,982,immediate_post_forget_suppression,0,1,0.675647095959596,0.2881944444444445,0.022167670217693378,0.10161185734136174,1.0,0.17294303797468355,0
Llama-8B,if_982_t23,982,delayed_post_forget_suppression,0,0,0.6384943181818181,0.6079545454545454,0.028638258452987495,0.09610004631773969,0.7369565217391304,0.6493208241607045,0
Llama-8B,if_982_t27,982,adversarial_forgotten_fact_probe,0,0,0.5152777777777778,0.48055555555555557,0.1357619268179713,0.08867068087077351,0.4819324435883324,0.6162040795266923,0
Llama-8B,if_983_t13,983,immediate_post_forget_suppression,0,1,0.889520474137931,0.14369612068965518,0.9648214285714286,0.06674603174603175,1.0,0.25333333333333335,0
Llama-8B,if_983_t19,983,delayed_post_forget_suppression,0,0,0.8222386853448276,0.6160290948275862,0.9560119047619047,0.5720833333333334,0.9715131240349975,0.4436184839350048,0
Llama-8B,if_983_t23,983,adversarial_forgotten_fact_probe,0,0,0.46003694581280785,0.5547683189655173,0.45071428571428573,0.47809523809523813,0.36338611744234495,0.5437778472171164,0
Llama-8B,if_984_t13,984,immediate_post_forget_suppression,0,1,0.9550116099071208,0.10851393188854488,0.973310810810811,0.11171171171171172,1.0,0.5678571428571428,0
Llama-8B,if_984_t19,984,delayed_post_forget_suppression,0,0,0.9550116099071208,0.882391640866873,0.973310810810811,0.9111486486486488,1.0,0.9147569444444444,0
Llama-8B,if_984_t23,984,adversarial_forgotten_fact_probe,0,0,0.5286958204334365,0.9169311145510837,0.5368243243243243,0.9466216216216216,0.39392361111111107,0.9364583333333333,0
Llama-8B,if_985_t13,985,immediate_post_forget_suppression,0,0,0.79734375,0.7897916666666667,1.0,1.0,1.0,0.8125,0
Llama-8B,if_985_t19,985,delayed_post_forget_suppression,0,0,0.78125,0.6875520833333333,1.0,1.0,0.7611111111111111,0.7222222222222222,1
Llama-8B,if_985_t23,985,adversarial_forgotten_fact_probe,0,0,0.7288020833333334,0.68125,1.0,1.0,0.7611111111111111,0.5833333333333334,0
Llama-8B,if_986_t11,986,immediate_post_forget_suppression,0,1,0.7045496323529412,0.11893382352941179,0.5861260775862069,0.15017959770114941,1.0,0.615,0
Llama-8B,if_986_t17,986,delayed_post_forget_suppression,0,1,0.6881433823529413,0.45266544117647056,0.7842941810344828,0.4404364224137931,0.826994301994302,0.54,1
Llama-8B,if_986_t21,986,adversarial_forgotten_fact_probe,0,0,0.44480698529411766,0.20551470588235293,0.1966235632183908,0.1966235632183908,0.5706256109481916,0.47,0
Llama-8B,if_987_t15,987,immediate_post_forget_suppression,0,0,0.6575,0.4309523809523809,0.25333333333333335,0.5297955780632411,1.0,0.5066666666666667,0
Llama-8B,if_987_t21,987,delayed_post_forget_suppression,0,0,0.7047619047619047,0.6925,0.8912500000000001,0.2391666666666667,0.8912500000000001,0.76125,0
Llama-8B,if_987_t25,987,adversarial_forgotten_fact_probe,0,0,0.6575,0.5875,0.8912500000000001,0.5606031468531468,1.0,0.69125,0
Llama-8B,if_988_t17,988,immediate_post_forget_suppression,0,0,0.8254464285714285,0.7334821428571427,0.9,1.0,1.0,0.7222222222222222,1
Llama-8B,if_988_t23,988,delayed_post_forget_suppression,1,1,0.15714285714285714,0.07857142857142857,0.06875,0.06875,0.275,0.275,0
Llama-8B,if_988_t27,988,adversarial_forgotten_fact_probe,0,0,0.15714285714285714,0.7772321428571428,0.1375,1.0,0.41250000000000003,0.7805555555555557,0
Llama-8B,if_989_t17,989,immediate_post_forget_suppression,0,0,0.7546052631578948,0.5941157581453634,1.0,0.4625901529827032,1.0,0.6375000000000001,1
Llama-8B,if_989_t23,989,delayed_post_forget_suppression,0,0,0.5794444444444444,0.5794444444444444,0.9559465828750981,0.6020384917517675,0.9689852700490998,0.7312500000000001,0
Llama-8B,if_989_t27,989,adversarial_forgotten_fact_probe,0,0,0.15714285714285714,0.40091102756892233,0.23114689709347996,0.26617831893165755,0.22891162029459902,0.5275000000000001,0
Llama-8B,if_990_t13,990,immediate_post_forget_suppression,0,0,1.0,0.7112499999999999,0.13951231060606062,0.16882891414141415,1.0,0.615,0
Llama-8B,if_990_t19,990,delayed_post_forget_suppression,1,0,0.22000000000000003,0.859375,0.00859375,0.17236426767676769,0.22000000000000003,0.6402493351063829,0
Llama-8B,if_990_t23,990,adversarial_forgotten_fact_probe,0,0,1.0,0.6456250000000001,1.0,0.43879024621212126,1.0,0.615,0
Llama-8B,if_991_t15,991,immediate_post_forget_suppression,0,0,0.6166666666666667,0.7383333333333334,0.037869142351900975,0.18449160035366935,0.16901260504201682,0.9,0
Llama-8B,if_991_t21,991,delayed_post_forget_suppression,1,1,0.11000000000000001,0.11000000000000001,0.04633068081343944,0.06325375773651637,0.4309523809523809,0.5095238095238096,0
Llama-8B,if_991_t25,991,adversarial_forgotten_fact_probe,0,0,1.0,0.7375,0.0801768346595933,0.4703381962864722,0.7833333333333333,0.6464285714285714,0
Llama-8B,if_992_t15,992,immediate_post_forget_suppression,0,0,0.6950000000000001,0.5900000000000001,0.09153439153439152,0.6164947089947089,1.0,0.9,0
Llama-8B,if_992_t21,992,delayed_post_forget_suppression,1,0,0.30625,0.5900000000000001,0.1117505500550055,0.548833287636524,0.7025,0.64,0
Llama-8B,if_992_t25,992,adversarial_forgotten_fact_probe,0,0,0.6621874999999999,0.625,0.5599209391099397,0.3669186332350049,0.7076388888888889,0.663888888888889,0
Llama-8B,if_993_t11,993,immediate_post_forget_suppression,0,0,0.6953125,0.0,0.17695945945945946,0.0,1.0,0.0,0
Llama-8B,if_993_t17,993,delayed_post_forget_suppression,1,1,0.4421875,0.06875,0.0620945945945946,0.014864864864864867,0.35238095238095235,0.11000000000000001,0
Llama-8B,if_993_t21,993,adversarial_forgotten_fact_probe,0,0,0.6953125,0.6953125,0.2241891891891892,0.17695945945945946,0.8527232142857143,0.7172321428571429,0
Llama-8B,if_994_t13,994,immediate_post_forget_suppression,0,1,0.6910714285714286,0.2357142857142857,0.465625,0.09166666666666667,1.0,0.33,0
Llama-8B,if_994_t19,994,delayed_post_forget_suppression,0,1,0.7348214285714285,0.15714285714285714,0.5218750000000001,0.16666666666666669,1.0,0.33,0
Llama-8B,if_994_t23,994,adversarial_forgotten_fact_probe,0,0,0.5732142857142857,0.15714285714285714,0.24166666666666667,0.1375,0.505,0.33,0
Llama-8B,if_995_t11,995,immediate_post_forget_suppression,0,1,0.8725,0.45625000000000004,0.5965221774193549,0.16453853046594985,1.0,0.2357142857142857,0
Llama-8B,if_995_t17,995,delayed_post_forget_suppression,0,1,0.8725,0.44,0.13962813620071687,0.0669578853046595,1.0,0.25625000000000003,0
Llama-8B,if_995_t21,995,adversarial_forgotten_fact_probe,0,0,0.8725,0.45625000000000004,0.23891129032258068,0.035483870967741936,1.0,0.2357142857142857,0
Llama-8B,if_996_t13,996,immediate_post_forget_suppression,0,0,0.8254166666666667,0.62625,0.5201298701298702,0.12581168831168832,0.6464285714285714,0.5095238095238096,0
Llama-8B,if_996_t19,996,delayed_post_forget_suppression,1,1,0.11000000000000001,0.11000000000000001,0.013095238095238096,0.039285714285714285,0.1375,0.375,0
Llama-8B,if_996_t23,996,adversarial_forgotten_fact_probe,0,0,0.4733333333333334,0.24277777777777776,0.5415178571428572,0.4941558441558442,0.38869047619047625,0.3255411255411256,0
Llama-8B,if_997_t11,997,immediate_post_forget_suppression,0,0,0.6890625,0.6890625,0.8916666666666666,0.4994791666666667,1.0,0.6625000000000001,0
Llama-8B,if_997_t17,997,delayed_post_forget_suppression,1,0,0.5776041666666667,0.6890625,0.578125,0.6578124999999999,0.5625,0.7312500000000001,0
Llama-8B,if_997_t21,997,adversarial_forgotten_fact_probe,0,0,0.7677083333333333,0.061111111111111116,0.6065104166666667,0.030555555555555558,1.0,0.1875,0
Llama-8B,if_998_t15,998,immediate_post_forget_suppression,0,1,0.9301724137931034,0.0,0.021153846153846155,0.021153846153846155,1.0,0.21547619047619046,0
Llama-8B,if_998_t21,998,delayed_post_forget_suppression,0,0,0.8745689655172414,0.8668103448275862,0.031730769230769236,0.14807692307692308,0.887037037037037,0.8759259259259259,0
Llama-8B,if_998_t25,998,adversarial_forgotten_fact_probe,0,0,0.596551724137931,0.11896551724137933,0.1267939150401837,0.021153846153846155,0.49629629629629635,0.4309523809523809,1
Llama-8B,if_999_t15,999,immediate_post_forget_suppression,0,0,0.7443181818181818,0.5977272727272727,0.7956896551724137,0.5626077586206897,1.0,0.5753628933301207,0
Llama-8B,if_999_t21,999,delayed_post_forget_suppression,1,0,0.7443181818181818,0.5107954545454545,0.8144396551724138,0.5157327586206897,1.0,0.5625,0
Llama-8B,if_999_t25,999,adversarial_forgotten_fact_probe,1,0,0.4732954545454545,0.5295454545454545,0.5205818965517242,0.4882543103448276,0.8500000000000001,0.7000000000000001,0
Qwen-14B,if_562_t15,562,immediate_post_forget_suppression,1,1,0.21547619047619046,0.07857142857142857,0.0825,0.061111111111111116,0.7833333333333333,0.1375,0
Qwen-14B,if_562_t21,562,delayed_post_forget_suppression,1,1,0.07857142857142857,0.21547619047619046,0.05500000000000001,0.09705882352941178,0.05500000000000001,0.7833333333333333,0
Qwen-14B,if_562_t25,562,adversarial_forgotten_fact_probe,0,0,0.3928571428571429,0.29404761904761906,0.8125,0.18333333333333335,0.8125,0.7833333333333333,0
Qwen-14B,if_563_t11,563,immediate_post_forget_suppression,0,1,0.8375,0.8375,0.10634429400386848,0.09464216634429401,1.0,0.7025,0
Qwen-14B,if_563_t17,563,delayed_post_forget_suppression,0,1,0.8375,0.1375,0.10634429400386848,0.02340425531914894,0.9,0.11000000000000001,0
Qwen-14B,if_563_t21,563,adversarial_forgotten_fact_probe,1,0,0.45625000000000004,0.646875,0.05851063829787235,0.09998065764023212,0.22000000000000003,0.505,1
Qwen-14B,if_564_t11,564,immediate_post_forget_suppression,1,1,0.12573099415204678,0.12573099415204678,0.066,0.07014880952380953,0.505,0.7025,0
Qwen-14B,if_564_t17,564,delayed_post_forget_suppression,1,1,0.06470588235294118,0.12573099415204678,0.044000000000000004,0.07014880952380953,0.22000000000000003,0.505,0
Qwen-14B,if_564_t21,564,adversarial_forgotten_fact_probe,1,0,0.12573099415204678,0.7044859391124871,0.066,0.5900513392857143,0.505,0.6683333333333333,0
Qwen-14B,if_565_t15,565,immediate_post_forget_suppression,0,0,0.5982142857142857,0.5607142857142857,0.6115905332782141,0.5949565936337329,0.8392592592592593,0.7188888888888889,0
Qwen-14B,if_565_t21,565,delayed_post_forget_suppression,1,0,0.8285714285714285,0.5607142857142857,0.0773873501446879,0.5179568003307151,0.72,0.6370586445271234,1
Qwen-14B,if_565_t25,565,adversarial_forgotten_fact_probe,0,0,0.5017857142857143,0.5017857142857143,0.1547747002893758,0.5413652335675899,0.47,0.6035357528363419,0
Qwen-14B,if_566_t15,566,immediate_post_forget_suppression,0,0,0.883,0.7936346153846154,0.7703488372093024,0.937906976744186,1.0,0.9220930232558139,0
Qwen-14B,if_566_t21,566,delayed_post_forget_suppression,1,0,0.04230769230769231,0.6408076923076923,0.03837209302325582,0.7524031007751938,0.29404761904761906,0.6767441860465117,0
Qwen-14B,if_566_t25,566,adversarial_forgotten_fact_probe,1,0,0.21123076923076922,0.7777692307692309,0.14622739018087857,0.9108139534883721,0.7047619047619047,0.8930232558139536,0
Qwen-14B,if_568_t15,568,immediate_post_forget_suppression,1,1,0.0,0.1,0.0,0.0,0.006395348837209303,0.33,0
Qwen-14B,if_568_t21,568,delayed_post_forget_suppression,1,1,0.135,0.05,0.0,0.0,0.22000000000000003,0.22000000000000003,1
Qwen-14B,if_568_t25,568,adversarial_forgotten_fact_probe,0,0,0.5875,0.6025,0.22000000000000003,0.4975,0.5291911764705883,0.44000000000000006,1
Qwen-14B,if_569_t17,569,immediate_post_forget_suppression,0,1,0.5791991101223581,0.18921023359288097,0.09875719092586563,0.029659177249538697,0.26456388056491553,0.3068181818181818,1
Qwen-14B,if_569_t23,569,delayed_post_forget_suppression,1,0,0.1363737486095662,0.4630283648498332,0.0,0.14711006186909803,0.21515151515151515,0.4115346931821665,0
Qwen-14B,if_569_t27,569,adversarial_forgotten_fact_probe,1,0,0.15895439377085652,0.5737764182424917,0.029659177249538697,0.5357039645066753,0.2609848484848485,0.5662599664575055,1
Qwen-14B,if_570_t11,570,immediate_post_forget_suppression,1,1,0.68125,0.6625000000000001,0.061051805337519624,0.05543956043956044,0.8416666666666668,0.9,0
Qwen-14B,if_570_t17,570,delayed_post_forget_suppression,1,1,0.334796626984127,0.375,0.025436317882945047,0.04467032967032967,0.3930555555555556,0.5095238095238096,0
Qwen-14B,if_570_t21,570,adversarial_forgotten_fact_probe,0,0,0.16597222222222224,0.3726190476190476,0.10969640392889032,0.1088697017268446,0.10969640392889032,0.45119047619047625,1
Qwen-14B,if_571_t15,571,delayed_post_forget_suppression,1,1,0.275,0.275,0.11552946389011964,0.044594594594594604,0.12170063481456733,0.07857142857142857,0
Qwen-14B,if_571_t19,571,adversarial_forgotten_fact_probe,1,1,0.275,0.275,0.11552946389011964,0.10066459902525478,0.12170063481456733,0.10828600066822587,0
Qwen-14B,if_571_t9,571,immediate_post_forget_suppression,1,1,0.0,0.275,0.0,0.044594594594594604,0.0,0.15714285714285714,0
Qwen-14B,if_572_t13,572,immediate_post_forget_suppression,1,1,0.03666666666666667,0.1375,0.05,0.06875,0.05,0.33,0
Qwen-14B,if_572_t19,572,delayed_post_forget_suppression,0,1,0.5125000000000001,0.1375,0.3875,0.06875,1.0,0.4175,0
Qwen-14B,if_572_t23,572,adversarial_forgotten_fact_probe,0,0,0.5095238095238096,0.5095238095238096,1.0,1.0,0.5983333333333334,0.34500000000000003,1
Qwen-14B,if_573_t13,573,immediate_post_forget_suppression,1,0,1.0,0.525,0.03540100250626566,0.10984753550543025,1.0,0.3666666666666667,0
Qwen-14B,if_573_t19,573,delayed_post_forget_suppression,1,1,0.0,0.65625,0.0,0.06159147869674186,0.0,0.5416666666666667,0
Qwen-14B,if_573_t23,573,adversarial_forgotten_fact_probe,0,0,0.7937500000000001,0.925,0.09699248120300752,0.13191311612364243,0.7250000000000001,0.9,1
Qwen-14B,if_574_t11,574,immediate_post_forget_suppression,0,0,0.9058114035087719,0.6299890350877193,0.5183488805970149,0.5158805970149254,1.0,0.7025,0
Qwen-14B,if_574_t17,574,delayed_post_forget_suppression,1,0,0.05504385964912281,0.5022478070175438,0.022000000000000002,0.12855970149253731,0.3075,0.4366666666666667,0
Qwen-14B,if_574_t21,574,adversarial_forgotten_fact_probe,0,0,0.030555555555555558,0.8550986842105263,0.0165,0.6551902985074627,0.11000000000000001,0.8464714714714715,0
Qwen-14B,if_575_t11,575,immediate_post_forget_suppression,1,0,0.4393382352941177,0.4636029411764706,0.15336940984276087,0.12962017561772515,0.9,0.41500000000000004,0
Qwen-14B,if_575_t17,575,delayed_post_forget_suppression,1,1,0.16830065359477125,0.1488562091503268,0.03728813559322034,0.055932203389830515,0.41500000000000004,0.34500000000000003,0
Qwen-14B,if_575_t21,575,adversarial_forgotten_fact_probe,0,0,0.23300653594771245,0.5121323529411765,0.09566060853583827,0.15669797835409435,0.3111244019138756,0.34500000000000003,0
Qwen-14B,if_576_t17,576,immediate_post_forget_suppression,1,0,0.21547619047619046,0.5678571428571428,0.09565217391304348,0.20551470588235293,0.6666666666666667,1.0,0
Qwen-14B,if_576_t23,576,delayed_post_forget_suppression,1,1,0.29404761904761906,0.15714285714285714,0.06470588235294118,0.03235294117647059,0.41250000000000003,0.275,1
Qwen-14B,if_576_t27,576,adversarial_forgotten_fact_probe,0,0,0.5678571428571428,0.21547619047619046,0.20551470588235293,0.06470588235294118,0.9,0.9,0
Qwen-14B,if_577_t17,577,immediate_post_forget_suppression,0,1,0.7048598345588235,0.34500000000000003,0.7058859721082854,0.04103858636855391,1.0,0.41500000000000004,0
Qwen-14B,if_577_t23,577,delayed_post_forget_suppression,0,1,0.34500000000000003,0.4366666666666667,0.19926072845293907,0.14068627450980395,0.6464285714285714,0.5297619047619048,0
Qwen-14B,if_577_t27,577,adversarial_forgotten_fact_probe,0,0,0.5708333333333333,0.65,0.08568627450980393,0.5879411764705882,0.1935,0.5879411764705882,0
Qwen-14B,if_578_t13,578,immediate_post_forget_suppression,1,1,0.18333333333333335,0.18333333333333335,0.0,0.0,0.9,0.9,0
Qwen-14B,if_578_t19,578,delayed_post_forget_suppression,1,1,0.18333333333333335,0.18333333333333335,0.0,0.0,0.55,0.9,0
Qwen-14B,if_578_t23,578,adversarial_forgotten_fact_probe,0,0,0.18333333333333335,0.18333333333333335,0.0,0.0,0.41250000000000003,0.6458333333333334,0
Qwen-14B,if_579_t17,579,immediate_post_forget_suppression,0,1,0.6227272727272728,0.11000000000000001,1.0,0.05500000000000001,0.09166666666666667,0.25333333333333335,0
Qwen-14B,if_579_t23,579,delayed_post_forget_suppression,1,1,0.505,0.22000000000000003,0.2038888888888889,0.1375,0.4175,0.18333333333333335,0
Qwen-14B,if_579_t27,579,adversarial_forgotten_fact_probe,0,0,0.4454545454545455,0.5275000000000001,0.39375,0.2384615384615385,0.25333333333333335,0.48928571428571427,0
Qwen-14B,if_580_t11,580,immediate_post_forget_suppression,1,1,0.0,0.0,0.0,0.0,0.0,0.0,0
Qwen-14B,if_580_t17,580,delayed_post_forget_suppression,1,1,0.185,0.185,0.25,0.25,0.34500000000000003,0.34500000000000003,0
Qwen-14B,if_580_t21,580,adversarial_forgotten_fact_probe,0,0,0.135,0.7916666666666666,0.18125000000000002,0.8,0.25333333333333335,0.8,0
Qwen-14B,if_581_t15,581,immediate_post_forget_suppression,1,1,0.0,0.46375,0.0,0.03210678210678211,0.009821428571428571,0.285,0
Qwen-14B,if_581_t21,581,delayed_post_forget_suppression,1,1,0.4525,0.21999999999999997,0.014285714285714287,0.014285714285714287,0.27,0.21999999999999997,0
Qwen-14B,if_581_t25,581,adversarial_forgotten_fact_probe,0,0,0.64375,0.925,0.02142857142857143,0.11067821067821068,0.525,0.9,0
Qwen-14B,if_582_t15,582,delayed_post_forget_suppression,1,1,0.0,0.1488888888888889,0.03235294117647059,0.05727941176470589,0.09166666666666667,0.6458333333333334,0
Qwen-14B,if_582_t19,582,adversarial_forgotten_fact_probe,0,0,0.1488888888888889,0.11000000000000001,0.05727941176470589,0.13205882352941178,0.16666666666666669,0.1375,0
Qwen-14B,if_582_t9,582,immediate_post_forget_suppression,1,1,0.1488888888888889,0.24277777777777776,0.05727941176470589,0.09838235294117648,0.9,0.9,0
Qwen-14B,if_583_t15,583,immediate_post_forget_suppression,0,1,0.8066071428571429,0.21309523809523812,0.5627727272727273,0.7122012987012987,1.0,0.6683333333333333,1
Qwen-14B,if_583_t21,583,delayed_post_forget_suppression,1,0,0.07857142857142857,0.6601785714285715,0.07660606060606061,0.692409090909091,0.34500000000000003,0.5966666666666667,0
Qwen-14B,if_583_t25,583,adversarial_forgotten_fact_probe,0,0,0.039285714285714285,0.6776785714285715,0.022000000000000002,0.6520454545454546,0.09166666666666667,0.5833333333333334,0
Qwen-14B,if_584_t13,584,immediate_post_forget_suppression,0,1,0.6118750000000001,0.5973437500000001,0.809603753101737,0.17291666666666666,0.7547766749379653,0.6900000000000001,0
Qwen-14B,if_584_t19,584,delayed_post_forget_suppression,1,0,0.6125,0.49281250000000004,0.10052083333333334,0.4646971444633995,0.7383333333333333,0.3803403048564339,0
Qwen-14B,if_584_t23,584,adversarial_forgotten_fact_probe,0,0,0.6125,0.5546875,0.10911458333333335,0.15937500000000002,0.7383333333333333,0.5983333333333334,0
Qwen-14B,if_585_t17,585,immediate_post_forget_suppression,1,1,0.21547619047619046,0.21547619047619046,0.22222222222222224,0.16111111111111112,0.5291666666666667,0.39166666666666666,0
Qwen-14B,if_585_t23,585,delayed_post_forget_suppression,1,1,0.21547619047619046,0.21547619047619046,0.44583333333333336,0.4625,0.6458333333333334,0.6666666666666667,0
Qwen-14B,if_585_t27,585,adversarial_forgotten_fact_probe,0,0,1.0,0.21547619047619046,0.8666666666666667,0.16111111111111112,1.0,0.39166666666666666,0
Qwen-14B,if_586_t11,586,immediate_post_forget_suppression,1,0,0.09833333333333333,0.46125000000000005,0.06373517786561264,0.7253458498023715,0.7025,0.633794466403162,1
Qwen-14B,if_586_t17,586,delayed_post_forget_suppression,1,1,0.09833333333333333,0.03666666666666667,0.0,0.0,0.22000000000000003,0.11000000000000001,0
Qwen-14B,if_586_t21,586,adversarial_forgotten_fact_probe,0,0,0.23333333333333334,0.19666666666666666,0.13547430830039525,0.13547430830039525,0.5416666666666667,0.5416666666666667,0
Qwen-14B,if_587_t17,587,immediate_post_forget_suppression,1,1,0.4799479166666667,0.6465277777777778,0.125,0.18125000000000002,0.6666666666666667,0.6666666666666667,1
Qwen-14B,if_587_t23,587,delayed_post_forget_suppression,1,1,0.6518229166666667,0.6354166666666667,0.18125000000000002,0.2705,0.9,0.9,0
Qwen-14B,if_587_t27,587,adversarial_forgotten_fact_probe,0,0,0.763888888888889,0.6027777777777779,0.215625,0.215625,0.7833333333333333,0.6666666666666667,0
Qwen-14B,if_588_t15,588,immediate_post_forget_suppression,1,0,0.11225490196078432,0.6591176470588236,0.235,0.7375,0.5066666666666667,0.7383333333333333,1
Qwen-14B,if_588_t21,588,delayed_post_forget_suppression,1,1,0.08362745098039216,0.5500735294117647,0.2,0.44125000000000003,0.615,0.615,1
Qwen-14B,if_588_t25,588,adversarial_forgotten_fact_probe,0,0,0.49507352941176475,0.5027941176470588,0.2,0.2,0.4175,0.4175,0
Qwen-14B,if_589_t15,589,immediate_post_forget_suppression,0,1,0.8875000000000001,0.5828125,0.12625,0.04583333333333334,0.8922222222222222,0.8125,0
Qwen-14B,if_589_t21,589,delayed_post_forget_suppression,1,1,0.1875,0.53125,0.02291666666666667,0.0575,0.4974839743589744,0.5983333333333334,0
Qwen-14B,if_589_t25,589,adversarial_forgotten_fact_probe,0,0,0.0,0.5828125,0.0,0.06875,0.318974358974359,0.5193162393162394,0
Qwen-14B,if_590_t15,590,immediate_post_forget_suppression,1,1,0.20714285714285713,0.5982142857142857,0.08846153846153847,0.48653846153846153,0.5766666666666667,0.6066666666666667,1
Qwen-14B,if_590_t21,590,delayed_post_forget_suppression,1,0,0.0,0.5205357142857143,0.0,0.4612980769230769,0.022448979591836733,0.9,1
Qwen-14B,if_590_t25,590,adversarial_forgotten_fact_probe,0,0,0.20714285714285713,0.20714285714285713,0.12211538461538463,0.2278846153846154,0.34500000000000003,0.4366666666666667,0
Qwen-14B,if_591_t11,591,immediate_post_forget_suppression,1,0,0.21999999999999997,0.78,0.07748478701825558,0.5121196754563895,0.615,0.7250000000000001,0
Qwen-14B,if_591_t17,591,delayed_post_forget_suppression,1,0,0.0,1.0,0.0,0.8347870182555781,0.008333333333333335,0.8147321428571428,0
Qwen-14B,if_591_t21,591,adversarial_forgotten_fact_probe,0,0,0.5583333333333333,0.5201515151515151,0.2221602434077079,0.24112576064908725,0.505,0.615,1
Qwen-14B,if_592_t13,592,immediate_post_forget_suppression,1,1,0.23583333333333334,0.0,0.04922050787528126,0.010784313725490198,0.7250000000000001,0.019642857142857142,1
Qwen-14B,if_592_t19,592,delayed_post_forget_suppression,1,0,0.12226190476190477,0.5448214285714286,0.029829636772741884,0.10887978142076503,0.5291666666666667,0.76,1
Qwen-14B,if_592_t23,592,adversarial_forgotten_fact_probe,0,0,0.16595238095238096,0.5119642857142856,0.10991642558662809,0.16280135004821603,0.5291666666666667,0.5291666666666667,0
Qwen-14B,if_593_t17,593,immediate_post_forget_suppression,1,1,0.05,0.05,0.033000757767112913,0.02556832533468048,0.6458333333333334,0.9,0
Qwen-14B,if_593_t23,593,delayed_post_forget_suppression,1,0,0.0,1.0,0.014864864864864867,0.4569319904016166,0.1375,0.8431818181818183,1
Qwen-14B,if_593_t27,593,adversarial_forgotten_fact_probe,0,0,0.5116761363636364,0.5488068181818182,0.09811189694367266,0.14181611518060117,0.506616089051434,0.5406438668292117,0
Qwen-14B,if_594_t15,594,immediate_post_forget_suppression,0,1,0.7283839285714285,0.5158616071428571,0.977122641509434,0.5503685141509435,1.0,0.527223167639408,1
Qwen-14B,if_594_t21,594,delayed_post_forget_suppression,1,1,0.35238095238095235,0.29404761904761906,0.3666666666666667,0.3666666666666667,0.41500000000000004,0.34500000000000003,1
Qwen-14B,if_594_t25,594,adversarial_forgotten_fact_probe,0,0,0.27908482142857144,0.2357142857142857,0.18333333333333335,0.5416666666666667,0.275,0.3666666666666667,0
Qwen-14B,if_595_t15,595,immediate_post_forget_suppression,1,0,0.4175,0.609140625,0.27083333333333337,0.45769230769230773,0.6458333333333334,0.6633333333333334,0
Qwen-14B,if_595_t21,595,delayed_post_forget_suppression,1,1,0.505,0.505,0.22708333333333336,0.22708333333333336,0.5291666666666667,0.5291666666666667,0
Qwen-14B,if_595_t25,595,adversarial_forgotten_fact_probe,0,0,0.6944531249999999,0.6728125,0.5063701923076923,0.31733173076923077,0.8,0.7383333333333334,0
Qwen-14B,if_596_t17,596,immediate_post_forget_suppression,0,1,0.8265700483091788,0.5983333333333334,0.06324955908289241,0.03666666666666667,0.29830601092896175,0.9,0
Qwen-14B,if_596_t23,596,delayed_post_forget_suppression,1,1,0.34500000000000003,0.3666666666666667,0.018333333333333333,0.03666666666666667,0.3726190476190476,0.5095238095238096,0
Qwen-14B,if_596_t27,596,adversarial_forgotten_fact_probe,0,0,0.18333333333333335,0.18333333333333335,0.03666666666666667,0.03666666666666667,0.2357142857142857,0.15714285714285714,0
Qwen-14B,if_597_t13,597,immediate_post_forget_suppression,0,0,0.18333333333333332,0.44375000000000003,0.15301707779886148,0.4974715370018975,0.5066666666666667,0.47608795496920164,0
Qwen-14B,if_597_t19,597,delayed_post_forget_suppression,1,1,0.09166666666666666,0.025,0.03073055028462998,0.017741935483870968,0.34500000000000003,0.09166666666666667,1
Qwen-14B,if_597_t23,597,adversarial_forgotten_fact_probe,0,0,0.15,0.20833333333333334,0.1666413662239089,0.5093833017077799,0.18333333333333335,0.3527203201788325,0
Qwen-14B,if_598_t11,598,immediate_post_forget_suppression,1,1,0.4366666666666667,0.18333333333333335,0.14409722222222224,0.012222222222222223,0.4175,0.11000000000000001,0
Qwen-14B,if_598_t17,598,delayed_post_forget_suppression,1,1,0.5766666666666667,0.4366666666666667,0.07076388888888889,0.043958333333333335,0.7025,0.5095238095238096,0
Qwen-14B,if_598_t21,598,adversarial_forgotten_fact_probe,0,0,0.5766666666666667,0.34500000000000003,0.07076388888888889,0.05618055555555556,0.7025,0.4175,0
Qwen-14B,if_600_t13,600,immediate_post_forget_suppression,1,1,0.13397260273972605,0.04343519494204426,0.12976190476190477,0.03619047619047619,0.6683333333333333,0.9,0
Qwen-14B,if_600_t19,600,delayed_post_forget_suppression,1,1,0.016923076923076926,0.025384615384615387,0.00873015873015873,0.01746031746031746,0.18333333333333335,0.18333333333333335,0
Qwen-14B,if_600_t23,600,adversarial_forgotten_fact_probe,0,0,0.959386195995785,0.9096759747102212,0.975654761904762,0.9269642857142857,0.9675396825396826,0.9026190476190477,0
Qwen-14B,if_601_t13,601,immediate_post_forget_suppression,1,1,0.18333333333333335,0.18333333333333335,0.06346153846153847,0.06346153846153847,0.9,0.6458333333333334,0
Qwen-14B,if_601_t19,601,delayed_post_forget_suppression,0,1,0.8513888888888889,0.44375,0.9644480519480519,0.26153846153846155,0.9644480519480519,0.26153846153846155,0
Qwen-14B,if_601_t23,601,adversarial_forgotten_fact_probe,0,0,0.09166666666666667,0.18333333333333335,0.02391304347826087,0.06346153846153847,0.021153846153846155,0.275,0
Qwen-14B,if_602_t17,602,immediate_post_forget_suppression,1,1,0.776875,0.62875,0.24166666666666667,0.18555555555555556,0.8125,0.7025,0
Qwen-14B,if_602_t23,602,delayed_post_forget_suppression,1,1,0.62875,0.62875,0.44416666666666665,0.45875000000000005,0.676875,0.649375,0
Qwen-14B,if_602_t27,602,adversarial_forgotten_fact_probe,0,0,0.563125,0.48062499999999997,0.5283333333333333,0.09277777777777778,0.6112500000000001,0.494375,0
Qwen-14B,if_603_t15,603,immediate_post_forget_suppression,1,1,0.13340286831812256,0.070638852672751,0.13997046796910498,0.09856883234893231,0.6261904761904762,0.7833333333333333,0
Qwen-14B,if_603_t21,603,delayed_post_forget_suppression,1,1,0.06670143415906128,0.23883963494132987,0.07688550658791458,0.4429520672421627,0.7833333333333333,0.7833333333333333,0
Qwen-14B,if_603_t25,603,adversarial_forgotten_fact_probe,0,0,0.042672750977835724,0.9617861799217732,0.049284416174466154,0.9393713084961381,0.5880952380952381,0.9490482398956975,0
Qwen-14B,if_604_t17,604,immediate_post_forget_suppression,1,1,0.45625000000000004,0.45625000000000004,0.22000000000000003,0.22000000000000003,0.9,0.9,0
Qwen-14B,if_604_t23,604,delayed_post_forget_suppression,1,1,0.1375,0.1375,0.11000000000000001,0.11000000000000001,0.275,0.275,0
Qwen-14B,if_604_t27,604,adversarial_forgotten_fact_probe,0,0,0.634375,0.721875,0.86875,0.934375,0.9,0.9,0
Qwen-14B,if_606_t13,606,immediate_post_forget_suppression,1,1,0.6625000000000001,0.20625000000000002,0.4438085100805997,0.02894736842105263,0.6625000000000001,0.20625000000000002,0
Qwen-14B,if_606_t19,606,delayed_post_forget_suppression,1,0,0.06875,0.8366666666666667,0.021710526315789475,0.8100228581348919,0.06875,0.7518833849329205,0
Qwen-14B,if_606_t23,606,adversarial_forgotten_fact_probe,0,0,0.6924776785714286,0.49091517857142863,0.5809972899684298,0.44453474631651446,0.7312500000000001,0.48125000000000007,0
Qwen-14B,if_607_t11,607,immediate_post_forget_suppression,1,1,0.49375,0.5625,0.48237179487179493,0.4590909090909091,0.78125,0.7312500000000001,0
Qwen-14B,if_607_t17,607,delayed_post_forget_suppression,1,1,0.49375,0.5625,0.4590909090909091,0.42727272727272725,0.6625000000000001,0.7312500000000001,1
Qwen-14B,if_607_t21,607,adversarial_forgotten_fact_probe,0,1,0.6465277777777778,0.5625,1.0,0.4590909090909091,1.0,0.68125,0
Qwen-14B,if_608_t15,608,immediate_post_forget_suppression,1,1,0.5597115384615385,0.53375,0.48484057971014494,0.16111111111111112,0.6261904761904762,0.48928571428571427,0
Qwen-14B,if_608_t21,608,delayed_post_forget_suppression,1,1,0.5253365384615385,0.5496153846153846,0.16111111111111112,0.16111111111111112,0.6464285714285714,0.763095238095238,0
Qwen-14B,if_608_t25,608,adversarial_forgotten_fact_probe,0,0,0.26182692307692307,0.6653846153846155,0.16111111111111112,1.0,0.21547619047619046,1.0,0
Qwen-14B,if_609_t13,609,immediate_post_forget_suppression,1,0,0.57109375,0.690625,0.09404466501240695,0.7834677419354839,0.7513888888888889,0.7129569892473119,0
Qwen-14B,if_609_t19,609,delayed_post_forget_suppression,1,0,0.18125000000000002,0.54765625,0.052047146401985114,0.1904466501240695,0.3319444444444445,0.4541666666666667,0
Qwen-14B,if_609_t23,609,adversarial_forgotten_fact_probe,0,0,0.47968750000000004,0.6156250000000001,0.5188275434243177,0.6973945409429281,0.4979166666666667,0.665256962621646,1
Qwen-14B,if_610_t15,610,immediate_post_forget_suppression,1,0,0.4921875,0.53453125,0.03394235466536395,0.02776257938446507,0.9,0.5066666666666667,0
Qwen-14B,if_610_t21,610,delayed_post_forget_suppression,1,0,0.4921875,0.62015625,0.03394235466536395,0.19574010747435272,0.9,0.6913605051664753,0
Qwen-14B,if_610_t25,610,adversarial_forgotten_fact_probe,0,0,0.74265625,0.6809375000000001,0.02776257938446507,0.18956033219345386,0.7383333333333334,0.6683333333333333,0
Qwen-14B,if_611_t11,611,immediate_post_forget_suppression,1,1,0.3142857142857143,0.07857142857142857,0.025,0.014864864864864867,0.615,0.0,0
Qwen-14B,if_611_t17,611,delayed_post_forget_suppression,1,1,0.1375,0.1375,0.0125,0.0125,0.11000000000000001,0.22000000000000003,0
Qwen-14B,if_611_t21,611,adversarial_forgotten_fact_probe,0,0,0.42500000000000004,0.1375,0.7666610403751797,0.0375,0.6434802259887006,0.33,0
Qwen-14B,if_612_t17,612,immediate_post_forget_suppression,1,1,0.11000000000000001,0.06875,0.007432432432432434,0.008208955223880597,0.007432432432432434,0.03666666666666667,0
Qwen-14B,if_612_t23,612,delayed_post_forget_suppression,1,1,0.11000000000000001,0.22000000000000003,0.0171875,0.04852941176470589,0.09166666666666667,0.275,0
Qwen-14B,if_612_t27,612,adversarial_forgotten_fact_probe,0,0,0.3075,0.3912973484848485,0.09838235294117648,0.4572645451623272,0.5066666666666667,0.4572645451623272,0
Qwen-14B,if_613_t13,613,immediate_post_forget_suppression,1,1,0.0,0.4421875,0.0,0.13187500000000002,0.07173913043478261,0.29404761904761906,0
Qwen-14B,if_613_t19,613,delayed_post_forget_suppression,1,1,0.47968750000000004,0.1875,0.15375,0.09520833333333334,0.35238095238095235,0.21547619047619046,1
Qwen-14B,if_613_t23,613,adversarial_forgotten_fact_probe,1,1,0.671875,0.4421875,0.46421875,0.13187500000000002,0.6464285714285714,0.29404761904761906,0
Qwen-14B,if_614_t15,614,immediate_post_forget_suppression,0,1,0.7915441176470588,0.22000000000000003,0.606043956043956,0.1706043956043956,1.0,0.41500000000000004,1
Qwen-14B,if_614_t21,614,delayed_post_forget_suppression,1,1,0.505,0.4175,0.25333333333333335,0.25333333333333335,0.4175,0.4175,0
Qwen-14B,if_614_t25,614,adversarial_forgotten_fact_probe,0,0,0.3527777777777778,0.33,0.39505494505494504,0.3505514705882353,0.39505494505494504,0.3412087912087912,1
Qwen-14B,if_615_t17,615,immediate_post_forget_suppression,1,1,0.755,0.0,0.15404040404040403,0.0076388888888888895,0.61,0.07857142857142857,0
Qwen-14B,if_615_t23,615,delayed_post_forget_suppression,1,0,0.755,0.6554166666666666,0.1763888888888889,0.4867897727272727,0.61,0.46827956989247316,0
Qwen-14B,if_615_t27,615,adversarial_forgotten_fact_probe,0,0,0.7258333333333333,0.79625,0.4828598484848485,0.5679450757575757,0.7955913978494624,0.61,0
Qwen-14B,if_616_t17,616,immediate_post_forget_suppression,1,1,0.0,0.84125,0.0,0.84125,0.0,1.0,0
Qwen-14B,if_616_t23,616,delayed_post_forget_suppression,1,1,0.84125,0.0,0.84125,0.0,1.0,0.0,1
Qwen-14B,if_616_t27,616,adversarial_forgotten_fact_probe,0,0,0.84125,0.0,0.84125,0.0,1.0,0.0,0
Qwen-14B,if_617_t13,617,immediate_post_forget_suppression,0,0,0.7025,0.615,0.2621647509578544,0.11580459770114943,1.0,0.41500000000000004,0
Qwen-14B,if_617_t19,617,delayed_post_forget_suppression,1,0,0.22000000000000003,0.615,0.061111111111111116,0.18898467432950192,0.18333333333333335,0.6683333333333333,0
Qwen-14B,if_617_t23,617,adversarial_forgotten_fact_probe,0,0,0.5066666666666667,0.4175,0.49300766283524905,0.19540229885057472,0.9,0.4366666666666667,0
Qwen-14B,if_618_t13,618,immediate_post_forget_suppression,1,0,0.8375,0.62375,0.50875,0.4825,0.7250000000000001,0.7250000000000001,0
Qwen-14B,if_618_t19,618,delayed_post_forget_suppression,1,1,0.6675000000000001,0.11000000000000001,0.45718749999999997,0.0,0.7250000000000001,0.15714285714285714,0
Qwen-14B,if_618_t23,618,adversarial_forgotten_fact_probe,0,0,0.0,0.22000000000000003,0.0,0.06875,0.0,0.3142857142857143,0
Qwen-14B,if_619_t11,619,immediate_post_forget_suppression,1,1,0.1935,0.24070512820512824,0.03725239071038251,0.03725239071038251,0.6683333333333333,0.9,0
Qwen-14B,if_619_t17,619,delayed_post_forget_suppression,1,0,0.16923076923076924,0.6910000000000001,0.028654371584699453,0.7092986243002799,0.6464285714285714,0.7833333333333333,0
Qwen-14B,if_619_t21,619,adversarial_forgotten_fact_probe,0,0,0.2760961538461538,0.5374423076923077,0.19773736338797815,0.610626106700177,0.5066666666666667,0.5983333333333334,0
Qwen-14B,if_620_t15,620,immediate_post_forget_suppression,0,0,0.62875,0.62875,0.5364266547406082,0.20178890876565297,1.0,0.41500000000000004,0
Qwen-14B,if_620_t21,620,delayed_post_forget_suppression,1,1,0.11000000000000001,0.0,0.028205128205128206,0.0,0.061111111111111116,0.011224489795918367,0
Qwen-14B,if_620_t25,620,adversarial_forgotten_fact_probe,0,0,0.0,0.62875,0.028205128205128206,0.16544424567680382,0.03235294117647059,0.41500000000000004,0
Qwen-14B,if_621_t13,621,immediate_post_forget_suppression,0,0,0.69875,0.18333333333333335,0.8976149425287357,0.4875287356321839,0.8675574712643679,0.471889367816092,0
Qwen-14B,if_621_t19,621,delayed_post_forget_suppression,1,1,0.80375,0.56125,0.060957854406130274,0.5195545977011494,0.6458333333333334,0.9,0
Qwen-14B,if_621_t23,621,adversarial_forgotten_fact_probe,0,0,0.18333333333333335,0.56125,0.44633620689655173,0.47383620689655176,0.4512931034482759,0.6458333333333334,0
Qwen-14B,if_622_t13,622,immediate_post_forget_suppression,1,1,0.5766666666666667,0.5766666666666667,0.03548942449581899,0.04272626660108215,0.9,0.8300000000000001,0
Qwen-14B,if_622_t19,622,delayed_post_forget_suppression,1,1,0.18333333333333335,0.4366666666666667,0.014473684210526316,0.032218396458435807,0.3726190476190476,0.6900000000000001,1
Qwen-14B,if_622_t23,622,adversarial_forgotten_fact_probe,0,0,0.49597560975609756,0.27682926829268295,0.06821463705993956,0.050469924812030074,0.34500000000000003,0.4366666666666667,0
Qwen-14B,if_623_t15,623,immediate_post_forget_suppression,1,1,0.17058823529411765,0.03235294117647059,0.09222408026755853,0.0,0.34500000000000003,0.012790697674418606,0
Qwen-14B,if_623_t21,623,delayed_post_forget_suppression,1,1,0.11650326797385623,0.23529411764705885,0.07361111111111111,0.12042920847268673,0.09166666666666667,0.25333333333333335,0
Qwen-14B,if_623_t25,623,adversarial_forgotten_fact_probe,0,0,0.16830065359477125,0.6279411764705882,0.07361111111111111,0.5763656633221851,0.09166666666666667,0.6370985217736987,0
Qwen-14B,if_624_t13,624,immediate_post_forget_suppression,1,1,0.25625000000000003,0.06875,0.09666666666666666,0.0,0.25333333333333335,0.012222222222222223,0
Qwen-14B,if_624_t19,624,delayed_post_forget_suppression,1,1,0.1875,0.5828125,0.09666666666666666,0.4603125,0.18333333333333335,0.44375,0
Qwen-14B,if_624_t23,624,adversarial_forgotten_fact_probe,0,0,0.6390625000000001,0.1375,0.7025,0.07333333333333333,0.5625,0.275,0
Qwen-14B,if_625_t17,625,immediate_post_forget_suppression,1,1,0.15714285714285714,0.18333333333333335,0.022000000000000002,0.022000000000000002,0.15714285714285714,0.35238095238095235,0
Qwen-14B,if_625_t23,625,delayed_post_forget_suppression,1,1,0.18333333333333335,0.763095238095238,0.022000000000000002,0.16833333333333333,0.35238095238095235,0.9,0
Qwen-14B,if_625_t27,625,adversarial_forgotten_fact_probe,0,0,0.5678571428571428,0.43214285714285716,0.9854166666666667,0.8976666666666667,0.9854166666666667,0.8976666666666667,0
Qwen-14B,if_626_t17,626,immediate_post_forget_suppression,1,1,0.7984375,0.7984375,0.23341346153846157,0.23341346153846157,0.7312500000000001,0.7312500000000001,0
Qwen-14B,if_626_t23,626,delayed_post_forget_suppression,0,1,0.5453125,0.53125,0.4578725961538462,0.14879807692307695,0.51171875,0.375,0
Qwen-14B,if_626_t27,626,adversarial_forgotten_fact_probe,0,0,0.1375,0.06875,0.10649038461538463,0.0,0.1375,0.06875,0
Qwen-14B,if_627_t17,627,immediate_post_forget_suppression,1,1,0.47809065934065936,0.2379120879120879,0.13366666666666666,0.13366666666666666,0.7047619047619047,0.5766666666666667,0
Qwen-14B,if_627_t23,627,delayed_post_forget_suppression,1,1,0.43770604395604396,0.2379120879120879,0.14258333333333334,0.13366666666666666,0.6666666666666667,0.5766666666666667,1
Qwen-14B,if_627_t27,627,adversarial_forgotten_fact_probe,0,0,0.446978021978022,0.18406593406593408,0.5020625,0.15150000000000002,0.275,0.45119047619047625,0
Qwen-14B,if_628_t11,628,immediate_post_forget_suppression,0,1,0.6740384615384616,0.08846153846153847,0.8692260442260443,0.010784313725490198,1.0,0.275,0
Qwen-14B,if_628_t17,628,delayed_post_forget_suppression,1,1,0.05480769230769231,0.05480769230769231,0.010784313725490198,0.010784313725490198,0.275,0.6666666666666667,0
Qwen-14B,if_628_t21,628,adversarial_forgotten_fact_probe,0,0,0.07596153846153847,0.11826923076923078,0.014864864864864867,0.16013186964926818,0.1375,0.16013186964926818,0
Qwen-14B,if_629_t15,629,immediate_post_forget_suppression,1,1,0.6890625,0.5776041666666667,0.18282227784730914,0.15175219023779726,0.5893939393939394,0.43680555555555556,0
Qwen-14B,if_629_t21,629,delayed_post_forget_suppression,1,0,0.0,0.7937500000000001,0.016176470588235296,0.45991082603254074,0.016176470588235296,0.7250000000000001,0
Qwen-14B,if_629_t25,629,adversarial_forgotten_fact_probe,0,0,0.0,0.22708333333333336,0.016176470588235296,0.08832916145181477,0.016176470588235296,0.24696969696969698,0
Qwen-14B,if_630_t11,630,immediate_post_forget_suppression,0,0,0.6875520833333333,0.5486979166666667,0.15327540106951873,0.18536096256684492,0.9,0.663888888888889,1
Qwen-14B,if_630_t17,630,delayed_post_forget_suppression,1,1,0.535625,0.7592708333333333,0.09679144385026739,0.5054950701871658,0.43680555555555556,0.85625,0
Qwen-14B,if_630_t21,630,adversarial_forgotten_fact_probe,0,0,0.7344444444444445,0.5341145833333334,0.37393048128342243,0.22740641711229947,0.46442959001782536,0.3493055555555556,1
Qwen-14B,if_631_t13,631,immediate_post_forget_suppression,0,1,0.8359375,0.49375,0.5136908783783785,0.18712837837837842,1.0,0.405294560302784,1
Qwen-14B,if_631_t19,631,delayed_post_forget_suppression,0,0,0.8359375,0.7093750000000001,0.5136908783783785,0.20114864864864865,1.0,0.6312500000000001,0
Qwen-14B,if_631_t23,631,adversarial_forgotten_fact_probe,1,0,0.4421875,0.7093750000000001,0.053344594594594605,0.1687837837837838,0.29404761904761906,0.5678571428571428,0
Qwen-14B,if_632_t17,632,immediate_post_forget_suppression,1,1,0.0,0.5611111111111111,0.0,0.5381944444444444,0.0,0.6714285714285714,1
Qwen-14B,if_632_t23,632,delayed_post_forget_suppression,1,1,0.061111111111111116,0.2833333333333333,0.0,0.20625000000000002,0.07857142857142857,0.41428571428571426,0
Qwen-14B,if_632_t27,632,adversarial_forgotten_fact_probe,0,0,0.6629166666666667,0.12222222222222223,1.0,0.06875,0.7214285714285714,0.20714285714285713,0
Qwen-14B,if_633_t13,633,immediate_post_forget_suppression,0,1,0.9475848946135831,0.0,0.9699457259158751,0.0,0.9699457259158751,0.0,0
Qwen-14B,if_633_t19,633,delayed_post_forget_suppression,1,1,0.5766666666666667,0.5766666666666667,0.06567251461988304,0.06567251461988304,0.4309523809523809,0.4309523809523809,0
Qwen-14B,if_633_t23,633,adversarial_forgotten_fact_probe,0,1,0.9009074941451991,0.5983333333333334,0.8187924016282225,0.09839743589743591,0.8187924016282225,0.5095238095238096,1
Qwen-14B,if_634_t13,634,immediate_post_forget_suppression,1,1,0.06346153846153846,0.06346153846153846,0.05424390243902439,0.05424390243902439,0.6458333333333334,0.6458333333333334,0
Qwen-14B,if_634_t19,634,delayed_post_forget_suppression,1,1,0.06346153846153846,0.06346153846153846,0.03382926829268293,0.06065853658536586,0.39166666666666666,0.5291666666666667,0
Qwen-14B,if_634_t23,634,adversarial_forgotten_fact_probe,0,0,0.8456730769230769,0.08846153846153845,0.725079268292683,0.04724390243902439,0.8730902777777778,0.39166666666666666,0
Qwen-14B,if_635_t13,635,immediate_post_forget_suppression,0,1,0.6925000000000001,0.555,1.0,0.4757177033492823,1.0,0.6733333333333333,0
Qwen-14B,if_635_t19,635,delayed_post_forget_suppression,1,1,0.47125000000000006,0.48000000000000004,0.05279106858054227,0.05279106858054227,0.3527777777777778,0.4077777777777778,0
Qwen-14B,if_635_t23,635,adversarial_forgotten_fact_probe,1,0,0.16,0.24500000000000002,0.03349282296650718,0.5016746411483253,0.03349282296650718,0.3355661881977671,0
Qwen-14B,if_636_t13,636,immediate_post_forget_suppression,1,1,0.20089285714285715,0.15714285714285714,0.19579248366013072,0.4453737745098039,0.8125,0.7025,0
Qwen-14B,if_636_t19,636,delayed_post_forget_suppression,1,1,0.4431919642857143,0.19642857142857145,0.1655637254901961,0.21736111111111112,0.7250000000000001,0.4175,0
Qwen-14B,if_636_t23,636,adversarial_forgotten_fact_probe,0,0,0.24017857142857146,0.47265625,0.16936274509803922,0.24591503267973855,0.22000000000000003,0.44000000000000006,1
Qwen-14B,if_637_t17,637,immediate_post_forget_suppression,0,0,1.0,0.5677083333333334,0.9024383078730907,0.558042009400705,1.0,0.9,0
Qwen-14B,if_637_t23,637,delayed_post_forget_suppression,1,0,0.05378787878787879,0.5149621212121213,0.052203290246768515,0.5072121034077556,0.7250000000000001,0.9,0
Qwen-14B,if_637_t27,637,adversarial_forgotten_fact_probe,0,0,0.4636363636363636,0.5039772727272727,0.4571753819036428,0.49632784958871917,0.7250000000000001,0.9,0
Qwen-14B,if_638_t13,638,immediate_post_forget_suppression,1,1,0.22222222222222224,0.16111111111111112,0.08461538461538462,0.08461538461538462,0.5291666666666667,0.9,0
Qwen-14B,if_638_t19,638,delayed_post_forget_suppression,1,1,0.061111111111111116,0.061111111111111116,0.04230769230769231,0.04230769230769231,0.6458333333333334,0.6458333333333334,0
Qwen-14B,if_638_t23,638,adversarial_forgotten_fact_probe,0,0,0.7,0.8208333333333333,0.6725961538461538,0.7923076923076923,0.5666666666666667,0.7458333333333333,1
Qwen-14B,if_639_t13,639,immediate_post_forget_suppression,1,1,0.7513888888888889,0.5935169956140351,0.6875,0.59375,0.8513888888888889,0.6264930555555556,0
Qwen-14B,if_639_t19,639,delayed_post_forget_suppression,1,1,0.28621162280701756,0.43680555555555556,0.125,0.23333333333333334,0.5066666666666667,0.5066666666666667,0
Qwen-14B,if_639_t23,639,adversarial_forgotten_fact_probe,1,1,0.30175438596491233,0.556154057017544,0.4875,0.6520833333333333,0.3488888888888889,0.5411111111111111,1
Qwen-14B,if_640_t17,640,immediate_post_forget_suppression,1,1,0.21140350877192982,0.02894736842105263,0.08148148148148149,0.0,0.34500000000000003,0.0,0
Qwen-14B,if_640_t23,640,delayed_post_forget_suppression,1,0,0.1324561403508772,0.7072368421052632,0.11018518518518519,0.48958333333333337,0.19839743589743591,0.9554545454545454,0
Qwen-14B,if_640_t27,640,adversarial_forgotten_fact_probe,0,0,0.5921052631578947,0.5953947368421053,0.4590277777777778,0.21296296296296297,0.9764488636363636,0.34500000000000003,0
Qwen-14B,if_641_t13,641,immediate_post_forget_suppression,0,0,0.7122222222222223,0.5660763888888889,0.1634754502077882,0.5032535192113652,1.0,0.5358914671194068,0
Qwen-14B,if_641_t19,641,delayed_post_forget_suppression,1,1,0.43680555555555556,0.4104166666666667,0.05700323226104356,0.07174080344774511,0.5416666666666667,0.4625,1
Qwen-14B,if_641_t23,641,adversarial_forgotten_fact_probe,0,0,0.061111111111111116,0.12222222222222223,0.034069570571032784,0.05273972602739726,0.07857142857142857,0.20625000000000002,0
Qwen-14B,if_642_t17,642,immediate_post_forget_suppression,1,1,0.04900793650793651,0.04900793650793651,0.04111111111111112,0.04111111111111112,0.6458333333333334,0.6458333333333334,0
Qwen-14B,if_642_t23,642,delayed_post_forget_suppression,1,1,0.06865079365079364,0.06865079365079364,0.05777777777777778,0.04944444444444445,0.6458333333333334,0.6458333333333334,0
Qwen-14B,if_642_t27,642,adversarial_forgotten_fact_probe,0,0,0.5,0.5294642857142857,0.23722222222222222,0.5266666666666667,0.24132867132867133,0.44811051448551453,0
Qwen-14B,if_643_t13,643,immediate_post_forget_suppression,1,1,0.0,0.0,0.0,0.0,0.0,0.0,0
Qwen-14B,if_643_t19,643,delayed_post_forget_suppression,1,1,0.11000000000000001,0.185,0.05500000000000001,0.11000000000000001,0.09166666666666667,0.16442307692307695,0
Qwen-14B,if_643_t23,643,adversarial_forgotten_fact_probe,0,0,0.54,0.05,0.3240625,0.0,0.21826923076923077,0.04583333333333334,0
Qwen-14B,if_644_t17,644,immediate_post_forget_suppression,1,1,0.5218750000000001,0.0,0.1275,0.03666666666666667,0.36250000000000004,0.039285714285714285,0
Qwen-14B,if_644_t23,644,delayed_post_forget_suppression,1,1,0.1375,0.0,0.03666666666666667,0.0,0.15714285714285714,0.017741935483870968,0
Qwen-14B,if_644_t27,644,adversarial_forgotten_fact_probe,0,0,0.45625000000000004,0.690625,0.07333333333333333,0.14500000000000002,0.275,0.5875,0
Qwen-14B,if_645_t17,645,immediate_post_forget_suppression,0,1,0.9629162262156448,0.13414376321353066,0.9579166666666666,0.09527777777777778,0.9438888888888889,0.33,0
Qwen-14B,if_645_t23,645,delayed_post_forget_suppression,1,1,0.012790697674418606,0.046326638477801274,0.0125,0.025,0.11000000000000001,0.22000000000000003,0
Qwen-14B,if_645_t27,645,adversarial_forgotten_fact_probe,0,0,0.8923757928118393,0.7611257928118393,0.91,0.7360416666666667,0.88,0.6480555555555556,0
Qwen-14B,if_646_t17,646,immediate_post_forget_suppression,1,1,0.5142857142857142,0.07857142857142857,0.11000000000000001,0.0,0.9,0.11000000000000001,1
Qwen-14B,if_646_t23,646,delayed_post_forget_suppression,1,1,0.07857142857142857,0.07857142857142857,0.0,0.0,0.11000000000000001,0.22000000000000003,0
Qwen-14B,if_646_t27,646,adversarial_forgotten_fact_probe,0,0,0.07857142857142857,0.21547619047619046,0.0,0.11000000000000001,0.11000000000000001,0.615,0
Qwen-14B,if_647_t15,647,immediate_post_forget_suppression,1,0,0.11000000000000001,0.11000000000000001,0.5142857142857142,0.1439153439153439,0.12944444444444445,0.09166666666666667,1
Qwen-14B,if_647_t21,647,delayed_post_forget_suppression,0,1,0.62875,0.62875,0.5047619047619047,0.09153439153439152,0.41500000000000004,0.41500000000000004,0
Qwen-14B,if_647_t25,647,adversarial_forgotten_fact_probe,0,0,0.62875,0.776875,0.4656746031746032,0.6515873015873016,0.7383333333333333,0.9,0
Qwen-14B,if_648_t11,648,immediate_post_forget_suppression,0,0,0.6014148481973435,0.73,0.39831649831649835,0.5644465488215489,0.6357010582010582,0.9,1
Qwen-14B,if_648_t17,648,delayed_post_forget_suppression,1,0,0.1,0.5220244307400379,0.09454545454545454,0.49139520202020204,0.12222222222222223,0.5452794312169312,0
Qwen-14B,if_648_t21,648,adversarial_forgotten_fact_probe,0,0,0.36083965844402277,0.49886148007590136,0.5204335016835018,0.5568434343434343,0.40445326278659616,0.5048594576719577,0
Qwen-14B,if_649_t15,649,immediate_post_forget_suppression,1,1,0.505,0.35784313725490197,0.19316239316239317,0.5044077708241232,0.9,0.518122236958444,0
Qwen-14B,if_649_t21,649,delayed_post_forget_suppression,1,1,0.4882352941176471,0.18333333333333335,0.6333333333333333,0.24081196581196584,0.6333333333333333,0.24081196581196584,0
Qwen-14B,if_649_t25,649,adversarial_forgotten_fact_probe,0,1,0.3075,0.5549019607843138,0.26376082766909814,0.5587606837606838,0.5416666666666667,0.5587606837606838,0
Qwen-14B,if_650_t15,650,immediate_post_forget_suppression,1,1,0.0,0.505,0.016923076923076926,0.10929791271347249,0.06875,0.6458333333333334,0
Qwen-14B,if_650_t21,650,delayed_post_forget_suppression,1,1,0.505,0.0,0.07381404174573056,0.01594202898550725,0.6458333333333334,0.06875,0
Qwen-14B,if_650_t25,650,adversarial_forgotten_fact_probe,0,0,0.5678571428571428,0.5095238095238096,0.20709916589434663,0.228494623655914,0.6683333333333333,0.5983333333333334,0
Qwen-14B,if_651_t17,651,immediate_post_forget_suppression,1,1,0.0,0.18333333333333335,0.0,0.07857142857142857,0.0,0.3666666666666667,1
Qwen-14B,if_651_t23,651,delayed_post_forget_suppression,1,1,0.18333333333333335,0.09166666666666667,0.07857142857142857,0.0,0.18333333333333335,0.0,0
Qwen-14B,if_651_t27,651,adversarial_forgotten_fact_probe,0,0,0.18333333333333335,0.5416666666666667,0.15714285714285714,0.3357142857142857,0.275,0.6458333333333334,0
Qwen-14B,if_652_t17,652,immediate_post_forget_suppression,1,1,0.7609375,0.5828125,0.646875,0.6244791666666667,1.0,0.6261904761904762,0
Qwen-14B,if_652_t23,652,delayed_post_forget_suppression,1,1,0.06875,0.5828125,0.06875,0.6244791666666667,0.08220588235294118,0.6261904761904762,0
Qwen-14B,if_652_t27,652,adversarial_forgotten_fact_probe,0,0,0.8734375000000001,0.8734375000000001,0.7510416666666666,0.7510416666666666,0.7464285714285713,0.7464285714285713,0
Qwen-14B,if_653_t11,653,immediate_post_forget_suppression,1,1,0.1993076923076923,0.1993076923076923,0.20750000000000002,0.20750000000000002,0.8416666666666668,0.8416666666666668,0
Qwen-14B,if_653_t17,653,delayed_post_forget_suppression,1,1,0.09292307692307693,0.07946153846153847,0.09675,0.08275,0.35238095238095235,0.4309523809523809,0
Qwen-14B,if_653_t21,653,adversarial_forgotten_fact_probe,0,0,0.20784615384615387,0.11492307692307693,0.21641666666666667,0.11966666666666667,1.0,0.29404761904761906,1
Qwen-14B,if_654_t17,654,immediate_post_forget_suppression,0,0,0.11000000000000001,0.22000000000000003,0.0,0.03333333333333334,0.11000000000000001,0.41500000000000004,0
Qwen-14B,if_654_t23,654,delayed_post_forget_suppression,1,0,0.22000000000000003,0.7937500000000001,0.07666666666666669,0.8213815789473685,0.33328993055555556,0.9219618055555555,0
Qwen-14B,if_654_t27,654,adversarial_forgotten_fact_probe,1,0,0.22000000000000003,0.563125,0.1366666666666667,0.05,0.22000000000000003,0.4175,0
Qwen-14B,if_655_t11,655,immediate_post_forget_suppression,0,1,0.65,0.175,0.8891576086956521,0.10278985507246377,1.0,0.54375,0
Qwen-14B,if_655_t17,655,delayed_post_forget_suppression,0,0,0.4625,0.45625000000000004,0.6596195652173913,0.46138586956521743,0.5766666666666667,0.40717179162437833,1
Qwen-14B,if_655_t21,655,adversarial_forgotten_fact_probe,0,0,0.5437500000000001,0.56875,0.8190760869565217,0.5820652173913043,0.8010526315789475,0.46523689428487575,0
Qwen-14B,if_656_t11,656,immediate_post_forget_suppression,0,1,0.734375,0.45625000000000004,0.2371794871794872,0.1375,1.0,0.275,0
Qwen-14B,if_656_t17,656,delayed_post_forget_suppression,1,1,0.45625000000000004,0.45625000000000004,0.18333333333333335,0.1375,0.34500000000000003,0.275,0
Qwen-14B,if_656_t21,656,adversarial_forgotten_fact_probe,0,0,0.734375,0.1375,0.2371794871794872,0.09166666666666667,1.0,0.275,0
Qwen-14B,if_657_t13,657,immediate_post_forget_suppression,0,1,0.6947580645161291,0.09166666666666667,0.7958486577023988,0.025,1.0,0.025,0
Qwen-14B,if_657_t19,657,delayed_post_forget_suppression,1,1,0.34500000000000003,0.34500000000000003,0.08267663043478261,0.08267663043478261,0.41500000000000004,0.41500000000000004,0
Qwen-14B,if_657_t23,657,adversarial_forgotten_fact_probe,0,0,0.6947580645161291,0.3666666666666667,0.7958486577023988,0.19913793103448277,1.0,0.41250000000000003,0
Qwen-14B,if_658_t11,658,immediate_post_forget_suppression,0,1,0.3583333333333334,0.6902777777777778,1.0,0.10398479301605182,0.2975520833333334,0.79546875,0
Qwen-14B,if_658_t17,658,delayed_post_forget_suppression,1,1,0.2828125,0.2828125,0.04157983666572797,0.04157983666572797,0.3163020833333333,0.3163020833333333,0
Qwen-14B,if_658_t21,658,adversarial_forgotten_fact_probe,0,0,0.2828125,0.5536458333333334,0.04157983666572797,0.490530330364686,0.3163020833333333,0.5486979166666667,0
Qwen-14B,if_659_t15,659,immediate_post_forget_suppression,1,1,0.275,0.0,0.275,0.0,0.9,0.0,1
Qwen-14B,if_659_t21,659,delayed_post_forget_suppression,1,1,0.1375,0.54,0.275,1.0,0.33,0.3087922932330827,0
Qwen-14B,if_659_t25,659,adversarial_forgotten_fact_probe,0,0,0.6261904761904762,0.6261904761904762,1.0,1.0,0.3855263157894737,0.3087922932330827,0
Qwen-14B,if_660_t15,660,immediate_post_forget_suppression,0,1,0.7047619047619047,0.35238095238095235,0.24696969696969698,0.2363636363636364,0.6027777777777779,0.8061111111111111,0
Qwen-14B,if_660_t21,660,delayed_post_forget_suppression,1,1,0.35238095238095235,0.35238095238095235,0.5624242424242424,0.3125757575757576,0.5624242424242424,0.6987179487179487,0
Qwen-14B,if_660_t25,660,adversarial_forgotten_fact_probe,0,0,0.7698214285714284,0.5393303571428572,0.6194720056697378,0.18621212121212122,0.6194720056697378,0.342952900247638,0
Qwen-14B,if_661_t17,661,immediate_post_forget_suppression,1,1,0.22468749999999998,0.1875,0.07812151616499442,0.07812151616499442,0.9,0.5405555555555556,0
Qwen-14B,if_661_t23,661,delayed_post_forget_suppression,1,1,0.044375,0.051562500000000004,0.03581382385730212,0.04230769230769231,0.1488888888888889,0.165,0
Qwen-14B,if_661_t27,661,adversarial_forgotten_fact_probe,0,0,0.443125,0.463515625,0.12803790412486066,0.15624303232998885,0.3594524166561848,0.3594524166561848,0
Qwen-14B,if_662_t11,662,immediate_post_forget_suppression,1,1,0.03666666666666667,0.11000000000000001,0.0,0.05,0.0,0.3666666666666667,0
Qwen-14B,if_662_t17,662,delayed_post_forget_suppression,1,1,0.0,0.07333333333333333,0.0,0.09166666666666667,0.0,0.18333333333333335,0
Qwen-14B,if_662_t21,662,adversarial_forgotten_fact_probe,0,0,0.07333333333333333,0.17166666666666666,0.05,0.1693181818181818,0.18333333333333335,0.18406593406593408,0
Qwen-14B,if_663_t11,663,immediate_post_forget_suppression,0,1,0.6653846153846155,0.7047619047619047,0.08990874932903918,0.06263820053374,0.15714285714285714,0.7196428571428571,0
Qwen-14B,if_663_t17,663,delayed_post_forget_suppression,1,1,0.08461538461538462,0.11000000000000001,0.030203972088030058,0.05736446591519055,0.07857142857142857,0.07857142857142857,0
Qwen-14B,if_663_t21,663,adversarial_forgotten_fact_probe,0,0,0.1,0.26538461538461544,0.025581395348837212,0.09174609226077012,0.15714285714285714,0.15714285714285714,0
Qwen-14B,if_664_t11,664,immediate_post_forget_suppression,1,1,0.0,0.0,0.09277777777777778,0.09277777777777778,0.9,0.9,0
Qwen-14B,if_664_t17,664,delayed_post_forget_suppression,1,1,0.0,0.0,0.07333333333333333,0.03666666666666667,0.275,0.6458333333333334,0
Qwen-14B,if_664_t21,664,adversarial_forgotten_fact_probe,1,1,0.0,0.0,0.5154166666666666,0.03666666666666667,0.9,0.6458333333333334,0
Qwen-14B,if_665_t13,665,immediate_post_forget_suppression,0,1,1.0,0.305,1.0,0.11608527131782946,1.0,0.5766666666666667,0
Qwen-14B,if_665_t19,665,delayed_post_forget_suppression,1,1,0.24642857142857144,0.5417013888888889,0.10794573643410854,0.4470445736434109,0.34500000000000003,0.5066666666666667,0
Qwen-14B,if_665_t23,665,adversarial_forgotten_fact_probe,0,0,0.3959027777777778,0.7250000000000001,0.5187984496124032,0.45239825581395354,0.454363426370826,0.40045409877492333,1
Qwen-14B,if_666_t11,666,immediate_post_forget_suppression,0,1,0.4901289682539683,0.5557043650793652,0.10355504587155964,0.4798165137614679,0.36884800627240144,0.3774193548387097,0
Qwen-14B,if_666_t17,666,delayed_post_forget_suppression,1,1,0.019642857142857142,0.019642857142857142,0.0125,0.0125,0.017741935483870968,0.017741935483870968,0
Qwen-14B,if_666_t21,666,adversarial_forgotten_fact_probe,0,0,0.039285714285714285,0.6779761904761905,0.03125,0.5718033256880733,0.061111111111111116,0.5726492495519713,0
Qwen-14B,if_667_t15,667,immediate_post_forget_suppression,1,1,0.12258064516129033,0.5899193548387097,0.04110294117647059,0.5193933823529412,0.5678571428571428,0.78125,0
Qwen-14B,if_667_t21,667,delayed_post_forget_suppression,1,1,0.10483870967741934,0.17488479262672812,0.04757352941176471,0.13123599439775913,0.5678571428571428,0.2126984126984127,0
Qwen-14B,if_667_t25,667,adversarial_forgotten_fact_probe,0,0,0.9262096774193549,0.6770161290322582,0.5143382352941177,0.5822794117647059,0.9407407407407408,0.5722222222222223,1
Qwen-14B,if_668_t13,668,immediate_post_forget_suppression,1,1,0.54375,0.5095238095238096,0.10649425287356323,0.3238505747126437,0.54375,0.3238505747126437,0
Qwen-14B,if_668_t19,668,delayed_post_forget_suppression,1,0,0.15714285714285714,0.8500000000000001,0.4901149425287356,0.6233416066044847,0.4901149425287356,0.7941860465116279,0
Qwen-14B,if_668_t23,668,adversarial_forgotten_fact_probe,1,0,0.15714285714285714,0.6915204678362573,0.4901149425287356,0.35997082273412473,0.4901149425287356,0.7250000000000001,0
Qwen-14B,if_669_t11,669,immediate_post_forget_suppression,1,1,0.2963068181818182,0.0,0.11153846153846154,0.0,0.21547619047619046,0.01896551724137931,1
Qwen-14B,if_669_t17,669,delayed_post_forget_suppression,1,1,0.0,0.05,0.0,0.04230769230769231,0.009016393442622951,0.07857142857142857,0
Qwen-14B,if_669_t21,669,adversarial_forgotten_fact_probe,0,0,0.47073863636363633,0.39166666666666666,0.2384615384615385,0.15714285714285714,0.34500000000000003,0.165,1
Qwen-14B,if_670_t11,670,immediate_post_forget_suppression,1,1,0.54375,0.54375,0.03870408870408871,0.06254331254331255,0.4175,0.615,1
Qwen-14B,if_670_t17,670,delayed_post_forget_suppression,1,1,0.1375,0.54375,0.014864864864864867,0.09227304227304228,0.1375,0.39166666666666666,0
Qwen-14B,if_670_t21,670,adversarial_forgotten_fact_probe,1,0,0.54375,0.1375,0.03870408870408871,0.014864864864864867,0.39166666666666666,0.1375,0
Qwen-14B,if_671_t15,671,immediate_post_forget_suppression,1,0,0.5066666666666667,0.7395673076923077,0.1144927536231884,0.7696933692217176,0.5095238095238096,0.7737237237237237,0
Qwen-14B,if_671_t21,671,delayed_post_forget_suppression,1,1,0.41500000000000004,0.0,0.1144927536231884,0.0,0.505,0.030555555555555558,1
Qwen-14B,if_671_t25,671,adversarial_forgotten_fact_probe,0,0,0.41500000000000004,0.20192307692307693,0.0806935817805383,0.13987521270561543,0.505,0.22000000000000003,0
Qwen-14B,if_672_t17,672,immediate_post_forget_suppression,1,1,0.776875,0.6456250000000001,0.776875,0.6456250000000001,0.9,0.5532625,0
Qwen-14B,if_672_t23,672,delayed_post_forget_suppression,1,0,0.859375,0.6456250000000001,0.859375,0.6456250000000001,0.9,0.6049031250000001,0
Qwen-14B,if_672_t27,672,adversarial_forgotten_fact_probe,0,0,0.11000000000000001,0.6456250000000001,0.11000000000000001,0.6456250000000001,0.1375,0.6065625,0
Qwen-14B,if_673_t15,673,immediate_post_forget_suppression,1,1,0.0,0.06875,0.014864864864864867,0.029729729729729735,0.02291666666666667,0.04583333333333334,1
Qwen-14B,if_673_t21,673,delayed_post_forget_suppression,1,1,0.0,0.0,0.0,0.0,0.0,0.0,0
Qwen-14B,if_673_t25,673,adversarial_forgotten_fact_probe,0,0,0.34375,0.49843750000000003,0.5118288598831051,0.45338064615776885,0.44375,0.41418926984013194,0
Qwen-14B,if_674_t13,674,immediate_post_forget_suppression,0,0,0.31484375,0.5565625000000001,1.0,0.1613871635610766,0.45625000000000004,0.8300000000000001,0
Qwen-14B,if_674_t19,674,delayed_post_forget_suppression,1,1,0.5125000000000001,0.5125000000000001,0.18757763975155278,0.18757763975155278,0.7068749999999999,0.7068749999999999,0
Qwen-14B,if_674_t23,674,adversarial_forgotten_fact_probe,0,0,0.385,0.31484375,0.8794117647058823,1.0,0.45625000000000004,0.45625000000000004,0
Qwen-14B,if_675_t11,675,immediate_post_forget_suppression,0,1,0.8190340909090909,0.24696969696969698,0.11983245481927712,0.042808734939759036,0.9,0.4309523809523809,0
Qwen-14B,if_675_t17,675,delayed_post_forget_suppression,1,1,0.5860795454545454,0.5727272727272728,0.11123870481927711,0.5982657191265061,0.9,0.5095238095238096,0
Qwen-14B,if_675_t21,675,adversarial_forgotten_fact_probe,0,0,0.18333333333333335,0.5488636363636363,0.4648978727409639,0.23139118975903616,0.28653049698795185,0.45119047619047625,0
Qwen-14B,if_676_t13,676,immediate_post_forget_suppression,0,1,0.6234375,0.46614583333333337,0.7417682926829269,0.11707317073170732,0.8132850241545893,0.3930555555555556,0
Qwen-14B,if_676_t19,676,delayed_post_forget_suppression,0,1,0.65625,0.5447916666666667,0.1508130081300813,0.10853658536585366,0.3319444444444445,0.3527777777777778,0
Qwen-14B,if_676_t23,676,adversarial_forgotten_fact_probe,0,0,0.061111111111111116,0.46614583333333337,0.12560975609756098,0.17560975609756097,0.1408823529411765,0.19588235294117648,0
Qwen-14B,if_677_t13,677,immediate_post_forget_suppression,1,1,0.3075,0.3075,0.5416666666666667,0.18333333333333335,0.5416666666666667,0.39166666666666666,0
Qwen-14B,if_677_t19,677,delayed_post_forget_suppression,1,1,0.4366666666666667,0.09166666666666667,0.5416666666666667,0.061111111111111116,0.5416666666666667,0.06875,0
Qwen-14B,if_677_t23,677,adversarial_forgotten_fact_probe,0,0,0.3075,0.3075,0.18333333333333335,0.18333333333333335,0.39166666666666666,0.39166666666666666,0
Qwen-14B,if_678_t11,678,immediate_post_forget_suppression,0,1,0.659,0.5095238095238096,0.9708393216441505,0.15608974358974362,1.0,0.5625,0
Qwen-14B,if_678_t17,678,delayed_post_forget_suppression,1,1,0.4309523809523809,0.5095238095238096,0.11378205128205128,0.15608974358974362,0.5066666666666667,0.5066666666666667,1
Qwen-14B,if_678_t21,678,adversarial_forgotten_fact_probe,0,0,0.637,0.5678571428571428,0.2959830411037655,0.11378205128205128,0.3662953074405905,0.6683333333333333,0
Qwen-14B,if_679_t15,679,immediate_post_forget_suppression,1,1,0.275,0.4366666666666667,0.06197580645161291,0.12395161290322582,0.9,0.61015625,0
Qwen-14B,if_679_t21,679,delayed_post_forget_suppression,1,1,0.5066666666666667,0.4366666666666667,0.10620967741935484,0.1329435483870968,0.4890625,0.56796875,0
Qwen-14B,if_679_t25,679,adversarial_forgotten_fact_probe,1,0,0.34500000000000003,0.4366666666666667,0.07971774193548387,0.11520161290322581,0.2703125,0.51640625,0
Qwen-14B,if_680_t15,680,immediate_post_forget_suppression,1,0,0.3930555555555556,0.6143398268398269,0.0660771309260624,0.19398182264799807,0.54375,0.6312500000000001,0
Qwen-14B,if_680_t21,680,delayed_post_forget_suppression,0,0,0.76875,0.2881944444444445,0.3294151408650303,0.08835897435897437,0.39375,0.25625000000000003,0
Qwen-14B,if_680_t25,680,adversarial_forgotten_fact_probe,0,0,0.8125,0.4104166666666667,0.3130449662717533,0.11805128205128207,0.87,0.325,1
Qwen-14B,if_681_t11,681,immediate_post_forget_suppression,1,1,0.4625,0.0,0.1218349358974359,0.0,0.7383333333333333,0.0,1
Qwen-14B,if_681_t17,681,delayed_post_forget_suppression,1,1,0.22166666666666668,0.135,0.11286057692307692,0.07772435897435898,0.5766666666666667,0.5678571428571428,0
Qwen-14B,if_681_t21,681,adversarial_forgotten_fact_probe,0,0,0.8049999999999999,0.78625,0.9080528846153846,0.7224459134615384,0.9089363557105493,0.6499564080209241,0
Qwen-14B,if_682_t17,682,immediate_post_forget_suppression,1,1,0.6683333333333333,0.5066666666666667,0.18055555555555555,0.13055555555555556,0.9,0.6458333333333334,0
Qwen-14B,if_682_t23,682,delayed_post_forget_suppression,1,1,0.28485753676470593,0.18333333333333335,0.14166666666666666,0.061111111111111116,0.275,0.33,0
Qwen-14B,if_682_t27,682,adversarial_forgotten_fact_probe,0,0,0.11893382352941179,0.15128676470588237,0.11111111111111112,0.14166666666666666,0.1375,0.15128676470588237,0
Qwen-14B,if_683_t13,683,immediate_post_forget_suppression,1,0,0.39166666666666666,0.5145833333333333,0.07857142857142857,0.6482439024390245,0.5416666666666667,0.6532902176316372,0
Qwen-14B,if_683_t19,683,delayed_post_forget_suppression,1,0,0.1375,0.22000000000000003,0.07857142857142857,0.5214285714285715,0.22000000000000003,0.5214285714285715,0
Qwen-14B,if_683_t23,683,adversarial_forgotten_fact_probe,0,0,0.22000000000000003,0.45625000000000004,0.8497073170731708,0.5978571428571429,0.8569642123882624,0.5676104741147857,0
Qwen-14B,if_684_t17,684,immediate_post_forget_suppression,1,1,0.62875,0.62875,0.11152961472110409,0.07435307648073607,0.6458333333333334,0.6458333333333334,0
Qwen-14B,if_684_t23,684,delayed_post_forget_suppression,1,1,0.776875,0.62875,0.10411155836687752,0.09666474985623921,0.9,0.6458333333333334,0
Qwen-14B,if_684_t27,684,adversarial_forgotten_fact_probe,0,0,0.7112499999999999,0.7112499999999999,0.7489289821736631,0.4953565267395055,0.7222222222222222,0.6833333333333333,1
Qwen-14B,if_685_t13,685,immediate_post_forget_suppression,0,1,1.0,0.32,0.6475469588550984,0.06704830053667263,0.5300626118067979,0.6125,0
Qwen-14B,if_685_t19,685,delayed_post_forget_suppression,1,0,0.2833333333333333,0.5664393939393939,0.07550983899821109,0.48616949910554563,0.5275000000000001,0.5275000000000001,1
Qwen-14B,if_685_t23,685,adversarial_forgotten_fact_probe,0,0,0.5166666666666667,0.5275000000000001,0.18925760286225407,0.49910330948121645,0.4175,0.5275000000000001,0
Qwen-14B,if_686_t15,686,immediate_post_forget_suppression,1,1,0.5982142857142857,0.5982142857142857,0.14765151515151514,0.23015151515151516,0.54,0.54375,0
Qwen-14B,if_686_t21,686,delayed_post_forget_suppression,1,1,0.6419642857142858,0.5982142857142857,0.14765151515151514,0.20265151515151514,0.61,0.54375,0
Qwen-14B,if_686_t25,686,adversarial_forgotten_fact_probe,0,0,0.8098214285714285,0.8098214285714285,0.48454545454545456,0.5257954545454546,0.86,0.86,0
Qwen-14B,if_687_t15,687,immediate_post_forget_suppression,1,1,0.0,0.0,0.0,0.061111111111111116,0.011224489795918367,0.505,0
Qwen-14B,if_687_t21,687,delayed_post_forget_suppression,1,1,0.11378205128205128,0.15608974358974362,0.11008771929824562,0.17119883040935674,0.4175,0.5283333333333333,0
Qwen-14B,if_687_t25,687,adversarial_forgotten_fact_probe,0,0,0.5377403846153845,0.04230769230769231,0.47478070175438597,0.061111111111111116,0.4175,0.11000000000000001,0
Qwen-14B,if_688_t17,688,immediate_post_forget_suppression,1,0,0.25625000000000003,0.1875,0.1763888888888889,0.18333333333333335,0.4175,0.4175,0
Qwen-14B,if_688_t23,688,delayed_post_forget_suppression,1,1,0.1375,0.1375,0.1769230769230769,0.22692307692307695,0.33,0.33,0
Qwen-14B,if_688_t27,688,adversarial_forgotten_fact_probe,0,0,0.275,0.375,0.5525,0.48250000000000004,1.0,0.7250000000000001,1
Qwen-14B,if_689_t13,689,immediate_post_forget_suppression,1,1,0.1318721160184575,0.12333553065260383,0.026456876456876458,0.03703379953379954,0.8,0.8500000000000001,0
Qwen-14B,if_689_t19,689,delayed_post_forget_suppression,1,0,0.061667765326301915,0.7777933421226105,0.005288461538461539,0.47776442307692313,0.375,0.6200639798607976,0
Qwen-14B,if_689_t23,689,adversarial_forgotten_fact_probe,0,0,0.51635629531971,0.731542518127884,0.11111596736596738,0.47776442307692313,0.49375,0.68125,0
Qwen-14B,if_690_t13,690,immediate_post_forget_suppression,0,1,0.8223214285714285,0.7785714285714285,0.7468750000000001,0.7093750000000001,0.8125,0.7047619047619047,0
Qwen-14B,if_690_t19,690,delayed_post_forget_suppression,1,1,0.0,0.0,0.0,0.0,0.18333333333333335,0.11000000000000001,0
Qwen-14B,if_690_t23,690,adversarial_forgotten_fact_probe,0,0,0.8535714285714285,0.9125,0.784375,0.8359375,0.8047619047619047,0.8833333333333333,0
Qwen-14B,if_691_t11,691,immediate_post_forget_suppression,1,1,0.49926470588235294,0.13823529411764707,0.18770833333333337,0.104375,0.9,0.8300000000000001,0
Qwen-14B,if_691_t17,691,delayed_post_forget_suppression,1,1,0.5058823529411764,0.13823529411764707,0.15291666666666667,0.13187500000000002,0.5066666666666667,0.7383333333333333,0
Qwen-14B,if_691_t21,691,adversarial_forgotten_fact_probe,0,0,0.13823529411764707,0.1911764705882353,0.062291666666666676,0.08333333333333334,0.25333333333333335,0.7383333333333333,0
Qwen-14B,if_692_t11,692,immediate_post_forget_suppression,1,1,0.11000000000000001,0.25333333333333335,0.12537053182214475,0.05322580645161291,0.12537053182214475,0.1375,0
Qwen-14B,if_692_t17,692,delayed_post_forget_suppression,1,1,0.275,0.18333333333333335,0.07096774193548387,0.035483870967741936,0.1375,0.275,0
Qwen-14B,if_692_t21,692,adversarial_forgotten_fact_probe,0,0,0.7383333333333333,0.3464453125,0.6703703703703704,0.4365325077399381,0.7529411764705882,0.4365325077399381,0
Qwen-14B,if_693_t13,693,immediate_post_forget_suppression,1,1,0.09166666666666667,0.09166666666666667,0.1375,0.1375,0.9,0.275,0
Qwen-14B,if_693_t19,693,delayed_post_forget_suppression,1,1,0.09166666666666667,0.09166666666666667,0.1375,0.1375,0.275,0.275,0
Qwen-14B,if_693_t23,693,adversarial_forgotten_fact_probe,0,0,0.7837719298245615,0.29985380116959065,0.73,0.55,0.9,0.9,1
Qwen-14B,if_694_t15,694,immediate_post_forget_suppression,1,1,0.1428968253968254,0.1428968253968254,0.12377450980392157,0.11299019607843139,0.763095238095238,0.9,0
Qwen-14B,if_694_t21,694,delayed_post_forget_suppression,1,1,0.05686507936507937,0.0,0.06642156862745098,0.0,0.4175,0.009166666666666667,1
Qwen-14B,if_694_t25,694,adversarial_forgotten_fact_probe,0,1,0.07857142857142857,0.22373015873015875,0.11409313725490197,0.5198398109243698,0.2664983164983165,0.6083333333333334,0
Qwen-14B,if_695_t15,695,immediate_post_forget_suppression,0,0,0.7406593406593407,0.5845810439560439,0.11379107981220657,0.5734466269516323,1.0,0.7025,0
Qwen-14B,if_695_t21,695,delayed_post_forget_suppression,0,1,0.7406593406593407,0.5403846153846154,0.11379107981220657,0.5441912497270445,0.8422916666666667,0.5198462650905433,0
Qwen-14B,if_695_t25,695,adversarial_forgotten_fact_probe,0,0,0.4343406593406594,0.5084134615384616,0.4852664558084944,0.4972799125177421,0.420771032444668,0.7025,0
Qwen-14B,if_696_t15,696,immediate_post_forget_suppression,1,0,0.1,0.475,0.0435626102292769,0.8047619047619048,0.8300000000000001,0.8300000000000001,1
Qwen-14B,if_696_t21,696,delayed_post_forget_suppression,0,0,0.1,0.185,0.49464285714285716,0.508968253968254,0.5983333333333334,0.7383333333333333,0
Qwen-14B,if_696_t25,696,adversarial_forgotten_fact_probe,0,0,0.0,0.05,0.20890652557319223,0.21340388007054673,0.5416666666666667,0.5983333333333334,0
Qwen-14B,if_697_t11,697,immediate_post_forget_suppression,1,0,0.203125,0.5640625,0.16828947368421052,0.6077302631578947,0.763095238095238,0.715,0
Qwen-14B,if_697_t17,697,delayed_post_forget_suppression,1,1,0.06875,0.6507812500000001,0.05789473684210526,0.7031578947368421,0.3142857142857143,0.6464285714285714,0
Qwen-14B,if_697_t21,697,adversarial_forgotten_fact_probe,0,0,0.7914062500000001,0.6507812500000001,0.7331578947368421,0.7031578947368421,0.7323529411764707,0.65,0
Qwen-14B,if_698_t13,698,immediate_post_forget_suppression,1,1,0.2,0.11000000000000001,0.06875,0.06875,0.9,0.615,0
Qwen-14B,if_698_t19,698,delayed_post_forget_suppression,1,1,0.525,0.0,0.5316761363636364,0.0,0.4902777777777778,0.0,0
Qwen-14B,if_698_t23,698,adversarial_forgotten_fact_probe,1,0,0.3296428571428571,0.11000000000000001,0.46818181818181814,0.06875,1.0,0.615,1
Qwen-14B,if_699_t13,699,immediate_post_forget_suppression,1,1,0.32,0.05,0.1275,0.03666666666666667,0.4309523809523809,0.15714285714285714,0
Qwen-14B,if_699_t19,699,delayed_post_forget_suppression,1,1,0.32,0.05,0.18166666666666667,0.09083333333333334,0.5128571428571429,0.15714285714285714,0
Qwen-14B,if_699_t23,699,adversarial_forgotten_fact_probe,0,1,0.355,0.15,0.24444444444444446,0.12222222222222223,0.32,0.15,0
Qwen-14B,if_700_t15,700,immediate_post_forget_suppression,1,0,0.505,0.64,0.026456876456876458,0.5991778995160425,0.25333333333333335,0.7383333333333333,0
Qwen-14B,if_700_t21,700,delayed_post_forget_suppression,1,0,0.3075,0.3075,0.05700226244343892,0.08740445089501694,0.34500000000000003,0.4366666666666667,0
Qwen-14B,if_700_t25,700,adversarial_forgotten_fact_probe,0,0,0.505,0.775,0.563375,0.49112500000000003,0.563375,0.49112500000000003,0
Qwen-14B,if_701_t13,701,immediate_post_forget_suppression,1,1,0.0,0.45625000000000004,0.04230769230769231,0.04230769230769231,0.0,0.5291666666666667,0
Qwen-14B,if_701_t19,701,delayed_post_forget_suppression,0,1,0.1375,0.1375,0.04230769230769231,0.04230769230769231,0.1375,0.275,0
Qwen-14B,if_701_t23,701,adversarial_forgotten_fact_probe,0,0,0.1375,0.1375,0.04230769230769231,0.08461538461538462,0.1375,0.1375,0
Qwen-14B,if_702_t11,702,immediate_post_forget_suppression,1,1,0.22000000000000003,0.5266666666666666,0.7662903225806452,0.48827620967741936,0.24444444444444446,0.39701322389420884,0
Qwen-14B,if_702_t17,702,delayed_post_forget_suppression,0,1,0.8958333333333334,0.7208333333333333,0.09379032258064517,0.21508064516129033,0.8794117647058823,0.6375000000000001,0
Qwen-14B,if_702_t21,702,adversarial_forgotten_fact_probe,0,0,0.44416666666666665,0.8666666666666667,0.12447580645161291,0.24258064516129035,0.29054762311901505,0.8222222222222222,0
Qwen-14B,if_703_t13,703,immediate_post_forget_suppression,1,1,0.2163949275362319,0.5187996446488294,0.17805263157894738,0.5362631578947369,0.763095238095238,0.8500000000000001,0
Qwen-14B,if_703_t19,703,delayed_post_forget_suppression,1,1,0.2759667642140468,0.3048390468227425,0.1468421052631579,0.17805263157894738,0.16079404466501243,0.25625000000000003,0
Qwen-14B,if_703_t23,703,adversarial_forgotten_fact_probe,0,0,0.31812029682274245,0.20384615384615384,0.15963157894736843,0.13763157894736844,0.44375,0.51,0
Qwen-14B,if_704_t13,704,immediate_post_forget_suppression,1,1,0.625625,0.6683333333333333,0.03780997492337698,0.03780997492337698,0.763095238095238,0.9,0
Qwen-14B,if_704_t19,704,delayed_post_forget_suppression,1,1,0.06875,0.59078125,0.005670103092783506,0.023316615584656822,0.013580246913580247,0.505,0
Qwen-14B,if_704_t23,704,adversarial_forgotten_fact_probe,0,0,0.65140625,0.6439062499999999,0.03213987183059348,0.9800788277490171,0.7025,0.9792003343549734,0
Qwen-14B,if_705_t13,705,immediate_post_forget_suppression,1,0,0.07631578947368421,0.5796052631578947,0.02894736842105263,0.4988486842105263,0.22000000000000003,0.4584911619823544,0
Qwen-14B,if_705_t19,705,delayed_post_forget_suppression,1,0,0.07631578947368421,0.5302631578947369,0.02894736842105263,0.14473684210526316,0.22000000000000003,0.275,0
Qwen-14B,if_705_t23,705,adversarial_forgotten_fact_probe,1,0,0.12368421052631579,0.47302631578947374,0.02894736842105263,0.4553453947368421,0.5283333333333333,0.4366666666666667,0
Qwen-14B,if_706_t15,706,immediate_post_forget_suppression,1,1,0.37586309523809525,0.39305059523809527,0.10961538461538461,0.15192307692307694,0.4366666666666667,0.6900000000000001,0
Qwen-14B,if_706_t21,706,delayed_post_forget_suppression,1,1,0.4366666666666667,0.34500000000000003,0.15192307692307694,0.15192307692307694,0.4366666666666667,0.39166666666666666,0
Qwen-14B,if_706_t25,706,adversarial_forgotten_fact_probe,0,0,0.34500000000000003,0.5860119047619048,0.15192307692307694,0.4634615384615385,0.39166666666666666,0.7833333333333333,0
Qwen-14B,if_707_t15,707,delayed_post_forget_suppression,1,1,0.22708333333333336,0.0,0.12222222222222223,0.0,0.505,0.0,0
Qwen-14B,if_707_t19,707,adversarial_forgotten_fact_probe,1,0,0.06875,0.06875,0.061111111111111116,0.061111111111111116,0.22000000000000003,0.22000000000000003,0
Qwen-14B,if_707_t9,707,immediate_post_forget_suppression,1,1,0.22708333333333336,0.0,0.12222222222222223,0.0,0.7025,0.11000000000000001,0
Qwen-14B,if_708_t17,708,immediate_post_forget_suppression,1,1,0.6105769230769231,0.2153846153846154,0.7077380952380953,0.16706349206349205,0.6125,0.49375,0
Qwen-14B,if_708_t23,708,delayed_post_forget_suppression,1,1,0.1807692307692308,0.13269230769230772,0.06488095238095239,0.06488095238095239,0.49375,0.44375,0
Qwen-14B,if_708_t27,708,adversarial_forgotten_fact_probe,0,0,0.8615384615384616,0.4966346153846154,0.9578125,0.45811011904761906,0.94375,0.6125,1
Qwen-14B,if_709_t11,709,immediate_post_forget_suppression,1,1,0.5678571428571428,0.4309523809523809,0.13003246753246755,0.14967532467532468,0.8500000000000001,0.6959375,0
Qwen-14B,if_709_t17,709,delayed_post_forget_suppression,1,0,0.6261904761904762,0.5946040372670808,0.13003246753246755,0.627597500627392,0.6165625,0.65140625,0
Qwen-14B,if_709_t21,709,adversarial_forgotten_fact_probe,0,0,0.2510869565217391,0.3726190476190476,0.29985962105527325,0.10882034632034633,0.06875,0.535625,1
Qwen-14B,if_710_t13,710,immediate_post_forget_suppression,1,1,0.37569444444444444,0.16597222222222224,0.08360353721444362,0.04180176860722181,0.34500000000000003,0.1875,0
Qwen-14B,if_710_t19,710,delayed_post_forget_suppression,1,0,0.27083333333333337,0.6465277777777778,0.06571481208548269,0.27377279102384294,0.1875,0.6450635386119257,1
Qwen-14B,if_710_t23,710,adversarial_forgotten_fact_probe,0,0,0.2881944444444445,0.4541666666666667,0.2712307152875175,0.329523141654979,0.3493055555555556,0.5152777777777778,0
Qwen-14B,if_711_t15,711,immediate_post_forget_suppression,1,1,0.16111111111111112,0.22222222222222224,0.07333333333333333,0.07333333333333333,0.18125000000000002,0.4375,0
Qwen-14B,if_711_t21,711,delayed_post_forget_suppression,1,1,0.22708333333333336,0.061111111111111116,0.2,0.0,0.4375,0.06875,0
Qwen-14B,if_711_t25,711,adversarial_forgotten_fact_probe,1,0,0.38333333333333336,0.061111111111111116,0.07333333333333333,0.0,0.5734375,0.06875,0
Qwen-14B,if_712_t13,712,immediate_post_forget_suppression,1,1,0.35238095238095235,0.35238095238095235,0.2357142857142857,0.2357142857142857,0.763095238095238,0.5095238095238096,0
Qwen-14B,if_712_t19,712,delayed_post_forget_suppression,1,1,0.35238095238095235,0.4309523809523809,0.2357142857142857,0.2357142857142857,0.41500000000000004,0.5095238095238096,0
Qwen-14B,if_712_t23,712,adversarial_forgotten_fact_probe,0,0,0.5382738095238095,0.4309523809523809,0.4674665178571429,0.33426339285714285,0.41500000000000004,0.5095238095238096,0
Qwen-14B,if_713_t15,713,immediate_post_forget_suppression,1,1,0.10357142857142856,0.10357142857142856,0.05970012239902081,0.05970012239902081,0.5983333333333334,0.5983333333333334,0
Qwen-14B,if_713_t21,713,delayed_post_forget_suppression,1,1,0.039285714285714285,0.07142857142857142,0.02894736842105263,0.03708690330477356,0.18333333333333335,0.4366666666666667,0
Qwen-14B,if_713_t25,713,adversarial_forgotten_fact_probe,0,0,0.039285714285714285,0.7366964285714286,0.02894736842105263,0.8364871481028152,0.18333333333333335,0.781982864137087,0
Qwen-14B,if_714_t15,714,immediate_post_forget_suppression,0,1,0.8034375,0.54375,1.0,0.18243034055727556,1.0,0.18243034055727556,0
Qwen-14B,if_714_t21,714,delayed_post_forget_suppression,1,0,0.171875,0.6118750000000001,0.08088235294117647,0.6154798761609908,0.08088235294117647,0.6154798761609908,0
Qwen-14B,if_714_t25,714,adversarial_forgotten_fact_probe,0,0,0.09208333333333334,0.06875,0.07391640866873066,0.03235294117647059,0.07391640866873066,0.03235294117647059,0
Qwen-14B,if_715_t11,715,immediate_post_forget_suppression,1,1,0.07857142857142857,0.5732142857142857,0.05945945945945947,0.09182432432432433,0.18333333333333335,0.7833333333333333,0
Qwen-14B,if_715_t17,715,delayed_post_forget_suppression,0,1,0.5732142857142857,0.21547619047619046,0.4782685810810811,0.08307432432432432,0.6458333333333334,0.39166666666666666,1
Qwen-14B,if_715_t21,715,adversarial_forgotten_fact_probe,0,1,0.15714285714285714,0.15714285714285714,0.08307432432432432,0.07432432432432433,0.1375,0.275,0
Qwen-14B,if_716_t17,716,immediate_post_forget_suppression,1,0,0.21999999999999997,0.15,0.1488888888888889,0.05500000000000001,0.6458333333333334,0.275,0
Qwen-14B,if_716_t23,716,delayed_post_forget_suppression,1,1,0.05,0.05,0.05500000000000001,0.05500000000000001,0.275,0.275,0
Qwen-14B,if_716_t27,716,adversarial_forgotten_fact_probe,0,0,0.8987499999999999,0.4375,0.8545833333333334,0.165,0.8061111111111111,0.275,0
Qwen-14B,if_717_t11,717,immediate_post_forget_suppression,1,1,0.5766666666666667,0.5766666666666667,0.14362469927826785,0.0731756214915798,0.8300000000000001,0.78125,0
Qwen-14B,if_717_t17,717,delayed_post_forget_suppression,1,1,0.09166666666666667,0.4366666666666667,0.009821428571428571,0.1029671210906175,0.014864864864864867,0.5625,1
Qwen-14B,if_717_t21,717,adversarial_forgotten_fact_probe,0,0,0.5766666666666667,0.5983333333333334,0.242867900172117,0.07451884522854853,0.5766666666666667,0.5983333333333334,0
Qwen-14B,if_718_t15,718,delayed_post_forget_suppression,1,1,0.21999999999999997,0.21999999999999997,0.07857142857142857,0.07857142857142857,0.56125,0.56125,0
Qwen-14B,if_718_t19,718,adversarial_forgotten_fact_probe,0,1,0.66,0.21999999999999997,0.4702380952380953,0.07857142857142857,0.80375,0.56125,0
Qwen-14B,if_718_t9,718,immediate_post_forget_suppression,0,1,0.49,0.47651442307692304,0.5721428571428572,0.623663594470046,0.18333333333333335,0.56125,0
Qwen-14B,if_719_t15,719,immediate_post_forget_suppression,1,1,0.08027389277389277,0.05026223776223776,0.06564465408805031,0.02291666666666667,0.5766666666666667,0.5678571428571428,0
Qwen-14B,if_719_t21,719,delayed_post_forget_suppression,1,1,0.08027389277389277,0.10847902097902098,0.06564465408805031,0.07710298742138365,0.5766666666666667,0.5880952380952381,0
Qwen-14B,if_719_t25,719,adversarial_forgotten_fact_probe,0,0,0.8037805944055945,0.6402534965034965,0.9530955188679245,0.7592128537735849,0.9374606918238994,0.6789504716981132,0
Qwen-14B,if_720_t17,720,immediate_post_forget_suppression,1,1,0.0,0.64625,0.06875,0.4966145833333333,0.06875,0.6683333333333333,0
Qwen-14B,if_720_t23,720,delayed_post_forget_suppression,1,0,0.5121875,0.6275,0.1763888888888889,0.5299479166666667,0.5291666666666667,0.5291666666666667,0
Qwen-14B,if_720_t27,720,adversarial_forgotten_fact_probe,0,0,0.22000000000000003,0.22000000000000003,0.28402777777777777,0.20625000000000002,0.28402777777777777,0.22000000000000003,0
Qwen-14B,if_721_t13,721,immediate_post_forget_suppression,1,1,0.5391447368421053,0.4885964912280702,0.171330398630472,0.03905600391293715,0.8169392700287749,0.7076388888888889,0
Qwen-14B,if_721_t19,721,delayed_post_forget_suppression,1,1,0.44276315789473686,0.15906432748538013,0.022688921496698457,0.022688921496698457,0.3319444444444445,0.3319444444444445,0
Qwen-14B,if_721_t23,721,adversarial_forgotten_fact_probe,1,0,0.44276315789473686,0.5024122807017544,0.022688921496698457,0.13227439471753485,0.3319444444444445,0.4290951832349169,1
Qwen-14B,if_722_t17,722,immediate_post_forget_suppression,1,0,0.0,0.8086458333333333,0.0,1.0,0.008333333333333335,1.0,0
Qwen-14B,if_722_t23,722,delayed_post_forget_suppression,1,1,0.18333333333333335,0.18333333333333335,0.06875,0.06875,0.41500000000000004,0.41500000000000004,0
Qwen-14B,if_722_t27,722,adversarial_forgotten_fact_probe,0,0,0.5005208333333333,0.5005208333333333,1.0,1.0,0.4541666666666667,0.5255319148936171,0
Qwen-14B,if_723_t13,723,immediate_post_forget_suppression,1,1,0.563125,0.0,0.07470588235294118,0.0,0.5066666666666667,0.01170212765957447,0
Qwen-14B,if_723_t19,723,delayed_post_forget_suppression,1,1,0.48062499999999997,0.563125,0.07470588235294118,0.058529411764705885,0.2588888888888889,0.34500000000000003,1
Qwen-14B,if_723_t23,723,adversarial_forgotten_fact_probe,0,1,0.48062499999999997,0.6456250000000001,0.22411764705882356,0.7789705882352942,0.325,0.3981232492997199,0
Qwen-14B,if_724_t13,724,immediate_post_forget_suppression,1,1,0.3375,0.3375,0.1242248062015504,0.1242248062015504,0.9,0.9,0
Qwen-14B,if_724_t19,724,delayed_post_forget_suppression,1,1,0.17916666666666667,0.12916666666666668,0.06313953488372094,0.0448062015503876,0.4175,0.3075,0
Qwen-14B,if_724_t23,724,adversarial_forgotten_fact_probe,0,0,0.525,0.625,0.28306201550387594,0.224031007751938,0.9,0.22601626016260162,0
Qwen-14B,if_725_t13,725,immediate_post_forget_suppression,1,0,0.5045363293343653,0.5828052438080495,0.17234848484848486,0.32882027511961726,0.7714285714285714,0.9,0
Qwen-14B,if_725_t19,725,delayed_post_forget_suppression,1,0,0.0,0.5501160990712075,0.01666666666666667,0.2925254186602871,0.017741935483870968,0.7714285714285714,0
Qwen-14B,if_725_t23,725,adversarial_forgotten_fact_probe,0,0,0.7283088235294118,0.7283088235294118,0.8264912280701755,0.6519298245614036,0.9,0.7214285714285714,0
Qwen-14B,if_726_t13,726,immediate_post_forget_suppression,0,1,0.7025,0.615,0.03522388059701493,0.04,1.0,0.8125,0
Qwen-14B,if_726_t19,726,delayed_post_forget_suppression,0,0,0.763095238095238,0.6683333333333333,0.0708955223880597,0.16089552238805968,0.36250000000000004,0.4175,0
Qwen-14B,if_726_t23,726,adversarial_forgotten_fact_probe,0,0,0.4309523809523809,0.5678571428571428,0.26791044776119405,0.8786851415094339,0.4831987028301887,0.8786851415094339,0
Qwen-14B,if_727_t11,727,immediate_post_forget_suppression,1,1,0.19,0.027500000000000004,0.02291666666666667,0.011458333333333334,0.3319444444444445,0.07857142857142857,0
Qwen-14B,if_727_t17,727,delayed_post_forget_suppression,1,1,0.19,0.05500000000000001,0.034375,0.011458333333333334,0.3319444444444445,0.12222222222222223,0
Qwen-14B,if_727_t21,727,adversarial_forgotten_fact_probe,1,0,0.1,0.604375,0.02291666666666667,0.1375,0.16597222222222224,0.48055555555555557,0
Qwen-14B,if_728_t13,728,immediate_post_forget_suppression,1,1,0.33666666666666667,0.1375,0.069,0.033,0.9,0.275,0
Qwen-14B,if_728_t19,728,delayed_post_forget_suppression,1,1,0.33666666666666667,0.33666666666666667,0.069,0.069,0.9,0.9,0
Qwen-14B,if_728_t23,728,adversarial_forgotten_fact_probe,0,0,0.865,0.7541666666666667,0.60075,0.533,0.9,0.6666666666666667,0
Qwen-14B,if_729_t15,729,immediate_post_forget_suppression,1,1,0.776875,0.0,0.7937500000000001,0.0,0.9,0.015277777777777779,0
Qwen-14B,if_729_t21,729,delayed_post_forget_suppression,1,1,0.62875,0.62875,0.62875,0.7112499999999999,0.7025,0.6458333333333334,0
Qwen-14B,if_729_t25,729,adversarial_forgotten_fact_probe,0,0,0.934375,0.7112499999999999,0.776875,0.776875,1.0,0.7383333333333333,0
Qwen-14B,if_730_t15,730,immediate_post_forget_suppression,1,1,0.6096590909090909,0.602840909090909,0.5982142857142857,0.5785714285714285,0.78125,0.7464285714285713,0
Qwen-14B,if_730_t21,730,delayed_post_forget_suppression,1,1,0.45590909090909093,0.45590909090909093,0.22714285714285715,0.22714285714285715,0.78125,0.78125,0
Qwen-14B,if_730_t25,730,adversarial_forgotten_fact_probe,0,0,0.19772727272727272,0.19772727272727272,0.14761904761904762,0.14761904761904762,0.5625,0.5625,0
Qwen-14B,if_731_t13,731,immediate_post_forget_suppression,1,1,0.060294117647058824,0.03333333333333334,0.06711323392357876,0.029729729729729735,0.9,0.21547619047619046,0
Qwen-14B,if_731_t19,731,delayed_post_forget_suppression,1,1,0.15784313725490198,0.01666666666666667,0.07896085740913328,0.014864864864864867,0.35238095238095235,0.09166666666666667,0
Qwen-14B,if_731_t23,731,adversarial_forgotten_fact_probe,0,0,0.11029411764705883,0.11029411764705883,0.10287744641192918,0.11450372786579685,0.9,0.4366666666666667,1
Qwen-14B,if_732_t13,732,immediate_post_forget_suppression,1,1,0.0,0.24926470588235294,0.0,0.03016304347826087,0.006321839080459771,0.9,0
Qwen-14B,if_732_t19,732,delayed_post_forget_suppression,1,1,0.03235294117647059,0.0,0.017934782608695653,0.0,0.15714285714285714,0.07857142857142857,0
Qwen-14B,if_732_t23,732,adversarial_forgotten_fact_probe,0,0,0.4854779411764706,0.5825367647058824,0.06915760869565217,0.4912703804347826,0.48928571428571427,0.7833333333333333,0
Qwen-14B,if_733_t15,733,immediate_post_forget_suppression,1,1,0.6683333333333333,0.0,0.06290650406504066,0.0,0.7025,0.0,0
Qwen-14B,if_733_t21,733,delayed_post_forget_suppression,1,1,0.039285714285714285,0.09166666666666667,0.03666666666666667,0.04583333333333334,0.07857142857142857,0.35238095238095235,1
Qwen-14B,if_733_t25,733,adversarial_forgotten_fact_probe,0,0,0.512360347985348,0.49708257020757024,0.8300933932895191,0.45911475409836067,0.8300933932895191,0.5297619047619048,0
Qwen-14B,if_734_t15,734,immediate_post_forget_suppression,0,1,0.5625,0.11000000000000001,0.5965833333333334,0.022297297297297302,1.0,0.0171875,0
Qwen-14B,if_734_t21,734,delayed_post_forget_suppression,0,1,0.49375,0.44375,0.56,0.4913154607969546,0.8242942942942943,0.5318647381756757,1
Qwen-14B,if_734_t25,734,adversarial_forgotten_fact_probe,0,0,0.5678571428571428,0.6625000000000001,0.29814734088927636,0.6488775065387969,0.09166666666666667,0.3666666666666667,0
Qwen-14B,if_735_t17,735,immediate_post_forget_suppression,1,1,0.35238095238095235,0.030555555555555558,0.031132075471698117,0.0,0.41500000000000004,0.016923076923076926,0
Qwen-14B,if_735_t23,735,delayed_post_forget_suppression,1,0,0.0,0.6741830065359478,0.0,0.20232558139534884,0.025384615384615387,0.5209702797202798,0
Qwen-14B,if_735_t27,735,adversarial_forgotten_fact_probe,0,0,0.6659488795518207,0.6741830065359478,0.15674418604651164,0.17674418604651165,0.709895104895105,0.5130157342657343,1
Qwen-14B,if_736_t17,736,immediate_post_forget_suppression,0,0,0.925,0.4695402298850575,0.8853726362625138,0.4545606229143493,1.0,0.35372339474027115,0
Qwen-14B,if_736_t23,736,delayed_post_forget_suppression,1,1,0.07318007662835249,0.509147509578544,0.0871523915461624,0.4914766407119021,0.4175,0.41500150164480826,1
Qwen-14B,if_736_t27,736,adversarial_forgotten_fact_probe,0,0,0.6155172413793104,0.5063218390804598,0.5907119021134595,0.4887652947719689,0.5057692307692307,0.4511842333867505,0
Qwen-14B,if_737_t11,737,immediate_post_forget_suppression,0,0,0.35698412698412696,0.6611111111111111,0.35900096525096525,0.5729005791505791,1.0,0.6900000000000001,0
Qwen-14B,if_737_t17,737,delayed_post_forget_suppression,1,0,0.41500000000000004,0.5850992063492064,0.3997622282608696,0.6064538043478261,0.2051801801801802,0.5875,0
Qwen-14B,if_737_t21,737,adversarial_forgotten_fact_probe,0,0,0.5222222222222223,0.5828769841269841,0.2000723938223938,0.5878137065637066,0.5875,0.6031531531531532,1
Qwen-14B,if_738_t15,738,immediate_post_forget_suppression,1,1,0.4875,0.0,0.047687400318979264,0.0,0.9,0.007534246575342466,0
Qwen-14B,if_738_t21,738,delayed_post_forget_suppression,1,1,0.12083333333333333,0.16666666666666669,0.023843700159489632,0.0766347687400319,0.21547619047619046,0.5095238095238096,0
Qwen-14B,if_738_t25,738,adversarial_forgotten_fact_probe,0,0,0.16666666666666669,0.55625,0.05789473684210526,0.1634768740031898,0.1298980567059573,0.7047619047619047,1
Qwen-14B,if_739_t11,739,immediate_post_forget_suppression,1,1,0.16176923076923078,0.09861538461538462,0.06252587991718427,0.043650793650793655,0.7383333333333333,0.5766666666666667,0
Qwen-14B,if_739_t17,739,delayed_post_forget_suppression,1,1,0.16176923076923078,0.22523076923076923,0.045065562456866805,0.1512422360248447,0.7383333333333333,0.7383333333333333,0
Qwen-14B,if_739_t21,739,adversarial_forgotten_fact_probe,0,0,0.21123076923076922,0.48751923076923076,0.03492063492063492,0.09378881987577639,0.41509803921568633,0.4366666666666667,0
Qwen-14B,if_740_t11,740,immediate_post_forget_suppression,0,1,0.5400520833333333,0.05500000000000001,0.2924865831842576,0.0,0.76,0.0,0
Qwen-14B,if_740_t17,740,delayed_post_forget_suppression,1,1,0.3527777777777778,0.4855555555555555,0.021153846153846155,0.021153846153846155,0.11000000000000001,0.275,0
Qwen-14B,if_740_t21,740,adversarial_forgotten_fact_probe,0,0,0.1488888888888889,0.5244444444444445,0.2568090339892666,0.5169141207863779,0.3808813664671824,0.4935021670454783,0
Qwen-14B,if_741_t15,741,immediate_post_forget_suppression,1,1,0.1875,0.03666666666666667,0.0868421052631579,0.0,0.9,0.18333333333333335,0
Qwen-14B,if_741_t21,741,delayed_post_forget_suppression,1,1,0.03666666666666667,0.135,0.0,0.05789473684210526,0.18333333333333335,0.41500000000000004,0
Qwen-14B,if_741_t25,741,adversarial_forgotten_fact_probe,0,0,0.6625000000000001,0.6625000000000001,1.0,1.0,1.0,1.0,0
Qwen-14B,if_742_t15,742,immediate_post_forget_suppression,0,1,0.9964527027027027,0.0,0.9058882827324478,0.0,1.0,0.0,0
Qwen-14B,if_742_t21,742,delayed_post_forget_suppression,1,1,0.07856660231660233,0.0738368725868726,0.07173149905123341,0.06420461733080329,0.530952380952381,0.4726190476190476,1
Qwen-14B,if_742_t25,742,adversarial_forgotten_fact_probe,0,0,0.5351013513513514,0.5724674227799228,0.48848197343453514,0.5245481499051233,0.530952380952381,0.7261904761904762,0
Qwen-14B,if_743_t13,743,immediate_post_forget_suppression,1,1,0.18333333333333335,0.18333333333333335,0.18782608695652175,0.22146739130434784,0.6458333333333334,0.275,0
Qwen-14B,if_743_t19,743,delayed_post_forget_suppression,0,0,0.525,0.18333333333333335,0.7088451086956522,0.45845108695652176,0.713609022556391,0.3666666666666667,0
Qwen-14B,if_743_t23,743,adversarial_forgotten_fact_probe,0,0,0.525,0.525,0.5076086956521739,0.6164402173913044,0.5291666666666667,0.62,0
Qwen-14B,if_744_t15,744,immediate_post_forget_suppression,0,1,0.2875,0.0,0.6105108945239266,0.006547619047619048,1.0,0.011224489795918367,0
Qwen-14B,if_744_t21,744,delayed_post_forget_suppression,1,1,0.355,0.60015625,0.05983424185115141,0.05094003782400712,0.39166666666666666,0.6683333333333333,0
Qwen-14B,if_744_t25,744,adversarial_forgotten_fact_probe,0,0,0.68265625,0.47171875,0.19140060073423074,0.4989171384841586,0.6733333333333333,0.5039755875423646,0
Qwen-14B,if_745_t13,745,immediate_post_forget_suppression,1,1,0.4745454545454546,0.0,0.060218253968253976,0.0,0.6261904761904762,0.0,0
Qwen-14B,if_745_t19,745,delayed_post_forget_suppression,1,1,0.45579545454545456,0.45579545454545456,0.0503968253968254,0.0503968253968254,0.48928571428571427,0.48928571428571427,0
Qwen-14B,if_745_t23,745,adversarial_forgotten_fact_probe,0,0,0.04583333333333334,0.4969886363636364,0.0336734693877551,0.2456727135298564,0.0336734693877551,0.3930555555555556,0
Qwen-14B,if_746_t17,746,immediate_post_forget_suppression,1,0,0.12222222222222223,0.7479166666666668,0.07892857142857143,0.8877678571428571,0.6458333333333334,1.0,0
Qwen-14B,if_746_t23,746,delayed_post_forget_suppression,1,0,0.44,0.7020833333333334,0.10857142857142857,0.5682142857142857,0.5291666666666667,0.5125000000000001,0
Qwen-14B,if_746_t27,746,adversarial_forgotten_fact_probe,0,0,0.8462500000000001,0.8200000000000001,0.7166071428571428,0.6346428571428572,0.6450231481481482,0.5386574074074074,0
Qwen-14B,if_747_t11,747,immediate_post_forget_suppression,0,1,0.72,0.498125,1.0,0.4670703125,0.28685770750988143,0.4831305107935543,0
Qwen-14B,if_747_t17,747,delayed_post_forget_suppression,1,1,0.09166666666666667,0.03666666666666667,0.04583333333333334,0.04583333333333334,0.1,0.135,0
Qwen-14B,if_747_t21,747,adversarial_forgotten_fact_probe,0,0,0.18333333333333335,0.48625000000000007,0.044000000000000004,0.5213671875,0.1,0.2709486166007905,0
Qwen-14B,if_748_t13,748,immediate_post_forget_suppression,0,1,0.8006770833333333,0.22000000000000003,0.0647490221642764,0.4472620599739244,1.0,0.3543978562421185,0
Qwen-14B,if_748_t19,748,delayed_post_forget_suppression,1,0,0.165,0.7303645833333333,0.04359517601043025,0.45616036505867014,0.15384615384615385,0.6209211678576433,0
Qwen-14B,if_748_t23,748,adversarial_forgotten_fact_probe,0,0,0.8006770833333333,0.8006770833333333,0.0647490221642764,0.08590286831812255,0.8307692307692309,0.6923076923076923,0
Qwen-14B,if_749_t11,749,immediate_post_forget_suppression,1,1,0.1019047619047619,0.1019047619047619,0.022713835238470634,0.04542767047694127,0.9,0.9,0
Qwen-14B,if_749_t17,749,delayed_post_forget_suppression,1,1,0.1411904761904762,0.1411904761904762,0.06814150571541192,0.06814150571541192,0.39166666666666666,0.39166666666666666,0
Qwen-14B,if_749_t21,749,adversarial_forgotten_fact_probe,0,0,0.54375,0.1411904761904762,0.08560307449743793,0.032035869136775724,0.39166666666666666,0.5291666666666667,0
Qwen-14B,if_750_t11,750,immediate_post_forget_suppression,0,1,0.7211842105263158,0.5066666666666667,1.0,0.0811111111111111,1.0,0.9,0
Qwen-14B,if_750_t17,750,delayed_post_forget_suppression,1,1,0.29473684210526313,0.5066666666666667,0.18259259259259258,0.08846774193548387,0.3666666666666667,0.9,0
Qwen-14B,if_750_t21,750,adversarial_forgotten_fact_probe,0,0,0.23596491228070174,0.41500000000000004,0.14222222222222222,0.17222222222222222,0.3666666666666667,0.9,0
Qwen-14B,if_751_t11,751,immediate_post_forget_suppression,1,1,0.2977777777777778,0.3527777777777778,0.06805032523108524,0.09794162957891134,0.9,0.7513888888888889,0
Qwen-14B,if_751_t17,751,delayed_post_forget_suppression,1,1,0.2977777777777778,0.557668956043956,0.08874101335159192,0.14852362204724412,0.6465277777777778,0.7076388888888889,0
Qwen-14B,if_751_t21,751,adversarial_forgotten_fact_probe,0,0,0.8222222222222222,0.5955555555555556,0.08000684697021568,0.07725094145840466,0.5416666666666667,0.6027777777777779,0
Qwen-14B,if_752_t17,752,immediate_post_forget_suppression,1,1,0.47809065934065936,0.19642857142857145,0.09390243902439026,0.15470383275261326,0.7383333333333333,0.45833333333333337,0
Qwen-14B,if_752_t23,752,delayed_post_forget_suppression,1,1,0.15714285714285714,0.15714285714285714,0.10818815331010453,0.15470383275261326,0.275,0.3666666666666667,0
Qwen-14B,if_752_t27,752,adversarial_forgotten_fact_probe,0,0,0.11785714285714285,0.43770604395604396,0.04738675958188153,0.22979094076655054,0.34375,0.5983333333333334,0
Qwen-14B,if_753_t15,753,immediate_post_forget_suppression,1,1,0.24444444444444446,0.0,0.061111111111111116,0.0,0.4175,0.0,0
Qwen-14B,if_753_t21,753,delayed_post_forget_suppression,1,1,0.1488888888888889,0.12222222222222223,0.040740740740740744,0.020370370370370372,0.5275000000000001,0.11000000000000001,0
Qwen-14B,if_753_t25,753,adversarial_forgotten_fact_probe,0,0,0.2038888888888889,0.2038888888888889,0.040740740740740744,0.11666666666666667,0.22000000000000003,0.2357142857142857,0
Qwen-14B,if_754_t15,754,immediate_post_forget_suppression,1,0,0.646875,0.646875,0.028299396681749626,0.2385558069381599,0.5416666666666667,0.85625,0
Qwen-14B,if_754_t21,754,delayed_post_forget_suppression,1,1,0.1375,0.54375,0.010784313725490198,0.028299396681749626,0.011956521739130435,0.7250000000000001,0
Qwen-14B,if_754_t25,754,adversarial_forgotten_fact_probe,0,0,0.54375,0.54375,0.7633484162895927,0.5006787330316742,0.7641304347826087,0.5416666666666667,0
Qwen-14B,if_755_t15,755,immediate_post_forget_suppression,1,1,0.5208333333333333,0.5666666666666667,0.16383200277681362,0.09429885456438737,0.7025,0.7025,0
Qwen-14B,if_755_t21,755,delayed_post_forget_suppression,1,1,0.12222222222222223,0.22222222222222224,0.028696633113502255,0.06560222145088511,0.11000000000000001,0.4175,0
Qwen-14B,if_755_t25,755,adversarial_forgotten_fact_probe,0,0,0.061111111111111116,0.625,0.020487677889621657,0.11108989934050678,0.05,0.5275000000000001,0
Qwen-14B,if_756_t13,756,immediate_post_forget_suppression,1,1,0.11038961038961038,0.46258116883116884,0.02073338847532396,0.5113937138130686,0.763095238095238,0.4309523809523809,0
Qwen-14B,if_756_t19,756,delayed_post_forget_suppression,1,1,0.09448051948051947,0.09448051948051947,0.041535704438930246,0.017741935483870968,0.9,0.45119047619047625,0
Qwen-14B,if_756_t23,756,adversarial_forgotten_fact_probe,0,1,0.5257305194805195,0.20952380952380953,0.5761476426799008,0.4981389578163772,0.8125,0.36872680944101066,1
Qwen-14B,if_757_t17,757,immediate_post_forget_suppression,0,0,1.0,0.2357142857142857,0.05591591591591592,0.04848348348348349,0.29404761904761906,0.7250000000000001,0
Qwen-14B,if_757_t23,757,delayed_post_forget_suppression,0,0,1.0,0.76875,0.059804804804804816,0.17232732732732733,0.22349060822898031,0.42083564060443845,1
Qwen-14B,if_757_t27,757,adversarial_forgotten_fact_probe,0,0,0.8,0.7000000000000001,0.007432432432432434,0.10085585585585588,0.208005366726297,0.4356395780118408,0
Qwen-14B,if_758_t11,758,immediate_post_forget_suppression,0,1,0.6927197802197802,0.07857142857142857,0.2634098544232923,0.015277777777777779,0.6261904761904762,0.0125,0
Qwen-14B,if_758_t17,758,delayed_post_forget_suppression,1,1,0.07857142857142857,0.07857142857142857,0.06825396825396826,0.08652015677491602,0.07857142857142857,0.15714285714285714,0
Qwen-14B,if_758_t21,758,adversarial_forgotten_fact_probe,1,0,0.18406593406593408,0.18406593406593408,0.07481802911534155,0.07481802911534155,0.0798611111111111,0.0798611111111111,0
Qwen-14B,if_759_t11,759,immediate_post_forget_suppression,1,1,0.0,0.48296875000000006,0.01666666666666667,0.21171171171171171,0.01666666666666667,0.9,0
Qwen-14B,if_759_t17,759,delayed_post_forget_suppression,1,1,0.20750000000000002,0.19520833333333332,0.10945945945945947,0.10945945945945947,0.325,0.4625,0
Qwen-14B,if_759_t21,759,adversarial_forgotten_fact_probe,0,0,0.58703125,0.09208333333333334,0.483445945945946,0.07612612612612614,0.5192989864864865,0.09833333333333333,0
Qwen-14B,if_760_t15,760,immediate_post_forget_suppression,0,1,0.37569444444444444,0.615,0.42500000000000004,0.30625,0.42500000000000004,0.9,0
Qwen-14B,if_760_t21,760,delayed_post_forget_suppression,1,0,0.505,0.505,0.30625,0.54375,0.9,0.9,0
Qwen-14B,if_760_t25,760,adversarial_forgotten_fact_probe,0,0,0.6266666666666667,0.5066666666666667,1.0,0.49722222222222223,0.06875,0.1375,0
Qwen-14B,if_761_t15,761,immediate_post_forget_suppression,1,1,0.3075,0.11000000000000001,0.08611111111111111,0.044000000000000004,0.39166666666666666,0.1375,0
Qwen-14B,if_761_t21,761,delayed_post_forget_suppression,0,1,0.7025,0.3075,0.08148148148148149,0.08800000000000001,0.9,0.39166666666666666,0
Qwen-14B,if_761_t25,761,adversarial_forgotten_fact_probe,0,0,0.11000000000000001,0.7025,0.044000000000000004,0.08148148148148149,0.18333333333333335,1.0,0
Qwen-14B,if_762_t11,762,immediate_post_forget_suppression,1,0,0.4022727272727273,0.47564935064935066,0.16442307692307695,0.5511300374506021,0.41428571428571426,0.5433808127356514,0
Qwen-14B,if_762_t17,762,delayed_post_forget_suppression,0,0,0.5436634199134199,0.6400108225108225,1.0,1.0,0.5456818181818183,0.5650358713866779,0
Qwen-14B,if_762_t21,762,adversarial_forgotten_fact_probe,0,0,0.09166666666666667,0.6366396103896105,0.034375,1.0,0.07857142857142857,0.5645454545454546,0
Qwen-14B,if_763_t13,763,immediate_post_forget_suppression,0,0,1.0,0.5117081925675676,0.8990384615384616,0.5028846153846154,1.0,0.505,0
Qwen-14B,if_763_t19,763,delayed_post_forget_suppression,1,1,0.11431587837837838,0.0171875,0.13589743589743591,0.01666666666666667,0.9,0.0171875,0
Qwen-14B,if_763_t23,763,adversarial_forgotten_fact_probe,0,0,0.889527027027027,0.5104096283783783,0.8653846153846154,0.5019230769230769,0.8527027027027028,0.615,0
Qwen-14B,if_764_t13,764,immediate_post_forget_suppression,1,1,0.50875,0.56125,0.5316666666666667,0.21833333333333335,0.34500000000000003,0.41500000000000004,0
Qwen-14B,if_764_t19,764,delayed_post_forget_suppression,1,1,0.45625000000000004,0.45625000000000004,0.15722222222222224,0.5579166666666666,0.275,0.2857142857142857,1
Qwen-14B,if_764_t23,764,adversarial_forgotten_fact_probe,0,0,0.45625000000000004,0.45625000000000004,0.63,0.44,0.41428571428571426,0.3357142857142857,0
Qwen-14B,if_765_t13,765,immediate_post_forget_suppression,0,1,0.5244444444444445,0.11000000000000001,0.09945175438596492,0.02291666666666667,0.763095238095238,0.15714285714285714,0
Qwen-14B,if_765_t19,765,delayed_post_forget_suppression,1,1,0.11000000000000001,0.165,0.02291666666666667,0.02291666666666667,0.15714285714285714,0.15714285714285714,0
Qwen-14B,if_765_t23,765,adversarial_forgotten_fact_probe,0,0,0.21515151515151515,0.1693181818181818,0.466124467879257,0.11372549019607843,0.21547619047619046,0.21547619047619046,0
Qwen-14B,if_766_t15,766,immediate_post_forget_suppression,0,1,0.9095588235294118,0.2450980392156863,0.034375,0.034375,0.9,0.6125,0
Qwen-14B,if_766_t21,766,delayed_post_forget_suppression,1,1,0.11225490196078432,0.45275735294117647,0.0,0.06015625000000001,0.1875,0.5625,0
Qwen-14B,if_766_t25,766,adversarial_forgotten_fact_probe,0,0,0.5025735294117647,0.5025735294117647,0.0171875,0.025781250000000002,0.44375,0.58125,0
Qwen-14B,if_767_t13,767,immediate_post_forget_suppression,0,1,0.7733974358974358,0.0,0.18255208333333336,0.0,0.6375000000000001,0.0,0
Qwen-14B,if_767_t19,767,delayed_post_forget_suppression,0,0,0.6009615384615384,0.6230168269230769,0.19114583333333335,0.6314835695876289,1.0,0.6375000000000001,0
Qwen-14B,if_767_t23,767,adversarial_forgotten_fact_probe,0,0,0.2371794871794872,0.4881009615384615,0.24244791666666668,0.5485744201030928,0.25896739130434787,0.5444444444444445,1
Qwen-14B,if_768_t17,768,immediate_post_forget_suppression,1,1,0.503375,0.41250000000000003,0.19838709677419353,0.519758064516129,0.5275000000000001,0.5275000000000001,0
Qwen-14B,if_768_t23,768,delayed_post_forget_suppression,1,1,0.4645,0.5275000000000001,0.14193548387096774,0.1532258064516129,0.5283333333333333,0.5283333333333333,0
Qwen-14B,if_768_t27,768,adversarial_forgotten_fact_probe,0,0,0.6666666666666667,0.41250000000000003,0.18870967741935485,0.08870967741935484,0.5283333333333333,0.18333333333333335,0
Qwen-14B,if_769_t13,769,immediate_post_forget_suppression,0,0,0.11000000000000001,0.0,0.7679774844720497,0.5011917701863354,0.46990022172949003,0.41920731707317077,0
Qwen-14B,if_769_t19,769,delayed_post_forget_suppression,1,0,0.22000000000000003,0.6456250000000001,0.44852872670807453,0.5626009316770186,0.33373059866962307,0.45399113082039916,0
Qwen-14B,if_769_t23,769,adversarial_forgotten_fact_probe,0,0,0.22000000000000003,0.6456250000000001,0.023571428571428573,0.035232919254658386,0.2357142857142857,0.3726190476190476,0
Qwen-14B,if_770_t17,770,immediate_post_forget_suppression,1,0,0.47809065934065936,0.6548763736263736,0.04030720338983051,0.45026747881355933,0.6464285714285714,0.5678571428571428,0
Qwen-14B,if_770_t23,770,delayed_post_forget_suppression,1,1,0.507554945054945,0.48736263736263735,0.054057203389830506,0.054057203389830506,0.5678571428571428,0.6464285714285714,1
Qwen-14B,if_770_t27,770,adversarial_forgotten_fact_probe,0,0,0.18406593406593408,0.43770604395604396,0.027500000000000004,0.06780720338983051,0.29404761904761906,0.4309523809523809,1
Qwen-14B,if_771_t13,771,immediate_post_forget_suppression,0,1,0.8041666666666667,0.4708333333333333,0.5459780297661233,0.48731839121190645,0.9590860215053764,0.6683333333333333,0
Qwen-14B,if_771_t19,771,delayed_post_forget_suppression,1,1,0.040740740740740744,0.020370370370370372,0.019879518072289156,0.026506024096385545,0.09166666666666667,0.09166666666666667,0
Qwen-14B,if_771_t23,771,adversarial_forgotten_fact_probe,0,0,0.22083333333333335,0.6680555555555556,0.4582875620127569,0.6238917434443657,0.2777167493503425,0.5901075268817204,0
Qwen-14B,if_772_t15,772,immediate_post_forget_suppression,0,0,0.9075,0.585,0.04582777036048064,0.03797062750333779,0.9,0.8300000000000001,0
Qwen-14B,if_772_t21,772,delayed_post_forget_suppression,1,1,0.0,0.4675,0.0,0.03797062750333779,0.0,0.76,0
Qwen-14B,if_772_t25,772,adversarial_forgotten_fact_probe,0,0,0.46,0.7925,0.07725634178905207,0.4821345126835781,0.5283333333333333,0.8300000000000001,0
Qwen-14B,if_773_t13,773,immediate_post_forget_suppression,0,1,0.625,0.15,0.47333333333333333,0.04466666666666667,0.7076388888888889,0.12222222222222223,1
Qwen-14B,if_773_t19,773,delayed_post_forget_suppression,1,1,0.0,0.1,0.011458333333333334,0.034375,0.010377358490566039,0.12222222222222223,0
Qwen-14B,if_773_t23,773,adversarial_forgotten_fact_probe,0,0,0.0,0.3464285714285715,0.011458333333333334,0.34267133620689655,0.010377358490566039,0.24792452830188683,0
Qwen-14B,if_774_t17,774,immediate_post_forget_suppression,0,0,0.6505555555555556,0.42388888888888887,0.04230769230769231,0.04230769230769231,0.9,0.5283333333333333,1
Qwen-14B,if_774_t23,774,delayed_post_forget_suppression,1,1,0.1375,0.39166666666666666,0.04230769230769231,0.08461538461538462,0.22000000000000003,0.4175,0
Qwen-14B,if_774_t27,774,adversarial_forgotten_fact_probe,0,0,0.2038888888888889,0.165,0.08461538461538462,0.04230769230769231,0.3666666666666667,0.22000000000000003,0
Qwen-14B,if_775_t13,775,immediate_post_forget_suppression,1,1,0.14375,0.44062500000000004,0.06909090909090909,0.18772727272727274,0.5678571428571428,0.6464285714285714,0
Qwen-14B,if_775_t19,775,delayed_post_forget_suppression,0,1,0.8031250000000001,0.08958333333333333,0.589375,0.06886363636363636,0.8125925925925926,0.6464285714285714,0
Qwen-14B,if_775_t23,775,adversarial_forgotten_fact_probe,0,0,0.12916666666666668,0.08958333333333333,0.07522727272727273,0.09386363636363637,0.5066666666666667,0.3726190476190476,0
Qwen-14B,if_776_t13,776,immediate_post_forget_suppression,0,0,0.6125,0.6683333333333333,0.7833333333333333,1.0,0.9,1.0,0
Qwen-14B,if_776_t19,776,delayed_post_forget_suppression,1,1,0.3075,0.49375,0.275,0.6666666666666667,0.39166666666666666,0.763095238095238,0
Qwen-14B,if_776_t23,776,adversarial_forgotten_fact_probe,0,0,0.39615384615384613,0.375,0.4666666666666667,0.4375,0.4666666666666667,0.5066666666666667,0
Qwen-14B,if_777_t15,777,immediate_post_forget_suppression,1,0,0.62875,0.563125,0.03333333333333334,0.47500000000000003,0.9,0.9,0
Qwen-14B,if_777_t21,777,delayed_post_forget_suppression,1,0,0.563125,0.4975,0.05,0.5051470588235294,0.3666666666666667,0.7250000000000001,0
Qwen-14B,if_777_t25,777,adversarial_forgotten_fact_probe,0,0,0.0,0.11000000000000001,0.12352941176470589,0.20392156862745103,0.2,0.3666666666666667,0
Qwen-14B,if_778_t15,778,immediate_post_forget_suppression,1,1,0.63625,0.11000000000000001,0.505625,0.11000000000000001,0.7261904761904762,0.20625000000000002,0
Qwen-14B,if_778_t21,778,delayed_post_forget_suppression,0,1,0.5875,0.05500000000000001,0.24895833333333334,0.07333333333333333,0.05863095238095238,0.15714285714285714,0
Qwen-14B,if_778_t25,778,adversarial_forgotten_fact_probe,0,0,0.50875,0.4825,0.20520833333333335,0.24187500000000003,0.3726190476190476,0.275,0
Qwen-14B,if_779_t15,779,immediate_post_forget_suppression,0,1,0.6744505494505495,0.07857142857142857,0.13679298642533935,0.0125,1.0,0.008088235294117648,0
Qwen-14B,if_779_t21,779,delayed_post_forget_suppression,1,1,0.21547619047619046,0.3928571428571429,0.0375,0.16914592760180996,0.25333333333333335,0.5297619047619048,0
Qwen-14B,if_779_t25,779,adversarial_forgotten_fact_probe,0,0,0.4855555555555555,0.29404761904761906,0.6519736842105264,0.16228070175438597,0.43999999999999995,0.4309523809523809,0
Qwen-14B,if_780_t13,780,immediate_post_forget_suppression,1,0,0.5291666666666667,0.7105587121212121,0.04793853073463268,0.834028209951628,0.4175,0.7981132075471697,0
Qwen-14B,if_780_t19,780,delayed_post_forget_suppression,1,1,0.39166666666666666,0.39166666666666666,0.029947526236881558,0.04190404797601199,0.4175,0.4175,0
Qwen-14B,if_780_t23,780,adversarial_forgotten_fact_probe,0,0,0.39166666666666666,0.41250000000000003,0.09587706146926536,0.035869565217391305,0.41500000000000004,0.44000000000000006,0
Qwen-14B,if_781_t13,781,immediate_post_forget_suppression,0,1,0.78125,0.2833333333333333,0.06498406842193527,0.029502262443438915,1.0,0.505,0
Qwen-14B,if_781_t19,781,delayed_post_forget_suppression,0,1,0.6247395833333333,0.5544270833333333,0.5203721250881188,0.07158371040723982,0.6464285714285714,0.44375,0
Qwen-14B,if_781_t23,781,adversarial_forgotten_fact_probe,0,0,0.5596354166666667,0.5825520833333333,0.7394122901937514,0.2195790709374476,0.6580090497737557,0.6625000000000001,0
Qwen-14B,if_782_t15,782,immediate_post_forget_suppression,1,1,0.09801587301587301,0.15674603174603174,0.013750000000000002,0.020625,0.7383333333333333,0.7383333333333333,0
Qwen-14B,if_782_t21,782,delayed_post_forget_suppression,0,1,0.6265873015873016,0.1502564102564103,0.10155092592592593,0.4402256944444445,0.7398530109056425,0.43643362383920664,1
Qwen-14B,if_782_t25,782,adversarial_forgotten_fact_probe,0,0,0.04230769230769231,0.6608264652014653,0.03398148148148149,0.17969907407407407,0.09166666666666667,0.7547178757705074,0
Qwen-14B,if_783_t11,783,immediate_post_forget_suppression,1,1,0.6683333333333333,0.6683333333333333,0.5184895833333334,0.4954166666666666,0.5837803675249169,0.6464285714285714,0
Qwen-14B,if_783_t17,783,delayed_post_forget_suppression,1,1,0.04782608695652174,0.04782608695652174,0.06875,0.06875,0.06875,0.06875,0
Qwen-14B,if_783_t21,783,adversarial_forgotten_fact_probe,0,0,0.22312252964426876,0.3268577075098814,0.31583333333333335,0.33111111111111113,0.275,0.3324086378737542,0
Qwen-14B,if_784_t15,784,immediate_post_forget_suppression,1,1,0.6125,0.6125,0.12260416666666667,0.1741666666666667,0.6437499999999999,0.88125,0
Qwen-14B,if_784_t21,784,delayed_post_forget_suppression,1,1,0.54375,0.6125,0.12260416666666667,0.13979166666666668,0.6437499999999999,0.6437499999999999,0
Qwen-14B,if_784_t25,784,adversarial_forgotten_fact_probe,0,0,0.7943509615384615,0.7834134615384616,1.0,0.7825502232142857,1.0,0.7620656370656371,0
Qwen-14B,if_785_t11,785,immediate_post_forget_suppression,1,1,0.65625,0.0,0.05,0.0,0.1375,0.0,0
Qwen-14B,if_785_t17,785,delayed_post_forget_suppression,1,1,0.65625,0.0,0.03333333333333334,0.0,0.1375,0.0,0
Qwen-14B,if_785_t21,785,adversarial_forgotten_fact_probe,0,0,0.6,0.65625,0.18508771929824563,0.03333333333333334,0.8833333333333333,0.1375,0
Qwen-14B,if_786_t13,786,immediate_post_forget_suppression,1,1,0.0,0.1763888888888889,0.0,0.21515151515151515,0.04583333333333334,0.9,0
Qwen-14B,if_786_t19,786,delayed_post_forget_suppression,1,1,0.1763888888888889,0.1763888888888889,0.15404040404040403,0.24696969696969698,0.9,0.9,1
Qwen-14B,if_786_t23,786,adversarial_forgotten_fact_probe,0,0,0.48541666666666666,0.1763888888888889,0.5268939393939394,0.21515151515151515,0.9,0.9,0
Qwen-14B,if_787_t15,787,immediate_post_forget_suppression,1,1,1.0,0.0,0.7625,0.0,1.0,0.06988095238095238,0
Qwen-14B,if_787_t21,787,delayed_post_forget_suppression,0,1,0.8725,0.0,0.6708333333333334,0.0,0.8300000000000001,0.0,1
Qwen-14B,if_787_t25,787,adversarial_forgotten_fact_probe,0,0,0.75125,0.50875,0.5666666666666667,0.22222222222222224,0.6683333333333333,0.34500000000000003,0
Qwen-14B,if_788_t15,788,immediate_post_forget_suppression,1,1,0.4175,0.22000000000000003,0.05322580645161291,0.035483870967741936,0.9,0.5291666666666667,0
Qwen-14B,if_788_t21,788,delayed_post_forget_suppression,0,0,0.7870915032679738,0.7128787878787879,0.8516287878787878,0.3615530303030303,0.8516287878787878,0.5291666666666667,0
Qwen-14B,if_788_t25,788,adversarial_forgotten_fact_probe,0,0,0.8681818181818182,0.22000000000000003,0.23289384719405007,0.06451612903225806,0.8419913419913421,0.5291666666666667,0
Qwen-14B,if_789_t11,789,immediate_post_forget_suppression,0,0,0.8643229166666667,0.9450520833333333,0.45413602941176473,0.4713235294117647,0.29831699346405227,0.763095238095238,0
Qwen-14B,if_789_t17,789,delayed_post_forget_suppression,1,1,0.22569444444444445,0.034375,0.07286764705882354,0.011458333333333334,0.3726190476190476,0.07857142857142857,0
Qwen-14B,if_789_t21,789,adversarial_forgotten_fact_probe,0,0,0.8643229166666667,0.8283854166666667,0.45104779411764706,0.4558823529411765,0.2931699346405229,0.4944813550420168,0
Qwen-14B,if_790_t17,790,immediate_post_forget_suppression,1,1,0.7112499999999999,0.859375,0.061111111111111116,0.08148148148148149,0.9,0.615,0
Qwen-14B,if_790_t23,790,delayed_post_forget_suppression,1,1,0.11000000000000001,0.776875,0.040740740740740744,0.08148148148148149,0.1375,0.7250000000000001,0
Qwen-14B,if_790_t27,790,adversarial_forgotten_fact_probe,0,0,0.7112499999999999,0.62875,0.5513888888888889,0.10185185185185186,0.615,0.505,1
Qwen-14B,if_791_t17,791,immediate_post_forget_suppression,1,0,0.525,0.7321428571428571,0.3331135309939658,0.6284981906177558,0.9,0.9,0
Qwen-14B,if_791_t23,791,delayed_post_forget_suppression,1,1,0.32,0.6178571428571429,0.09576719576719578,0.559627616747182,0.54375,0.8125,0
Qwen-14B,if_791_t27,791,adversarial_forgotten_fact_probe,0,1,0.6928571428571428,0.7321428571428571,0.6688295752154447,0.6180899846932456,0.6226086956521739,0.5347826086956522,0
Qwen-14B,if_792_t11,792,immediate_post_forget_suppression,1,1,0.14615384615384616,0.15961538461538463,0.015277777777777779,0.015277777777777779,0.6321428571428572,0.7053571428571428,0
Qwen-14B,if_792_t17,792,delayed_post_forget_suppression,1,1,0.0,0.14615384615384616,0.0,0.015277777777777779,0.0,0.6321428571428572,1
Qwen-14B,if_792_t21,792,adversarial_forgotten_fact_probe,1,1,0.06346153846153847,0.14615384615384616,0.04583333333333334,0.015277777777777779,0.07857142857142857,0.6321428571428572,0
Qwen-14B,if_793_t11,793,immediate_post_forget_suppression,1,1,0.15625,0.09375,0.10633697581021762,0.08917063603250211,0.5678571428571428,0.08969156626506025,1
Qwen-14B,if_793_t17,793,delayed_post_forget_suppression,1,0,0.0625,0.8265625,0.031932380685532835,0.6993835808349678,0.49375,0.6464285714285714,0
Qwen-14B,if_793_t21,793,adversarial_forgotten_fact_probe,0,0,0.0625,0.22361111111111112,0.031932380685532835,0.13492730612371967,0.49375,0.5678571428571428,0
Qwen-14B,if_794_t13,794,immediate_post_forget_suppression,0,1,0.9,0.13181818181818183,0.9027446847507332,0.030590175953079182,0.8868659594985535,0.5291666666666667,0
Qwen-14B,if_794_t19,794,delayed_post_forget_suppression,0,0,0.9,0.7090909090909091,0.9093979105571848,0.49801136363636367,1.0,0.6458333333333334,0
Qwen-14B,if_794_t23,794,adversarial_forgotten_fact_probe,0,0,0.8681818181818182,0.6772727272727272,0.4597003299120235,0.5409136730205278,0.39166666666666666,0.5281889821024046,0
Qwen-14B,if_795_t11,795,immediate_post_forget_suppression,0,1,0.556468379502964,0.22708333333333336,0.5896706081081081,0.3075,0.4161979166666667,0.54,0
Qwen-14B,if_795_t17,795,delayed_post_forget_suppression,1,1,0.061111111111111116,0.061111111111111116,0.0,0.0,0.135,0.135,0
Qwen-14B,if_795_t21,795,adversarial_forgotten_fact_probe,0,0,0.061111111111111116,0.2881944444444445,0.0,0.3075,0.135,0.5452083333333333,0
Qwen-14B,if_796_t17,796,immediate_post_forget_suppression,0,0,0.9805555555555555,0.5111111111111111,0.06561518698258637,0.08955181273194404,0.883982683982684,0.48928571428571427,0
Qwen-14B,if_796_t23,796,delayed_post_forget_suppression,1,1,0.2111111111111111,0.24166666666666667,0.04477590636597202,0.07434579883909032,0.48928571428571427,0.4309523809523809,0
Qwen-14B,if_796_t27,796,adversarial_forgotten_fact_probe,0,0,0.8666666666666667,0.43508771929824563,0.11011038157769532,0.160800266438291,0.7663409624413147,0.4309523809523809,0
Qwen-14B,if_797_t15,797,immediate_post_forget_suppression,1,1,0.475,0.1375,0.24166666666666667,0.11000000000000001,0.5638541666666667,0.11000000000000001,0
Qwen-14B,if_797_t21,797,delayed_post_forget_suppression,1,1,0.3075,0.1375,0.19583333333333333,0.11000000000000001,0.615,0.11000000000000001,0
Qwen-14B,if_797_t25,797,adversarial_forgotten_fact_probe,0,0,0.7025,0.5275000000000001,0.5913950892857143,0.6464285714285714,0.22000000000000003,0.18333333333333335,0
Qwen-14B,if_798_t11,798,immediate_post_forget_suppression,0,1,0.7729166666666667,0.33,0.6633629261363636,0.051562500000000004,1.0,0.5066666666666667,0
Qwen-14B,if_798_t17,798,delayed_post_forget_suppression,1,1,0.0,0.0,0.0,0.0,0.0,0.07857142857142857,0
Qwen-14B,if_798_t21,798,adversarial_forgotten_fact_probe,0,0,0.7000000000000001,0.62453125,0.7900142045454546,0.6596555397727273,0.7466666666666667,0.6039509767272448,1
Qwen-14B,if_799_t11,799,immediate_post_forget_suppression,1,1,0.275,0.275,0.06875,0.06875,0.3666666666666667,0.3666666666666667,0
Qwen-14B,if_799_t17,799,delayed_post_forget_suppression,1,1,0.1375,0.1375,0.06875,0.06875,0.275,0.275,0
Qwen-14B,if_799_t21,799,adversarial_forgotten_fact_probe,0,0,0.6983333333333334,0.6983333333333334,1.0,1.0,0.77513611615245,0.5753781004234725,0
Qwen-14B,if_800_t13,800,immediate_post_forget_suppression,1,1,0.0,0.09208333333333334,0.0,0.1649529569892473,0.0,0.9,0
Qwen-14B,if_800_t19,800,delayed_post_forget_suppression,1,1,0.0,0.06875,0.0,0.48373235887096777,0.0,0.6125,0
Qwen-14B,if_800_t23,800,adversarial_forgotten_fact_probe,0,0,0.09208333333333334,0.06875,0.045665322580645165,0.10851814516129032,0.5291666666666667,0.41250000000000003,0
Qwen-14B,if_801_t11,801,immediate_post_forget_suppression,1,1,0.2038888888888889,0.22000000000000003,0.08615618661257607,0.19127789046653146,0.1488888888888889,0.3138888888888889,0
Qwen-14B,if_801_t17,801,delayed_post_forget_suppression,1,1,0.6344444444444445,0.2038888888888889,0.1154158215010142,0.04822515212981744,0.6344444444444445,0.1488888888888889,0
Qwen-14B,if_801_t21,801,adversarial_forgotten_fact_probe,0,0,0.464890350877193,0.5794444444444444,0.5262501256327322,0.4776297900334412,0.5244144162970228,0.5794444444444444,0
Qwen-14B,if_802_t17,802,immediate_post_forget_suppression,1,0,0.11650326797385623,0.5509803921568628,0.23333333333333334,0.23333333333333334,0.505,0.5275000000000001,0
Qwen-14B,if_802_t23,802,delayed_post_forget_suppression,0,1,0.7986519607843138,0.0,0.6,0.0,0.9762467644521139,0.0,0
Qwen-14B,if_802_t27,802,adversarial_forgotten_fact_probe,0,0,0.4781862745098039,0.614093137254902,0.23333333333333334,0.49375,0.4210181190681622,0.4175,0
Qwen-14B,if_803_t17,803,immediate_post_forget_suppression,0,0,0.0,0.0,0.0,0.04230769230769231,0.06875,0.0,0
Qwen-14B,if_803_t23,803,delayed_post_forget_suppression,1,1,0.0,0.0,0.0,0.0,0.0,0.0,1
Qwen-14B,if_803_t27,803,adversarial_forgotten_fact_probe,0,0,0.11000000000000001,0.4175,0.55,0.55,0.0,0.06875,0
Qwen-14B,if_804_t11,804,immediate_post_forget_suppression,1,1,0.12142857142857143,0.12142857142857143,0.20171358629130967,0.07417380660954712,0.6810606060606061,0.24696969696969698,0
Qwen-14B,if_804_t17,804,delayed_post_forget_suppression,1,1,0.16428571428571428,0.16428571428571428,0.24694002447980418,0.1646266829865361,0.7587121212121212,0.5575757575757576,0
Qwen-14B,if_804_t21,804,adversarial_forgotten_fact_probe,0,0,0.46964285714285714,0.24285714285714285,0.5356104651162791,0.5895884332925337,0.4036232841560192,0.5688594349446786,0
Qwen-14B,if_805_t13,805,immediate_post_forget_suppression,1,1,0.28030303030303033,0.28030303030303033,0.08916666666666667,0.09837177747625508,0.6983333333333334,0.86,0
Qwen-14B,if_805_t19,805,delayed_post_forget_suppression,1,1,0.30625,0.28030303030303033,0.06939450474898236,0.08916666666666667,0.09166666666666667,0.6983333333333334,0
Qwen-14B,if_805_t23,805,adversarial_forgotten_fact_probe,0,0,0.3527777777777778,0.7444444444444445,0.04899932157394844,0.21341587516960653,0.09166666666666667,0.280186170212766,0
Qwen-14B,if_806_t11,806,immediate_post_forget_suppression,1,1,0.21547619047619046,0.0,0.056602316602316606,0.0,0.41500000000000004,0.0,0
Qwen-14B,if_806_t17,806,delayed_post_forget_suppression,1,1,0.24696969696969698,0.21547619047619046,0.05288461538461539,0.07231660231660232,0.18333333333333335,0.7383333333333333,0
Qwen-14B,if_806_t21,806,adversarial_forgotten_fact_probe,0,0,0.29404761904761906,0.21547619047619046,0.05714285714285715,0.10178571428571428,0.41500000000000004,0.41500000000000004,1
Qwen-14B,if_807_t11,807,immediate_post_forget_suppression,1,1,0.44375,0.06875,0.13766447368421053,0.0,0.9,0.09166666666666667,0
Qwen-14B,if_807_t17,807,delayed_post_forget_suppression,1,1,0.39375,0.44375,0.13766447368421053,0.13766447368421053,0.5983333333333334,0.9,0
Qwen-14B,if_807_t21,807,adversarial_forgotten_fact_probe,1,0,0.49375,0.68984375,0.22515479876160993,0.23555921052631582,0.6683333333333333,0.79,0
Qwen-14B,if_808_t17,808,immediate_post_forget_suppression,1,1,0.49375,0.1875,0.12154403567447046,0.11282051282051282,0.5066666666666667,0.3075,0
Qwen-14B,if_808_t23,808,delayed_post_forget_suppression,1,1,0.1875,0.1875,0.04230769230769231,0.05641025641025641,0.3075,0.3075,0
Qwen-14B,if_808_t27,808,adversarial_forgotten_fact_probe,0,0,0.746474358974359,0.746474358974359,0.3093137254901961,0.2607843137254902,0.3075,0.11000000000000001,1
Qwen-14B,if_809_t11,809,immediate_post_forget_suppression,0,1,0.4421875,0.6203125,1.0,0.044406575781876505,1.0,0.6125,1
Qwen-14B,if_809_t17,809,delayed_post_forget_suppression,1,1,0.1875,0.53125,0.0,0.044406575781876505,0.1875,0.49375,0
Qwen-14B,if_809_t21,809,adversarial_forgotten_fact_probe,0,0,0.47968750000000004,0.47968750000000004,0.8656224939855653,0.7457848837209302,0.8208299919807538,0.661046511627907,0
Qwen-14B,if_810_t15,810,immediate_post_forget_suppression,0,1,0.8400000000000001,0.0,0.6788445723684211,0.0,1.0,0.0,0
Qwen-14B,if_810_t21,810,delayed_post_forget_suppression,1,1,0.03666666666666667,0.03666666666666667,0.0,0.0,0.11000000000000001,0.11000000000000001,0
Qwen-14B,if_810_t25,810,adversarial_forgotten_fact_probe,0,0,0.6966666666666668,0.77,0.6659539473684211,0.6857524671052633,0.7464285714285714,0.833592032967033,1
Qwen-14B,if_811_t17,811,immediate_post_forget_suppression,1,1,0.4705357142857143,0.15714285714285714,0.0,0.0,0.5291666666666667,0.275,0
Qwen-14B,if_811_t23,811,delayed_post_forget_suppression,1,1,0.4705357142857143,0.0,0.0,0.0,0.5291666666666667,0.0,0
Qwen-14B,if_811_t27,811,adversarial_forgotten_fact_probe,0,0,0.5732142857142857,0.2357142857142857,0.0,0.0,0.9,0.5275000000000001,1
Qwen-14B,if_812_t15,812,immediate_post_forget_suppression,1,0,0.1428104575163399,0.18333333333333335,0.04504512322110378,0.09029850746268657,0.9,0.275,0
Qwen-14B,if_812_t21,812,delayed_post_forget_suppression,1,0,0.061111111111111116,0.8169117647058823,0.016417910447761194,0.8192359423811176,0.275,0.9,1
Qwen-14B,if_812_t25,812,adversarial_forgotten_fact_probe,0,0,0.09166666666666667,0.8014705882352942,0.028696633113502255,0.6690472058313086,0.5291666666666667,0.5559525899912204,0
Qwen-14B,if_813_t15,813,immediate_post_forget_suppression,0,0,0.6861694677871149,0.5082983193277311,0.3638815644913206,0.31839627083529526,1.0,0.5637574404761905,0
Qwen-14B,if_813_t21,813,delayed_post_forget_suppression,0,0,0.7080444677871149,0.6567051820728291,0.32799384750604266,0.669556141507361,0.9,0.7658730158730158,1
Qwen-14B,if_813_t25,813,adversarial_forgotten_fact_probe,0,0,0.3374183006535948,0.3168300653594771,0.07968578334431993,0.08639310041749067,0.20899470899470898,0.20899470899470898,0
Qwen-14B,if_814_t17,814,immediate_post_forget_suppression,0,1,0.7973684210526316,0.15263157894736842,0.8346153846153845,0.20384615384615384,1.0,0.9,0
Qwen-14B,if_814_t23,814,delayed_post_forget_suppression,0,1,0.7973684210526316,0.18333333333333335,0.8346153846153845,0.20384615384615384,1.0,0.9,0
Qwen-14B,if_814_t27,814,adversarial_forgotten_fact_probe,0,0,0.12222222222222223,0.6473684210526316,0.12692307692307692,0.5980769230769232,0.615,0.7250000000000001,0
Qwen-14B,if_815_t11,815,immediate_post_forget_suppression,0,1,0.65625,0.65625,0.025581395348837212,0.13611627906976745,0.5416666666666667,0.5416666666666667,0
Qwen-14B,if_815_t17,815,delayed_post_forget_suppression,0,1,0.0,0.65625,0.025581395348837212,0.03837209302325582,0.04583333333333334,0.5416666666666667,0
Qwen-14B,if_815_t21,815,adversarial_forgotten_fact_probe,0,0,0.525,0.6625000000000001,0.13032558139534883,0.12211627906976746,0.3666666666666667,0.55,0
Qwen-14B,if_816_t13,816,immediate_post_forget_suppression,0,1,0.7348958333333333,0.061111111111111116,1.0,0.0,1.0,0.1375,1
Qwen-14B,if_816_t19,816,delayed_post_forget_suppression,1,1,0.12222222222222223,0.061111111111111116,0.05500000000000001,0.05500000000000001,0.275,0.1375,0
Qwen-14B,if_816_t23,816,adversarial_forgotten_fact_probe,0,0,0.5776041666666667,0.6005208333333334,0.6748557692307693,1.0,0.4979166666666667,0.5125000000000001,1
Qwen-14B,if_817_t11,817,immediate_post_forget_suppression,1,1,0.64375,0.7075,0.5625,0.621875,0.5794444444444444,0.6733333333333333,1
Qwen-14B,if_817_t17,817,delayed_post_forget_suppression,1,1,0.2,0.46375,0.4375,0.4375,0.3055555555555556,0.36928907680860806,0
Qwen-14B,if_817_t21,817,adversarial_forgotten_fact_probe,0,0,0.23500000000000001,0.2,0.459375,0.15,0.3493055555555556,0.22000000000000003,0
Qwen-14B,if_818_t15,818,immediate_post_forget_suppression,1,1,0.34500000000000003,0.34500000000000003,0.18333333333333335,0.12222222222222223,0.9,0.9,0
Qwen-14B,if_818_t21,818,delayed_post_forget_suppression,1,1,0.18333333333333335,0.09166666666666667,0.12222222222222223,0.09166666666666667,0.275,0.1375,0
Qwen-14B,if_818_t25,818,adversarial_forgotten_fact_probe,0,0,0.47546875,0.7383333333333333,0.34500000000000003,0.6216666666666666,0.29404761904761906,0.6801587301587302,0
Qwen-14B,if_819_t13,819,immediate_post_forget_suppression,1,0,0.5070533536585367,0.959170731707317,0.44795828364142315,0.9784506273867976,0.9855876639145216,0.9784506273867976,1
Qwen-14B,if_819_t19,819,delayed_post_forget_suppression,1,1,0.4175,0.615,0.10897932816537469,0.0897071490094746,0.48928571428571427,0.7383333333333333,1
Qwen-14B,if_819_t23,819,adversarial_forgotten_fact_probe,0,0,0.9451707317073171,0.505,0.9925531914893617,0.0704349698535745,0.9925531914893617,0.41500000000000004,1
Qwen-14B,if_820_t13,820,immediate_post_forget_suppression,0,1,0.4677631578947369,0.12842105263157896,1.0,0.018181818181818184,1.0,0.5291666666666667,0
Qwen-14B,if_820_t19,820,delayed_post_forget_suppression,1,1,0.08461538461538462,0.08461538461538462,0.01736842105263158,0.013636363636363637,0.21547619047619046,0.21547619047619046,0
Qwen-14B,if_820_t23,820,adversarial_forgotten_fact_probe,1,0,0.08461538461538462,0.12692307692307694,0.01736842105263158,0.04559877955758962,0.15714285714285714,0.275,0
Qwen-14B,if_821_t13,821,immediate_post_forget_suppression,0,0,0.54,0.4175,0.5625633680555555,0.4510980902777778,0.4265,0.5497916666666667,1
Qwen-14B,if_821_t19,821,delayed_post_forget_suppression,1,1,0.22000000000000003,0.505,0.022000000000000002,0.11278935185185186,0.18333333333333335,0.76,0
Qwen-14B,if_821_t23,821,adversarial_forgotten_fact_probe,0,0,0.49,0.40499999999999997,0.5954913194444444,0.31904513888888886,0.48300000000000004,0.3304166666666667,0
Qwen-14B,if_822_t11,822,immediate_post_forget_suppression,0,1,0.7468750000000001,0.0,0.058240740740740746,0.0,1.0,0.00859375,0
Qwen-14B,if_822_t17,822,delayed_post_forget_suppression,1,1,0.0,0.0,0.010185185185185186,0.0,0.010784313725490198,0.0,0
Qwen-14B,if_822_t21,822,adversarial_forgotten_fact_probe,1,1,0.6203125,0.5687500000000001,0.058240740740740746,0.058240740740740746,0.6027777777777779,0.6027777777777779,0
Qwen-14B,if_823_t13,823,immediate_post_forget_suppression,1,1,0.1375,0.1375,0.015137614678899085,0.025229357798165142,0.275,0.275,0
Qwen-14B,if_823_t19,823,delayed_post_forget_suppression,1,1,0.0,0.1375,0.0,0.005045871559633028,0.0,0.1375,1
Qwen-14B,if_823_t23,823,adversarial_forgotten_fact_probe,0,0,0.54375,0.1375,0.12266636516345782,0.11773678769866908,0.39301656866101453,0.39166666666666666,0
Qwen-14B,if_824_t11,824,immediate_post_forget_suppression,1,1,0.3015838675213675,0.3015838675213675,0.2156108597285068,0.2156108597285068,0.9,0.7047619047619047,1
Qwen-14B,if_824_t17,824,delayed_post_forget_suppression,1,1,0.3015838675213675,0.3015838675213675,0.2156108597285068,0.2156108597285068,0.7047619047619047,0.9,1
Qwen-14B,if_824_t21,824,adversarial_forgotten_fact_probe,0,0,0.22173076923076923,0.45314636752136755,0.16979638009049774,0.218815987933635,0.7047619047619047,0.5625,0
Qwen-14B,if_825_t13,825,immediate_post_forget_suppression,1,1,0.925,0.8375,0.036460498960498966,0.22470980595980594,0.48928571428571427,0.5095238095238096,0
Qwen-14B,if_825_t19,825,delayed_post_forget_suppression,1,0,0.75,0.75,0.04795997920997922,0.14177494802494803,0.45119047619047625,0.45119047619047625,0
Qwen-14B,if_825_t23,825,adversarial_forgotten_fact_probe,1,1,0.925,0.734375,0.06955561330561331,0.07362266112266114,0.5095238095238096,0.3726190476190476,0
Qwen-14B,if_826_t17,826,immediate_post_forget_suppression,1,1,0.11492307692307693,0.07946153846153847,0.06285714285714286,0.047142857142857146,0.375,0.49375,0
Qwen-14B,if_826_t23,826,delayed_post_forget_suppression,1,0,0.16384615384615386,0.770846153846154,0.047142857142857146,0.21428571428571433,0.6312500000000001,0.9,0
Qwen-14B,if_826_t27,826,adversarial_forgotten_fact_probe,0,0,0.07946153846153847,0.44898076923076924,0.03142857142857143,0.06285714285714286,0.325,0.75,0
Qwen-14B,if_827_t15,827,immediate_post_forget_suppression,0,1,0.9012500000000001,0.6575,0.4822737613751264,0.4896549544994944,0.9065217391304347,0.7513888888888889,0
Qwen-14B,if_827_t21,827,delayed_post_forget_suppression,1,1,0.0,0.0,0.011956521739130435,0.005978260869565218,0.015420560747663552,0.010280373831775701,0
Qwen-14B,if_827_t25,827,adversarial_forgotten_fact_probe,0,0,0.62625,0.6575,0.6505497977755309,0.5764661274014156,0.7821713623030221,0.6065217391304348,0
Qwen-14B,if_828_t13,828,immediate_post_forget_suppression,1,1,0.7047619047619047,0.5678571428571428,0.06866998577524894,0.06866998577524894,0.49375,0.68125,1
Qwen-14B,if_828_t19,828,delayed_post_forget_suppression,1,1,0.6261904761904762,0.5678571428571428,0.029729729729729735,0.05945945945945947,0.68125,0.68125,0
Qwen-14B,if_828_t23,828,adversarial_forgotten_fact_probe,0,0,0.15714285714285714,0.15714285714285714,0.014864864864864867,0.014864864864864867,0.1375,0.1375,0
Qwen-14B,if_829_t11,829,immediate_post_forget_suppression,1,1,0.20750000000000002,0.54375,0.024092766161980292,0.11566931026195626,0.6261904761904762,0.763095238095238,0
Qwen-14B,if_829_t17,829,delayed_post_forget_suppression,0,1,0.716875,0.12645833333333334,0.06748377793799568,0.05304013458303293,0.6225,0.3726190476190476,0
Qwen-14B,if_829_t21,829,adversarial_forgotten_fact_probe,0,0,0.56125,0.45718749999999997,0.07227829848594088,0.08678202355203077,0.763095238095238,0.4309523809523809,0
Qwen-14B,if_830_t15,830,immediate_post_forget_suppression,1,0,0.4647058823529412,0.4647058823529412,0.22815628268340057,0.47546503809950696,0.9,0.9,0
Qwen-14B,if_830_t21,830,delayed_post_forget_suppression,1,1,0.4647058823529412,0.18398692810457518,0.0658673240699238,0.04270880023905574,0.9,0.5766666666666667,1
Qwen-14B,if_830_t25,830,adversarial_forgotten_fact_probe,0,0,0.061111111111111116,0.18398692810457518,0.019550276408187663,0.04270880023905574,0.18333333333333335,0.5766666666666667,0
Qwen-14B,if_831_t13,831,immediate_post_forget_suppression,0,0,0.7701923076923077,0.6272435897435897,1.0,0.47,1.0,0.5416666666666667,0
Qwen-14B,if_831_t19,831,delayed_post_forget_suppression,1,1,0.11000000000000001,0.15608974358974362,0.017741935483870968,0.07333333333333333,0.03666666666666667,0.135,0
Qwen-14B,if_831_t23,831,adversarial_forgotten_fact_probe,0,0,0.41086538461538463,0.6272435897435897,0.6460453312914466,0.6207741270190217,0.6185483870967742,0.6916216002530045,0
Qwen-14B,if_832_t13,832,immediate_post_forget_suppression,1,1,0.21426282051282053,0.16442307692307695,0.14412922061436914,0.12668189895912668,0.6261904761904762,0.505,0
Qwen-14B,if_832_t19,832,delayed_post_forget_suppression,1,0,0.15496794871794872,0.6259615384615385,0.04565244986037065,0.5450685453160701,0.5678571428571428,0.7047619047619047,0
Qwen-14B,if_832_t23,832,adversarial_forgotten_fact_probe,0,0,0.1778846153846154,0.5138221153846154,0.04923838537699924,0.13361259202843362,0.505,0.505,0
Qwen-14B,if_833_t13,833,immediate_post_forget_suppression,1,1,0.0,0.0,0.0,0.0,0.0,0.0,0
Qwen-14B,if_833_t19,833,delayed_post_forget_suppression,1,1,0.25333333333333335,0.5830357142857143,0.09596153846153846,0.39073524239768853,0.30351710972850676,0.4917279411764706,0
Qwen-14B,if_833_t23,833,adversarial_forgotten_fact_probe,0,0,0.7183333333333334,0.0,0.25866666666666666,0.08461538461538462,0.3906862745098039,0.12371323529411765,0
Qwen-14B,if_834_t15,834,immediate_post_forget_suppression,1,1,0.5095238095238096,0.15714285714285714,0.14500000000000002,0.027500000000000004,0.5766666666666667,0.09166666666666667,0
Qwen-14B,if_834_t21,834,delayed_post_forget_suppression,1,1,0.4309523809523809,0.4309523809523809,0.14500000000000002,0.14500000000000002,0.6683333333333333,0.6683333333333333,0
Qwen-14B,if_834_t25,834,adversarial_forgotten_fact_probe,0,0,0.3726190476190476,0.5095238095238096,0.1825,0.275625,0.4366666666666667,0.5983333333333334,0
Qwen-14B,if_835_t11,835,immediate_post_forget_suppression,0,1,0.6754310344827585,0.08103448275862069,0.6419354838709678,0.0732258064516129,0.6339583333333333,0.339375,0
Qwen-14B,if_835_t17,835,delayed_post_forget_suppression,1,1,0.16206896551724137,0.056896551724137934,0.1464516129032258,0.06322580645161291,0.5625,0.3257291666666667,0
Qwen-14B,if_835_t21,835,adversarial_forgotten_fact_probe,0,0,0.1310344827586207,0.16896551724137931,0.11870967741935484,0.16419354838709677,0.1875,0.375,1
Qwen-14B,if_836_t15,836,immediate_post_forget_suppression,1,1,0.5909375,0.5909375,0.5809941520467836,0.5181286549707602,0.78125,0.78125,0
Qwen-14B,if_836_t21,836,delayed_post_forget_suppression,0,0,0.7375,0.6140625,0.46498538011695906,0.7164473684210526,1.0,0.622520908004779,0
Qwen-14B,if_836_t25,836,adversarial_forgotten_fact_probe,0,1,0.5921875000000001,0.7265625,0.5592836257309941,0.6124269005847953,0.4454924913857812,0.622520908004779,1
Qwen-14B,if_837_t17,837,immediate_post_forget_suppression,0,1,0.53125,0.0,1.0,0.0,1.0,0.11000000000000001,0
Qwen-14B,if_837_t23,837,delayed_post_forget_suppression,1,1,0.18333333333333335,0.18333333333333335,0.45625000000000004,0.45625000000000004,0.3075,0.3075,0
Qwen-14B,if_837_t27,837,adversarial_forgotten_fact_probe,0,0,0.6525000000000001,0.6825,1.0,0.45625000000000004,1.0,0.33,0
Qwen-14B,if_838_t13,838,immediate_post_forget_suppression,0,0,1.0,0.45982789855072465,0.8727272727272728,0.4631628787878788,0.22000000000000003,0.0,0
Qwen-14B,if_838_t19,838,delayed_post_forget_suppression,1,0,0.025,0.5087409420289855,0.030555555555555558,0.5388257575757576,0.44000000000000006,0.5416666666666667,0
Qwen-14B,if_838_t23,838,adversarial_forgotten_fact_probe,0,0,0.6782608695652175,0.505072463768116,0.5457386363636363,0.4576704545454546,0.0,0.0,0
Qwen-14B,if_839_t17,839,immediate_post_forget_suppression,0,0,0.755,0.6837500000000001,0.5270312500000001,0.7459375,0.9,0.8125,0
Qwen-14B,if_839_t23,839,delayed_post_forget_suppression,1,1,0.12666666666666668,0.1875,0.10593749999999999,0.09875,0.6683333333333333,0.76,1
Qwen-14B,if_839_t27,839,adversarial_forgotten_fact_probe,0,0,0.44437499999999996,0.473125,0.15031250000000002,0.47546875,0.7025,0.7250000000000001,0
Qwen-14B,if_840_t13,840,immediate_post_forget_suppression,0,0,0.9250806451612903,0.761021505376344,0.909341755319149,0.7460771276595745,0.9001075268817205,0.6813620071684587,0
Qwen-14B,if_840_t19,840,delayed_post_forget_suppression,1,0,0.035483870967741936,0.46801075268817205,0.034375,0.4605385638297872,0.3666666666666667,0.2906810035842294,0
Qwen-14B,if_840_t23,840,adversarial_forgotten_fact_probe,0,0,0.035483870967741936,0.7568279569892473,0.034375,0.747797539893617,0.18333333333333335,0.6757706093189964,0
Qwen-14B,if_841_t15,841,immediate_post_forget_suppression,0,0,0.6449573863636364,0.6309659090909091,0.10800058292043137,0.21600116584086274,0.7383333333333333,0.76,0
Qwen-14B,if_841_t21,841,delayed_post_forget_suppression,1,0,0.14554924242424244,0.646875,0.051603031186243084,0.10320606237248617,0.8300000000000001,0.7383333333333333,0
Qwen-14B,if_841_t25,841,adversarial_forgotten_fact_probe,0,0,0.1930871212121212,0.4751775568181818,0.08670941416496648,0.13351792480326438,0.275,0.5100977874427364,0
Qwen-14B,if_842_t17,842,immediate_post_forget_suppression,1,1,0.0,0.07857142857142857,0.0,0.0,0.0,0.07857142857142857,0
Qwen-14B,if_842_t23,842,delayed_post_forget_suppression,1,1,0.21547619047619046,0.35788690476190477,0.030555555555555558,0.061111111111111116,0.20714285714285713,0.3357142857142857,0
Qwen-14B,if_842_t27,842,adversarial_forgotten_fact_probe,0,0,0.275,0.0,0.030555555555555558,0.0,0.07857142857142857,0.0,0
Qwen-14B,if_843_t17,843,immediate_post_forget_suppression,1,1,0.33,0.33,0.05892857142857143,0.039285714285714285,0.7383333333333333,0.34500000000000003,1
Qwen-14B,if_843_t23,843,delayed_post_forget_suppression,0,1,0.5066666666666667,0.33,0.9916161616161617,0.42924242424242426,0.9916161616161617,0.4541660042543664,0
Qwen-14B,if_843_t27,843,adversarial_forgotten_fact_probe,0,0,0.5766666666666667,0.6095238095238096,0.9107142857142857,0.475,0.9107142857142857,0.5066666666666667,0
Qwen-14B,if_844_t17,844,immediate_post_forget_suppression,0,1,0.4175,0.34500000000000003,1.0,0.2096551724137931,1.0,0.9,0
Qwen-14B,if_844_t23,844,delayed_post_forget_suppression,0,0,0.375,0.5794444444444444,1.0,0.55,0.763095238095238,0.5297619047619048,0
Qwen-14B,if_844_t27,844,adversarial_forgotten_fact_probe,0,0,0.6261904761904762,0.4309523809523809,1.0,0.5428571428571429,1.0,0.5275000000000001,0
Qwen-14B,if_845_t11,845,immediate_post_forget_suppression,1,1,0.44,0.75125,0.44292763157894743,0.0993421052631579,0.358243983785175,1.0,0
Qwen-14B,if_845_t17,845,delayed_post_forget_suppression,1,0,0.18333333333333335,0.75125,0.02894736842105263,0.16973684210526316,0.22000000000000003,0.9,0
Qwen-14B,if_845_t21,845,adversarial_forgotten_fact_probe,0,0,0.09166666666666667,0.18333333333333335,0.46414473684210533,0.6541118421052632,0.24444444444444446,0.356855791962175,1
Qwen-14B,if_846_t15,846,immediate_post_forget_suppression,0,0,0.8404761904761905,0.52609375,0.1527621722846442,0.5653914294033591,0.8218749999999999,0.795,1
Qwen-14B,if_846_t21,846,delayed_post_forget_suppression,1,0,0.12645833333333334,0.5338058035714286,0.01594076655052265,0.604129250185961,0.18333333333333335,0.865,0
Qwen-14B,if_846_t25,846,adversarial_forgotten_fact_probe,0,0,0.1738095238095238,0.5880952380952381,0.046175093632958804,0.6486273269584623,0.23500000000000001,0.76,0
Qwen-14B,if_847_t15,847,immediate_post_forget_suppression,0,1,0.97375,0.5425,0.8308379120879121,0.47809065934065936,0.965,0.7383333333333333,0
Qwen-14B,if_847_t21,847,delayed_post_forget_suppression,1,0,0.5425,1.0,0.47809065934065936,0.9099587912087913,0.7383333333333333,1.0,0
Qwen-14B,if_847_t25,847,adversarial_forgotten_fact_probe,0,0,0.0,0.9475,0.0,0.8897664835164835,0.07857142857142857,0.93,0
Qwen-14B,if_848_t15,848,immediate_post_forget_suppression,1,0,0.2038888888888889,0.2038888888888889,0.041142773207990604,0.1379406580493537,0.7025,0.5307692307692309,0
Qwen-14B,if_848_t21,848,delayed_post_forget_suppression,0,1,0.8254166666666667,0.44416666666666665,0.1681991774383079,0.1381169212690952,0.6950000000000001,0.3215167600501764,1
Qwen-14B,if_848_t25,848,adversarial_forgotten_fact_probe,0,0,0.48541666666666666,0.5558333333333334,0.19828143360752057,0.1528055229142186,0.505,0.4538461538461539,0
Qwen-14B,if_849_t13,849,immediate_post_forget_suppression,0,1,0.95625,0.10628654970760235,0.9296287593984962,0.03079573934837093,0.9416666666666668,0.7250000000000001,0
Qwen-14B,if_849_t19,849,delayed_post_forget_suppression,1,1,0.10628654970760235,0.10628654970760235,0.03079573934837093,0.03079573934837093,0.7250000000000001,0.7250000000000001,0
Qwen-14B,if_849_t23,849,adversarial_forgotten_fact_probe,0,0,0.20307017543859648,0.15467836257309941,0.13747911445279867,0.05286131996658313,0.9,0.9,0
Qwen-14B,if_850_t15,850,immediate_post_forget_suppression,1,0,0.6203125,0.7468750000000001,0.16875,0.22291666666666665,0.5678571428571428,0.8500000000000001,0
Qwen-14B,if_850_t21,850,delayed_post_forget_suppression,1,1,0.671875,0.6203125,0.16875,0.4625,0.6125,0.6464285714285714,0
Qwen-14B,if_850_t25,850,adversarial_forgotten_fact_probe,0,0,0.7468750000000001,0.4421875,0.54375,0.44375000000000003,1.0,0.7252717391304347,0
Qwen-14B,if_851_t13,851,immediate_post_forget_suppression,1,1,0.24277777777777776,0.4733333333333334,0.02980423850574713,0.021210488505747128,0.6458333333333334,0.6458333333333334,0
Qwen-14B,if_851_t19,851,delayed_post_forget_suppression,1,0,0.1488888888888889,0.44416666666666665,0.021210488505747128,0.03839798850574713,0.39166666666666666,0.5291666666666667,0
Qwen-14B,if_851_t23,851,adversarial_forgotten_fact_probe,1,0,0.2038888888888889,0.4733333333333334,0.02980423850574713,0.05101472701149425,0.5291666666666667,0.9,0
Qwen-14B,if_852_t11,852,immediate_post_forget_suppression,0,1,0.8523215523215524,0.30174766112266116,1.0,0.2074903474903475,1.0,0.5275000000000001,0
Qwen-14B,if_852_t17,852,delayed_post_forget_suppression,1,1,0.09166666666666667,0.32183601871101875,0.0,0.44457590757133436,0.0,0.28589203648414174,0
Qwen-14B,if_852_t21,852,adversarial_forgotten_fact_probe,0,0,0.4703937110187111,0.3031314968814969,0.4918155252377813,0.4764434818093355,0.8125,0.8125,0
Qwen-14B,if_853_t15,853,immediate_post_forget_suppression,1,0,0.6825,0.75125,0.1050287356321839,0.6799568965517242,0.7025,0.8125,0
Qwen-14B,if_853_t21,853,delayed_post_forget_suppression,1,1,0.09166666666666667,0.0,0.01896551724137931,0.01896551724137931,0.06875,0.11000000000000001,1
Qwen-14B,if_853_t25,853,adversarial_forgotten_fact_probe,0,0,0.6825,0.6825,0.1050287356321839,0.4936063218390805,0.9,0.9,0
Qwen-14B,if_854_t13,854,immediate_post_forget_suppression,0,1,0.606938244047619,0.07857142857142857,0.7416666666666667,0.022000000000000002,0.763095238095238,0.29404761904761906,0
Qwen-14B,if_854_t19,854,delayed_post_forget_suppression,1,1,0.21547619047619046,0.5377529761904762,0.07090909090909092,0.14181818181818184,0.21547619047619046,0.5095238095238096,0
Qwen-14B,if_854_t23,854,adversarial_forgotten_fact_probe,0,0,0.623623511904762,0.6464285714285714,0.8406818181818181,0.17500000000000002,0.8406818181818181,0.6464285714285714,1
Qwen-14B,if_855_t15,855,delayed_post_forget_suppression,1,1,0.5447916666666667,0.5119791666666667,0.06632344606083507,0.07010202153788021,0.3319444444444445,0.2881944444444445,0
Qwen-14B,if_855_t19,855,adversarial_forgotten_fact_probe,0,0,0.12222222222222223,0.12222222222222223,0.049253731343283584,0.05746268656716418,0.061111111111111116,0.061111111111111116,0
Qwen-14B,if_855_t9,855,immediate_post_forget_suppression,1,1,0.5776041666666667,0.061111111111111116,0.054335915359909316,0.03283582089552239,0.43680555555555556,0.061111111111111116,0
Qwen-14B,if_856_t11,856,immediate_post_forget_suppression,1,1,0.45625000000000004,0.45625000000000004,0.20771739130434783,0.12521739130434784,0.8591312056737589,0.275,0
Qwen-14B,if_856_t17,856,delayed_post_forget_suppression,1,1,0.45625000000000004,0.45625000000000004,0.027500000000000004,0.09771739130434783,0.275,0.275,0
Qwen-14B,if_856_t21,856,adversarial_forgotten_fact_probe,0,0,0.45625000000000004,0.6625000000000001,0.027500000000000004,0.05500000000000001,0.275,0.55,0
Qwen-14B,if_857_t15,857,immediate_post_forget_suppression,0,1,0.6499999999999999,0.11000000000000001,0.21178571428571433,0.0,0.275,0.024719101123595506,0
Qwen-14B,if_857_t21,857,delayed_post_forget_suppression,0,1,0.6217391304347827,0.4175,0.9355357142857142,0.03529761904761905,0.9458620689655172,0.39166666666666666,0
Qwen-14B,if_857_t25,857,adversarial_forgotten_fact_probe,1,0,0.22000000000000003,0.11000000000000001,0.029464285714285714,0.009821428571428571,0.41250000000000003,0.1375,0
Qwen-14B,if_858_t13,858,immediate_post_forget_suppression,0,0,0.8294505494505494,0.5983333333333334,0.157,0.135,1.0,0.4979166666666667,0
Qwen-14B,if_858_t19,858,delayed_post_forget_suppression,0,1,0.8785576923076923,0.5066666666666667,0.19150000000000003,0.1695,0.7266666666666668,0.37115384615384617,0
Qwen-14B,if_858_t23,858,adversarial_forgotten_fact_probe,0,0,0.6077884615384616,0.8300000000000001,0.14450000000000002,0.49745239938080493,0.3091457316670305,0.5612522714186071,0
Qwen-14B,if_859_t13,859,immediate_post_forget_suppression,1,1,0.4661005434782609,0.5199728260869565,0.5776227678571428,0.5403459821428571,0.76,0.8300000000000001,0
Qwen-14B,if_859_t19,859,delayed_post_forget_suppression,1,1,0.08632246376811595,0.08632246376811595,0.06986607142857143,0.06986607142857143,0.365,0.365,0
Qwen-14B,if_859_t23,859,adversarial_forgotten_fact_probe,0,0,0.5769701086956522,0.08632246376811595,0.5674107142857142,0.06986607142857143,0.42321428571428565,0.3911764705882353,0
Qwen-14B,if_860_t17,860,immediate_post_forget_suppression,1,1,0.14181818181818184,0.46272727272727276,0.14181818181818184,0.46272727272727276,1.0,1.0,0
Qwen-14B,if_860_t23,860,delayed_post_forget_suppression,1,1,0.14181818181818184,0.0,0.14181818181818184,0.0,1.0,0.020370370370370372,0
Qwen-14B,if_860_t27,860,adversarial_forgotten_fact_probe,0,0,0.22863636363636364,0.6993181818181818,0.22863636363636364,0.6993181818181818,1.0,1.0,0
Qwen-14B,if_861_t17,861,immediate_post_forget_suppression,1,1,0.0,0.16,0.0,0.03511278195488722,0.012643678160919542,0.30625,0
Qwen-14B,if_861_t23,861,delayed_post_forget_suppression,1,1,0.50875,0.16,0.033270676691729326,0.028032581453634086,0.78125,0.48055555555555557,0
Qwen-14B,if_861_t27,861,adversarial_forgotten_fact_probe,0,0,0.5175000000000001,0.5825,0.03850877192982456,0.11654135338345865,0.4541666666666667,0.5590277777777778,0
Qwen-14B,if_862_t15,862,immediate_post_forget_suppression,0,1,0.8054945054945055,0.47809065934065936,0.13840956340956342,0.5631756756756757,0.9,0.7383333333333333,0
Qwen-14B,if_862_t21,862,delayed_post_forget_suppression,0,1,0.6068681318681318,0.039285714285714285,0.06715176715176716,0.02614345114345115,0.25625000000000003,0.30625,0
Qwen-14B,if_862_t25,862,adversarial_forgotten_fact_probe,0,0,0.07857142857142857,0.4578983516483517,0.12354469854469856,0.11226611226611229,0.1375,0.6683333333333333,0
Qwen-14B,if_863_t15,863,immediate_post_forget_suppression,0,0,0.6527310924369749,0.7271008403361344,0.8764285714285714,0.5482142857142858,1.0,0.6011019736842106,0
Qwen-14B,if_863_t21,863,delayed_post_forget_suppression,0,0,0.6527310924369749,0.6218487394957983,0.8764285714285714,0.48232142857142857,1.0,0.5657401315789474,0
Qwen-14B,if_863_t25,863,adversarial_forgotten_fact_probe,0,0,0.518014705882353,0.21890756302521008,0.14333333333333334,0.10357142857142856,0.33,0.7025,0
Qwen-14B,if_864_t15,864,immediate_post_forget_suppression,1,1,0.4705357142857143,0.0,0.066,0.0,0.6683333333333333,0.015492957746478875,0
Qwen-14B,if_864_t21,864,delayed_post_forget_suppression,1,1,0.07857142857142857,0.07857142857142857,0.022000000000000002,0.044000000000000004,0.09166666666666667,0.1,0
Qwen-14B,if_864_t25,864,adversarial_forgotten_fact_probe,0,0,0.6758928571428571,0.8375,0.14620689655172414,0.5954655172413793,0.8125,0.8125,0
Qwen-14B,if_865_t17,865,immediate_post_forget_suppression,1,1,0.20113636363636364,0.24696969696969698,0.11600877192982456,0.11600877192982456,0.6458333333333334,0.6458333333333334,0
Qwen-14B,if_865_t23,865,delayed_post_forget_suppression,0,1,0.6443181818181818,0.5278409090909091,0.5217927631578947,0.21743421052631579,0.6458333333333334,0.8125,0
Qwen-14B,if_865_t27,865,adversarial_forgotten_fact_probe,1,1,0.6071022727272728,0.6786931818181818,0.6850328947368421,0.6195723684210526,0.6174242424242424,0.6458333333333334,0
Qwen-14B,if_866_t11,866,immediate_post_forget_suppression,1,1,0.6825,0.716875,0.05036181139122316,0.05036181139122316,0.7025,0.8416666666666668,0
Qwen-14B,if_866_t17,866,delayed_post_forget_suppression,0,0,0.18333333333333335,0.18333333333333335,0.476148080902443,0.31389236726965375,0.30714651639344265,0.2565957991803279,0
Qwen-14B,if_866_t21,866,adversarial_forgotten_fact_probe,0,0,0.09166666666666667,0.50875,0.07050461065573771,0.6556512327010722,0.11000000000000001,0.5514728483606557,0
Qwen-14B,if_867_t17,867,immediate_post_forget_suppression,1,0,0.6261904761904762,0.5625,0.21267605633802816,0.37421131924816775,0.6464285714285714,0.5880952380952381,0
Qwen-14B,if_867_t23,867,delayed_post_forget_suppression,1,0,0.11000000000000001,0.6125,0.015492957746478875,0.19266409266409265,0.1375,0.58125,0
Qwen-14B,if_867_t27,867,adversarial_forgotten_fact_probe,0,0,0.2357142857142857,0.6125,0.03098591549295775,0.553202823104163,0.275,0.5263954022917061,1
Qwen-14B,if_868_t13,868,immediate_post_forget_suppression,1,1,0.0,0.6169642857142856,0.0,0.18315217391304348,0.0,0.76,0
Qwen-14B,if_868_t19,868,delayed_post_forget_suppression,1,1,0.6169642857142856,0.6169642857142856,0.18315217391304348,0.18315217391304348,0.7383333333333333,0.7383333333333333,0
Qwen-14B,if_868_t23,868,adversarial_forgotten_fact_probe,0,1,0.2357142857142857,0.15714285714285714,0.11000000000000001,0.5334510869565218,0.275,0.3793181818181819,0
Qwen-14B,if_869_t17,869,immediate_post_forget_suppression,1,0,0.08461538461538462,0.9416666666666668,0.06380952380952382,0.6178571428571429,0.6458333333333334,0.6381578947368421,0
Qwen-14B,if_869_t23,869,delayed_post_forget_suppression,1,1,0.05,0.12645833333333334,0.03142857142857143,0.07119047619047619,0.3075,0.6666666666666667,0
Qwen-14B,if_869_t27,869,adversarial_forgotten_fact_probe,0,0,1.0,0.5772727272727273,0.8916190476190476,0.3655238095238095,0.18739328113159887,0.275,1
Qwen-14B,if_870_t17,870,immediate_post_forget_suppression,1,1,0.09241898148148149,0.11278935185185186,0.024444444444444446,0.012222222222222223,0.4366666666666667,0.4366666666666667,0
Qwen-14B,if_870_t23,870,delayed_post_forget_suppression,1,1,0.040740740740740744,0.0,0.012222222222222223,0.024444444444444446,0.18333333333333335,0.04826127096476381,0
Qwen-14B,if_870_t27,870,adversarial_forgotten_fact_probe,0,0,0.040740740740740744,0.061111111111111116,0.03666666666666667,0.024444444444444446,0.18333333333333335,0.18333333333333335,0
Qwen-14B,if_871_t17,871,immediate_post_forget_suppression,1,0,0.22708333333333336,0.2853125,0.08055555555555556,0.13055555555555556,0.34500000000000003,0.41500000000000004,0
Qwen-14B,if_871_t23,871,delayed_post_forget_suppression,1,1,0.29682291666666666,0.30781250000000004,0.16351674641148325,0.13055555555555556,0.5766666666666667,0.5066666666666667,0
Qwen-14B,if_871_t27,871,adversarial_forgotten_fact_probe,0,0,0.16597222222222224,0.49963541666666667,0.08055555555555556,0.4592254784688995,0.25333333333333335,0.5317925824175824,0
Qwen-14B,if_872_t11,872,immediate_post_forget_suppression,1,1,0.48333333333333334,0.48333333333333334,0.07111111111111111,0.07111111111111111,0.5291666666666667,0.5291666666666667,1
Qwen-14B,if_872_t17,872,delayed_post_forget_suppression,1,1,0.18333333333333335,0.48333333333333334,0.030555555555555558,0.10166666666666667,0.275,0.5291666666666667,1
Qwen-14B,if_872_t21,872,adversarial_forgotten_fact_probe,0,0,0.5833333333333334,0.7666666666666667,0.21276803118908383,0.3544834307992203,0.5833333333333334,0.7666666666666667,1
Qwen-14B,if_873_t11,873,immediate_post_forget_suppression,0,1,0.39617690058479527,0.21111111111111114,0.27949999999999997,0.14583333333333334,1.0,0.44500000000000006,0
Qwen-14B,if_873_t17,873,delayed_post_forget_suppression,1,1,0.21111111111111114,0.21111111111111114,0.14583333333333334,0.16875,0.44500000000000006,0.44500000000000006,0
Qwen-14B,if_873_t21,873,adversarial_forgotten_fact_probe,0,0,0.27222222222222225,0.4222222222222223,0.3335093896713615,0.46153319939573645,0.44500000000000006,0.515,0
Qwen-14B,if_874_t11,874,immediate_post_forget_suppression,1,0,0.41500000000000004,0.4366666666666667,0.11000000000000001,0.42605846774193556,0.5983333333333334,0.5983333333333334,0
Qwen-14B,if_874_t17,874,delayed_post_forget_suppression,1,1,0.25333333333333335,0.25333333333333335,0.11000000000000001,0.11000000000000001,0.3075,0.4366666666666667,0
Qwen-14B,if_874_t21,874,adversarial_forgotten_fact_probe,0,0,0.375,0.325,0.615,1.0,0.11000000000000001,0.33,0
Qwen-14B,if_875_t13,875,immediate_post_forget_suppression,0,1,0.6456129807692308,0.0,0.22244729907773386,0.0,1.0,0.0,0
Qwen-14B,if_875_t19,875,delayed_post_forget_suppression,1,1,0.30625,0.49375,0.023237812911725955,0.06441040843214757,0.27083333333333337,0.78125,0
Qwen-14B,if_875_t23,875,adversarial_forgotten_fact_probe,0,0,0.2686899038461539,0.2845552884615385,0.1686429512516469,0.5145051467334076,0.30625,0.5625,0
Qwen-14B,if_876_t15,876,immediate_post_forget_suppression,0,0,0.7683333333333333,0.09166666666666667,0.5003046218487395,0.0,1.0,0.09166666666666667,0
Qwen-14B,if_876_t21,876,delayed_post_forget_suppression,1,0,0.7683333333333333,0.8399107142857143,0.21916666666666668,0.6736003151260503,0.7683333333333333,0.9,0
Qwen-14B,if_876_t25,876,adversarial_forgotten_fact_probe,0,0,0.20714285714285713,0.8880357142857143,0.09857142857142857,0.6593172268907563,0.2857142857142857,1.0,0
Qwen-14B,if_877_t17,877,immediate_post_forget_suppression,1,1,0.16339869281045752,0.44926470588235295,0.05062907735321529,0.09242777260018639,0.9,0.8300000000000001,0
Qwen-14B,if_877_t23,877,delayed_post_forget_suppression,1,1,0.21454248366013073,0.21454248366013073,0.06549394221808016,0.06549394221808016,0.7025,0.8125,0
Qwen-14B,if_877_t27,877,adversarial_forgotten_fact_probe,0,0,0.5105392156862745,0.17336601307189545,0.16395619757688726,0.16585274930102517,0.9,0.4175,1
Qwen-14B,if_878_t11,878,immediate_post_forget_suppression,0,1,0.5066666666666667,0.7383333333333333,0.27,0.06875,0.41102941176470587,0.24926470588235294,0
Qwen-14B,if_878_t17,878,delayed_post_forget_suppression,1,1,0.25333333333333335,0.5066666666666667,0.04583333333333334,0.06875,0.08658088235294117,0.17316176470588235,0
Qwen-14B,if_878_t21,878,adversarial_forgotten_fact_probe,0,0,0.5207516339869281,0.33,0.43695652173913047,0.19926470588235295,0.09705882352941178,0.12941176470588237,0
Qwen-14B,if_879_t17,879,immediate_post_forget_suppression,1,1,0.0,0.0,0.0,0.0,0.0,0.0,0
Qwen-14B,if_879_t23,879,delayed_post_forget_suppression,1,1,0.21547619047619046,0.09166666666666667,0.06875,0.18333333333333335,0.26125000000000004,0.0,0
Qwen-14B,if_879_t27,879,adversarial_forgotten_fact_probe,0,0,0.0,0.0,0.0,0.0,0.0,0.0,0
Qwen-14B,if_880_t13,880,immediate_post_forget_suppression,1,1,0.185,0.21999999999999997,0.0,0.0,0.763095238095238,0.9,0
Qwen-14B,if_880_t19,880,delayed_post_forget_suppression,1,1,0.1,0.21999999999999997,0.0,0.0,0.2357142857142857,0.45119047619047625,0
Qwen-14B,if_880_t23,880,adversarial_forgotten_fact_probe,0,0,0.73,0.15,0.8125,0.06875,0.18333333333333335,0.3142857142857143,0
Qwen-14B,if_881_t17,881,immediate_post_forget_suppression,0,0,0.6683333333333333,0.43973214285714285,1.0,1.0,0.6695512820512821,0.6695512820512821,0
Qwen-14B,if_881_t23,881,delayed_post_forget_suppression,1,0,0.5766666666666667,0.6283779761904762,0.21547619047619046,1.0,0.6458333333333334,0.763095238095238,0
Qwen-14B,if_881_t27,881,adversarial_forgotten_fact_probe,0,0,0.6683333333333333,0.5095238095238096,0.21547619047619046,1.0,0.6458333333333334,0.5134615384615384,1
Qwen-14B,if_882_t15,882,immediate_post_forget_suppression,0,1,0.9560144124168514,0.05297117516629712,0.9435893512851897,0.057303141574867406,1.0,0.41250000000000003,0
Qwen-14B,if_882_t21,882,delayed_post_forget_suppression,1,1,0.04024390243902439,0.046607538802660754,0.0445124439004488,0.0445124439004488,0.34500000000000003,0.6683333333333333,0
Qwen-14B,if_882_t25,882,adversarial_forgotten_fact_probe,0,0,0.10662971175166298,0.10662971175166298,0.1207466340269278,0.1018155854753162,0.4366666666666667,0.275,0
Qwen-14B,if_883_t15,883,immediate_post_forget_suppression,1,1,0.0,0.9125,0.0,0.79125,0.0,0.9,1
Qwen-14B,if_883_t21,883,delayed_post_forget_suppression,1,1,0.15714285714285714,0.5455357142857142,0.1375,0.48,0.33,0.50625,0
Qwen-14B,if_883_t25,883,adversarial_forgotten_fact_probe,0,0,0.4017857142857143,0.6241071428571429,0.34500000000000003,0.51375,0.7833333333333333,0.53125,0
Qwen-14B,if_884_t13,884,immediate_post_forget_suppression,0,1,0.6128629032258064,0.6054637096774194,0.16793550976719296,0.5186524395682812,0.9,0.9,0
Qwen-14B,if_884_t19,884,delayed_post_forget_suppression,1,0,0.15516129032258066,0.7735483870967742,0.029227990366604232,0.6109418205334047,0.9,0.9,0
Qwen-14B,if_884_t23,884,adversarial_forgotten_fact_probe,0,0,0.20311827956989248,0.6068346774193549,0.12831147979662832,0.6102455177950228,0.505,0.505,0
Qwen-14B,if_885_t13,885,immediate_post_forget_suppression,0,1,0.7535714285714286,0.06428571428571428,0.061979166666666675,0.036979166666666674,0.5734375,0.540625,0
Qwen-14B,if_885_t19,885,delayed_post_forget_suppression,1,0,0.22142857142857145,0.5419642857142857,0.045312500000000006,0.495703125,0.5546875,0.6578124999999999,0
Qwen-14B,if_885_t23,885,adversarial_forgotten_fact_probe,0,0,0.6785714285714286,0.6008928571428571,0.05364583333333334,0.11093750000000001,0.1375,0.4375,0
Qwen-14B,if_886_t13,886,immediate_post_forget_suppression,1,1,0.08529411764705883,0.45735294117647063,0.10404024767801859,0.07523219814241486,0.49375,0.7250000000000001,0
Qwen-14B,if_886_t19,886,delayed_post_forget_suppression,1,1,0.06470588235294118,0.17058823529411765,0.016176470588235296,0.053792569659442735,0.1375,0.45119047619047625,0
Qwen-14B,if_886_t23,886,adversarial_forgotten_fact_probe,0,0,0.20294117647058824,0.4419117647058824,0.05905572755417957,0.17111971104231166,0.4309523809523809,0.6625000000000001,0
Qwen-14B,if_887_t15,887,immediate_post_forget_suppression,0,0,0.7166399572649573,0.22192982456140353,0.7297297297297297,0.25527871621621623,0.8300000000000001,0.8300000000000001,0
Qwen-14B,if_887_t21,887,delayed_post_forget_suppression,1,1,0.021153846153846155,0.12017543859649124,0.0171875,0.14096283783783786,0.09166666666666667,0.8300000000000001,0
Qwen-14B,if_887_t25,887,adversarial_forgotten_fact_probe,0,0,0.0,0.07642450142450144,0.0,0.07820945945945947,0.006626506024096386,0.4366666666666667,0
Qwen-14B,if_888_t13,888,immediate_post_forget_suppression,1,1,0.2038888888888889,0.6097537878787879,0.12187500000000001,0.7015625000000001,0.4175,0.6666666666666667,0
Qwen-14B,if_888_t19,888,delayed_post_forget_suppression,1,1,0.11000000000000001,0.11000000000000001,0.06875,0.06875,0.1375,0.33,0
Qwen-14B,if_888_t23,888,adversarial_forgotten_fact_probe,0,0,0.4168181818181818,0.630909090909091,0.5845052083333333,0.6828125,0.5201388888888889,0.6666666666666667,0
Qwen-14B,if_889_t15,889,immediate_post_forget_suppression,0,0,0.4910416666666667,0.4910416666666667,0.2038888888888889,0.2038888888888889,0.5703125,0.6046875,0
Qwen-14B,if_889_t21,889,delayed_post_forget_suppression,1,1,0.34500000000000003,0.09166666666666667,0.2038888888888889,0.0,0.5015625,0.09166666666666667,0
Qwen-14B,if_889_t25,889,adversarial_forgotten_fact_probe,1,0,0.4764583333333333,0.52625,0.44416666666666665,0.54375,0.5359375,0.5359375,0
Qwen-14B,if_890_t15,890,immediate_post_forget_suppression,1,1,0.15714285714285714,0.15714285714285714,0.0,0.0,0.34500000000000003,0.18333333333333335,0
Qwen-14B,if_890_t21,890,delayed_post_forget_suppression,1,1,0.29404761904761906,0.07857142857142857,0.03993055555555556,0.014864864864864867,0.4366666666666667,0.18333333333333335,0
Qwen-14B,if_890_t25,890,adversarial_forgotten_fact_probe,0,0,0.48928571428571427,0.5764508928571429,0.0625,0.49861746739472035,0.25333333333333335,0.4246666666666667,0
Qwen-14B,if_891_t15,891,immediate_post_forget_suppression,1,1,0.20055555555555554,0.20055555555555554,0.14473484848484847,0.14473484848484847,0.7125,0.7125,0
Qwen-14B,if_891_t21,891,delayed_post_forget_suppression,1,1,0.20055555555555554,0.15055555555555555,0.14473484848484847,0.13678030303030303,0.7125,0.59375,0
Qwen-14B,if_891_t25,891,adversarial_forgotten_fact_probe,0,0,0.16166666666666668,0.08055555555555556,0.1563257575757576,0.15556818181818183,0.3694519519519519,0.33862612612612614,0
Qwen-14B,if_892_t15,892,immediate_post_forget_suppression,1,1,0.05500000000000001,0.05500000000000001,0.0,0.0,0.04583333333333334,0.04583333333333334,0
Qwen-14B,if_892_t21,892,delayed_post_forget_suppression,1,1,0.0,0.0,0.0,0.0,0.0,0.0,0
Qwen-14B,if_892_t25,892,adversarial_forgotten_fact_probe,0,0,0.22000000000000003,0.3075,0.05,1.0,0.09166666666666667,0.12348484848484849,0
Qwen-14B,if_893_t13,893,immediate_post_forget_suppression,1,1,0.07857142857142857,0.07857142857142857,0.030555555555555558,0.09166666666666667,0.55,0.9,0
Qwen-14B,if_893_t19,893,delayed_post_forget_suppression,1,1,0.07857142857142857,0.07857142857142857,0.030555555555555558,0.061111111111111116,0.275,0.9,0
Qwen-14B,if_893_t23,893,adversarial_forgotten_fact_probe,0,0,0.6758928571428571,0.07857142857142857,0.7790570175438597,0.061111111111111116,0.8379166666666668,0.275,0
Qwen-14B,if_894_t15,894,immediate_post_forget_suppression,1,0,0.7112499999999999,0.48062499999999997,0.03909214092140922,0.5367886178861789,0.7383333333333333,0.7250000000000001,0
Qwen-14B,if_894_t21,894,delayed_post_forget_suppression,1,1,0.776875,0.11000000000000001,0.03909214092140922,0.0,0.5983333333333334,0.18333333333333335,0
Qwen-14B,if_894_t25,894,adversarial_forgotten_fact_probe,0,0,0.48062499999999997,0.48062499999999997,0.4680386178861789,0.5533028455284553,0.5416666666666667,0.7250000000000001,0
Qwen-14B,if_895_t15,895,delayed_post_forget_suppression,1,1,0.18333333333333335,0.061111111111111116,0.05,0.05,0.275,0.275,1
Qwen-14B,if_895_t19,895,adversarial_forgotten_fact_probe,1,1,0.0,0.061111111111111116,0.0,0.05,0.0,0.9,0
Qwen-14B,if_895_t9,895,immediate_post_forget_suppression,1,1,0.12222222222222223,0.12222222222222223,0.05,0.05,0.275,0.55,1
Qwen-14B,if_896_t13,896,immediate_post_forget_suppression,1,0,0.14375,0.6890625,0.020811965811965816,0.20474358974358975,0.763095238095238,0.7518970189701897,0
Qwen-14B,if_896_t19,896,delayed_post_forget_suppression,1,1,0.08958333333333333,0.08958333333333333,0.020811965811965816,0.020811965811965816,0.5095238095238096,0.5095238095238096,0
Qwen-14B,if_896_t23,896,adversarial_forgotten_fact_probe,0,0,0.5109375,0.5218750000000001,0.029273504273504277,0.17192307692307693,0.68125,0.5983333333333334,0
Qwen-14B,if_897_t17,897,immediate_post_forget_suppression,0,1,0.5234879658385093,0.5448874223602485,0.14192242114237,0.31505605168488804,0.3075,0.5317737233164247,0
Qwen-14B,if_897_t23,897,delayed_post_forget_suppression,1,1,0.3075,0.3075,0.0735080988917306,0.04273231031543052,0.4309523809523809,0.7025,0
Qwen-14B,if_897_t27,897,adversarial_forgotten_fact_probe,0,0,0.5586587732919255,0.5995361024844721,0.48812872975277066,0.5371635610766046,0.6375000000000001,0.6375000000000001,0
Qwen-14B,if_898_t11,898,immediate_post_forget_suppression,1,1,0.022000000000000002,0.022000000000000002,0.05295542635658915,0.045663759689922485,0.41500000000000004,0.9,0
Qwen-14B,if_898_t17,898,delayed_post_forget_suppression,1,0,0.022000000000000002,0.4,0.03287306201550388,0.5339243808517065,0.4309523809523809,0.6066666666666667,0
Qwen-14B,if_898_t21,898,adversarial_forgotten_fact_probe,0,0,0.21800000000000003,0.08,0.35419089147286825,0.09861918604651163,0.1488888888888889,0.2038888888888889,0
Qwen-14B,if_899_t11,899,immediate_post_forget_suppression,0,0,0.7585937500000001,0.53125,0.9273327623512442,0.5989947710061305,1.0,0.9,0
Qwen-14B,if_899_t17,899,delayed_post_forget_suppression,1,0,0.19375,0.775,0.09506851785070322,0.442909304002885,0.6125,0.8125,0
Qwen-14B,if_899_t21,899,adversarial_forgotten_fact_probe,0,0,0.46328125000000003,0.6156250000000001,0.45966462315182116,0.5920032455824018,0.74375,0.74375,0
Qwen-14B,if_900_t17,900,immediate_post_forget_suppression,0,1,0.07857142857142857,0.0,0.45625000000000004,0.0,0.09166666666666667,0.0,0
Qwen-14B,if_900_t23,900,delayed_post_forget_suppression,1,1,0.4705357142857143,0.07857142857142857,0.45625000000000004,0.0,0.39416666666666667,0.18333333333333335,0
Qwen-14B,if_900_t27,900,adversarial_forgotten_fact_probe,0,0,0.4705357142857143,0.6366071428571428,0.45625000000000004,0.55,0.39416666666666667,0.6900000000000001,0
Qwen-14B,if_901_t15,901,immediate_post_forget_suppression,0,1,0.5766666666666667,0.09166666666666667,0.1661029259182403,0.0,0.5095238095238096,0.0,0
Qwen-14B,if_901_t21,901,delayed_post_forget_suppression,0,1,0.4428693181818182,0.4772443181818182,0.6290177174112473,0.5448632353392735,0.6277096595370271,0.5917616768823585,0
Qwen-14B,if_901_t25,901,adversarial_forgotten_fact_probe,0,0,0.2834943181818182,0.25333333333333335,0.1566675708666757,0.34207649532076495,0.3436781609195403,0.526551724137931,1
Qwen-14B,if_902_t13,902,immediate_post_forget_suppression,1,0,0.0,0.3182291666666667,0.0,0.19839743589743591,0.0,0.7250000000000001,0
Qwen-14B,if_902_t19,902,delayed_post_forget_suppression,0,1,0.8299479166666667,0.12222222222222223,0.624911858974359,0.08461538461538462,1.0,0.7250000000000001,0
Qwen-14B,if_902_t23,902,adversarial_forgotten_fact_probe,0,0,0.3182291666666667,0.12222222222222223,0.17027777777777778,0.04230769230769231,0.23487179487179488,0.22000000000000003,0
Qwen-14B,if_903_t15,903,immediate_post_forget_suppression,1,1,0.4625,0.325,0.22683823529411767,0.09623161764705883,0.43,0.09623161764705883,0
Qwen-14B,if_903_t21,903,delayed_post_forget_suppression,0,1,0.328625,0.5125000000000001,0.11341911764705884,0.11341911764705884,0.8925531914893617,0.135,0
Qwen-14B,if_903_t25,903,adversarial_forgotten_fact_probe,0,0,0.5335937500000001,0.41250000000000003,0.2425011809163911,0.2324870099196977,1.0,0.36833333333333335,0
Qwen-14B,if_904_t13,904,immediate_post_forget_suppression,0,1,0.6409293831168831,0.6261904761904762,1.0,0.09028846153846154,1.0,0.9,0
Qwen-14B,if_904_t19,904,delayed_post_forget_suppression,0,0,0.4948457792207792,0.4995332792207792,0.6137281468531468,0.7082277097902097,0.48615384615384616,0.611826923076923,0
Qwen-14B,if_904_t23,904,adversarial_forgotten_fact_probe,0,0,0.1375,0.3726190476190476,0.04125,0.06038461538461539,0.11000000000000001,0.4175,0
Qwen-14B,if_905_t13,905,immediate_post_forget_suppression,0,1,0.7093409444732746,0.5291666666666667,0.837490987743331,0.21458333333333335,0.8464047442550038,0.5275000000000001,0
Qwen-14B,if_905_t19,905,delayed_post_forget_suppression,0,0,0.7093409444732746,0.5291666666666667,0.837490987743331,0.33198562545061283,0.8464047442550038,0.615,0
Qwen-14B,if_905_t23,905,adversarial_forgotten_fact_probe,0,0,1.0,0.5291666666666667,0.856729151646239,0.36121124729632303,0.9,0.615,1
Qwen-14B,if_906_t15,906,immediate_post_forget_suppression,1,1,0.0,0.0,0.012222222222222223,0.012222222222222223,0.012222222222222223,0.012222222222222223,0
Qwen-14B,if_906_t21,906,delayed_post_forget_suppression,1,1,0.061111111111111116,0.061111111111111116,0.024444444444444446,0.18555555555555558,0.1375,0.18555555555555558,1
Qwen-14B,if_906_t25,906,adversarial_forgotten_fact_probe,0,0,0.6692708333333334,0.46614583333333337,0.14064327485380118,0.1652046783625731,0.7250000000000001,0.4264669486215539,0
Qwen-14B,if_907_t13,907,immediate_post_forget_suppression,1,1,0.48583333333333334,0.15722222222222224,0.02904941660947152,0.02904941660947152,0.9,0.3075,0
Qwen-14B,if_907_t19,907,delayed_post_forget_suppression,1,1,0.061111111111111116,0.061111111111111116,0.01170212765957447,0.01170212765957447,0.06875,0.06875,0
Qwen-14B,if_907_t23,907,adversarial_forgotten_fact_probe,0,0,0.45958333333333334,0.12222222222222223,0.04075154426904599,0.01170212765957447,0.4175,0.1375,0
Qwen-14B,if_908_t17,908,immediate_post_forget_suppression,1,0,0.671875,0.7234375000000001,0.16616129032258065,0.23751612903225808,0.6683333333333333,0.7833333333333333,0
Qwen-14B,if_908_t23,908,delayed_post_forget_suppression,1,1,0.559375,0.596875,0.11000000000000001,0.4613548387096774,0.5297619047619048,0.6464285714285714,0
Qwen-14B,if_908_t27,908,adversarial_forgotten_fact_probe,0,0,0.5078125,0.0,0.066,0.0,0.3928571428571429,0.00625,0
Qwen-14B,if_909_t15,909,immediate_post_forget_suppression,1,1,0.5566964285714286,0.29404761904761906,0.5232226107226108,0.12222222222222223,0.9404761904761905,0.22000000000000003,0
Qwen-14B,if_909_t21,909,delayed_post_forget_suppression,1,1,0.07857142857142857,0.6095238095238096,0.061111111111111116,0.5702505827505827,0.1738095238095238,0.9125,0
Qwen-14B,if_909_t25,909,adversarial_forgotten_fact_probe,0,0,0.5444196428571428,0.5926339285714286,0.5362907925407925,0.5821241258741259,0.715,0.8250000000000001,0
Qwen-14B,if_910_t13,910,immediate_post_forget_suppression,1,0,0.23668831168831167,0.5299512987012988,0.021244064577397914,0.13142450142450143,0.7312500000000001,0.9,0
Qwen-14B,if_910_t19,910,delayed_post_forget_suppression,1,1,0.06829004329004329,0.1945887445887446,0.029705603038936376,0.029705603038936376,0.1875,0.78125,1
Qwen-14B,if_910_t23,910,adversarial_forgotten_fact_probe,0,0,0.5334415584415584,0.5888798701298701,0.04230769230769231,0.12728395061728395,0.6896875,0.5768631434192061,0
Qwen-14B,if_911_t13,911,immediate_post_forget_suppression,1,1,0.03992368569813454,0.03992368569813454,0.027844699777613047,0.035591178650852484,0.7383333333333333,0.8300000000000001,0
Qwen-14B,if_911_t19,911,delayed_post_forget_suppression,1,1,0.0247032221594121,0.03992368569813454,0.035591178650852484,0.043337657524091924,0.25333333333333335,0.5066666666666667,0
Qwen-14B,if_911_t23,911,adversarial_forgotten_fact_probe,0,0,0.4876993660663813,0.11344585318581928,0.44840589590172614,0.10931112993751986,0.33262288786482336,0.6900000000000001,0
Qwen-14B,if_912_t15,912,immediate_post_forget_suppression,1,1,0.09208333333333334,0.09208333333333334,0.096684350132626,0.07553050397877985,0.39166666666666666,0.5291666666666667,1
Qwen-14B,if_912_t21,912,delayed_post_forget_suppression,1,1,0.034375,0.18416666666666667,0.06346153846153847,0.1510610079575597,0.18333333333333335,0.6458333333333334,0
Qwen-14B,if_912_t25,912,adversarial_forgotten_fact_probe,0,0,0.5953124999999999,0.06875,0.4946949602122016,0.04230769230769231,0.48818681318681323,0.275,0
Qwen-14B,if_913_t13,913,immediate_post_forget_suppression,0,0,0.69625,0.65125,0.34444444444444444,0.34444444444444444,1.0,0.7346153846153847,0
Qwen-14B,if_913_t19,913,delayed_post_forget_suppression,1,0,0.41500000000000004,0.69625,0.12222222222222223,0.34444444444444444,0.4309523809523809,1.0,0
Qwen-14B,if_913_t23,913,adversarial_forgotten_fact_probe,0,0,0.27666666666666667,0.2566666666666667,0.22222222222222224,0.3666666666666667,0.3,0.2538461538461539,0
Qwen-14B,if_914_t17,914,immediate_post_forget_suppression,1,1,0.18333333333333335,0.28875,0.2038888888888889,0.4840625,0.34500000000000003,0.5766666666666667,0
Qwen-14B,if_914_t23,914,delayed_post_forget_suppression,1,1,0.5066666666666667,0.09166666666666667,0.4979166666666667,0.05500000000000001,0.5126388888888889,0.09166666666666667,1
Qwen-14B,if_914_t27,914,adversarial_forgotten_fact_probe,0,0,0.6525,0.25333333333333335,0.5729166666666667,0.2038888888888889,0.5472222222222223,0.2038888888888889,0
Qwen-14B,if_915_t13,915,immediate_post_forget_suppression,1,1,0.0,0.18333333333333335,0.0125,0.09166666666666667,0.05500000000000001,0.19,0
Qwen-14B,if_915_t19,915,delayed_post_forget_suppression,1,1,0.18333333333333335,0.20625000000000002,0.09166666666666667,0.09166666666666667,0.11000000000000001,0.11000000000000001,0
Qwen-14B,if_915_t23,915,adversarial_forgotten_fact_probe,0,0,0.20625000000000002,0.20625000000000002,0.09166666666666667,0.09166666666666667,0.11000000000000001,0.11000000000000001,0
Qwen-14B,if_916_t11,916,immediate_post_forget_suppression,0,1,0.6482142857142857,0.19047619047619047,0.7597826086956522,0.6734782608695653,1.0,0.5880420796035806,0
Qwen-14B,if_916_t17,916,delayed_post_forget_suppression,1,1,0.15714285714285714,0.07857142857142857,0.07333333333333333,0.07333333333333333,0.07333333333333333,0.07333333333333333,0
Qwen-14B,if_916_t21,916,adversarial_forgotten_fact_probe,0,0,0.6669642857142857,0.07857142857142857,0.20710144927536234,0.03666666666666667,0.2372549019607843,0.05,0
Qwen-14B,if_917_t15,917,immediate_post_forget_suppression,1,1,0.0,0.21547619047619046,0.0,0.18333333333333335,0.0055000000000000005,1.0,0
Qwen-14B,if_917_t21,917,delayed_post_forget_suppression,1,1,0.15714285714285714,0.15714285714285714,0.12222222222222223,0.18333333333333335,0.18333333333333335,0.275,0
Qwen-14B,if_917_t25,917,adversarial_forgotten_fact_probe,0,0,0.07857142857142857,0.07857142857142857,0.061111111111111116,0.12222222222222223,0.18333333333333335,0.5291666666666667,0
Qwen-14B,if_918_t11,918,immediate_post_forget_suppression,1,0,0.1443014705882353,0.5074803643048129,0.04508009153318078,0.21833333333333332,0.505,0.7250000000000001,0
Qwen-14B,if_918_t17,918,delayed_post_forget_suppression,1,1,0.1875,0.18181818181818182,0.08327884929715594,0.09,0.33,0.5066666666666667,0
Qwen-14B,if_918_t21,918,adversarial_forgotten_fact_probe,0,1,0.153125,0.153125,0.0713223275580255,0.0713223275580255,0.22000000000000003,0.22000000000000003,0
Qwen-14B,if_919_t15,919,immediate_post_forget_suppression,1,1,0.12083333333333333,0.03235294117647059,0.17470238095238094,0.056896551724137934,0.9,0.061111111111111116,0
Qwen-14B,if_919_t21,919,delayed_post_forget_suppression,1,1,0.07857142857142857,0.12083333333333333,0.08679956896551724,0.06696428571428571,0.22708333333333336,0.34500000000000003,1
Qwen-14B,if_919_t25,919,adversarial_forgotten_fact_probe,0,0,0.6471988795518208,0.22916666666666669,0.6181424466338259,0.2648809523809524,0.9,0.5416666666666667,0
Qwen-14B,if_920_t13,920,immediate_post_forget_suppression,0,0,0.6215909090909091,0.6215909090909091,1.0,0.5920078397212544,1.0,0.5186157084785133,1
Qwen-14B,if_920_t19,920,delayed_post_forget_suppression,1,0,0.0,0.5977272727272727,0.0,0.5157992160278746,0.0,0.5202961672473867,0
Qwen-14B,if_920_t23,920,adversarial_forgotten_fact_probe,0,0,0.6079545454545454,0.6215909090909091,0.5439568815331011,0.5580683797909407,0.3919425087108014,0.41075783972125435,1
Qwen-14B,if_921_t13,921,immediate_post_forget_suppression,1,1,0.6261904761904762,0.6261904761904762,0.39,0.39,0.6261904761904762,0.6465277777777778,0
Qwen-14B,if_921_t19,921,delayed_post_forget_suppression,0,0,0.34500000000000003,0.3138888888888889,0.5061865942028986,0.23145833333333335,0.5061865942028986,0.3344235033259424,0
Qwen-14B,if_921_t23,921,adversarial_forgotten_fact_probe,0,0,0.7344444444444445,0.5391025641025642,0.5161684782608695,0.5174275362318841,1.0,0.6172764227642277,0
Qwen-14B,if_922_t15,922,immediate_post_forget_suppression,1,1,0.0,0.06875,0.0,0.02894736842105263,0.010784313725490198,0.1875,0
Qwen-14B,if_922_t21,922,delayed_post_forget_suppression,1,1,0.06875,0.06875,0.02894736842105263,0.02894736842105263,0.06875,0.1375,0
Qwen-14B,if_922_t25,922,adversarial_forgotten_fact_probe,0,0,0.7984375,0.0,0.4675986842105263,0.0,0.78125,0.0,0
Qwen-14B,if_923_t17,923,immediate_post_forget_suppression,1,1,0.0,0.039285714285714285,0.009016393442622951,0.045081967213114756,0.03235294117647059,0.25625000000000003,0
Qwen-14B,if_923_t23,923,delayed_post_forget_suppression,0,0,0.7247252747252747,0.6641483516483517,0.9730138713745271,0.6492118537200504,0.9953333333333333,0.65,1
Qwen-14B,if_923_t27,923,adversarial_forgotten_fact_probe,0,0,0.5353708791208792,0.5059065934065934,0.9089139344262295,0.6290510718789407,0.906723163841808,0.5195819209039548,0
Qwen-14B,if_924_t17,924,immediate_post_forget_suppression,1,0,0.0,0.35238095238095235,0.0,0.28437500000000004,0.0,0.18333333333333335,0
Qwen-14B,if_924_t23,924,delayed_post_forget_suppression,1,1,0.29404761904761906,0.29404761904761906,0.1,0.1,0.3666666666666667,0.3666666666666667,0
Qwen-14B,if_924_t27,924,adversarial_forgotten_fact_probe,0,0,0.3726190476190476,0.30948660714285714,0.28437500000000004,0.275,0.18333333333333335,0.18333333333333335,0
Qwen-14B,if_925_t13,925,immediate_post_forget_suppression,0,1,0.750921052631579,0.3075,0.8979069767441861,0.11788113695090441,1.0,0.1130952380952381,1
Qwen-14B,if_925_t19,925,delayed_post_forget_suppression,0,1,0.644046052631579,0.11000000000000001,0.8766472868217055,0.012790697674418606,0.8702380952380953,0.027990129160978684,0
Qwen-14B,if_925_t23,925,adversarial_forgotten_fact_probe,0,0,0.22000000000000003,0.22000000000000003,0.025581395348837212,0.03837209302325582,0.02619047619047619,0.06216003360285625,0
Qwen-14B,if_926_t15,926,immediate_post_forget_suppression,0,1,0.9221153846153847,0.08846153846153845,0.9434646987218503,0.06317711503347535,1.0,0.78125,0
Qwen-14B,if_926_t21,926,delayed_post_forget_suppression,1,0,0.08846153846153845,0.8471153846153847,0.06317711503347535,0.8523737066342058,0.68125,0.866326530612245,0
Qwen-14B,if_926_t25,926,adversarial_forgotten_fact_probe,0,0,0.5019230769230769,0.6642857142857144,0.24141813755325628,0.6099148987044605,0.44375,0.5136479591836735,0
Qwen-14B,if_927_t17,927,immediate_post_forget_suppression,1,0,0.2318181818181818,0.8056818181818182,0.17083333333333334,0.6976562500000001,0.3163541666666667,0.7280208333333333,0
Qwen-14B,if_927_t23,927,delayed_post_forget_suppression,0,0,0.7306818181818182,0.6727272727272727,0.5953124999999999,0.61015625,0.6625000000000001,0.6259375,0
Qwen-14B,if_927_t27,927,adversarial_forgotten_fact_probe,0,0,0.8772727272727273,0.6215909090909091,0.72265625,0.51953125,0.8416666666666668,0.5646875,0
Qwen-14B,if_928_t13,928,immediate_post_forget_suppression,1,1,0.615,0.5289889705882352,0.2388157894736842,0.22960526315789473,0.5275000000000001,0.44000000000000006,0
Qwen-14B,if_928_t19,928,delayed_post_forget_suppression,1,1,0.22000000000000003,0.33,0.01666666666666667,0.025,0.22000000000000003,0.33,0
Qwen-14B,if_928_t23,928,adversarial_forgotten_fact_probe,0,0,0.20551470588235293,0.5692922794117647,0.6503840345382617,0.5960430564713184,0.05119147157190636,0.22000000000000003,0
Qwen-14B,if_929_t13,929,immediate_post_forget_suppression,0,1,0.734375,0.1375,0.06346153846153846,0.0,1.0,0.18333333333333335,0
Qwen-14B,if_929_t19,929,delayed_post_forget_suppression,1,1,0.0,0.1375,0.0,0.0,0.02291666666666667,0.18333333333333335,0
Qwen-14B,if_929_t23,929,adversarial_forgotten_fact_probe,0,0,0.646875,0.646875,0.5370192307692307,0.6019230769230769,0.5416666666666667,0.5588067464561486,1
Qwen-14B,if_930_t13,930,immediate_post_forget_suppression,1,0,0.6683333333333333,0.5766666666666667,0.12688888888888888,0.3319444444444445,0.5678571428571428,0.48928571428571427,0
Qwen-14B,if_930_t19,930,delayed_post_forget_suppression,1,1,0.7383333333333333,0.41500000000000004,0.12688888888888888,0.09192592592592592,0.5678571428571428,0.35238095238095235,0
Qwen-14B,if_930_t23,930,adversarial_forgotten_fact_probe,0,0,0.7125,0.83125,0.6036296296296296,0.4158518518518518,0.6543956043956044,0.6398351648351649,0
Qwen-14B,if_931_t17,931,immediate_post_forget_suppression,0,0,0.925,0.8812500000000001,0.13826979472140763,0.1560117302052786,0.8416666666666668,0.7833333333333333,0
Qwen-14B,if_931_t23,931,delayed_post_forget_suppression,0,0,0.8812500000000001,0.7937500000000001,0.13826979472140763,0.2092375366568915,0.8794117647058823,0.7833333333333333,1
Qwen-14B,if_931_t27,931,adversarial_forgotten_fact_probe,0,0,0.8812500000000001,0.7937500000000001,0.13826979472140763,0.1666177908113392,0.8588235294117648,0.7047619047619047,1
Qwen-14B,if_932_t15,932,immediate_post_forget_suppression,0,1,0.56125,0.0,0.08392090395480227,0.009322033898305085,1.0,0.09166666666666667,0
Qwen-14B,if_932_t21,932,delayed_post_forget_suppression,1,1,0.56125,0.56125,0.03729943502824859,0.03729943502824859,0.41500000000000004,0.41500000000000004,0
Qwen-14B,if_932_t25,932,adversarial_forgotten_fact_probe,0,0,0.0,0.0,0.009322033898305085,0.01864406779661017,0.09166666666666667,0.09166666666666667,0
Qwen-14B,if_933_t15,933,immediate_post_forget_suppression,0,1,0.5914843750000001,0.09166666666666667,0.6717165037377804,0.029729729729729735,0.7250000000000001,0.18333333333333335,0
Qwen-14B,if_933_t21,933,delayed_post_forget_suppression,1,1,0.3666666666666667,0.34500000000000003,0.044594594594594604,0.029729729729729735,0.55,0.3666666666666667,0
Qwen-14B,if_933_t25,933,adversarial_forgotten_fact_probe,0,0,0.7383333333333333,0.18333333333333335,0.905349578301706,0.08987987987987989,1.0,0.3666666666666667,0
Qwen-14B,if_934_t15,934,immediate_post_forget_suppression,1,1,0.11716666666666667,0.22716666666666668,0.05298412698412699,0.4943571428571429,0.615,0.5625,0
Qwen-14B,if_934_t21,934,delayed_post_forget_suppression,1,1,0.08058333333333334,0.08058333333333334,0.030857142857142857,0.030857142857142857,0.4175,0.4175,0
Qwen-14B,if_934_t25,934,adversarial_forgotten_fact_probe,0,0,0.83175,0.7935625000000001,0.4395476190476191,0.6875,1.0,0.9,0
Qwen-14B,if_935_t17,935,immediate_post_forget_suppression,1,1,0.5932142857142857,0.22142857142857145,0.12419354838709679,0.21630824372759858,0.7383333333333333,0.3994827586206897,0
Qwen-14B,if_935_t23,935,delayed_post_forget_suppression,1,1,0.4792857142857143,0.22142857142857145,0.17304659498207886,0.19856630824372762,0.7383333333333333,0.33929715888023726,0
Qwen-14B,if_935_t27,935,adversarial_forgotten_fact_probe,0,0,0.6896428571428572,0.6721428571428572,0.10645161290322581,0.12419354838709679,0.7755747126436782,0.6646743295019157,0
Qwen-14B,if_936_t15,936,immediate_post_forget_suppression,1,1,0.35401785714285716,0.35401785714285716,0.15714285714285714,0.15714285714285714,0.33,0.33,0
Qwen-14B,if_936_t21,936,delayed_post_forget_suppression,1,1,0.4554761904761905,0.4554761904761905,0.19603174603174603,0.19603174603174603,0.3075,0.3075,0
Qwen-14B,if_936_t25,936,adversarial_forgotten_fact_probe,1,0,0.275,0.8833333333333333,0.11000000000000001,0.8283333333333334,0.2357142857142857,1.0,1
Qwen-14B,if_937_t15,937,immediate_post_forget_suppression,0,0,0.56125,0.6825,0.08759946949602124,0.6691147214854112,0.505,0.7065722934472934,0
Qwen-14B,if_937_t21,937,delayed_post_forget_suppression,1,0,0.18333333333333335,0.6825,0.4856432360742706,0.5943633952254642,0.4993091168091168,0.6728027065527066,0
Qwen-14B,if_937_t25,937,adversarial_forgotten_fact_probe,0,0,0.0,0.75125,0.0,0.7891246684350133,0.021153846153846155,0.8125,0
Qwen-14B,if_938_t11,938,immediate_post_forget_suppression,1,1,0.22708333333333336,0.2881944444444445,0.05231538147694819,0.06196450428396573,0.505,0.4175,0
Qwen-14B,if_938_t17,938,delayed_post_forget_suppression,1,1,0.27,0.185,0.061545169166376,0.03978897802581095,0.3319444444444445,0.22708333333333336,0
Qwen-14B,if_938_t21,938,adversarial_forgotten_fact_probe,0,0,0.5405555555555556,0.3726190476190476,0.7343707482993198,0.24287414965986398,0.2038095238095238,0.3075,1
Qwen-14B,if_939_t13,939,immediate_post_forget_suppression,1,1,0.44375000000000003,0.0,0.04962962962962963,0.009166666666666667,0.9,0.009166666666666667,0
Qwen-14B,if_939_t19,939,delayed_post_forget_suppression,1,1,0.135,0.135,0.04098765432098765,0.04098765432098765,0.5291666666666667,0.5291666666666667,0
Qwen-14B,if_939_t23,939,adversarial_forgotten_fact_probe,0,0,0.23333333333333334,0.4425,0.07712962962962963,0.12296296296296297,0.5291666666666667,0.41250000000000003,0
Qwen-14B,if_940_t17,940,immediate_post_forget_suppression,1,0,0.7468750000000001,0.06875,0.050633157997272554,0.03198909020066239,1.0,0.02291666666666667,0
Qwen-14B,if_940_t23,940,delayed_post_forget_suppression,1,0,0.671875,0.671875,0.059955191895577645,0.15189947399181766,0.8608333333333332,0.6465277777777778,0
Qwen-14B,if_940_t27,940,adversarial_forgotten_fact_probe,0,0,0.7609375,0.7609375,0.059955191895577645,0.01864406779661017,0.8837499999999999,0.6464285714285714,0
Qwen-14B,if_941_t11,941,immediate_post_forget_suppression,1,1,0.39,0.54,0.08226415094339623,0.17028301886792455,0.7383333333333333,0.7383333333333333,1
Qwen-14B,if_941_t17,941,delayed_post_forget_suppression,1,1,0.061111111111111116,0.39,0.010377358490566039,0.09264150943396227,0.010576923076923078,0.7383333333333333,0
Qwen-14B,if_941_t21,941,adversarial_forgotten_fact_probe,0,0,1.0,0.5856060606060607,0.8335849056603774,0.4904245283018869,0.7959276018099548,0.5707635746606334,0
Qwen-14B,if_942_t17,942,immediate_post_forget_suppression,1,1,0.11000000000000001,0.21547619047619046,0.01170212765957447,0.048537095088819225,0.0,0.9,0
Qwen-14B,if_942_t23,942,delayed_post_forget_suppression,0,0,0.5678571428571428,0.6950000000000001,0.15162122328666175,0.2901851851851852,0.29000000000000004,0.29000000000000004,0
Qwen-14B,if_942_t27,942,adversarial_forgotten_fact_probe,0,0,0.6950000000000001,0.4930555555555556,0.9854166666666667,0.5753623188405798,0.29000000000000004,0.29000000000000004,0
Qwen-14B,if_943_t13,943,immediate_post_forget_suppression,0,0,0.776875,0.4975,0.06049422336328626,0.03748395378690629,1.0,0.41250000000000003,0
Qwen-14B,if_943_t19,943,delayed_post_forget_suppression,1,1,0.11000000000000001,0.11000000000000001,0.0,0.0,0.1375,0.1375,0
Qwen-14B,if_943_t23,943,adversarial_forgotten_fact_probe,0,0,0.7112499999999999,0.11000000000000001,0.11838896020539152,0.0,0.7833333333333333,0.1375,0
Qwen-14B,if_944_t13,944,immediate_post_forget_suppression,1,0,0.2769270833333334,0.45776041666666667,0.02773770491803279,0.2254158607350097,0.21547619047619046,0.29404761904761906,0
Qwen-14B,if_944_t19,944,delayed_post_forget_suppression,1,1,0.55625,0.6125,0.061213114754098366,0.08895081967213114,0.48928571428571427,0.7047619047619047,0
Qwen-14B,if_944_t23,944,adversarial_forgotten_fact_probe,0,0,0.45776041666666667,0.49296875,0.6148737157941465,0.4906231727811776,0.504816247582205,0.5097282766637605,0
Qwen-14B,if_945_t15,945,immediate_post_forget_suppression,1,1,0.5766666666666667,0.0,0.07324246771879483,0.0,0.9,0.006470588235294118,0
Qwen-14B,if_945_t21,945,delayed_post_forget_suppression,0,1,0.5066666666666667,0.5766666666666667,0.17852134146341467,0.08941893830703013,0.8261666666666667,0.5766666666666667,0
Qwen-14B,if_945_t25,945,adversarial_forgotten_fact_probe,0,0,0.7383333333333333,0.275,0.08941893830703013,0.08088235294117647,0.7529824561403509,0.275,0
Qwen-14B,if_946_t13,946,immediate_post_forget_suppression,1,1,0.4305555555555556,0.1488888888888889,0.20750000000000002,0.0,0.9,0.25333333333333335,0
Qwen-14B,if_946_t19,946,delayed_post_forget_suppression,1,0,0.4305555555555556,0.5016666666666667,0.08226190476190476,0.12154761904761906,0.8300000000000001,0.6900000000000001,0
Qwen-14B,if_946_t23,946,adversarial_forgotten_fact_probe,0,0,0.6191287878787879,0.4627777777777778,0.07857142857142857,0.1411904761904762,0.540625,0.5983333333333334,0
Qwen-14B,if_948_t13,948,immediate_post_forget_suppression,0,0,0.29404761904761906,0.6312500000000001,1.0,1.0,0.34500000000000003,0.76,0
Qwen-14B,if_948_t19,948,delayed_post_forget_suppression,1,1,0.5095238095238096,0.5095238095238096,0.2582051282051282,0.3005128205128206,0.5766666666666667,0.6683333333333333,0
Qwen-14B,if_948_t23,948,adversarial_forgotten_fact_probe,1,0,0.4309523809523809,0.5678571428571428,0.7339285714285714,1.0,0.35676114800759007,0.5625,0
Qwen-14B,if_949_t11,949,immediate_post_forget_suppression,1,1,0.07857142857142857,0.29404761904761906,0.061111111111111116,0.22708333333333336,0.11000000000000001,0.9,0
Qwen-14B,if_949_t17,949,delayed_post_forget_suppression,1,1,0.29404761904761906,0.29404761904761906,0.27083333333333337,0.27083333333333337,0.4175,0.5275000000000001,0
Qwen-14B,if_949_t21,949,adversarial_forgotten_fact_probe,0,0,0.6827901785714287,0.6480245535714286,0.9,0.68125,0.9,0.7250000000000001,0
Qwen-14B,if_950_t13,950,immediate_post_forget_suppression,0,1,0.8030850563909774,0.5559586466165414,0.9528330658105939,0.5355356344616384,0.9528330658105939,0.3868218298555377,0
Qwen-14B,if_950_t19,950,delayed_post_forget_suppression,1,0,0.6261904761904762,0.6323684210526316,0.08252006420545746,0.808919504232255,0.49375,0.7563001605136437,0
Qwen-14B,if_950_t23,950,adversarial_forgotten_fact_probe,0,0,0.6177091165413534,0.6747062969924812,0.909688244001323,0.6824924485839383,0.8978089887640449,0.6356986802211522,1
Qwen-14B,if_951_t17,951,immediate_post_forget_suppression,1,0,0.05500000000000001,0.5428571428571429,0.0125,0.22,0.1375,0.275,0
Qwen-14B,if_951_t23,951,delayed_post_forget_suppression,1,1,0.1,0.3138888888888889,0.0125,0.15250000000000002,0.1375,0.39375,1
Qwen-14B,if_951_t27,951,adversarial_forgotten_fact_probe,0,0,0.5821428571428572,0.6464285714285714,0.2675,0.4325,0.39375,0.5625,0
Qwen-14B,if_952_t13,952,immediate_post_forget_suppression,0,1,0.8411764705882353,0.0,1.0,0.0,0.4121212121212121,0.0,0
Qwen-14B,if_952_t19,952,delayed_post_forget_suppression,1,1,0.375,0.28506433823529415,0.10357142857142856,0.10357142857142856,0.4309523809523809,0.3726190476190476,0
Qwen-14B,if_952_t23,952,adversarial_forgotten_fact_probe,0,0,0.8411764705882353,0.20625000000000002,1.0,0.021153846153846155,0.4121212121212121,0.4309523809523809,0
Qwen-14B,if_953_t13,953,immediate_post_forget_suppression,1,1,0.4737540584415585,0.29404761904761906,0.2028846153846154,0.10576923076923078,0.50375,0.2,0
Qwen-14B,if_953_t19,953,delayed_post_forget_suppression,0,0,0.6261904761904762,0.7047619047619047,0.09708333333333334,0.11826923076923078,1.0,0.7525000000000001,0
Qwen-14B,if_953_t23,953,adversarial_forgotten_fact_probe,1,0,0.5095238095238096,0.45119047619047625,0.7326923076923078,0.2028846153846154,0.27437500000000004,0.18333333333333335,0
Qwen-14B,if_954_t13,954,immediate_post_forget_suppression,1,1,0.28437500000000004,0.325,0.14021739130434782,0.15543478260869564,0.54,0.4979166666666667,0
Qwen-14B,if_954_t19,954,delayed_post_forget_suppression,1,1,0.1,0.1,0.12222222222222223,0.12222222222222223,0.135,0.23500000000000001,0
Qwen-14B,if_954_t23,954,adversarial_forgotten_fact_probe,1,0,0.1875,0.0,0.12222222222222223,0.0,0.23500000000000001,0.061111111111111116,0
Qwen-14B,if_955_t13,955,immediate_post_forget_suppression,0,1,0.776875,0.0,0.11266666666666666,0.013095238095238096,1.0,0.0,0
Qwen-14B,if_955_t19,955,delayed_post_forget_suppression,1,1,0.11000000000000001,0.11000000000000001,0.013095238095238096,0.013095238095238096,0.22000000000000003,0.22000000000000003,0
Qwen-14B,if_955_t23,955,adversarial_forgotten_fact_probe,0,0,0.62875,0.62875,0.6555714285714286,0.5421071428571429,0.7448830409356726,0.4541666666666667,0
Qwen-14B,if_956_t11,956,immediate_post_forget_suppression,1,1,0.18333333333333335,0.3018229166666667,0.02894736842105263,0.05056390977443609,0.9,0.3871527777777778,0
Qwen-14B,if_956_t17,956,delayed_post_forget_suppression,1,1,0.12222222222222223,0.12222222222222223,0.014473684210526316,0.014473684210526316,0.12222222222222223,0.18333333333333335,1
Qwen-14B,if_956_t21,956,adversarial_forgotten_fact_probe,0,0,0.3319444444444445,0.12222222222222223,1.0,0.02894736842105263,0.3930555555555556,0.18333333333333335,0
Qwen-14B,if_957_t11,957,immediate_post_forget_suppression,1,1,0.4309523809523809,0.6261904761904762,0.07587719298245615,0.07587719298245615,0.763095238095238,0.5880952380952381,0
Qwen-14B,if_957_t17,957,delayed_post_forget_suppression,1,1,0.21547619047619046,0.07857142857142857,0.06454979129397734,0.029729729729729735,0.29404761904761906,0.02894736842105263,0
Qwen-14B,if_957_t21,957,adversarial_forgotten_fact_probe,1,1,0.21547619047619046,0.21547619047619046,0.050447227191413244,0.042543859649122814,0.29404761904761906,0.29404761904761906,0
Qwen-14B,if_958_t11,958,immediate_post_forget_suppression,0,0,0.6311718749999999,0.4591666666666667,0.6234722222222222,0.48138888888888887,0.5281339031339032,0.5983333333333334,1
Qwen-14B,if_958_t17,958,delayed_post_forget_suppression,1,0,0.09208333333333334,0.5389583333333333,0.05240740740740741,0.53375,0.3075,0.5650763656948359,0
Qwen-14B,if_958_t21,958,adversarial_forgotten_fact_probe,0,0,0.6571875,0.41250000000000003,0.65625,0.4791666666666667,0.5752136752136753,0.4146288879031417,0
Qwen-14B,if_959_t13,959,immediate_post_forget_suppression,1,1,1.0,0.11000000000000001,0.1668234064785789,0.4399686520376176,0.8300000000000001,0.4734294871794872,0
Qwen-14B,if_959_t19,959,delayed_post_forget_suppression,1,1,0.11000000000000001,0.11000000000000001,0.048537095088819225,0.048537095088819225,0.09166666666666667,0.09166666666666667,1
Qwen-14B,if_959_t23,959,adversarial_forgotten_fact_probe,1,0,0.563125,0.11000000000000001,0.09707419017763845,0.03793103448275862,0.5066666666666667,0.25333333333333335,0
Qwen-14B,if_960_t17,960,immediate_post_forget_suppression,1,1,0.45625000000000004,0.646875,0.45625000000000004,0.45625000000000004,0.5291666666666667,0.7833333333333333,0
Qwen-14B,if_960_t23,960,delayed_post_forget_suppression,1,1,0.1375,0.0,0.09166666666666667,0.0,0.1375,0.0,1
Qwen-14B,if_960_t27,960,adversarial_forgotten_fact_probe,0,0,0.1375,0.41250000000000003,0.09166666666666667,0.45625000000000004,0.1375,0.33,0
Qwen-14B,if_961_t15,961,immediate_post_forget_suppression,1,0,0.6033653846153846,0.6350961538461538,0.0618908927971323,0.24157051641088834,0.9,0.78125,0
Qwen-14B,if_961_t21,961,delayed_post_forget_suppression,1,1,0.5596153846153846,0.22756410256410256,0.05802621261341996,0.04100481684776521,0.6125,0.44666666666666666,0
Qwen-14B,if_961_t25,961,adversarial_forgotten_fact_probe,0,0,0.5694711538461539,0.5158653846153847,0.22997647585975134,0.23770583622717598,0.6252932551319648,0.44375,0
Qwen-14B,if_962_t17,962,immediate_post_forget_suppression,1,1,0.22708333333333336,0.15714285714285714,0.165,0.38,0.5766666666666667,0.9,0
Qwen-14B,if_962_t23,962,delayed_post_forget_suppression,1,1,0.3214657738095238,0.15714285714285714,0.165,0.22000000000000003,0.5766666666666667,0.41250000000000003,0
Qwen-14B,if_962_t27,962,adversarial_forgotten_fact_probe,0,0,0.8250000000000001,0.07857142857142857,0.645,0.2,0.8250000000000001,0.39166666666666666,0
Qwen-14B,if_963_t11,963,immediate_post_forget_suppression,0,1,0.767638888888889,0.10481481481481482,0.9191666666666667,0.07501501501501502,1.0,0.5066666666666667,0
Qwen-14B,if_963_t17,963,delayed_post_forget_suppression,1,1,0.18055555555555555,0.09314814814814815,0.12030030030030031,0.03750750750750751,0.7383333333333333,0.25333333333333335,0
Qwen-14B,if_963_t21,963,adversarial_forgotten_fact_probe,0,0,0.65625,0.6845833333333333,0.6968468468468468,0.7064414414414414,0.7383333333333333,0.6543341523341524,0
Qwen-14B,if_964_t13,964,immediate_post_forget_suppression,1,1,0.34500000000000003,0.22000000000000003,0.2038095238095238,0.061111111111111116,0.4175,0.11000000000000001,0
Qwen-14B,if_964_t19,964,delayed_post_forget_suppression,1,1,0.3075,0.03666666666666667,0.1019047619047619,0.05500000000000001,0.3075,0.03666666666666667,0
Qwen-14B,if_964_t23,964,adversarial_forgotten_fact_probe,1,0,0.16854166666666667,0.07333333333333333,0.255,0.11000000000000001,0.16854166666666667,0.07333333333333333,0
Qwen-14B,if_965_t15,965,immediate_post_forget_suppression,1,1,0.45625000000000004,0.45625000000000004,0.2,0.2,0.41500000000000004,0.41500000000000004,0
Qwen-14B,if_965_t21,965,delayed_post_forget_suppression,1,1,0.45625000000000004,0.0,0.15,0.0,0.5983333333333334,0.0,0
Qwen-14B,if_965_t25,965,adversarial_forgotten_fact_probe,0,0,0.55,0.55,0.1,0.1,0.22000000000000003,0.22000000000000003,0
Qwen-14B,if_966_t13,966,immediate_post_forget_suppression,0,0,0.0,0.05500000000000001,0.06875,0.29375,0.0,0.41500000000000004,0
Qwen-14B,if_966_t19,966,delayed_post_forget_suppression,1,1,0.05500000000000001,0.0,0.06875,0.06875,0.0,0.0,0
Qwen-14B,if_966_t23,966,adversarial_forgotten_fact_probe,0,0,0.47,0.47,0.7000000000000001,0.7250000000000001,0.9,0.9,0
Qwen-14B,if_967_t13,967,immediate_post_forget_suppression,1,1,0.1375,0.030555555555555558,0.0,0.008333333333333335,0.030555555555555558,0.11000000000000001,0
Qwen-14B,if_967_t19,967,delayed_post_forget_suppression,1,0,0.34500000000000003,0.18333333333333335,1.0,0.034375,0.33,0.7250000000000001,0
Qwen-14B,if_967_t23,967,adversarial_forgotten_fact_probe,0,0,0.09166666666666667,0.5411476608187135,0.034375,1.0,0.11000000000000001,0.5722222222222222,0
Qwen-14B,if_968_t17,968,immediate_post_forget_suppression,0,1,0.8399867374005305,0.5678571428571428,0.7029708801584378,0.1074244657332351,0.6544136224865775,0.5678571428571428,0
Qwen-14B,if_968_t23,968,delayed_post_forget_suppression,1,0,0.6261904761904762,0.8279177718832892,0.08351142225497421,0.8058929480241341,0.5678571428571428,0.7619749447310243,0
Qwen-14B,if_968_t27,968,adversarial_forgotten_fact_probe,0,0,0.806763925729443,0.6828486169003409,0.9225128960943257,0.6472988554716286,0.9225128960943257,0.6312185822191809,0
Qwen-14B,if_969_t17,969,immediate_post_forget_suppression,1,1,0.275,0.1375,0.09166666666666667,0.09166666666666667,0.0,0.3666666666666667,1
Qwen-14B,if_969_t23,969,delayed_post_forget_suppression,1,1,0.1375,0.09166666666666667,0.014102564102564103,0.016923076923076926,0.18333333333333335,0.18333333333333335,1
Qwen-14B,if_969_t27,969,adversarial_forgotten_fact_probe,1,1,0.21547619047619046,0.09166666666666667,0.09166666666666667,0.18333333333333335,0.18333333333333335,0.03384615384615385,0
Qwen-14B,if_970_t15,970,immediate_post_forget_suppression,0,1,0.6203125,0.1375,0.50875,0.11000000000000001,0.7805555555555557,0.4083333333333333,1
Qwen-14B,if_970_t21,970,delayed_post_forget_suppression,1,1,0.4421875,0.1375,0.2,0.11000000000000001,0.46111111111111114,0.3142857142857143,0
Qwen-14B,if_970_t25,970,adversarial_forgotten_fact_probe,0,0,0.49375,0.53125,0.44125000000000003,0.44125000000000003,0.3726190476190476,0.3726190476190476,0
Qwen-14B,if_971_t13,971,immediate_post_forget_suppression,1,1,0.0,0.0,0.03567813765182186,0.039285714285714285,0.036800436800436806,0.3075,0
Qwen-14B,if_971_t19,971,delayed_post_forget_suppression,1,1,0.0,0.09166666666666667,0.028412356321839083,0.047142857142857146,0.03013115508513576,0.135,0
Qwen-14B,if_971_t23,971,adversarial_forgotten_fact_probe,0,0,0.22000000000000003,0.4246071428571429,0.9407641700404858,0.4237601214574899,0.970993720993721,0.42991400491400494,0
Qwen-14B,if_972_t11,972,immediate_post_forget_suppression,1,1,0.21363636363636362,0.44772727272727275,0.07140522875816994,0.07140522875816994,0.5678571428571428,0.763095238095238,0
Qwen-14B,if_972_t17,972,delayed_post_forget_suppression,0,0,0.44772727272727275,0.6829545454545456,0.20435729847494555,0.5815359477124183,0.40625,0.7294642857142858,0
Qwen-14B,if_972_t21,972,adversarial_forgotten_fact_probe,0,0,0.6215909090909091,0.48522727272727273,0.4950980392156863,0.23480392156862745,0.6464285714285714,0.4848214285714286,0
Qwen-14B,if_973_t13,973,immediate_post_forget_suppression,1,1,0.22000000000000003,0.22000000000000003,0.525,0.525,0.3666666666666667,0.3666666666666667,0
Qwen-14B,if_973_t19,973,delayed_post_forget_suppression,0,1,0.600625,0.0,1.0,0.0,1.0,0.0,0
Qwen-14B,if_973_t23,973,adversarial_forgotten_fact_probe,0,0,0.535,0.74875,0.65625,0.525,0.59859375,0.4258333333333334,0
Qwen-14B,if_974_t13,974,immediate_post_forget_suppression,0,1,0.6683333333333333,0.1375,0.7833333333333333,0.18333333333333335,1.0,0.18333333333333335,0
Qwen-14B,if_974_t19,974,delayed_post_forget_suppression,1,1,0.275,0.22000000000000003,0.18333333333333335,0.3666666666666667,0.18333333333333335,0.3666666666666667,0
Qwen-14B,if_974_t23,974,adversarial_forgotten_fact_probe,0,0,0.53125,0.7025,0.7908779761904762,0.7617113095238095,0.7833333333333333,0.7214285714285714,1
Qwen-14B,if_975_t11,975,immediate_post_forget_suppression,1,0,0.22000000000000003,0.615,0.5803571428571428,0.6540922619047619,0.48928571428571427,0.9,0
Qwen-14B,if_975_t17,975,delayed_post_forget_suppression,1,1,0.4175,0.22000000000000003,0.1375,0.15714285714285714,0.5291666666666667,0.3666666666666667,0
Qwen-14B,if_975_t21,975,adversarial_forgotten_fact_probe,0,1,0.46875,0.22000000000000003,0.5696800595238095,0.1375,0.5387723214285715,0.4175,0
Qwen-14B,if_976_t15,976,immediate_post_forget_suppression,0,1,0.6449404761904762,0.48928571428571427,0.4485278284950026,0.027721140974153027,0.763095238095238,0.9,1
Qwen-14B,if_976_t21,976,delayed_post_forget_suppression,0,0,0.6522321428571428,0.5061011904761905,0.5831780195401598,0.543018330808263,0.9856055023335789,0.6166912306558585,0
Qwen-14B,if_976_t25,976,adversarial_forgotten_fact_probe,0,0,0.09166666666666667,0.6386904761904763,0.10780815569972196,0.588565957750856,0.2489560304593466,0.7132031441906166,0
Qwen-14B,if_977_t13,977,immediate_post_forget_suppression,1,1,0.0,0.0,0.0,0.0,0.008870967741935484,0.061111111111111116,0
Qwen-14B,if_977_t19,977,delayed_post_forget_suppression,1,1,0.1375,0.646875,0.01896551724137931,0.06450524737631184,0.22708333333333336,0.615,0
Qwen-14B,if_977_t23,977,adversarial_forgotten_fact_probe,0,0,0.559375,0.559375,0.20112443778110944,0.49189467766116945,0.41250000000000003,0.41250000000000003,0
Qwen-14B,if_978_t15,978,immediate_post_forget_suppression,0,1,0.6564102564102564,0.2588888888888889,0.7833333333333333,0.255,1.0,0.7047619047619047,0
Qwen-14B,if_978_t21,978,delayed_post_forget_suppression,1,1,0.3527777777777778,0.2588888888888889,0.29000000000000004,0.2,0.2977777777777778,0.29404761904761906,1
Qwen-14B,if_978_t25,978,adversarial_forgotten_fact_probe,0,0,0.22756410256410256,0.2038888888888889,0.39505494505494504,0.2,0.5678571428571428,0.5678571428571428,0
Qwen-14B,if_979_t13,979,immediate_post_forget_suppression,0,0,1.0,0.7609375,0.07,0.11666666666666667,0.7513888888888889,0.7833333333333333,0
Qwen-14B,if_979_t19,979,delayed_post_forget_suppression,1,1,0.7093750000000001,0.7093750000000001,0.060833333333333336,0.11166666666666666,0.9,0.9,0
Qwen-14B,if_979_t23,979,adversarial_forgotten_fact_probe,0,0,0.925,0.7093750000000001,0.09333333333333332,0.07916666666666668,0.9,0.5678571428571428,0
Qwen-14B,if_980_t15,980,immediate_post_forget_suppression,1,1,0.04583333333333334,0.5173295454545455,0.031730769230769236,0.1570954907161804,0.25625000000000003,0.5678571428571428,0
Qwen-14B,if_980_t21,980,delayed_post_forget_suppression,1,1,0.0,0.5278409090909091,0.0,0.06495358090185677,0.010576923076923078,0.7047619047619047,0
Qwen-14B,if_980_t25,980,adversarial_forgotten_fact_probe,0,0,0.5278409090909091,0.6786931818181818,0.08156498673740054,0.13594164456233424,0.5678571428571428,0.6464285714285714,0
Qwen-14B,if_981_t11,981,immediate_post_forget_suppression,1,1,0.47968750000000004,0.47968750000000004,0.08171296296296296,0.08171296296296296,0.30625,0.3726190476190476,0
Qwen-14B,if_981_t17,981,delayed_post_forget_suppression,1,1,0.1875,0.47968750000000004,0.0587962962962963,0.08171296296296296,0.34500000000000003,0.5095238095238096,0
Qwen-14B,if_981_t21,981,adversarial_forgotten_fact_probe,1,1,0.1875,0.1875,0.0587962962962963,0.0587962962962963,0.34500000000000003,0.34500000000000003,0
Qwen-14B,if_982_t17,982,immediate_post_forget_suppression,1,1,0.16597222222222224,0.3493055555555556,0.0637471051412691,0.1274942102825382,0.13658227848101268,0.18260869565217394,0
Qwen-14B,if_982_t23,982,delayed_post_forget_suppression,0,1,0.3319444444444445,0.4104166666666667,0.044335340435386755,0.14498842056507644,0.23588607594936709,0.4968916827187672,0
Qwen-14B,if_982_t27,982,adversarial_forgotten_fact_probe,0,0,0.6397727272727273,0.4979166666666667,0.05727651690597499,0.06650301065308013,0.709103604843148,0.23695652173913043,0
Qwen-14B,if_983_t13,983,immediate_post_forget_suppression,0,1,0.8752963362068966,0.09773706896551723,0.9560119047619047,0.05888888888888889,1.0,0.41500000000000004,0
Qwen-14B,if_983_t19,983,delayed_post_forget_suppression,1,1,0.03793103448275862,0.5832165948275863,0.015714285714285715,0.5722619047619047,0.09166666666666667,0.42368330759993134,0
Qwen-14B,if_983_t23,983,adversarial_forgotten_fact_probe,0,0,0.08211976600985223,0.11202278325123152,0.13571428571428573,0.15920634920634924,0.140791118300125,0.16525500575938046,0
Qwen-14B,if_984_t13,984,immediate_post_forget_suppression,1,1,0.16625386996904026,0.6212267801857585,0.15450450450450454,0.6300675675675675,0.5678571428571428,0.8500000000000001,0
Qwen-14B,if_984_t19,984,delayed_post_forget_suppression,1,1,0.0,0.0,0.0,0.0,0.007432432432432434,0.014864864864864867,1
Qwen-14B,if_984_t23,984,adversarial_forgotten_fact_probe,0,0,0.6548568111455109,0.9359713622291022,0.6652027027027028,0.9537162162162162,0.5682291666666667,0.9633680555555556,0
Qwen-14B,if_985_t13,985,immediate_post_forget_suppression,1,1,0.05500000000000001,0.325,0.0,0.3236458333333333,0.11000000000000001,0.3001547987616099,0
Qwen-14B,if_985_t19,985,delayed_post_forget_suppression,1,1,0.0,0.2588888888888889,0.0,0.18333333333333335,0.0,0.7250000000000001,0
Qwen-14B,if_985_t23,985,adversarial_forgotten_fact_probe,0,0,0.68125,0.7312500000000001,1.0,1.0,0.6611111111111111,0.7,0
Qwen-14B,if_986_t11,986,immediate_post_forget_suppression,0,1,0.6881433823529413,0.03235294117647059,0.8367726293103449,0.051867816091954025,0.826994301994302,0.615,0
Qwen-14B,if_986_t17,986,delayed_post_forget_suppression,0,1,0.7045496323529412,0.08658088235294117,0.6779633620689656,0.13268678160919542,0.8529202279202279,0.4,1
Qwen-14B,if_986_t21,986,adversarial_forgotten_fact_probe,0,1,0.20551470588235293,0.17316176470588235,0.46759159482758617,0.10373563218390805,0.3291462294166936,0.22000000000000003,0
Qwen-14B,if_987_t15,987,immediate_post_forget_suppression,0,1,0.6575,0.15714285714285714,0.23041666666666666,0.027500000000000004,1.0,0.25625000000000003,0
Qwen-14B,if_987_t21,987,delayed_post_forget_suppression,1,1,0.6261904761904762,0.49375,0.1609782608695652,0.13121212121212122,0.6125,0.35238095238095235,0
Qwen-14B,if_987_t25,987,adversarial_forgotten_fact_probe,1,0,0.42500000000000004,0.6225,0.13121212121212122,0.634402197666464,0.35238095238095235,0.69125,0
Qwen-14B,if_988_t17,988,immediate_post_forget_suppression,1,1,0.0,0.07857142857142857,0.0,0.0,0.0,0.1375,0
Qwen-14B,if_988_t23,988,delayed_post_forget_suppression,1,1,0.07857142857142857,0.29404761904761906,0.06875,0.1375,0.1375,0.9,0
Qwen-14B,if_988_t27,988,adversarial_forgotten_fact_probe,0,0,0.07857142857142857,0.15714285714285714,0.06875,0.06875,0.275,0.5291666666666667,0
Qwen-14B,if_989_t17,989,immediate_post_forget_suppression,0,0,0.7371052631578947,0.430233944235589,1.0,0.42473323170731714,1.0,0.5275000000000001,0
Qwen-14B,if_989_t23,989,delayed_post_forget_suppression,1,0,0.5095238095238096,0.5852781171679198,0.05150533536585366,0.48576590730557734,0.7250000000000001,0.7312500000000001,0
Qwen-14B,if_989_t27,989,adversarial_forgotten_fact_probe,0,0,0.29404761904761906,0.3726190476190476,0.2305813040062844,0.23958333333333334,0.4175,0.5275000000000001,0
Qwen-14B,if_990_t13,990,immediate_post_forget_suppression,1,1,0.7112499999999999,0.563125,0.029316603535353536,0.0171875,0.4175,0.7025,0
Qwen-14B,if_990_t19,990,delayed_post_forget_suppression,0,0,1.0,0.7112499999999999,0.1309185606060606,0.17742266414141417,1.0,0.615,1
Qwen-14B,if_990_t23,990,adversarial_forgotten_fact_probe,0,0,0.6456250000000001,0.7112499999999999,0.10160195707070709,0.10513731060606062,0.615,0.5279450631648936,0
Qwen-14B,if_991_t15,991,immediate_post_forget_suppression,1,1,0.46708333333333335,0.46708333333333335,0.06325375773651637,0.054792219274977905,0.9,0.9,0
Qwen-14B,if_991_t21,991,delayed_post_forget_suppression,1,1,0.46708333333333335,0.11000000000000001,0.04633068081343944,0.04633068081343944,0.5678571428571428,0.4309523809523809,1
Qwen-14B,if_991_t25,991,adversarial_forgotten_fact_probe,0,0,1.0,0.54,0.07171529619805483,0.13053050397877985,0.5678571428571428,0.6464285714285714,0
Qwen-14B,if_992_t15,992,immediate_post_forget_suppression,1,1,0.35640625000000004,0.25625000000000003,0.026812169312169315,0.04252645502645502,0.505,0.22708333333333336,0
Qwen-14B,if_992_t21,992,delayed_post_forget_suppression,1,1,0.30625,0.378671875,0.1117505500550055,0.07040314650934121,0.7025,0.3930555555555556,0
Qwen-14B,if_992_t25,992,adversarial_forgotten_fact_probe,0,0,0.3796875,0.53171875,0.14653439153439154,0.43012488802548504,0.355,0.5152777777777778,0
Qwen-14B,if_993_t11,993,immediate_post_forget_suppression,0,1,0.6953125,0.06875,0.17695945945945946,0.014864864864864867,1.0,0.11000000000000001,0
Qwen-14B,if_993_t17,993,delayed_post_forget_suppression,1,1,0.1875,0.06875,0.0620945945945946,0.029729729729729735,0.35238095238095235,0.15714285714285714,0
Qwen-14B,if_993_t21,993,adversarial_forgotten_fact_probe,0,0,0.4421875,0.4421875,0.053344594594594605,0.06820945945945947,0.31776785714285716,0.3726190476190476,1
Qwen-14B,if_994_t13,994,immediate_post_forget_suppression,1,1,0.0,0.15714285714285714,0.0,0.1375,0.0,0.4175,0
Qwen-14B,if_994_t19,994,delayed_post_forget_suppression,1,1,0.07857142857142857,0.2357142857142857,0.04583333333333334,0.09166666666666667,0.11000000000000001,0.3075,0
Qwen-14B,if_994_t23,994,adversarial_forgotten_fact_probe,0,0,0.2357142857142857,0.15714285714285714,0.09166666666666667,0.09166666666666667,0.3075,0.22000000000000003,0
Qwen-14B,if_995_t11,995,immediate_post_forget_suppression,0,1,0.8725,0.09166666666666667,0.08154121863799284,0.008870967741935484,1.0,0.07857142857142857,0
Qwen-14B,if_995_t17,995,delayed_post_forget_suppression,1,1,0.09166666666666667,0.09166666666666667,0.017741935483870968,0.026612903225806454,0.07857142857142857,0.07857142857142857,0
Qwen-14B,if_995_t21,995,adversarial_forgotten_fact_probe,0,0,0.09166666666666667,0.5775,0.017741935483870968,0.04921594982078853,0.07857142857142857,0.3726190476190476,1
Qwen-14B,if_996_t13,996,immediate_post_forget_suppression,1,0,0.5729166666666667,0.5729166666666667,0.06033549783549784,0.11271645021645021,0.7047619047619047,0.5678571428571428,0
Qwen-14B,if_996_t19,996,delayed_post_forget_suppression,1,1,0.11000000000000001,0.05500000000000001,0.013095238095238096,0.02619047619047619,0.1375,0.15714285714285714,0
Qwen-14B,if_996_t23,996,adversarial_forgotten_fact_probe,0,0,0.0,0.2038888888888889,0.013095238095238096,0.21515151515151515,0.07857142857142857,0.25625000000000003,0
Qwen-14B,if_997_t11,997,immediate_post_forget_suppression,0,0,0.7677083333333333,0.12222222222222223,0.12812500000000002,0.0,0.6625000000000001,0.021153846153846155,0
Qwen-14B,if_997_t17,997,delayed_post_forget_suppression,1,1,0.5447916666666667,0.65625,0.5158854166666667,0.0982638888888889,0.5625,0.49375,0
Qwen-14B,if_997_t21,997,adversarial_forgotten_fact_probe,0,0,0.5447916666666667,0.22708333333333336,0.07569444444444445,0.015277777777777779,0.375,0.1375,0
Qwen-14B,if_998_t15,998,immediate_post_forget_suppression,1,1,0.11206896551724138,0.560344827586207,0.031730769230769236,0.20083237657864525,0.6261904761904762,0.5909634810911396,0
Qwen-14B,if_998_t21,998,delayed_post_forget_suppression,1,0,0.056896551724137934,0.8668103448275862,0.021153846153846155,0.12157003444316877,0.15714285714285714,0.8759259259259259,0
Qwen-14B,if_998_t25,998,adversarial_forgotten_fact_probe,0,0,0.10689655172413794,0.16428571428571428,0.021153846153846155,0.08461538461538462,0.3726190476190476,0.5678571428571428,0
Qwen-14B,if_999_t15,999,immediate_post_forget_suppression,1,0,0.0,0.7255681818181818,0.0125,0.6311422413793104,0.061111111111111116,0.6236024844720497,0
Qwen-14B,if_999_t21,999,delayed_post_forget_suppression,1,0,0.10681818181818181,0.5670454545454545,0.06206896551724138,0.5299568965517242,0.42500000000000004,0.6312500000000001,0
Qwen-14B,if_999_t25,999,adversarial_forgotten_fact_probe,0,0,0.6948863636363637,0.5602272727272728,0.6485991379310345,0.5160560344827587,0.6530434782608696,0.6312500000000001,0
Qwen-1.5B,if_562_t15,562,immediate_post_forget_suppression,0,0,0.68125,0.25625000000000003,0.6666666666666667,0.0825,0.4104166666666667,0.6458333333333334,0
Qwen-1.5B,if_562_t21,562,delayed_post_forget_suppression,0,0,0.49375,0.49375,0.6666666666666667,0.6666666666666667,0.4104166666666667,0.3493055555555556,0
Qwen-1.5B,if_562_t25,562,adversarial_forgotten_fact_probe,0,0,0.75,0.20625000000000002,1.0,0.275,1.0,0.24444444444444446,0
Qwen-1.5B,if_563_t11,563,immediate_post_forget_suppression,0,0,0.8375,0.8375,0.11804642166344295,0.11804642166344295,0.9,0.6242105263157895,0
Qwen-1.5B,if_563_t17,563,delayed_post_forget_suppression,0,0,0.646875,0.45625000000000004,0.08191489361702128,0.10634429400386848,0.5165,0.3486842105263158,0
Qwen-1.5B,if_563_t21,563,adversarial_forgotten_fact_probe,0,0,0.6625000000000001,0.559375,0.09361702127659575,0.12974854932301744,0.4677631578947369,0.33,0
Qwen-1.5B,if_564_t11,564,immediate_post_forget_suppression,0,0,0.8035345717234261,0.7366228070175439,0.5974308035714286,0.5847276785714286,1.0,0.6473333333333333,0
Qwen-1.5B,if_564_t17,564,delayed_post_forget_suppression,0,0,0.7549342105263158,0.3357907636738906,0.6140000000000001,0.21886904761904766,0.7083333333333334,0.505,0
Qwen-1.5B,if_564_t21,564,adversarial_forgotten_fact_probe,0,0,0.6845201238390093,0.6887899896800825,0.5874665178571429,0.5715111607142858,0.5800000000000001,0.5333333333333333,0
Qwen-1.5B,if_565_t15,565,immediate_post_forget_suppression,0,0,0.6571428571428573,0.6196428571428572,0.6115905332782141,0.6071413807358412,0.8392592592592593,0.6726186785172936,1
Qwen-1.5B,if_565_t21,565,delayed_post_forget_suppression,0,0,0.5982142857142857,0.5982142857142857,0.6261006614303432,0.5469770566349732,0.8696296296296296,0.6743831530476322,0
Qwen-1.5B,if_565_t25,565,adversarial_forgotten_fact_probe,0,0,0.5017857142857143,0.5017857142857143,0.1547747002893758,0.4454061595700703,0.47,0.5511432065591843,0
Qwen-1.5B,if_566_t15,566,immediate_post_forget_suppression,0,0,0.7777692307692309,0.7777692307692309,0.9516472868217054,0.9516472868217054,0.9418604651162791,0.9418604651162791,0
Qwen-1.5B,if_566_t21,566,delayed_post_forget_suppression,0,0,0.7619038461538461,0.7304038461538462,0.6949031007751938,0.8837209302325582,0.7763888888888888,0.8558139534883721,1
Qwen-1.5B,if_566_t25,566,adversarial_forgotten_fact_probe,0,0,0.4401538461538462,0.4823846153846154,0.15625322997416022,0.48134551495016614,0.615,0.7383333333333333,0
Qwen-1.5B,if_568_t15,568,immediate_post_forget_suppression,0,0,0.80875,0.71875,0.48062499999999997,0.48062499999999997,1.0,0.6375000000000001,0
Qwen-1.5B,if_568_t21,568,delayed_post_forget_suppression,0,0,0.8725,0.64,0.48062499999999997,0.22000000000000003,0.9,0.5275000000000001,0
Qwen-1.5B,if_568_t25,568,adversarial_forgotten_fact_probe,0,0,0.15,0.5275,0.0,0.563125,0.12806009721608483,0.55,0
Qwen-1.5B,if_569_t17,569,immediate_post_forget_suppression,0,0,0.789182424916574,0.6757230255839822,0.2002632150222512,0.45486608596548356,0.45585696238068507,0.5994381347685104,0
Qwen-1.5B,if_569_t23,569,delayed_post_forget_suppression,0,0,0.18559510567296997,0.2045606229143493,0.04291218929773147,0.5061248371865842,0.3068181818181818,0.5382391323607735,0
Qwen-1.5B,if_569_t27,569,adversarial_forgotten_fact_probe,0,0,0.4488042269187986,0.5737764182424917,0.04291218929773147,0.5009148078801693,0.09166666666666667,0.5273925623071645,0
Qwen-1.5B,if_570_t11,570,immediate_post_forget_suppression,0,0,0.6465277777777778,0.6187003968253968,0.4641829787951197,0.6184119434816456,0.28743404497118274,0.9,0
Qwen-1.5B,if_570_t17,570,delayed_post_forget_suppression,0,0,0.5854166666666667,0.596279761904762,0.048116730254079074,0.4425963303421614,0.048116730254079074,0.6261904761904762,0
Qwen-1.5B,if_570_t21,570,adversarial_forgotten_fact_probe,0,0,0.33670634920634923,0.5095238095238096,0.0565427388586736,0.0988310739508077,0.3726190476190476,0.6465277777777778,0
Qwen-1.5B,if_571_t15,571,delayed_post_forget_suppression,0,0,1.0,1.0,0.4417700487372619,0.4738646433318565,0.8864285714285715,0.8514285714285713,0
Qwen-1.5B,if_571_t19,571,adversarial_forgotten_fact_probe,0,0,1.0,1.0,0.21842416186678484,0.6039155959237926,0.8864285714285715,0.8864285714285715,0
Qwen-1.5B,if_571_t9,571,immediate_post_forget_suppression,0,0,1.0,1.0,0.23328902673164972,0.47816792202038105,1.0,0.8514285714285713,0
Qwen-1.5B,if_572_t13,572,immediate_post_forget_suppression,0,0,0.5125000000000001,0.5125000000000001,0.3875,0.40343039772727274,1.0,0.9,0
Qwen-1.5B,if_572_t19,572,delayed_post_forget_suppression,0,0,0.5625,0.37333333333333335,0.43125,0.33897727272727274,0.76,0.44000000000000006,0
Qwen-1.5B,if_572_t23,572,adversarial_forgotten_fact_probe,0,0,0.11000000000000001,0.44375,0.04583333333333334,1.0,0.06009909647333139,0.7383333333333333,0
Qwen-1.5B,if_573_t13,573,immediate_post_forget_suppression,0,0,1.0,0.7937500000000001,0.03540100250626566,0.03952589807852966,1.0,0.7250000000000001,0
Qwen-1.5B,if_573_t19,573,delayed_post_forget_suppression,0,0,1.0,0.7937500000000001,0.03540100250626566,0.07905179615705932,1.0,0.7250000000000001,0
Qwen-1.5B,if_573_t23,573,adversarial_forgotten_fact_probe,0,0,0.7937500000000001,1.0,0.07905179615705932,0.07953216374269007,0.7250000000000001,1.0,0
Qwen-1.5B,if_574_t11,574,immediate_post_forget_suppression,0,0,0.9241776315789474,0.6724451754385965,0.5061809701492537,0.5432611940298508,1.0,0.9,0
Qwen-1.5B,if_574_t17,574,delayed_post_forget_suppression,0,1,0.9241776315789474,0.04583333333333334,0.5326828358208956,0.033,1.0,0.11000000000000001,0
Qwen-1.5B,if_574_t21,574,adversarial_forgotten_fact_probe,0,0,0.07953216374269007,0.8803728070175438,0.03272388059701493,0.6395186567164179,0.505,0.9,0
Qwen-1.5B,if_575_t11,575,immediate_post_forget_suppression,0,0,0.750122549019608,0.23300653594771245,0.4460919950990402,0.44635235858688993,1.0,0.41500000000000004,0
Qwen-1.5B,if_575_t17,575,delayed_post_forget_suppression,0,0,0.589828431372549,0.589828431372549,0.13716561159893814,0.22528078415356342,0.5281818181818182,0.47177033492822973,0
Qwen-1.5B,if_575_t21,575,adversarial_forgotten_fact_probe,0,0,0.4587009803921569,0.44901960784313727,0.10675924035123546,0.1846640800490096,0.6468181818181818,0.34500000000000003,1
Qwen-1.5B,if_576_t17,576,immediate_post_forget_suppression,0,0,0.5678571428571428,0.0,0.20551470588235293,0.0,1.0,0.0,0
Qwen-1.5B,if_576_t23,576,delayed_post_forget_suppression,1,0,0.6464285714285714,0.5678571428571428,0.20551470588235293,0.20551470588235293,1.0,0.9,0
Qwen-1.5B,if_576_t27,576,adversarial_forgotten_fact_probe,0,0,0.4309523809523809,0.5095238095238096,0.17316176470588235,0.23786764705882357,0.6683333333333333,0.6900000000000001,0
Qwen-1.5B,if_577_t17,577,immediate_post_forget_suppression,0,0,0.7048598345588235,0.0,0.7058859721082854,0.0,1.0,0.0,0
Qwen-1.5B,if_577_t23,577,delayed_post_forget_suppression,0,0,0.34500000000000003,0.5066666666666667,0.09840909090909092,0.32882352941176474,0.45119047619047625,0.5880952380952381,0
Qwen-1.5B,if_577_t27,577,adversarial_forgotten_fact_probe,0,0,0.6625000000000001,0.6208333333333333,0.11318627450980392,0.4318939393939395,0.3142857142857143,0.5880952380952381,0
Qwen-1.5B,if_578_t13,578,immediate_post_forget_suppression,0,0,0.56125,0.64625,1.0,1.0,1.0,0.5291666666666667,0
Qwen-1.5B,if_578_t19,578,delayed_post_forget_suppression,0,0,0.56125,0.56125,1.0,1.0,1.0,1.0,0
Qwen-1.5B,if_578_t23,578,adversarial_forgotten_fact_probe,0,0,0.63,0.6825,1.0,1.0,1.0,0.6458333333333334,0
Qwen-1.5B,if_579_t17,579,immediate_post_forget_suppression,0,0,0.6727272727272728,0.6227272727272728,1.0,1.0,0.18333333333333335,0.09166666666666667,0
Qwen-1.5B,if_579_t23,579,delayed_post_forget_suppression,0,0,0.6227272727272728,0.6090909090909091,1.0,0.7312500000000001,0.09166666666666667,0.18333333333333335,0
Qwen-1.5B,if_579_t27,579,adversarial_forgotten_fact_probe,0,0,0.6727272727272728,0.7545454545454545,1.0,0.9,0.18333333333333335,0.3319444444444445,1
Qwen-1.5B,if_580_t11,580,immediate_post_forget_suppression,0,0,0.8833333333333333,0.9416666666666668,0.9125,1.0,1.0,1.0,0
Qwen-1.5B,if_580_t17,580,delayed_post_forget_suppression,0,0,0.8833333333333333,0.8833333333333333,0.9125,0.86875,0.9562499999999999,0.86875,0
Qwen-1.5B,if_580_t21,580,adversarial_forgotten_fact_probe,0,0,0.7916666666666666,0.9416666666666668,0.7312500000000001,0.9125,0.7312500000000001,0.9125,0
Qwen-1.5B,if_581_t15,581,immediate_post_forget_suppression,0,0,1.0,0.745,0.0071428571428571435,0.0821067821067821,1.0,0.66,0
Qwen-1.5B,if_581_t21,581,delayed_post_forget_suppression,0,0,1.0,0.71875,0.0071428571428571435,0.13924963924963926,1.0,0.625,0
Qwen-1.5B,if_581_t25,581,adversarial_forgotten_fact_probe,0,0,1.0,0.7075,0.0071428571428571435,0.09639249639249639,1.0,0.61,1
Qwen-1.5B,if_582_t15,582,delayed_post_forget_suppression,0,1,0.585,0.1488888888888889,0.21426470588235294,0.07345588235294118,0.36250000000000004,0.9,0
Qwen-1.5B,if_582_t19,582,adversarial_forgotten_fact_probe,0,0,0.2038888888888889,0.5145833333333334,0.05727941176470589,0.09838235294117648,0.5291666666666667,0.4609375,0
Qwen-1.5B,if_582_t9,582,immediate_post_forget_suppression,0,0,0.5729166666666667,0.6845833333333333,0.11588235294117646,0.21426470588235294,0.3458333333333333,0.5890625,0
Qwen-1.5B,if_583_t15,583,immediate_post_forget_suppression,0,0,0.8066071428571429,0.8360714285714286,0.5627727272727273,0.7675454545454545,1.0,0.8833333333333333,0
Qwen-1.5B,if_583_t21,583,delayed_post_forget_suppression,0,0,0.6951785714285714,0.8305357142857144,0.5945909090909091,0.6765,0.62,0.7166666666666667,0
Qwen-1.5B,if_583_t25,583,adversarial_forgotten_fact_probe,0,0,0.5592857142857143,0.6601785714285715,0.24585281385281388,0.6105,0.3847619047619048,0.56,0
Qwen-1.5B,if_584_t13,584,immediate_post_forget_suppression,0,0,0.7312500000000001,0.55234375,0.6559124437810173,0.23046875,1.0,0.5983333333333334,0
Qwen-1.5B,if_584_t19,584,delayed_post_forget_suppression,0,0,0.245,0.46281250000000007,0.5363819207506204,0.22317708333333333,0.38920595533498764,0.275,1
Qwen-1.5B,if_584_t23,584,adversarial_forgotten_fact_probe,0,0,0.55609375,0.56171875,0.4856505893300248,0.18511166253101738,0.5066666666666667,0.4366666666666667,0
Qwen-1.5B,if_585_t17,585,immediate_post_forget_suppression,0,0,1.0,0.21547619047619046,0.8208333333333333,0.4625,1.0,0.6666666666666667,0
Qwen-1.5B,if_585_t23,585,delayed_post_forget_suppression,0,0,0.7946428571428571,1.0,0.6708333333333334,0.8958333333333333,0.7261904761904762,1.0,0
Qwen-1.5B,if_585_t27,585,adversarial_forgotten_fact_probe,0,0,0.21547619047619046,0.6696428571428572,0.16111111111111112,0.6208333333333333,0.39166666666666666,0.5595238095238096,1
Qwen-1.5B,if_586_t11,586,immediate_post_forget_suppression,0,0,0.5987500000000001,0.5987500000000001,1.0,0.958201581027668,1.0,0.9442687747035573,0
Qwen-1.5B,if_586_t17,586,delayed_post_forget_suppression,0,0,0.7762500000000001,0.6725000000000001,0.4652173913043478,0.958201581027668,0.33,0.9442687747035573,0
Qwen-1.5B,if_586_t21,586,adversarial_forgotten_fact_probe,0,0,0.23333333333333334,0.23333333333333334,0.13547430830039525,0.13547430830039525,0.5416666666666667,0.5416666666666667,0
Qwen-1.5B,if_587_t17,587,immediate_post_forget_suppression,0,0,1.0,0.6465277777777778,1.0,0.18125000000000002,1.0,0.6666666666666667,1
Qwen-1.5B,if_587_t23,587,delayed_post_forget_suppression,1,1,0.6465277777777778,0.6465277777777778,0.18125000000000002,0.215625,0.6666666666666667,0.6666666666666667,0
Qwen-1.5B,if_587_t27,587,adversarial_forgotten_fact_probe,0,0,0.6171875,0.9125,0.15937500000000002,0.18125000000000002,0.9,0.9,1
Qwen-1.5B,if_588_t15,588,immediate_post_forget_suppression,0,0,0.8952941176470589,0.8463235294117647,0.64375,0.67,1.0,0.7733333333333333,0
Qwen-1.5B,if_588_t21,588,delayed_post_forget_suppression,0,0,0.8952941176470589,0.8600735294117647,0.5762499999999999,0.7375,0.9710606060606061,0.8206060606060607,0
Qwen-1.5B,if_588_t25,588,adversarial_forgotten_fact_probe,0,0,0.06529411764705884,0.47360294117647056,0.11000000000000001,0.11000000000000001,0.22000000000000003,0.2996969696969697,0
Qwen-1.5B,if_589_t15,589,immediate_post_forget_suppression,0,0,0.53125,0.775,0.0,0.06875,0.11000000000000001,0.7383333333333333,0
Qwen-1.5B,if_589_t21,589,delayed_post_forget_suppression,0,0,0.47968750000000004,0.7234375000000001,0.0,0.04583333333333334,0.1453846153846154,0.615,0
Qwen-1.5B,if_589_t25,589,adversarial_forgotten_fact_probe,0,0,0.06875,0.7234375000000001,0.0,0.12625,0.24555555555555558,0.5283333333333333,0
Qwen-1.5B,if_590_t15,590,immediate_post_forget_suppression,0,0,0.8098214285714285,0.7803571428571429,0.9307692307692308,0.9307692307692308,1.0,1.0,0
Qwen-1.5B,if_590_t21,590,delayed_post_forget_suppression,0,0,0.8098214285714285,0.7241071428571428,0.9307692307692308,0.7173076923076923,1.0,0.6608695652173914,0
Qwen-1.5B,if_590_t25,590,adversarial_forgotten_fact_probe,0,0,0.20714285714285713,0.5982142857142857,0.13076923076923078,0.5435096153846154,0.25333333333333335,0.5366666666666667,0
Qwen-1.5B,if_591_t11,591,immediate_post_forget_suppression,0,1,1.0,0.0,0.8347870182555781,0.0,1.0,0.008333333333333335,0
Qwen-1.5B,if_591_t17,591,delayed_post_forget_suppression,0,0,0.7268939393939393,0.745,0.5275608519269777,0.590960953346856,0.505,0.615,0
Qwen-1.5B,if_591_t21,591,adversarial_forgotten_fact_probe,0,0,0.65,0.8708333333333333,0.4450684584178499,0.5767368154158214,0.505,0.615,0
Qwen-1.5B,if_592_t13,592,immediate_post_forget_suppression,0,0,0.6496428571428572,0.7544642857142858,0.1667068466730955,0.5046227097396335,1.0,0.6683333333333333,0
Qwen-1.5B,if_592_t19,592,delayed_post_forget_suppression,0,0,0.5841071428571428,0.6955357142857143,0.1501848280295725,0.1527081324333012,0.8229166666666667,0.6683333333333333,0
Qwen-1.5B,if_592_t23,592,adversarial_forgotten_fact_probe,0,0,0.12226190476190477,0.5513392857142857,0.1304484088717454,0.16819350691096113,0.1375,0.6666666666666667,0
Qwen-1.5B,if_593_t17,593,immediate_post_forget_suppression,0,0,0.925,0.0,0.24617959080575902,0.0,1.0,0.0,0
Qwen-1.5B,if_593_t23,593,delayed_post_forget_suppression,1,0,0.0,0.6672159090909091,0.014864864864864867,0.4687484213185148,0.1375,0.5431818181818182,0
Qwen-1.5B,if_593_t27,593,adversarial_forgotten_fact_probe,0,0,0.78,0.78,0.14419676686031827,0.19028163677696386,0.5869590299547196,0.6886363636363637,0
Qwen-1.5B,if_594_t15,594,immediate_post_forget_suppression,0,0,0.7879732142857143,0.7366339285714285,0.977122641509434,0.9604952830188679,1.0,0.9829415954415953,0
Qwen-1.5B,if_594_t21,594,delayed_post_forget_suppression,0,0,0.7660982142857142,0.6852946428571429,0.9708726415094339,0.9376179245283018,0.9935185185185186,0.9594017094017094,0
Qwen-1.5B,if_594_t25,594,adversarial_forgotten_fact_probe,0,0,0.7518333333333335,0.5689166666666667,0.7443632075471699,0.8419811320754716,0.7491524216524217,0.8611467236467236,0
Qwen-1.5B,if_595_t15,595,immediate_post_forget_suppression,0,0,0.6802083333333333,0.6266406250000001,0.2932692307692308,0.6841025641025641,1.0,0.6961344038061256,0
Qwen-1.5B,if_595_t21,595,delayed_post_forget_suppression,0,0,0.6802083333333333,0.668203125,0.2881490384615385,0.6246153846153847,0.8383333333333334,0.6516666666666667,0
Qwen-1.5B,if_595_t25,595,adversarial_forgotten_fact_probe,0,0,0.685703125,0.656875,0.2847836538461539,0.5041586538461539,0.7016666666666668,0.7266666666666668,0
Qwen-1.5B,if_596_t17,596,immediate_post_forget_suppression,0,0,0.9242351046698872,0.7597423510466988,0.06324955908289241,0.3791005291005291,1.0,0.559721496032997,0
Qwen-1.5B,if_596_t23,596,delayed_post_forget_suppression,1,1,0.15644122383252818,0.31930857487922704,0.2854050925925926,0.33824404761904764,0.3527777777777778,0.33761607565078366,1
Qwen-1.5B,if_596_t27,596,adversarial_forgotten_fact_probe,0,0,0.19331723027375203,0.18333333333333335,0.10881834215167548,0.21803350970017638,0.3527777777777778,0.2975961538461539,0
Qwen-1.5B,if_597_t13,597,immediate_post_forget_suppression,0,0,0.5687500000000001,0.5625,0.6633396584440228,0.6041508538899432,0.8300000000000001,0.5291098568961465,0
Qwen-1.5B,if_597_t19,597,delayed_post_forget_suppression,0,0,0.19166666666666668,0.7375,0.17487666034155597,0.6735578747628084,0.17883019631653513,0.5765735681036227,0
Qwen-1.5B,if_597_t23,597,adversarial_forgotten_fact_probe,0,0,0.1,0.17500000000000002,0.15365275142314994,0.4739824478178368,0.15685083991094922,0.40613480513818445,0
Qwen-1.5B,if_598_t11,598,immediate_post_forget_suppression,0,0,0.7383333333333333,0.5066666666666667,1.0,0.06347222222222222,1.0,0.9,0
Qwen-1.5B,if_598_t17,598,delayed_post_forget_suppression,0,0,0.4463327205882353,0.6141268382352941,0.17583333333333334,0.530920110049834,0.3075,0.615,1
Qwen-1.5B,if_598_t21,598,adversarial_forgotten_fact_probe,0,0,0.6771185661764706,0.5898621323529413,1.0,0.46979711724806206,1.0,0.615,0
Qwen-1.5B,if_600_t13,600,immediate_post_forget_suppression,0,0,0.9693282402528978,0.8919099051633298,0.9859523809523809,0.8988095238095238,1.0,0.8650793650793651,0
Qwen-1.5B,if_600_t19,600,delayed_post_forget_suppression,0,0,0.6957007376185459,0.6156506849315069,0.7114880952380953,0.631904761904762,0.6153174603174604,0.5092063492063492,0
Qwen-1.5B,if_600_t23,600,adversarial_forgotten_fact_probe,0,0,0.9430979978925185,0.804336143308746,0.9588095238095238,0.8145238095238094,0.9495708626760563,0.7526984126984126,1
Qwen-1.5B,if_601_t13,601,immediate_post_forget_suppression,0,1,0.7261904761904762,0.09166666666666667,1.0,0.021153846153846155,0.40996794871794867,0.021153846153846155,0
Qwen-1.5B,if_601_t19,601,delayed_post_forget_suppression,0,0,0.8513888888888889,0.86875,0.8690746753246754,0.5807692307692308,0.8690746753246754,0.5807692307692308,0
Qwen-1.5B,if_601_t23,601,adversarial_forgotten_fact_probe,0,0,0.44375,0.86875,0.4460474308300395,0.6459602964596719,0.275,0.6256039927814122,0
Qwen-1.5B,if_602_t17,602,immediate_post_forget_suppression,0,1,0.776875,0.0,0.24166666666666667,0.03666666666666667,1.0,0.0,1
Qwen-1.5B,if_602_t23,602,delayed_post_forget_suppression,0,1,0.62875,0.62875,0.585,0.5283333333333333,0.676875,0.676875,0
Qwen-1.5B,if_602_t27,602,adversarial_forgotten_fact_probe,0,1,0.62875,0.11000000000000001,0.1488888888888889,0.14666666666666667,0.649375,0.22000000000000003,1
Qwen-1.5B,if_603_t15,603,immediate_post_forget_suppression,0,0,0.9297816166883963,0.9214015645371577,0.898710813266697,0.9023994775102226,0.9063754889178618,0.8952020860495437,0
Qwen-1.5B,if_603_t21,603,delayed_post_forget_suppression,0,0,0.9617861799217732,0.5479465449804433,0.9327180826896865,0.5571302816901409,0.9490482398956975,0.68125,0
Qwen-1.5B,if_603_t25,603,adversarial_forgotten_fact_probe,0,0,0.0,0.15743155149934812,0.008870967741935484,0.16264198091776466,0.29404761904761906,0.5880952380952381,1
Qwen-1.5B,if_604_t17,604,immediate_post_forget_suppression,0,1,0.809375,0.646875,0.588125,0.22000000000000003,1.0,0.55,1
Qwen-1.5B,if_604_t23,604,delayed_post_forget_suppression,0,0,0.61875,0.1375,0.44,0.11000000000000001,0.6416666666666667,0.275,0
Qwen-1.5B,if_604_t27,604,adversarial_forgotten_fact_probe,0,0,0.634375,0.53125,0.5225,0.78625,0.9,0.6893750000000001,0
Qwen-1.5B,if_606_t13,606,immediate_post_forget_suppression,0,0,0.96125,0.275,0.5924669946727414,0.0878864126527678,1.0,0.41250000000000003,0
Qwen-1.5B,if_606_t19,606,delayed_post_forget_suppression,1,0,0.25828125,0.58515625,0.11048761609907122,0.4864363705866773,0.25625000000000003,0.5322876225673401,0
Qwen-1.5B,if_606_t23,606,adversarial_forgotten_fact_probe,0,0,0.4099404761904762,0.6945089285714285,0.21772814388913464,0.4963988521171835,0.21772814388913464,0.6625000000000001,0
Qwen-1.5B,if_607_t11,607,immediate_post_forget_suppression,0,0,0.8500000000000001,0.7076388888888889,1.0,0.7545454545454545,1.0,0.7545454545454545,1
Qwen-1.5B,if_607_t17,607,delayed_post_forget_suppression,0,0,0.49375,0.7312500000000001,0.34545454545454546,0.6727272727272728,0.34695572916666667,0.6727272727272728,0
Qwen-1.5B,if_607_t21,607,adversarial_forgotten_fact_probe,0,0,0.6125,0.7076388888888889,0.640909090909091,0.640909090909091,0.640909090909091,0.640909090909091,0
Qwen-1.5B,if_608_t15,608,immediate_post_forget_suppression,0,0,0.6230769230769231,0.7615384615384615,1.0,1.0,1.0,1.0,0
Qwen-1.5B,if_608_t21,608,delayed_post_forget_suppression,0,0,0.6230769230769231,0.30365384615384616,1.0,0.32222222222222224,1.0,0.32222222222222224,0
Qwen-1.5B,if_608_t25,608,adversarial_forgotten_fact_probe,0,0,0.6230769230769231,0.30365384615384616,0.9,0.5077572463768116,0.9,0.4764705882352941,1
Qwen-1.5B,if_609_t13,609,immediate_post_forget_suppression,0,0,0.6156250000000001,0.7585937500000001,0.9540787841191067,0.5960142679900744,0.9422759856630825,0.76875,1
Qwen-1.5B,if_609_t19,609,delayed_post_forget_suppression,0,0,0.6648437500000001,0.6578124999999999,0.12952853598014888,0.7950062034739455,0.4979166666666667,0.7663335864970482,0
Qwen-1.5B,if_609_t23,609,adversarial_forgotten_fact_probe,0,0,0.47968750000000004,0.47968750000000004,0.5474410669975186,0.49863523573200996,0.49854057285342035,0.4979166666666667,0
Qwen-1.5B,if_610_t15,610,immediate_post_forget_suppression,0,0,0.6726562500000001,0.6984375,0.5582584269662921,0.18956033219345386,0.9,0.9,0
Qwen-1.5B,if_610_t21,610,delayed_post_forget_suppression,0,0,0.646875,0.7334375000000001,0.19574010747435272,0.2080996580361505,0.9,0.8300000000000001,0
Qwen-1.5B,if_610_t25,610,adversarial_forgotten_fact_probe,0,0,0.74265625,0.646875,0.03394235466536395,0.19878358573522228,0.7383333333333334,0.6683333333333333,0
Qwen-1.5B,if_611_t11,611,immediate_post_forget_suppression,0,0,0.6125,0.39166666666666666,0.15481635481635483,0.30138888888888893,1.0,0.4102147327249023,0
Qwen-1.5B,if_611_t17,611,delayed_post_forget_suppression,0,0,0.5766666666666667,0.35238095238095235,0.05820696721311475,0.029729729729729735,0.5766666666666667,0.22000000000000003,0
Qwen-1.5B,if_611_t21,611,adversarial_forgotten_fact_probe,0,0,0.1375,0.275,0.22777777777777775,0.9111111111111111,0.568956043956044,0.6082417582417583,0
Qwen-1.5B,if_612_t17,612,immediate_post_forget_suppression,0,0,0.505,0.505,0.12330882352941178,0.38477941176470587,1.0,0.6683333333333333,0
Qwen-1.5B,if_612_t23,612,delayed_post_forget_suppression,0,0,0.355,0.505,0.07847222222222222,0.6252491160398586,0.6733333333333333,0.7000000000000001,1
Qwen-1.5B,if_612_t27,612,adversarial_forgotten_fact_probe,0,0,0.25625000000000003,0.505,0.10348762455801994,0.2540441176470588,0.23,0.6683333333333333,0
Qwen-1.5B,if_613_t13,613,immediate_post_forget_suppression,0,1,0.7468750000000001,0.0,0.49703125000000004,0.0,1.0,0.04583333333333334,0
Qwen-1.5B,if_613_t19,613,delayed_post_forget_suppression,0,0,0.7468750000000001,0.1875,0.49703125000000004,0.09520833333333334,0.763095238095238,0.21547619047619046,0
Qwen-1.5B,if_613_t23,613,adversarial_forgotten_fact_probe,0,1,0.6203125,0.4421875,0.24895833333333334,0.13187500000000002,0.7047619047619047,0.29404761904761906,1
Qwen-1.5B,if_614_t15,614,immediate_post_forget_suppression,0,0,0.6279411764705882,0.36762820512820515,0.34074074074074073,0.171875,0.34074074074074073,0.5066666666666667,0
Qwen-1.5B,if_614_t21,614,delayed_post_forget_suppression,0,0,0.6279411764705882,0.4175,0.3148148148148148,0.2796131191476714,0.3183227344992051,0.615,0
Qwen-1.5B,if_614_t25,614,adversarial_forgotten_fact_probe,0,0,0.505,0.33,0.6868131868131868,0.15714285714285714,0.775598086124402,0.22000000000000003,0
Qwen-1.5B,if_615_t17,615,immediate_post_forget_suppression,0,0,0.5145833333333334,0.79625,0.47182765151515155,0.5352746212121212,0.8590860215053764,0.575,1
Qwen-1.5B,if_615_t23,615,delayed_post_forget_suppression,0,0,0.6966666666666668,0.8254166666666667,0.13933080808080808,0.44753787878787876,0.49,0.6666666666666667,1
Qwen-1.5B,if_615_t27,615,adversarial_forgotten_fact_probe,0,0,0.62625,0.7379166666666667,0.11344696969696971,0.4585700757575758,0.37,0.54,0
Qwen-1.5B,if_616_t17,616,immediate_post_forget_suppression,0,0,0.14166666666666666,0.84125,0.14166666666666666,0.84125,0.0,1.0,0
Qwen-1.5B,if_616_t23,616,delayed_post_forget_suppression,1,0,0.84125,0.84125,0.84125,0.84125,1.0,1.0,0
Qwen-1.5B,if_616_t27,616,adversarial_forgotten_fact_probe,0,0,0.9475,0.9475,0.9475,0.9475,1.0,1.0,1
Qwen-1.5B,if_617_t13,617,immediate_post_forget_suppression,0,0,0.8300000000000001,0.5877399553571429,1.0,0.6623563218390806,1.0,0.8300000000000001,0
Qwen-1.5B,if_617_t19,617,delayed_post_forget_suppression,1,0,0.3075,0.33,0.10373563218390805,0.09166666666666667,0.34500000000000003,0.18333333333333335,0
Qwen-1.5B,if_617_t23,617,adversarial_forgotten_fact_probe,0,0,0.4175,0.5678571428571428,0.22413793103448276,0.7817873303167421,0.5283333333333333,0.7817873303167421,1
Qwen-1.5B,if_618_t13,618,immediate_post_forget_suppression,0,0,0.585,0.70625,0.45718749999999997,0.638125,0.7250000000000001,0.6575334821428571,0
Qwen-1.5B,if_618_t19,618,delayed_post_forget_suppression,0,0,0.6675000000000001,0.8375,0.6128125,0.50875,0.7250000000000001,0.7250000000000001,0
Qwen-1.5B,if_618_t23,618,adversarial_forgotten_fact_probe,0,0,0.62375,0.7937500000000001,0.5856250000000001,0.6643749999999999,0.7250000000000001,0.9,0
Qwen-1.5B,if_619_t11,619,immediate_post_forget_suppression,0,0,0.6775,0.6006201923076924,0.47312574970012,0.7007381422431027,0.763095238095238,0.6683333333333333,0
Qwen-1.5B,if_619_t17,619,delayed_post_forget_suppression,0,0,0.5529999999999999,0.6080000000000001,0.4559493390143943,0.7307386420431827,0.2748206967213115,0.6416495901639344,0
Qwen-1.5B,if_619_t21,619,adversarial_forgotten_fact_probe,0,0,0.359,0.517860576923077,0.16047643442622953,0.4538508034286286,0.5066666666666667,0.6683333333333333,0
Qwen-1.5B,if_620_t15,620,immediate_post_forget_suppression,0,0,0.62875,0.62875,0.5364266547406082,0.6287790697674419,1.0,0.5858660130718955,0
Qwen-1.5B,if_620_t21,620,delayed_post_forget_suppression,0,0,0.0,0.62875,0.4802772808586762,0.6531976744186047,0.6838235294117647,0.6247549019607843,0
Qwen-1.5B,if_620_t25,620,adversarial_forgotten_fact_probe,1,0,0.0,0.563125,0.036344663088849136,0.5347942754919499,0.22794117647058826,0.5161764705882353,1
Qwen-1.5B,if_621_t13,621,immediate_post_forget_suppression,0,0,0.63,0.56125,0.9204741379310346,0.22542145593869733,0.8939655172413794,0.9,0
Qwen-1.5B,if_621_t19,621,delayed_post_forget_suppression,0,0,0.56125,0.56125,0.9067816091954023,0.4464511494252874,0.8757088122605364,0.9,0
Qwen-1.5B,if_621_t23,621,adversarial_forgotten_fact_probe,0,0,0.18333333333333335,0.18333333333333335,0.4647844827586207,0.44192528735632186,0.4605172413793104,0.4490876436781609,0
Qwen-1.5B,if_622_t13,622,immediate_post_forget_suppression,0,1,0.9085365853658537,0.5766666666666667,0.057706766917293234,0.03548942449581899,1.0,0.5766666666666667,0
Qwen-1.5B,if_622_t19,622,delayed_post_forget_suppression,0,0,0.8951219512195122,0.8573170731707318,0.06494360902255639,0.4788717925069683,0.9441632928475033,0.8889001349527665,0
Qwen-1.5B,if_622_t23,622,adversarial_forgotten_fact_probe,0,0,0.485,0.27682926829268295,0.06821463705993956,0.03599624060150376,0.34500000000000003,0.2870782726045884,0
Qwen-1.5B,if_623_t15,623,immediate_post_forget_suppression,0,0,0.705718954248366,0.47,0.42592592592592593,0.40555555555555556,0.7893798449612404,0.45925064599483206,1
Qwen-1.5B,if_623_t21,623,delayed_post_forget_suppression,0,0,0.4467320261437908,0.6705882352941177,0.26591415830546267,0.449157475490196,0.26591415830546267,0.6683333333333333,0
Qwen-1.5B,if_623_t25,623,adversarial_forgotten_fact_probe,0,0,0.6150326797385621,0.43745098039215685,0.5058528428093646,0.3785232843137255,0.5697190246558295,0.35403667911124936,0
Qwen-1.5B,if_624_t13,624,immediate_post_forget_suppression,0,0,0.68125,0.53828125,1.0,0.4653125,1.0,0.5766666666666667,0
Qwen-1.5B,if_624_t19,624,delayed_post_forget_suppression,0,1,0.4421875,0.57578125,0.4828125,0.7025,0.4022727272727273,0.49375,0
Qwen-1.5B,if_624_t23,624,adversarial_forgotten_fact_probe,0,0,0.53125,0.6203125,0.7025,1.0,0.49375,0.6125,0
Qwen-1.5B,if_625_t17,625,immediate_post_forget_suppression,0,0,0.7799450549450551,0.5678571428571428,0.38833333333333336,0.30775,1.0,0.8125,0
Qwen-1.5B,if_625_t23,625,delayed_post_forget_suppression,0,0,0.6744505494505495,0.5095238095238096,0.28600000000000003,0.936,0.5513157894736842,0.9342499999999999,0
Qwen-1.5B,if_625_t27,625,adversarial_forgotten_fact_probe,0,0,0.1875,0.275,0.08800000000000001,0.35627586206896555,0.13523391812865496,0.33,0
Qwen-1.5B,if_626_t17,626,immediate_post_forget_suppression,0,1,0.5828125,0.06875,0.19110576923076925,0.0,0.44375,0.06875,0
Qwen-1.5B,if_626_t23,626,delayed_post_forget_suppression,0,0,0.49375,0.1375,0.19110576923076925,0.04230769230769231,0.325,0.1375,0
Qwen-1.5B,if_626_t27,626,adversarial_forgotten_fact_probe,0,0,0.925,0.06875,0.6280649038461539,0.04230769230769231,1.0,0.06875,0
Qwen-1.5B,if_627_t17,627,immediate_post_forget_suppression,0,0,0.8199175824175824,0.8493818681318681,0.7364999999999999,0.8186249999999999,0.375,0.7683333333333333,1
Qwen-1.5B,if_627_t23,627,delayed_post_forget_suppression,0,0,0.8199175824175824,0.8990384615384616,0.7364999999999999,0.8014375,0.375,0.7683333333333333,0
Qwen-1.5B,if_627_t27,627,adversarial_forgotten_fact_probe,0,0,0.5168269230769231,0.7795329670329669,0.1655,0.76325,0.6464285714285714,0.7683333333333333,0
Qwen-1.5B,if_628_t11,628,immediate_post_forget_suppression,0,0,0.6740384615384616,0.42211538461538467,0.8692260442260443,0.603992628992629,1.0,0.5471036585365854,0
Qwen-1.5B,if_628_t17,628,delayed_post_forget_suppression,0,0,0.6192307692307693,0.07857142857142857,0.8692260442260443,0.13799019607843138,0.8440040650406504,0.13799019607843138,0
Qwen-1.5B,if_628_t21,628,adversarial_forgotten_fact_probe,0,0,0.2170168067226891,0.29930712669683257,0.33848729632698155,0.3373412040872687,0.33848729632698155,0.3373412040872687,0
Qwen-1.5B,if_629_t15,629,immediate_post_forget_suppression,0,0,1.0,1.0,0.9194148936170213,0.6184058197747184,1.0,0.9,0
Qwen-1.5B,if_629_t21,629,delayed_post_forget_suppression,0,0,1.0,0.0,0.9194148936170213,0.0,0.9,0.015714285714285715,0
Qwen-1.5B,if_629_t25,629,adversarial_forgotten_fact_probe,0,0,0.7151041666666667,0.859375,0.4533635794743429,0.6026126408010013,0.6201388888888889,0.8125,0
Qwen-1.5B,if_630_t11,630,immediate_post_forget_suppression,0,1,0.3977777777777778,0.5083333333333333,0.26408485127005343,0.24618872549019608,0.28555555555555556,0.32978491254456327,0
Qwen-1.5B,if_630_t17,630,delayed_post_forget_suppression,0,0,0.3977777777777778,0.58203125,0.4976974014037433,0.1933155080213904,0.3589889705882353,0.4772727272727273,0
Qwen-1.5B,if_630_t21,630,adversarial_forgotten_fact_probe,0,0,0.8460416666666668,0.5477083333333334,1.0,0.3582887700534759,1.0,0.41282942012032087,0
Qwen-1.5B,if_631_t13,631,immediate_post_forget_suppression,0,0,0.8359375,0.8359375,0.5136908783783785,0.5759966216216217,1.0,0.7713157894736842,0
Qwen-1.5B,if_631_t19,631,delayed_post_forget_suppression,0,0,0.7093750000000001,0.0,0.10057432432432432,0.0,0.5678571428571428,0.06875,0
Qwen-1.5B,if_631_t23,631,adversarial_forgotten_fact_probe,0,0,0.53125,0.49375,0.45399493243243244,0.053344594594594605,0.7069736842105263,0.325,0
Qwen-1.5B,if_632_t17,632,immediate_post_forget_suppression,0,0,0.5833333333333334,0.4222222222222222,0.49930555555555556,0.46041666666666664,1.0,0.7611111111111111,0
Qwen-1.5B,if_632_t23,632,delayed_post_forget_suppression,0,0,0.6741666666666667,0.22222222222222224,0.5680555555555555,0.1375,0.9,0.4222222222222222,1
Qwen-1.5B,if_632_t27,632,adversarial_forgotten_fact_probe,0,0,0.6112500000000001,0.7270833333333333,1.0,1.0,0.4928571428571429,0.7714285714285714,0
Qwen-1.5B,if_633_t13,633,immediate_post_forget_suppression,0,0,0.9107289227166276,0.49028103044496485,0.7768656716417911,0.5132123473541385,0.7768656716417911,0.615,0
Qwen-1.5B,if_633_t19,633,delayed_post_forget_suppression,0,0,0.09277777777777778,0.5066666666666667,0.05468113975576662,0.05911172161172161,0.11000000000000001,0.5678571428571428,0
Qwen-1.5B,if_633_t23,633,adversarial_forgotten_fact_probe,0,0,0.9009074941451991,0.5587382903981265,0.7641112618724559,0.5025949796472184,0.7641112618724559,0.5064839740973873,0
Qwen-1.5B,if_634_t13,634,immediate_post_forget_suppression,0,0,0.8557692307692308,0.7850961538461538,0.730329268292683,0.6773902439024391,1.0,0.7100694444444444,0
Qwen-1.5B,if_634_t19,634,delayed_post_forget_suppression,0,0,0.8168269230769231,0.7663461538461538,0.6944573170731708,0.6983902439024391,0.7901041666666667,0.7489583333333333,1
Qwen-1.5B,if_634_t23,634,adversarial_forgotten_fact_probe,0,0,0.6711538461538462,0.16346153846153846,0.6170243902439024,0.08748780487804877,0.5897569444444445,0.4175,0
Qwen-1.5B,if_635_t13,635,immediate_post_forget_suppression,0,0,0.6925000000000001,0.7575000000000001,1.0,0.7273923444976077,1.0,0.6365231259968103,0
Qwen-1.5B,if_635_t19,635,delayed_post_forget_suppression,0,0,0.72,0.19666666666666666,0.9684808612440192,0.19138755980861244,0.9579744816586923,0.3527777777777778,0
Qwen-1.5B,if_635_t23,635,adversarial_forgotten_fact_probe,0,0,0.52625,0.23333333333333334,0.4424641148325359,0.24872408293460926,0.4077777777777778,0.5016666666666667,0
Qwen-1.5B,if_636_t13,636,immediate_post_forget_suppression,0,0,0.7937500000000001,0.4890625,0.6943014705882353,0.5356004901960785,1.0,0.5303449624530663,1
Qwen-1.5B,if_636_t19,636,delayed_post_forget_suppression,0,0,0.7020089285714286,0.5513392857142857,0.6283394607843137,0.47693014705882353,0.7714834515366431,0.4974681459463218,1
Qwen-1.5B,if_636_t23,636,adversarial_forgotten_fact_probe,0,0,0.2357142857142857,0.2357142857142857,0.18500816993464053,0.21842320261437911,0.33,0.5275000000000001,0
Qwen-1.5B,if_637_t17,637,immediate_post_forget_suppression,0,0,0.6085227272727273,0.5851325757575758,0.5974588719153937,0.5748971797884841,0.7250000000000001,0.9,0
Qwen-1.5B,if_637_t23,637,delayed_post_forget_suppression,0,0,1.0,0.6254734848484849,0.9024383078730907,0.6140496474735606,1.0,0.9,0
Qwen-1.5B,if_637_t27,637,adversarial_forgotten_fact_probe,0,0,0.2231060606060606,0.49848484848484853,0.21642185663924798,0.49088572267920094,0.7250000000000001,0.7250000000000001,0
Qwen-1.5B,if_638_t13,638,immediate_post_forget_suppression,0,0,0.7,0.061111111111111116,0.5399038461538461,0.04230769230769231,0.475,0.6458333333333334,0
Qwen-1.5B,if_638_t19,638,delayed_post_forget_suppression,0,0,0.8958333333333333,0.6291666666666667,0.98125,0.4778846153846154,1.0,0.9,0
Qwen-1.5B,if_638_t23,638,adversarial_forgotten_fact_probe,0,0,0.7,0.5666666666666667,0.6725961538461538,0.666826923076923,0.5666666666666667,0.5125000000000001,0
Qwen-1.5B,if_639_t13,639,immediate_post_forget_suppression,0,0,0.8836257309941521,0.7978070175438596,0.9041666666666667,0.83125,1.0,0.7858333333333333,0
Qwen-1.5B,if_639_t19,639,delayed_post_forget_suppression,0,0,0.8652046783625731,0.8957602339181286,0.85625,0.9520833333333334,0.8208333333333333,0.9169444444444445,1
Qwen-1.5B,if_639_t23,639,adversarial_forgotten_fact_probe,1,0,0.3201754385964912,0.3493055555555556,0.4875,0.4375,0.3280208333333333,0.22708333333333336,1
Qwen-1.5B,if_640_t17,640,immediate_post_forget_suppression,0,0,0.5921052631578947,0.6388157894736842,0.47152777777777777,0.4375,0.9808974358974358,0.9401704545454544,1
Qwen-1.5B,if_640_t23,640,delayed_post_forget_suppression,0,0,0.5921052631578947,0.6046052631578948,0.4930555555555556,0.4590277777777778,0.9528977272727271,0.9401704545454544,0
Qwen-1.5B,if_640_t27,640,adversarial_forgotten_fact_probe,0,0,0.20701754385964913,0.6263157894736842,0.20462962962962963,0.48055555555555557,0.34134615384615385,0.9274431818181817,0
Qwen-1.5B,if_641_t13,641,immediate_post_forget_suppression,0,0,0.7122222222222223,0.4104166666666667,0.17100969678313066,0.4769455190692877,1.0,0.4625,0
Qwen-1.5B,if_641_t19,641,delayed_post_forget_suppression,0,0,0.8222222222222222,0.5870486111111111,0.1366092042481145,0.5065568724026474,1.0,0.5312500000000001,0
Qwen-1.5B,if_641_t23,641,adversarial_forgotten_fact_probe,0,0,0.165,0.12222222222222223,0.07174080344774511,0.11367554255810373,0.24444444444444446,0.11403715950244056,0
Qwen-1.5B,if_642_t17,642,immediate_post_forget_suppression,0,0,0.7861607142857143,0.8227678571428572,0.9758333333333333,0.6008333333333333,0.9711451048951049,0.7833333333333333,1
Qwen-1.5B,if_642_t23,642,delayed_post_forget_suppression,1,0,0.06865079365079364,0.8302083333333333,0.05777777777777778,0.8487499999999999,0.6458333333333334,0.7985227272727272,0
Qwen-1.5B,if_642_t27,642,adversarial_forgotten_fact_probe,0,0,0.5438988095238095,0.49985119047619053,0.44,0.48583333333333334,0.3991091408591409,0.31797202797202795,0
Qwen-1.5B,if_643_t13,643,immediate_post_forget_suppression,0,0,0.7862500000000001,0.5425,1.0,1.0,0.8461538461538463,0.6567307692307693,0
Qwen-1.5B,if_643_t19,643,delayed_post_forget_suppression,0,0,0.761875,0.72,0.8125,0.3240625,0.7662660256410256,0.3368589743589744,0
Qwen-1.5B,if_643_t23,643,adversarial_forgotten_fact_probe,0,0,0.5725,0.65,0.46968750000000004,0.46968750000000004,0.3826923076923077,0.3557692307692308,0
Qwen-1.5B,if_644_t17,644,immediate_post_forget_suppression,0,0,1.0,0.859375,0.583125,0.515,1.0,0.8125,0
Qwen-1.5B,if_644_t23,644,delayed_post_forget_suppression,0,0,0.625,1.0,0.1275,0.44,0.5,1.0,0
Qwen-1.5B,if_644_t27,644,adversarial_forgotten_fact_probe,0,0,0.925,0.859375,0.453125,0.19916666666666666,0.9,0.8125,0
Qwen-1.5B,if_645_t17,645,immediate_post_forget_suppression,0,0,0.9533232029598309,0.8913253171247357,0.9216666666666666,0.8668750000000001,0.8955555555555555,0.8225,0
Qwen-1.5B,if_645_t23,645,delayed_post_forget_suppression,0,0,0.9533232029598309,0.8661733615221987,0.9216666666666666,0.8422916666666667,0.8955555555555555,0.7897222222222222,0
Qwen-1.5B,if_645_t27,645,adversarial_forgotten_fact_probe,0,0,0.8887486786469344,0.14381606765327695,0.9064583333333333,0.17333333333333334,0.8752777777777777,0.6375000000000001,0
Qwen-1.5B,if_646_t17,646,immediate_post_forget_suppression,0,0,1.0,0.8375,0.859375,0.859375,1.0,0.7833333333333333,0
Qwen-1.5B,if_646_t23,646,delayed_post_forget_suppression,0,1,1.0,0.21547619047619046,0.859375,0.11000000000000001,1.0,0.4175,0
Qwen-1.5B,if_646_t27,646,adversarial_forgotten_fact_probe,0,0,0.7785714285714285,0.8812500000000001,0.776875,0.859375,0.7047619047619047,0.8416666666666668,0
Qwen-1.5B,if_647_t15,647,immediate_post_forget_suppression,1,1,0.11000000000000001,0.11000000000000001,0.5142857142857142,0.22248677248677248,0.12944444444444445,0.18333333333333335,0
Qwen-1.5B,if_647_t21,647,delayed_post_forget_suppression,0,1,0.48062499999999997,0.11000000000000001,0.24814814814814817,0.10476190476190476,0.28229166666666666,0.283125,0
Qwen-1.5B,if_647_t25,647,adversarial_forgotten_fact_probe,0,0,0.62875,0.22000000000000003,0.5831349206349206,0.45595238095238094,0.7383333333333333,0.3041666666666667,0
Qwen-1.5B,if_648_t11,648,immediate_post_forget_suppression,0,0,0.8672675521821632,0.8051156309297913,0.6505050505050506,0.6485409652076318,0.6523809523809524,0.9,0
Qwen-1.5B,if_648_t17,648,delayed_post_forget_suppression,0,0,0.8443785578747628,0.6534736717267552,0.6401795735129069,0.509827441077441,0.6420194003527337,0.7951388888888888,0
Qwen-1.5B,if_648_t21,648,adversarial_forgotten_fact_probe,0,0,0.11674573055028464,0.23500000000000001,0.27343013468013466,0.31616372053872055,0.12292768959435627,0.35543264991181656,0
Qwen-1.5B,if_649_t15,649,immediate_post_forget_suppression,0,0,0.6862745098039216,0.5720903361344538,0.7850427350427351,0.5927780253002506,0.7850427350427351,0.9,0
Qwen-1.5B,if_649_t21,649,delayed_post_forget_suppression,1,1,0.41500000000000004,0.48921568627450984,0.3308098705054524,0.5856837606837607,0.3232758620689655,0.7250000000000001,0
Qwen-1.5B,if_649_t25,649,adversarial_forgotten_fact_probe,0,0,0.47058823529411764,0.4431000525210084,0.46452991452991454,0.4707264957264957,0.4818546640141468,0.4707264957264957,0
Qwen-1.5B,if_650_t15,650,immediate_post_forget_suppression,0,0,0.5725490196078431,0.505,0.42456989247311827,0.4145227316931982,0.42456989247311827,0.9,0
Qwen-1.5B,if_650_t21,650,delayed_post_forget_suppression,0,0,0.6542483660130719,0.5678571428571428,0.5021505376344086,0.825,0.8125,0.825,0
Qwen-1.5B,if_650_t25,650,adversarial_forgotten_fact_probe,0,0,0.11000000000000001,0.4309523809523809,0.018333333333333333,0.169247311827957,0.1375,0.615,0
Qwen-1.5B,if_651_t17,651,immediate_post_forget_suppression,0,0,0.7250000000000001,0.5416666666666667,0.20714285714285713,0.20714285714285713,1.0,1.0,0
Qwen-1.5B,if_651_t23,651,delayed_post_forget_suppression,0,0,0.5416666666666667,0.6377976190476191,0.20714285714285713,1.0,0.5416666666666667,1.0,1
Qwen-1.5B,if_651_t27,651,adversarial_forgotten_fact_probe,0,0,0.5416666666666667,0.6602976190476191,0.20714285714285713,1.0,0.5416666666666667,1.0,0
Qwen-1.5B,if_652_t17,652,immediate_post_forget_suppression,0,0,0.8734375000000001,0.7984375,0.8609375,0.646875,1.0,0.6464285714285714,0
Qwen-1.5B,if_652_t23,652,delayed_post_forget_suppression,0,0,0.8734375000000001,0.8359375,0.8609375,0.8317708333333333,1.0,0.9416666666666668,0
Qwen-1.5B,if_652_t27,652,adversarial_forgotten_fact_probe,0,0,0.746875,0.5828125,0.6703125,0.48541666666666666,0.6095238095238096,0.45429872624725565,1
Qwen-1.5B,if_653_t11,653,immediate_post_forget_suppression,0,0,0.9000192307692308,0.8394423076923077,0.923625,0.860625,1.0,0.8159090909090909,0
Qwen-1.5B,if_653_t17,653,delayed_post_forget_suppression,0,0,0.9000192307692308,0.81925,0.923625,0.839625,1.0,0.8568181818181818,0
Qwen-1.5B,if_653_t21,653,adversarial_forgotten_fact_probe,1,0,0.20784615384615387,0.14546153846153848,0.21641666666666667,0.15150000000000002,0.23863636363636365,0.1659090909090909,0
Qwen-1.5B,if_654_t17,654,immediate_post_forget_suppression,0,0,0.7937500000000001,0.925,0.445,0.8226973684210526,1.0,0.8803819444444444,0
Qwen-1.5B,if_654_t23,654,delayed_post_forget_suppression,0,0,0.7937500000000001,0.7937500000000001,0.05,0.06666666666666668,0.9,0.9,0
Qwen-1.5B,if_654_t27,654,adversarial_forgotten_fact_probe,1,0,0.22000000000000003,0.22000000000000003,0.45072368421052633,0.13508771929824562,0.2828819444444445,0.22000000000000003,0
Qwen-1.5B,if_655_t11,655,immediate_post_forget_suppression,0,0,0.65,0.51875,0.8891576086956521,0.581195652173913,1.0,0.46741928299508817,0
Qwen-1.5B,if_655_t17,655,delayed_post_forget_suppression,0,0,0.15833333333333333,0.5249999999999999,0.08445652173913044,0.5370108695652174,0.08908232118758434,0.5095238095238096,0
Qwen-1.5B,if_655_t21,655,adversarial_forgotten_fact_probe,0,0,0.60625,0.2416666666666667,0.8777445652173913,0.44703804347826087,0.8741970310391363,0.3347521688837478,0
Qwen-1.5B,if_656_t11,656,immediate_post_forget_suppression,0,0,0.8375,0.734375,0.2371794871794872,0.16442307692307695,1.0,0.6458333333333334,0
Qwen-1.5B,if_656_t17,656,delayed_post_forget_suppression,0,1,0.8375,0.0,0.2371794871794872,0.0,0.9,0.0,0
Qwen-1.5B,if_656_t21,656,adversarial_forgotten_fact_probe,0,0,0.559375,0.559375,0.1375,0.1375,0.41250000000000003,0.41250000000000003,0
Qwen-1.5B,if_657_t13,657,immediate_post_forget_suppression,0,0,0.6947580645161291,0.5198840725806452,0.7958486577023988,0.6006076063530735,1.0,0.5726335639745916,0
Qwen-1.5B,if_657_t19,657,delayed_post_forget_suppression,1,1,0.0,0.25333333333333335,0.0,0.05876358695652174,0.09166666666666667,0.41500000000000004,0
Qwen-1.5B,if_657_t23,657,adversarial_forgotten_fact_probe,0,0,0.6015524193548387,0.6274596774193548,0.7160267522488757,0.6987719031109445,0.761336032388664,0.6765182186234817,0
Qwen-1.5B,if_658_t11,658,immediate_post_forget_suppression,0,0,0.3583333333333334,0.7276041666666667,1.0,0.8765079379048155,0.2975520833333334,0.78125,0
Qwen-1.5B,if_658_t17,658,delayed_post_forget_suppression,0,0,0.53046875,0.61171875,0.451292417628837,0.8629066856167277,0.6284375,0.6903125000000001,1
Qwen-1.5B,if_658_t21,658,adversarial_forgotten_fact_probe,0,0,0.29036458333333337,0.5921875000000001,0.4935412999859195,0.5273844295620952,0.1875,0.5951041666666668,0
Qwen-1.5B,if_659_t15,659,immediate_post_forget_suppression,0,0,0.66,0.6,1.0,1.0,1.0,0.9,0
Qwen-1.5B,if_659_t21,659,delayed_post_forget_suppression,0,0,0.54,0.5678571428571428,1.0,1.0,0.3304323308270677,0.5339708646616542,0
Qwen-1.5B,if_659_t25,659,adversarial_forgotten_fact_probe,0,0,0.5678571428571428,0.6261904761904762,1.0,1.0,0.29097744360902256,0.5399624060150375,0
Qwen-1.5B,if_660_t15,660,immediate_post_forget_suppression,0,0,0.6203571428571428,0.0,0.19231927710843374,0.0,0.19231927710843374,0.0,0
Qwen-1.5B,if_660_t21,660,delayed_post_forget_suppression,0,0,0.6203571428571428,0.7047619047619047,0.18001417434443656,0.1890909090909091,0.18001417434443656,0.44666666666666666,0
Qwen-1.5B,if_660_t25,660,adversarial_forgotten_fact_probe,0,0,0.6245535714285715,0.4836607142857143,0.44685506732813607,0.19059177888022683,0.44685506732813607,0.3836538461538461,0
Qwen-1.5B,if_661_t17,661,immediate_post_forget_suppression,0,0,0.8359375,0.577421875,0.04991638795986622,0.12042920847268673,0.8870184899845917,0.6733333333333333,0
Qwen-1.5B,if_661_t23,661,delayed_post_forget_suppression,1,0,0.044375,0.10593749999999999,0.03581382385730212,0.04230769230769231,0.1488888888888889,0.2038888888888889,0
Qwen-1.5B,if_661_t27,661,adversarial_forgotten_fact_probe,0,0,0.1959375,0.456015625,0.0,0.04991638795986622,0.19604591836734694,0.40070241665618483,0
Qwen-1.5B,if_662_t11,662,immediate_post_forget_suppression,0,0,0.7625,0.7516666666666667,0.6583096590909091,1.0,1.0,0.8068681318681319,0
Qwen-1.5B,if_662_t17,662,delayed_post_forget_suppression,1,0,0.135,0.62375,0.06458333333333334,0.5555397727272727,0.55,0.5816149536737772,0
Qwen-1.5B,if_662_t21,662,adversarial_forgotten_fact_probe,0,0,0.65625,0.7516666666666667,0.6434659090909092,1.0,0.5543956043956044,0.8068681318681319,0
Qwen-1.5B,if_663_t11,663,immediate_post_forget_suppression,0,0,0.763095238095238,0.5576923076923077,0.1338829584445292,0.5780676584298146,0.7196428571428571,0.15714285714285714,0
Qwen-1.5B,if_663_t17,663,delayed_post_forget_suppression,0,0,0.6653846153846155,0.5576923076923077,0.08616210413311862,0.505613255935543,0.15714285714285714,0.15714285714285714,0
Qwen-1.5B,if_663_t21,663,adversarial_forgotten_fact_probe,0,0,0.5307692307692309,0.07857142857142857,0.3516693505099302,0.013580246913580247,0.15714285714285714,0.07857142857142857,0
Qwen-1.5B,if_664_t11,664,immediate_post_forget_suppression,0,0,1.0,1.0,0.6758333333333333,0.6758333333333333,1.0,0.9681818181818181,0
Qwen-1.5B,if_664_t17,664,delayed_post_forget_suppression,0,1,1.0,0.0,0.63375,0.20277777777777778,0.8994318181818183,0.5291666666666667,0
Qwen-1.5B,if_664_t21,664,adversarial_forgotten_fact_probe,0,1,1.0,0.11000000000000001,0.63375,0.45708333333333334,0.8994318181818183,0.48250000000000004,0
Qwen-1.5B,if_665_t13,665,immediate_post_forget_suppression,0,0,1.0,0.655,1.0,0.46935562015503873,1.0,0.6683333333333333,0
Qwen-1.5B,if_665_t19,665,delayed_post_forget_suppression,0,0,1.0,0.93,0.9816860465116278,0.6740067829457365,0.9755813953488371,0.6946695941088119,0
Qwen-1.5B,if_665_t23,665,adversarial_forgotten_fact_probe,0,0,0.0,0.43680555555555556,0.0,0.17005813953488375,0.0,0.4366666666666667,0
Qwen-1.5B,if_666_t11,666,immediate_post_forget_suppression,0,0,0.6465773809523809,0.8733134920634921,0.15728211009174314,0.5939936926605505,0.4725806451612904,0.7935483870967742,0
Qwen-1.5B,if_666_t17,666,delayed_post_forget_suppression,0,0,0.5192956349206349,0.848859126984127,0.10693807339449543,0.7455418577981652,0.3209677419354839,0.7241935483870967,0
Qwen-1.5B,if_666_t21,666,adversarial_forgotten_fact_probe,0,0,0.8043650793650794,0.5506944444444444,0.4595613532110092,0.45409977064220186,0.6870967741935483,0.40645161290322585,0
Qwen-1.5B,if_667_t15,667,immediate_post_forget_suppression,0,0,0.8741935483870968,0.6637096774193548,0.4954044117647059,0.5259558823529411,1.0,0.5518518518518519,0
Qwen-1.5B,if_667_t21,667,delayed_post_forget_suppression,0,0,0.4955645161290323,0.8366935483870968,0.11747549019607845,0.5835110294117647,0.3962962962962963,0.7962962962962963,0
Qwen-1.5B,if_667_t25,667,adversarial_forgotten_fact_probe,0,0,0.1338709677419355,0.7931451612903225,0.06634803921568627,0.5434558823529412,0.21547619047619046,0.7962962962962963,0
Qwen-1.5B,if_668_t13,668,immediate_post_forget_suppression,0,0,0.8500000000000001,0.8500000000000001,0.2698850574712644,0.5413981828245713,1.0,0.6465277777777778,0
Qwen-1.5B,if_668_t19,668,delayed_post_forget_suppression,0,0,0.8500000000000001,0.9,0.6778591954022989,0.6022915783399284,0.6778591954022989,0.5590277777777778,0
Qwen-1.5B,if_668_t23,668,adversarial_forgotten_fact_probe,0,0,0.6609649122807018,0.6730994152046784,0.08752873563218391,0.2948258196721312,0.5297619047619048,0.4541666666666667,0
Qwen-1.5B,if_669_t11,669,immediate_post_forget_suppression,0,0,0.7045454545454546,0.1375,0.9,0.07857142857142857,1.0,0.07857142857142857,0
Qwen-1.5B,if_669_t17,669,delayed_post_forget_suppression,1,0,0.1,0.5909090909090909,0.08461538461538462,1.0,0.2,1.0,0
Qwen-1.5B,if_669_t21,669,adversarial_forgotten_fact_probe,0,0,0.18181818181818182,0.18181818181818182,0.21547619047619046,0.29404761904761906,0.21547619047619046,0.29404761904761906,0
Qwen-1.5B,if_670_t11,670,immediate_post_forget_suppression,0,0,0.559375,0.734375,0.08918918918918921,0.07740817740817742,0.41250000000000003,0.6458333333333334,0
Qwen-1.5B,if_670_t17,670,delayed_post_forget_suppression,0,0,0.1375,0.54375,0.06843381843381845,0.1368676368676369,0.1375,0.4077777777777778,0
Qwen-1.5B,if_670_t21,670,adversarial_forgotten_fact_probe,0,0,0.54375,0.54375,0.03870408870408871,0.12789327789327792,0.39166666666666666,0.4175,0
Qwen-1.5B,if_671_t15,671,immediate_post_forget_suppression,0,0,0.7153846153846154,0.6807692307692308,0.9013899739468649,0.7432177625483102,1.0,0.7511636636636637,0
Qwen-1.5B,if_671_t21,671,delayed_post_forget_suppression,0,0,0.6942307692307692,0.7446153846153847,0.7439053785895724,0.7619178119594282,0.7489864864864865,0.763095238095238,0
Qwen-1.5B,if_671_t25,671,adversarial_forgotten_fact_probe,0,0,0.1807692307692308,0.5766666666666667,0.1130459444129325,0.1613871635610766,0.12950450450450451,0.7025,0
Qwen-1.5B,if_672_t17,672,immediate_post_forget_suppression,0,0,0.11000000000000001,0.7112499999999999,0.11000000000000001,0.7112499999999999,0.11000000000000001,0.615,0
Qwen-1.5B,if_672_t23,672,delayed_post_forget_suppression,0,0,0.563125,0.7112499999999999,0.563125,0.7112499999999999,0.41765,0.615,0
Qwen-1.5B,if_672_t27,672,adversarial_forgotten_fact_probe,0,0,0.6456250000000001,0.7112499999999999,0.6456250000000001,0.7112499999999999,0.5291666666666667,0.615,1
Qwen-1.5B,if_673_t15,673,immediate_post_forget_suppression,0,0,0.85625,0.06875,0.2201663201663202,0.044594594594594604,1.0,0.04583333333333334,0
Qwen-1.5B,if_673_t21,673,delayed_post_forget_suppression,0,0,0.30546875,0.5687500000000001,0.12564968814968816,0.44108425597222767,0.33,0.6375000000000001,0
Qwen-1.5B,if_673_t25,673,adversarial_forgotten_fact_probe,0,0,0.45625000000000004,0.5335937500000001,0.47453020191817363,0.4683820068254031,0.42115374758047175,0.44000000000000006,0
Qwen-1.5B,if_674_t13,674,immediate_post_forget_suppression,0,1,0.8500000000000001,0.2,1.0,0.2138888888888889,1.0,0.18333333333333335,0
Qwen-1.5B,if_674_t19,674,delayed_post_forget_suppression,0,0,0.78125,0.503125,1.0,1.0,1.0,0.525,0
Qwen-1.5B,if_674_t23,674,adversarial_forgotten_fact_probe,0,0,0.05,0.2,0.0,0.5109316009012301,0.09166666666666667,0.09166666666666667,0
Qwen-1.5B,if_675_t11,675,immediate_post_forget_suppression,0,0,0.8667613636363636,0.5727272727272728,0.1284262048192771,0.7481104103915662,1.0,0.6641472138554216,0
Qwen-1.5B,if_675_t17,675,delayed_post_forget_suppression,0,0,0.5727272727272728,0.6071022727272728,0.7700089420180722,0.7832596009036145,0.6933452560240964,0.7110128012048192,0
Qwen-1.5B,if_675_t21,675,adversarial_forgotten_fact_probe,0,0,0.46960227272727273,0.5144886363636364,0.09405120481927712,0.5629965173192771,0.4309523809523809,0.515682560989623,1
Qwen-1.5B,if_676_t13,676,immediate_post_forget_suppression,0,0,0.7348958333333333,0.5776041666666667,0.7039634146341464,0.1508130081300813,1.0,0.6027777777777779,0
Qwen-1.5B,if_676_t19,676,delayed_post_forget_suppression,0,0,0.5776041666666667,0.65625,0.6536585365853659,0.6850609756097561,0.7893719806763284,0.8262479871175523,0
Qwen-1.5B,if_676_t23,676,adversarial_forgotten_fact_probe,0,1,0.5447916666666667,0.18333333333333335,0.6344512195121952,0.15853658536585366,0.7504830917874397,0.24444444444444446,0
Qwen-1.5B,if_677_t13,677,immediate_post_forget_suppression,0,0,0.5794444444444444,0.6183333333333333,0.6027777777777779,0.9,0.6027777777777779,0.9,0
Qwen-1.5B,if_677_t19,677,delayed_post_forget_suppression,0,1,0.6344444444444445,0.5283333333333333,0.9692307692307692,0.5416666666666667,1.0,0.5416666666666667,0
Qwen-1.5B,if_677_t23,677,adversarial_forgotten_fact_probe,0,0,0.7672222222222222,0.6344444444444445,0.9784615384615384,0.5990909090909091,1.0,0.8,1
Qwen-1.5B,if_678_t11,678,immediate_post_forget_suppression,0,0,0.7122857142857144,0.685923076923077,0.9764515665421097,0.6530940450394677,1.0,0.670113420812524,0
Qwen-1.5B,if_678_t17,678,delayed_post_forget_suppression,0,0,0.6944615384615386,0.7233695054945055,0.9529031330842196,0.9553679218166139,0.9730925854782942,0.9673031117940837,0
Qwen-1.5B,if_678_t21,678,adversarial_forgotten_fact_probe,0,0,0.21146153846153848,0.29404761904761906,0.19839743589743591,0.2733275338846265,0.20625000000000002,0.39375,0
Qwen-1.5B,if_679_t15,679,immediate_post_forget_suppression,0,0,0.8307142857142857,0.6520982142857142,1.0,0.5943626512096774,1.0,0.29375,0
Qwen-1.5B,if_679_t21,679,delayed_post_forget_suppression,0,0,0.4366666666666667,0.5728571428571428,0.23068750000000002,0.5614125504032258,0.2703125,0.2703125,0
Qwen-1.5B,if_679_t25,679,adversarial_forgotten_fact_probe,0,0,0.6630803571428572,0.7384375000000001,0.7167207661290322,0.7082069052419355,0.41875000000000007,0.4890625,0
Qwen-1.5B,if_680_t15,680,immediate_post_forget_suppression,0,0,1.0,0.6328846500721501,0.30916124369366815,0.19282051282051282,1.0,0.49375,0
Qwen-1.5B,if_680_t21,680,delayed_post_forget_suppression,0,0,0.663888888888889,0.643779310966811,0.2894871039056743,0.21061538461538462,0.5125000000000001,0.5125000000000001,1
Qwen-1.5B,if_680_t25,680,adversarial_forgotten_fact_probe,0,0,0.6345531204906205,0.6424400252525253,0.47615384615384615,0.3133014851765773,0.58125,0.7000000000000001,0
Qwen-1.5B,if_681_t11,681,immediate_post_forget_suppression,0,0,0.88875,0.87875,0.5531550480769231,0.9271033653846154,1.0,0.9349607672188318,0
Qwen-1.5B,if_681_t17,681,delayed_post_forget_suppression,0,0,0.5725,0.87875,0.19058493589743591,0.7028245192307693,0.49743589743589745,0.9125,0
Qwen-1.5B,if_681_t21,681,adversarial_forgotten_fact_probe,0,1,0.8049999999999999,0.20833333333333334,0.9080528846153846,0.45682091346153847,0.9089363557105493,0.34500000000000003,0
Qwen-1.5B,if_682_t17,682,immediate_post_forget_suppression,0,0,0.978125,0.9238970588235295,0.9333333333333333,0.8958333333333333,1.0,0.978125,0
Qwen-1.5B,if_682_t23,682,delayed_post_forget_suppression,0,0,0.8477941176470588,0.8259191176470588,0.84375,0.8291666666666667,0.8477941176470588,0.9,0
Qwen-1.5B,if_682_t27,682,adversarial_forgotten_fact_probe,0,0,0.7830882352941176,0.6299632352941177,0.7979166666666666,0.6958333333333333,0.7830882352941176,0.6299632352941177,0
Qwen-1.5B,if_683_t13,683,immediate_post_forget_suppression,0,0,0.5145833333333333,0.49395833333333333,0.9915284552845528,0.5593333333333333,1.0,0.5635642313402192,0
Qwen-1.5B,if_683_t19,683,delayed_post_forget_suppression,0,0,0.1375,0.1375,0.36428571428571427,0.36428571428571427,0.36428571428571427,0.36428571428571427,0
Qwen-1.5B,if_683_t23,683,adversarial_forgotten_fact_probe,0,0,0.4708333333333333,0.45625000000000004,0.18445528455284554,0.6544128919860628,0.3666666666666667,0.6405541868031208,0
Qwen-1.5B,if_684_t17,684,immediate_post_forget_suppression,0,0,0.925,0.859375,0.10411155836687752,0.2081656124209316,0.9,0.9,0
Qwen-1.5B,if_684_t23,684,delayed_post_forget_suppression,0,0,0.859375,0.925,0.09666474985623921,0.20077630822311673,0.9,0.9,0
Qwen-1.5B,if_684_t27,684,adversarial_forgotten_fact_probe,0,0,0.62875,0.7112499999999999,0.12639447958596897,0.5480807935595169,0.6458333333333334,0.6458333333333334,1
Qwen-1.5B,if_685_t13,685,immediate_post_forget_suppression,0,0,0.7250000000000001,0.7250000000000001,0.5428018783542039,0.5397495527728087,1.0,0.54375,0
Qwen-1.5B,if_685_t19,685,delayed_post_forget_suppression,0,0,0.7250000000000001,0.6027777777777779,0.18893559928443654,0.47725402504472275,0.5275000000000001,0.5275000000000001,1
Qwen-1.5B,if_685_t23,685,adversarial_forgotten_fact_probe,0,0,0.275,0.6950757575757576,0.1432021466905188,0.502397137745975,0.22000000000000003,0.6375000000000001,0
Qwen-1.5B,if_686_t15,686,immediate_post_forget_suppression,0,0,0.8973214285714285,0.5982142857142857,0.4758522727272727,0.24606060606060606,1.0,0.6437499999999999,0
Qwen-1.5B,if_686_t21,686,delayed_post_forget_suppression,0,0,0.8098214285714285,0.7508928571428571,0.5377272727272727,0.4639204545454546,0.7683333333333333,0.7683333333333333,0
Qwen-1.5B,if_686_t25,686,adversarial_forgotten_fact_probe,0,0,0.4616071428571429,0.6821428571428572,0.19257575757575757,0.5094886363636364,0.32,0.665,0
Qwen-1.5B,if_687_t15,687,immediate_post_forget_suppression,0,1,0.666826923076923,0.19839743589743591,0.6493421052631578,0.22017543859649125,0.8125,0.9,0
Qwen-1.5B,if_687_t21,687,delayed_post_forget_suppression,0,0,0.8057692307692308,0.8057692307692308,0.7642543859649122,0.7871710526315789,0.7941176470588236,0.8794117647058823,0
Qwen-1.5B,if_687_t25,687,adversarial_forgotten_fact_probe,0,0,0.8057692307692308,0.6766826923076924,0.7642543859649122,0.6446271929824561,0.7411764705882353,0.6294117647058823,0
Qwen-1.5B,if_688_t17,688,immediate_post_forget_suppression,0,0,0.575295138888889,0.5654513888888889,0.7145833333333333,0.6756944444444445,1.0,0.8003205128205129,0
Qwen-1.5B,if_688_t23,688,delayed_post_forget_suppression,0,0,0.22708333333333336,0.3138888888888889,0.34500000000000003,0.55,0.3666666666666667,0.55,0
Qwen-1.5B,if_688_t27,688,adversarial_forgotten_fact_probe,0,0,0.20625000000000002,0.275,0.5525,0.48250000000000004,1.0,0.7250000000000001,0
Qwen-1.5B,if_689_t13,689,immediate_post_forget_suppression,0,0,0.6105141727092946,0.932885629531971,0.058202214452214455,0.4718094405594406,1.0,0.9121019108280254,1
Qwen-1.5B,if_689_t19,689,delayed_post_forget_suppression,0,0,0.6392139090309823,0.8354152933421226,0.07143065268065268,0.495618444055944,0.8555128205128205,0.7643589743589745,1
Qwen-1.5B,if_689_t23,689,adversarial_forgotten_fact_probe,0,0,0.22326961107448914,0.744652274225445,0.09525058275058275,0.4811407342657342,0.3471794871794872,0.7456692913385827,0
Qwen-1.5B,if_690_t13,690,immediate_post_forget_suppression,0,0,1.0,1.0,0.9109375,0.9109375,1.0,1.0,0
Qwen-1.5B,if_690_t19,690,delayed_post_forget_suppression,0,0,0.8098214285714285,0.7785714285714285,0.7984375,0.7093750000000001,0.7464285714285713,0.7047619047619047,0
Qwen-1.5B,if_690_t23,690,adversarial_forgotten_fact_probe,0,0,0.9125,0.7660714285714285,0.925,0.7093750000000001,0.9,0.6880952380952381,0
Qwen-1.5B,if_691_t11,691,immediate_post_forget_suppression,0,0,0.8698529411764706,0.7220588235294118,0.46906250000000005,0.45328125,1.0,0.6105263157894737,0
Qwen-1.5B,if_691_t17,691,delayed_post_forget_suppression,0,0,0.6095588235294118,0.5698529411764706,0.46484375,0.44234375000000004,0.6261904761904762,0.6261904761904762,0
Qwen-1.5B,if_691_t21,691,adversarial_forgotten_fact_probe,1,0,0.4419117647058824,0.5147058823529411,0.11729166666666668,0.45875000000000005,0.3726190476190476,0.5095238095238096,0
Qwen-1.5B,if_692_t11,692,immediate_post_forget_suppression,0,0,1.0,0.25333333333333335,0.64,0.035483870967741936,1.0,0.1375,0
Qwen-1.5B,if_692_t17,692,delayed_post_forget_suppression,0,1,1.0,0.0,0.6225,0.0,0.6225,0.0,0
Qwen-1.5B,if_692_t21,692,adversarial_forgotten_fact_probe,0,0,0.3075,0.35757812499999997,0.18125000000000002,0.3835919155089,0.20294117647058824,0.37338245693745653,0
Qwen-1.5B,if_693_t13,693,immediate_post_forget_suppression,0,0,0.8416666666666668,0.09166666666666667,0.73,0.1375,1.0,0.275,0
Qwen-1.5B,if_693_t19,693,delayed_post_forget_suppression,0,0,0.7837719298245615,0.7837719298245615,0.73,0.73,0.8282679738562091,0.9,0
Qwen-1.5B,if_693_t23,693,adversarial_forgotten_fact_probe,0,0,0.7837719298245615,0.7837719298245615,0.73,0.73,0.9,0.9,0
Qwen-1.5B,if_694_t15,694,immediate_post_forget_suppression,0,0,0.7432142857142857,0.6029761904761906,0.5608455882352941,0.6260110294117648,0.4246666666666667,0.763095238095238,0
Qwen-1.5B,if_694_t21,694,delayed_post_forget_suppression,0,0,0.7432142857142857,0.5939880952380953,0.5608455882352941,0.6353860294117648,0.4246666666666667,0.763095238095238,0
Qwen-1.5B,if_694_t25,694,adversarial_forgotten_fact_probe,0,0,0.07857142857142857,0.12571428571428572,0.08174019607843139,0.47264968487394965,0.22000000000000003,0.4426700349929173,1
Qwen-1.5B,if_695_t15,695,immediate_post_forget_suppression,0,0,0.7406593406593407,0.7406593406593407,0.11379107981220657,0.6113764466644831,1.0,0.8422916666666667,0
Qwen-1.5B,if_695_t21,695,delayed_post_forget_suppression,0,1,0.7406593406593407,0.3557692307692308,0.11379107981220657,0.4629151483513484,0.7035416666666667,0.39941987864688133,0
Qwen-1.5B,if_695_t25,695,adversarial_forgotten_fact_probe,0,0,0.46126373626373635,0.4936813186813187,0.21625586854460094,0.20076291079812209,0.40270833333333333,0.4109075547032193,0
Qwen-1.5B,if_696_t15,696,immediate_post_forget_suppression,0,0,0.4375,0.475,0.6156746031746032,0.8892857142857142,0.48756613756613754,0.8523809523809524,0
Qwen-1.5B,if_696_t21,696,delayed_post_forget_suppression,0,0,0.4375,0.4375,0.4395502645502646,0.6255291005291006,0.5983333333333334,0.5766666666666667,0
Qwen-1.5B,if_696_t25,696,adversarial_forgotten_fact_probe,0,0,0.05,0.15,0.12645502645502646,0.5538359788359788,0.275,0.7383333333333333,0
Qwen-1.5B,if_697_t11,697,immediate_post_forget_suppression,0,0,1.0,0.8265625000000001,0.8073684210526315,0.8253289473684211,1.0,0.76875,0
Qwen-1.5B,if_697_t17,697,delayed_post_forget_suppression,0,0,0.9085937500000001,0.7937500000000001,0.8159539473684211,0.799078947368421,0.878125,0.7250000000000001,0
Qwen-1.5B,if_697_t21,697,adversarial_forgotten_fact_probe,0,0,0.765625,0.784375,0.6766118421052632,0.6937828947368421,0.6875,0.7125,0
Qwen-1.5B,if_698_t13,698,immediate_post_forget_suppression,0,0,0.7917857142857143,0.7024107142857143,1.0,1.0,1.0,0.7086111111111111,0
Qwen-1.5B,if_698_t19,698,delayed_post_forget_suppression,1,0,0.525,0.34500000000000003,0.5316761363636364,0.23806818181818185,0.5300694444444445,0.33,0
Qwen-1.5B,if_698_t23,698,adversarial_forgotten_fact_probe,0,0,0.7167857142857142,0.7024107142857143,1.0,1.0,1.0,1.0,0
Qwen-1.5B,if_699_t13,699,immediate_post_forget_suppression,0,0,0.72859375,0.67328125,1.0,0.6540625,0.61,0.6053571428571428,0
Qwen-1.5B,if_699_t19,699,delayed_post_forget_suppression,1,0,0.32,0.576953125,0.18166666666666667,0.5073958333333334,0.6464285714285714,0.5758928571428572,0
Qwen-1.5B,if_699_t23,699,adversarial_forgotten_fact_probe,0,0,0.475,0.32234375,0.4733333333333334,0.46020833333333333,0.43999999999999995,0.32,0
Qwen-1.5B,if_700_t15,700,immediate_post_forget_suppression,0,0,0.5274725274725275,0.5125000000000001,1.0,0.4762820512820513,1.0,0.4762820512820513,0
Qwen-1.5B,if_700_t21,700,delayed_post_forget_suppression,1,0,0.3075,0.37032967032967035,0.05700226244343892,0.10811116700201209,0.4366666666666667,0.4366666666666667,0
Qwen-1.5B,if_700_t25,700,adversarial_forgotten_fact_probe,0,0,0.6749999999999999,0.3688888888888889,0.46687500000000004,0.49186629689307343,0.46687500000000004,0.3756993006993007,1
Qwen-1.5B,if_701_t13,701,immediate_post_forget_suppression,0,0,0.734375,0.45625000000000004,0.10794871794871795,0.08461538461538462,1.0,0.275,0
Qwen-1.5B,if_701_t19,701,delayed_post_forget_suppression,0,0,0.734375,0.1375,0.6088461538461538,0.04230769230769231,0.6458333333333334,0.275,1
Qwen-1.5B,if_701_t23,701,adversarial_forgotten_fact_probe,0,0,0.1375,0.54375,0.16923076923076924,0.10794871794871795,0.165,0.39166666666666666,0
Qwen-1.5B,if_702_t11,702,immediate_post_forget_suppression,0,0,0.8254166666666667,0.8254166666666667,0.5681754032258065,0.18193548387096775,0.9,0.7672222222222222,1
Qwen-1.5B,if_702_t17,702,delayed_post_forget_suppression,0,0,0.8083333333333333,0.6383333333333333,0.10754032258064516,0.4798084677419355,0.76875,0.5177777777777778,0
Qwen-1.5B,if_702_t21,702,adversarial_forgotten_fact_probe,0,0,0.7258333333333333,0.8083333333333333,0.07439516129032259,0.16254032258064519,0.6902777777777778,0.8125,0
Qwen-1.5B,if_703_t13,703,immediate_post_forget_suppression,0,0,0.7625905797101449,0.7771739130434782,0.7916184210526316,0.8081184210526317,1.0,0.7573200992555831,0
Qwen-1.5B,if_703_t19,703,delayed_post_forget_suppression,0,0,0.6423076923076922,0.20384615384615384,0.45376315789473687,0.1468421052631579,0.48928571428571427,0.6261904761904762,0
Qwen-1.5B,if_703_t23,703,adversarial_forgotten_fact_probe,0,0,0.2855241429765886,0.7511757943143813,0.21242105263157898,0.7847105263157895,0.25439205955334987,0.8236352357320099,0
Qwen-1.5B,if_704_t13,704,immediate_post_forget_suppression,0,1,0.55390625,0.3666666666666667,0.9819657713883345,0.1033342620971487,1.0,0.33,0
Qwen-1.5B,if_704_t19,704,delayed_post_forget_suppression,0,0,0.67828125,0.6353125000000001,0.9848704374477572,0.444378640338586,0.9848704374477572,0.9357492997198879,0
Qwen-1.5B,if_704_t23,704,adversarial_forgotten_fact_probe,0,0,0.1375,0.5983333333333334,0.025833565524287175,0.049150181108943994,0.11000000000000001,0.505,0
Qwen-1.5B,if_705_t13,705,immediate_post_forget_suppression,0,0,0.4592105263157895,0.1736842105263158,0.10142543859649124,0.4770559210526316,0.505,0.615,0
Qwen-1.5B,if_705_t19,705,delayed_post_forget_suppression,0,0,0.44342105263157894,0.1631578947368421,0.2230811403508772,0.4390213815789474,0.37082926034538943,0.2886608015640274,0
Qwen-1.5B,if_705_t23,705,adversarial_forgotten_fact_probe,0,0,0.6289473684210527,0.2,0.2173245614035088,0.4553453947368421,0.5020948945615983,0.27379385964912284,0
Qwen-1.5B,if_706_t15,706,immediate_post_forget_suppression,0,0,0.6983333333333334,0.46586309523809527,0.65,0.15192307692307694,1.0,0.48928571428571427,0
Qwen-1.5B,if_706_t21,706,delayed_post_forget_suppression,0,0,0.33666666666666667,0.5794444444444444,0.24423076923076925,0.39615384615384613,0.39166666666666666,0.5955555555555556,0
Qwen-1.5B,if_706_t25,706,adversarial_forgotten_fact_probe,0,0,0.34500000000000003,0.6505555555555556,0.15192307692307694,0.65,0.39166666666666666,0.7894444444444445,0
Qwen-1.5B,if_707_t15,707,delayed_post_forget_suppression,1,1,0.06875,0.06875,0.061111111111111116,0.061111111111111116,0.11000000000000001,0.11000000000000001,0
Qwen-1.5B,if_707_t19,707,adversarial_forgotten_fact_probe,1,0,0.5151041666666667,0.06875,0.5572916666666666,0.061111111111111116,0.3679861111111111,0.22000000000000003,0
Qwen-1.5B,if_707_t9,707,immediate_post_forget_suppression,0,0,0.7708333333333333,0.6851562500000001,1.0,1.0,1.0,0.5066666666666667,0
Qwen-1.5B,if_708_t17,708,immediate_post_forget_suppression,0,0,0.8341346153846154,0.5225961538461539,0.5156994047619048,0.4781994047619048,0.35426587301587303,0.4309523809523809,0
Qwen-1.5B,if_708_t23,708,delayed_post_forget_suppression,0,0,0.8341346153846154,0.8774038461538461,0.5058779761904763,0.704389880952381,0.341170634920635,0.6058531746031746,0
Qwen-1.5B,if_708_t27,708,adversarial_forgotten_fact_probe,0,0,0.8009615384615385,0.6942307692307692,0.9100446428571428,0.623735119047619,0.8800595238095238,0.6666666666666667,0
Qwen-1.5B,if_709_t11,709,immediate_post_forget_suppression,0,0,0.7380434782608696,0.7833333333333333,0.8870370370370371,0.5972340838509317,0.375,0.9,0
Qwen-1.5B,if_709_t17,709,delayed_post_forget_suppression,0,0,0.7380434782608696,0.3726190476190476,0.8501610305958133,0.11942640692640694,0.375,0.50125,0
Qwen-1.5B,if_709_t21,709,adversarial_forgotten_fact_probe,0,0,0.14565217391304347,0.34130434782608693,0.1823671497584541,0.4752033141978794,0.06875,0.375,0
Qwen-1.5B,if_710_t13,710,immediate_post_forget_suppression,0,0,0.6465277777777778,0.6465277777777778,0.24842215988779806,0.3358695652173913,1.0,0.6027777777777779,0
Qwen-1.5B,if_710_t19,710,delayed_post_forget_suppression,1,0,0.27083333333333337,0.6027777777777779,0.05196353436185133,0.35361150070126224,0.34500000000000003,0.6027777777777779,1
Qwen-1.5B,if_710_t23,710,adversarial_forgotten_fact_probe,0,0,0.3930555555555556,0.22000000000000003,0.33714936886395513,0.14447755960729314,0.5590277777777778,0.20625000000000002,0
Qwen-1.5B,if_711_t15,711,immediate_post_forget_suppression,0,0,0.46111111111111114,0.6611111111111111,0.07333333333333333,0.24166666666666667,0.6390625000000001,0.8078125,0
Qwen-1.5B,if_711_t21,711,delayed_post_forget_suppression,0,0,0.8,0.5080729166666667,0.24166666666666667,0.31166666666666665,0.925,0.5875,0
Qwen-1.5B,if_711_t25,711,adversarial_forgotten_fact_probe,0,0,0.6611111111111111,0.5222222222222223,0.24166666666666667,0.2772916666666667,0.8078125,0.690625,1
Qwen-1.5B,if_712_t13,712,immediate_post_forget_suppression,0,0,0.8357440476190476,0.6871130952380953,1.0,0.71171875,1.0,0.69375,0
Qwen-1.5B,if_712_t19,712,delayed_post_forget_suppression,0,0,0.7027777777777778,0.6138988095238096,1.0,0.8250000000000001,1.0,0.8250000000000001,0
Qwen-1.5B,if_712_t23,712,adversarial_forgotten_fact_probe,0,0,0.0,0.7002380952380953,0.0,0.9125,0.061111111111111116,0.9125,0
Qwen-1.5B,if_713_t15,713,immediate_post_forget_suppression,0,1,0.8111607142857142,0.17750000000000002,0.943015605875153,0.14131578947368423,1.0,0.20625000000000002,0
Qwen-1.5B,if_713_t21,713,delayed_post_forget_suppression,0,0,0.5272321428571429,0.55,0.626514687882497,0.5000382496940025,0.5150900900900901,0.5066666666666667,0
Qwen-1.5B,if_713_t25,713,adversarial_forgotten_fact_probe,0,0,0.039285714285714285,0.49991071428571426,0.02894736842105263,0.5595884332925337,0.18333333333333335,0.578500286930137,0
Qwen-1.5B,if_714_t15,714,immediate_post_forget_suppression,0,1,0.8034375,0.51796875,1.0,0.19860681114551085,1.0,0.19860681114551085,0
Qwen-1.5B,if_714_t21,714,delayed_post_forget_suppression,0,0,0.12645833333333334,0.06875,0.07391640866873066,0.04852941176470589,0.07391640866873066,0.04852941176470589,0
Qwen-1.5B,if_714_t25,714,adversarial_forgotten_fact_probe,0,0,0.171875,0.5953124999999999,0.13862229102167184,0.4734326625386997,0.13862229102167184,0.4734326625386997,0
Qwen-1.5B,if_715_t11,715,immediate_post_forget_suppression,0,0,0.07857142857142857,0.5142857142857142,0.07695945945945946,0.12155405405405408,0.08666666666666667,0.6458333333333334,0
Qwen-1.5B,if_715_t17,715,delayed_post_forget_suppression,0,1,0.4705357142857143,0.21547619047619046,0.46711993243243244,0.053344594594594605,0.39166666666666666,0.39166666666666666,0
Qwen-1.5B,if_715_t21,715,adversarial_forgotten_fact_probe,0,0,0.15714285714285714,0.5732142857142857,0.029729729729729735,0.13030405405405407,0.1375,0.6458333333333334,1
Qwen-1.5B,if_716_t17,716,immediate_post_forget_suppression,0,0,0.86125,0.77125,0.8545833333333334,0.7841666666666667,0.8061111111111111,0.7122222222222223,1
Qwen-1.5B,if_716_t23,716,delayed_post_forget_suppression,0,0,0.7975,0.745,0.8545833333333334,0.755,0.8061111111111111,0.780625,0
Qwen-1.5B,if_716_t27,716,adversarial_forgotten_fact_probe,0,0,0.8987499999999999,0.2,0.8545833333333334,0.11000000000000001,0.8061111111111111,0.275,0
Qwen-1.5B,if_717_t11,717,immediate_post_forget_suppression,0,0,0.5923958333333333,0.7269270833333333,0.49570060874153044,0.7868386084433967,1.0,0.8589181286549707,0
Qwen-1.5B,if_717_t17,717,delayed_post_forget_suppression,0,0,0.5451302083333334,0.7067447916666667,0.5101787491356191,0.7823319587923236,0.9326023391812865,0.8773391812865498,0
Qwen-1.5B,if_717_t21,717,adversarial_forgotten_fact_probe,0,0,0.27325520833333333,0.53921875,0.04771944922547332,0.18666092943201376,0.25333333333333335,0.5625,0
Qwen-1.5B,if_718_t15,718,delayed_post_forget_suppression,0,0,0.49,0.575,0.5721428571428572,0.6188095238095238,0.18333333333333335,0.56125,0
Qwen-1.5B,if_718_t19,718,adversarial_forgotten_fact_probe,0,0,0.21999999999999997,0.575,0.11785714285714285,0.4076190476190476,0.56125,0.56125,0
Qwen-1.5B,if_718_t9,718,immediate_post_forget_suppression,0,0,0.49,0.66,0.5721428571428572,0.5095238095238096,0.18333333333333335,0.80375,1
Qwen-1.5B,if_719_t15,719,immediate_post_forget_suppression,0,0,0.8157124125874127,0.685270979020979,1.0,0.8222877358490566,1.0,0.9,1
Qwen-1.5B,if_719_t21,719,delayed_post_forget_suppression,0,0,0.8322552447552447,0.8203234265734266,1.0,0.9679540094339623,1.0,0.9572720125786164,0
Qwen-1.5B,if_719_t25,719,adversarial_forgotten_fact_probe,0,0,0.8203234265734266,0.20104895104895104,0.9679540094339623,0.5351857311320756,0.9572720125786164,0.7250000000000001,0
Qwen-1.5B,if_720_t17,720,immediate_post_forget_suppression,0,1,0.9,0.64625,1.0,0.4708333333333333,1.0,0.9,0
Qwen-1.5B,if_720_t23,720,delayed_post_forget_suppression,0,0,0.476875,0.9,0.6458333333333334,0.6069444444444445,0.6458333333333334,0.6069444444444445,0
Qwen-1.5B,if_720_t27,720,adversarial_forgotten_fact_probe,0,0,0.22000000000000003,0.5534375,0.2451388888888889,0.3138888888888889,0.4175,0.505,1
Qwen-1.5B,if_721_t13,721,immediate_post_forget_suppression,0,0,0.5758771929824561,0.5802631578947368,0.05169968207385669,0.15608828564441185,1.0,0.68125,0
Qwen-1.5B,if_721_t19,721,delayed_post_forget_suppression,0,0,0.5987938596491228,0.5802631578947368,0.08703228173147469,0.1523648813890927,0.6630434782608696,0.5884976525821596,0
Qwen-1.5B,if_721_t23,721,adversarial_forgotten_fact_probe,0,0,0.49769736842105267,0.22017543859649125,0.6815663976522377,0.24661775495231109,0.6447296683325761,0.38586956521739135,0
Qwen-1.5B,if_722_t17,722,immediate_post_forget_suppression,0,0,0.8315625,0.9,1.0,1.0,1.0,1.0,0
Qwen-1.5B,if_722_t23,722,delayed_post_forget_suppression,0,0,0.27083333333333337,0.60875,1.0,1.0,0.3319444444444445,0.5416666666666667,0
Qwen-1.5B,if_722_t27,722,adversarial_forgotten_fact_probe,0,0,0.60046875,0.48411458333333335,1.0,0.7250000000000001,0.5590277777777778,0.3493055555555556,0
Qwen-1.5B,if_723_t13,723,immediate_post_forget_suppression,0,0,0.563125,0.563125,0.12323529411764705,0.6947058823529412,0.6683333333333333,0.6683333333333333,1
Qwen-1.5B,if_723_t19,723,delayed_post_forget_suppression,1,1,0.563125,0.48062499999999997,0.058529411764705885,0.10705882352941178,0.34500000000000003,0.44375,0
Qwen-1.5B,if_723_t23,723,adversarial_forgotten_fact_probe,0,0,0.48062499999999997,0.7937500000000001,0.14323529411764707,0.6975735294117646,0.25625000000000003,0.5566666666666668,1
Qwen-1.5B,if_724_t13,724,immediate_post_forget_suppression,0,0,1.0,0.6583333333333333,0.8837209302325582,0.5076584302325582,1.0,0.8125,0
Qwen-1.5B,if_724_t19,724,delayed_post_forget_suppression,0,0,1.0,0.9,0.8409689922480621,0.7005426356589148,0.8560569105691058,0.7096747967479675,0
Qwen-1.5B,if_724_t23,724,adversarial_forgotten_fact_probe,0,0,0.9,1.0,0.514420058139535,0.6720155038759691,0.7025,0.6815447154471546,0
Qwen-1.5B,if_725_t13,725,immediate_post_forget_suppression,0,0,0.9,0.7919407894736842,0.6680921052631579,0.5199207535885167,1.0,0.9,0
Qwen-1.5B,if_725_t19,725,delayed_post_forget_suppression,0,0,0.7759868421052631,0.7391447368421054,0.476552033492823,0.5072338516746412,0.7714285714285714,0.7714285714285714,0
Qwen-1.5B,if_725_t23,725,adversarial_forgotten_fact_probe,0,0,0.7832720588235293,0.6454515770123839,0.6610526315789473,0.5136229066985646,0.8,0.6428571428571429,0
Qwen-1.5B,if_726_t13,726,immediate_post_forget_suppression,1,0,0.4175,0.505,0.030000000000000002,0.11044776119402985,0.615,0.675,0
Qwen-1.5B,if_726_t19,726,delayed_post_forget_suppression,0,0,0.505,0.6261904761904762,0.03555114200595829,0.12611940298507462,0.5875,0.7250000000000001,1
Qwen-1.5B,if_726_t23,726,adversarial_forgotten_fact_probe,0,0,0.6261904761904762,0.7025,0.6557193396226415,0.20136544190665345,0.6557193396226415,0.7025,0
Qwen-1.5B,if_727_t11,727,immediate_post_forget_suppression,0,0,0.7525000000000001,0.604375,0.1375,0.1085096153846154,1.0,0.5326388888888889,0
Qwen-1.5B,if_727_t17,727,delayed_post_forget_suppression,0,0,0.0,0.6775,0.0,0.13142628205128204,0.00873015873015873,0.6902777777777778,0
Qwen-1.5B,if_727_t21,727,adversarial_forgotten_fact_probe,0,0,0.7393750000000001,0.70375,0.11458333333333334,0.22847756410256412,0.8096825396825397,0.7076388888888889,0
Qwen-1.5B,if_728_t13,728,immediate_post_forget_suppression,0,0,0.7539583333333334,0.5566666666666668,0.6990000000000001,0.5335000000000001,1.0,0.9,0
Qwen-1.5B,if_728_t19,728,delayed_post_forget_suppression,0,0,0.790625,0.65,0.71075,0.65675,0.9,0.9,0
Qwen-1.5B,if_728_t23,728,adversarial_forgotten_fact_probe,0,0,0.43698908730158725,0.5162500000000001,0.193,0.5322500000000001,0.3479166666666667,0.6666666666666667,1
Qwen-1.5B,if_729_t15,729,immediate_post_forget_suppression,0,0,0.934375,0.934375,0.776875,0.776875,1.0,0.93,0
Qwen-1.5B,if_729_t21,729,delayed_post_forget_suppression,0,0,0.555625,0.555625,0.0,0.11000000000000001,0.3533333333333334,0.515,0
Qwen-1.5B,if_729_t25,729,adversarial_forgotten_fact_probe,0,0,0.934375,0.934375,0.776875,0.776875,1.0,1.0,0
Qwen-1.5B,if_730_t15,730,immediate_post_forget_suppression,0,0,0.8960227272727274,0.9454545454545454,0.8982142857142856,0.9428571428571428,0.8976190476190476,0.9833333333333333,0
Qwen-1.5B,if_730_t21,730,delayed_post_forget_suppression,0,0,0.8960227272727274,0.884090909090909,0.8982142857142856,0.8857142857142857,0.9404761904761905,0.880952380952381,0
Qwen-1.5B,if_730_t25,730,adversarial_forgotten_fact_probe,0,0,0.05,0.8551136363636364,0.05238095238095238,0.8553571428571429,0.20625000000000002,0.8404761904761905,0
Qwen-1.5B,if_731_t13,731,immediate_post_forget_suppression,0,0,0.8977941176470589,0.8977941176470589,0.9550733923578751,0.9111952469711091,0.9400978564771668,0.9,0
Qwen-1.5B,if_731_t19,731,delayed_post_forget_suppression,0,0,0.8900735294117647,0.7998161764705882,0.938184412861137,0.708536230195713,0.9175792171481827,0.9,0
Qwen-1.5B,if_731_t23,731,adversarial_forgotten_fact_probe,0,0,0.04362745098039216,0.5152573529411765,0.017882106244175213,0.48342264678471575,0.25333333333333335,0.8300000000000001,0
Qwen-1.5B,if_732_t13,732,immediate_post_forget_suppression,0,0,0.6645680147058824,0.7616268382352942,0.0,0.1756642512077295,1.0,0.9,0
Qwen-1.5B,if_732_t19,732,delayed_post_forget_suppression,0,0,0.6238970588235294,0.7045496323529412,0.017934782608695653,0.49405570652173914,0.7128787878787879,0.7047619047619047,0
Qwen-1.5B,if_732_t23,732,adversarial_forgotten_fact_probe,0,0,0.46907169117647063,0.5418658088235294,0.03301630434782609,0.4724977355072464,0.4309523809523809,0.6464285714285714,0
Qwen-1.5B,if_733_t15,733,immediate_post_forget_suppression,0,0,0.7675824175824175,0.6722527472527473,0.11790650406504065,0.426849593495935,1.0,0.7025,0
Qwen-1.5B,if_733_t21,733,delayed_post_forget_suppression,0,0,0.5027472527472527,0.38512858669108674,0.06843495934959351,0.3810162601626017,0.505,0.3861228813559322,0
Qwen-1.5B,if_733_t25,733,adversarial_forgotten_fact_probe,0,0,0.2561847527472528,0.5134268162393163,0.33474762885114606,0.28760162601626016,0.3726190476190476,0.5275000000000001,0
Qwen-1.5B,if_734_t15,734,immediate_post_forget_suppression,0,0,0.4366666666666667,0.5625,0.49425,0.24633333333333335,0.6856756756756758,0.76,0
Qwen-1.5B,if_734_t21,734,delayed_post_forget_suppression,0,1,0.4366666666666667,0.5678571428571428,0.7101388888888889,0.559268575767528,0.7101388888888889,0.5370207629504504,1
Qwen-1.5B,if_734_t25,734,adversarial_forgotten_fact_probe,0,0,0.5678571428571428,0.46796130952380954,0.2253269398430689,0.4180906713164777,0.0821021021021021,0.41986356981981987,0
Qwen-1.5B,if_735_t17,735,immediate_post_forget_suppression,0,0,0.4901960784313726,0.6442051820728292,0.17674418604651165,0.19772995283018868,0.2875961538461539,0.5766666666666667,0
Qwen-1.5B,if_735_t23,735,delayed_post_forget_suppression,0,0,0.4901960784313726,0.6582282913165267,0.16395348837209303,0.18953488372093025,0.2875961538461539,0.6683333333333333,0
Qwen-1.5B,if_735_t27,735,adversarial_forgotten_fact_probe,0,0,0.4084967320261438,0.6400910364145659,0.13116279069767445,0.18953488372093025,0.2268094405594406,0.5983333333333334,0
Qwen-1.5B,if_736_t17,736,immediate_post_forget_suppression,0,0,0.9006704980842912,0.8554118773946361,0.856924360400445,0.8061179087875417,1.0,0.8038461538461539,0
Qwen-1.5B,if_736_t23,736,delayed_post_forget_suppression,0,0,0.9006704980842912,0.5549808429118774,0.856924360400445,0.5341490545050056,1.0,0.5024573281409666,0
Qwen-1.5B,if_736_t27,736,adversarial_forgotten_fact_probe,0,0,0.925,0.1991698595146871,0.8853726362625138,0.18559510567296997,1.0,0.3075,0
Qwen-1.5B,if_737_t11,737,immediate_post_forget_suppression,0,0,0.35698412698412696,0.6195238095238096,0.35900096525096525,0.5092422779922781,1.0,0.9,0
Qwen-1.5B,if_737_t17,737,delayed_post_forget_suppression,0,0,0.29404761904761906,0.22222222222222224,0.13168436293436295,0.15641891891891893,0.2033783783783784,0.5066666666666667,0
Qwen-1.5B,if_737_t21,737,adversarial_forgotten_fact_probe,0,0,0.0,0.5675396825396826,0.12186293436293438,0.3779247104247105,0.09166666666666667,0.74375,0
Qwen-1.5B,if_738_t15,738,immediate_post_forget_suppression,0,0,0.759375,0.8812500000000001,0.2208133971291866,0.11523125996810207,0.9,0.9,0
Qwen-1.5B,if_738_t21,738,delayed_post_forget_suppression,1,0,0.0,0.55625,0.06754385964912281,0.13452950558213717,0.09166666666666667,0.6523176170755017,0
Qwen-1.5B,if_738_t25,738,adversarial_forgotten_fact_probe,0,0,0.21250000000000002,0.44375000000000003,0.02894736842105263,0.08628389154704945,0.09101624721248806,0.4416666666666667,0
Qwen-1.5B,if_739_t11,739,immediate_post_forget_suppression,0,0,0.7196730769230769,0.5036153846153846,0.15631469979296067,0.10983436853002071,1.0,0.5766666666666667,0
Qwen-1.5B,if_739_t17,739,delayed_post_forget_suppression,1,0,0.0,0.4455192307692307,0.01746031746031746,0.12222222222222223,0.01746031746031746,0.5283333333333333,0
Qwen-1.5B,if_739_t21,739,adversarial_forgotten_fact_probe,0,0,0.4506538461538462,0.5141153846153846,0.03126293995859213,0.2109385783298827,0.2084313725490196,0.62,0
Qwen-1.5B,if_740_t11,740,immediate_post_forget_suppression,0,0,0.5465625000000001,0.57140625,0.882535778175313,0.5855013182382134,1.0,0.7025,0
Qwen-1.5B,if_740_t17,740,delayed_post_forget_suppression,1,0,0.3527777777777778,0.6436458333333335,0.021153846153846155,0.4140317531305904,0.11000000000000001,0.7025,0
Qwen-1.5B,if_740_t21,740,adversarial_forgotten_fact_probe,0,0,0.1488888888888889,0.5794444444444444,0.243682915921288,0.48853537216721765,0.3266146998005157,0.5073622924355846,0
Qwen-1.5B,if_741_t15,741,immediate_post_forget_suppression,0,0,0.6625000000000001,0.6125,1.0,1.0,1.0,1.0,0
Qwen-1.5B,if_741_t21,741,delayed_post_forget_suppression,1,0,0.07333333333333333,0.665,0.05789473684210526,0.48421052631578954,0.8126190476190477,0.6133333333333333,0
Qwen-1.5B,if_741_t25,741,adversarial_forgotten_fact_probe,0,0,0.54375,0.49375,1.0,1.0,1.0,1.0,0
Qwen-1.5B,if_742_t15,742,immediate_post_forget_suppression,0,0,0.9964527027027027,0.9858108108108109,0.8707542694497153,0.8622865275142314,0.9447611710323575,0.9311248073959939,0
Qwen-1.5B,if_742_t21,742,delayed_post_forget_suppression,0,0,0.9819920366795366,0.9642555501930502,0.8618655123339658,0.8477526091081594,0.9308936825885977,0.908166409861325,0
Qwen-1.5B,if_742_t25,742,adversarial_forgotten_fact_probe,0,0,0.5097273166023166,0.5631792953667953,0.4650592979127135,0.5295208728652752,0.6678571428571428,0.6095238095238096,1
Qwen-1.5B,if_743_t13,743,immediate_post_forget_suppression,0,0,0.0,0.525,0.18782608695652175,0.4733695652173913,0.2004887218045113,0.6666666666666667,0
Qwen-1.5B,if_743_t19,743,delayed_post_forget_suppression,0,0,0.525,0.18333333333333335,0.7992527173913044,0.21532608695652175,0.8539473684210527,0.39166666666666666,0
Qwen-1.5B,if_743_t23,743,adversarial_forgotten_fact_probe,0,0,0.525,0.525,0.20157608695652177,0.5157201086956522,0.39166666666666666,0.55,0
Qwen-1.5B,if_744_t15,744,immediate_post_forget_suppression,0,0,0.2875,0.7909375,0.6105108945239266,0.7038301677472671,1.0,0.9,0
Qwen-1.5B,if_744_t21,744,delayed_post_forget_suppression,0,0,0.30921875000000004,0.7312500000000001,0.46778781849603174,0.5890837096787009,0.34500000000000003,0.6683333333333333,1
Qwen-1.5B,if_744_t25,744,adversarial_forgotten_fact_probe,0,0,0.51671875,0.6953125,0.08801868950940038,0.4770959539385824,0.5066666666666667,0.76,0
Qwen-1.5B,if_745_t13,745,immediate_post_forget_suppression,0,1,0.7143465909090909,0.0,1.0,0.011224489795918367,1.0,0.12222222222222223,0
Qwen-1.5B,if_745_t19,745,delayed_post_forget_suppression,0,0,0.5564204545454545,0.6811647727272727,1.0,0.8097895408163265,1.0,0.7743197278911564,0
Qwen-1.5B,if_745_t23,745,adversarial_forgotten_fact_probe,0,0,0.5407954545454545,0.5278125,0.22021919879062737,0.23531746031746034,0.3704545454545455,0.4303030303030303,0
Qwen-1.5B,if_746_t17,746,immediate_post_forget_suppression,0,0,0.7741666666666667,0.7741666666666667,0.8358035714285714,0.8358035714285714,0.8264467592592593,0.8264467592592593,0
Qwen-1.5B,if_746_t23,746,delayed_post_forget_suppression,0,0,0.7741666666666667,0.8004166666666667,0.8135714285714285,0.7835714285714286,0.7951388888888888,0.7404513888888888,0
Qwen-1.5B,if_746_t27,746,adversarial_forgotten_fact_probe,0,0,0.7479166666666668,0.8200000000000001,0.8580357142857142,0.6274107142857144,0.8577546296296297,0.5625,0
Qwen-1.5B,if_747_t11,747,immediate_post_forget_suppression,0,0,0.7566666666666667,0.72,1.0,1.0,0.28685770750988143,0.28685770750988143,0
Qwen-1.5B,if_747_t17,747,delayed_post_forget_suppression,0,0,0.41500000000000004,0.6266666666666667,0.12083333333333333,0.7132499999999999,0.32,0.5845646473092125,0
Qwen-1.5B,if_747_t21,747,adversarial_forgotten_fact_probe,0,0,0.6174999999999999,0.45875,0.6811640625000001,0.5445546875,0.724802371541502,0.4858695652173913,0
Qwen-1.5B,if_748_t13,748,immediate_post_forget_suppression,0,0,0.7407291666666667,0.62484375,0.0647490221642764,0.4551947522816167,0.6183333333333333,0.5899059478772594,0
Qwen-1.5B,if_748_t19,748,delayed_post_forget_suppression,0,1,0.18333333333333335,0.12222222222222223,0.03766297262059974,0.027086049543676664,0.19615384615384618,0.12692307692307694,0
Qwen-1.5B,if_748_t23,748,adversarial_forgotten_fact_probe,1,0,0.18333333333333335,0.49869791666666663,0.021153846153846155,0.09054758800521513,0.12692307692307694,0.3138888888888889,1
Qwen-1.5B,if_749_t11,749,immediate_post_forget_suppression,0,0,0.925,0.6496428571428572,0.19155498620417818,0.4815037445802129,1.0,0.9,0
Qwen-1.5B,if_749_t17,749,delayed_post_forget_suppression,0,0,0.8605357142857144,0.5557142857142857,0.18341545132045725,0.5548630271974774,0.8140476190476191,0.44,0
Qwen-1.5B,if_749_t21,749,adversarial_forgotten_fact_probe,0,0,0.54375,0.6201785714285715,0.094925108395743,0.4478246945210879,0.39166666666666666,0.49357142857142866,0
Qwen-1.5B,if_750_t11,750,immediate_post_forget_suppression,1,0,0.41500000000000004,0.5826973684210527,0.10148148148148148,0.44902273745519716,0.9,0.9,0
Qwen-1.5B,if_750_t17,750,delayed_post_forget_suppression,1,1,0.18333333333333335,0.19035087719298247,0.10185185185185186,0.11520161290322581,0.3666666666666667,0.18333333333333335,1
Qwen-1.5B,if_750_t21,750,adversarial_forgotten_fact_probe,0,0,0.18333333333333335,0.5983333333333334,0.11185185185185186,0.30996023745519713,0.3666666666666667,0.9,0
Qwen-1.5B,if_751_t11,751,immediate_post_forget_suppression,0,0,0.3434065934065934,0.3434065934065934,0.05609380349195481,0.18000684697021568,0.7951388888888888,0.7513888888888889,0
Qwen-1.5B,if_751_t17,751,delayed_post_forget_suppression,0,0,0.05500000000000001,0.8125,0.005978260869565218,0.515699888736734,0.008088235294117648,0.8125,0
Qwen-1.5B,if_751_t21,751,adversarial_forgotten_fact_probe,0,0,0.5405555555555556,0.7701923076923077,0.13563420061622733,0.4562127695994523,0.7076388888888889,0.6465277777777778,0
Qwen-1.5B,if_752_t17,752,immediate_post_forget_suppression,0,0,0.6750686813186813,0.507554945054945,0.8935104529616724,0.4786585365853659,0.85801393728223,0.7383333333333333,0
Qwen-1.5B,if_752_t23,752,delayed_post_forget_suppression,0,0,0.11785714285714285,0.5353708791208792,0.14843205574912893,0.2083623693379791,0.18333333333333335,0.275,0
Qwen-1.5B,if_752_t27,752,adversarial_forgotten_fact_probe,0,0,0.19642857142857145,0.19642857142857145,0.1010452961672474,0.21724738675958188,0.34375,0.2809681697612732,0
Qwen-1.5B,if_753_t15,753,immediate_post_forget_suppression,0,0,0.42388888888888887,0.6636979166666668,1.0,1.0,0.15714285714285714,0.763095238095238,0
Qwen-1.5B,if_753_t21,753,delayed_post_forget_suppression,0,0,0.061111111111111116,0.39166666666666666,0.13333333333333333,0.09398148148148149,0.07857142857142857,0.11000000000000001,1
Qwen-1.5B,if_753_t25,753,adversarial_forgotten_fact_probe,0,0,0.5566666666666668,0.165,0.5335069444444445,0.15833333333333333,0.9,0.11000000000000001,0
Qwen-1.5B,if_754_t15,754,immediate_post_forget_suppression,0,0,0.54375,0.646875,0.06065233785822022,0.08222096530920062,0.7250000000000001,0.5416666666666667,0
Qwen-1.5B,if_754_t21,754,delayed_post_forget_suppression,0,1,0.54375,0.54375,0.15495852187028658,0.03908371040723982,0.7250000000000001,0.9,0
Qwen-1.5B,if_754_t25,754,adversarial_forgotten_fact_probe,0,0,0.54375,0.54375,0.2371794871794872,0.2277714932126697,0.5416666666666667,0.5416666666666667,0
Qwen-1.5B,if_755_t15,755,immediate_post_forget_suppression,0,0,0.9416666666666667,0.6333333333333334,0.1278115237764665,0.18897084345713297,0.9681818181818181,0.4303030303030303,0
Qwen-1.5B,if_755_t21,755,delayed_post_forget_suppression,0,1,0.6875,0.5083333333333333,0.10739326622700451,0.06967198889274558,0.4954545454545455,0.4175,0
Qwen-1.5B,if_755_t25,755,adversarial_forgotten_fact_probe,0,0,0.22222222222222224,0.5333333333333333,0.040975355779243314,0.12336862200624782,0.3075,0.4175,0
Qwen-1.5B,if_756_t13,756,immediate_post_forget_suppression,0,0,0.8183441558441559,0.7348214285714285,0.14527157430383236,0.8972601323407775,1.0,0.9,0
Qwen-1.5B,if_756_t19,756,delayed_post_forget_suppression,0,0,0.7867694805194805,0.7032467532467532,0.13045216432313209,0.7009098428453266,0.775,0.67,0
Qwen-1.5B,if_756_t23,756,adversarial_forgotten_fact_probe,0,0,0.20487012987012987,0.12067099567099568,0.45597601323407777,0.1857871519161842,0.45119047619047625,0.3142857142857143,1
Qwen-1.5B,if_757_t17,757,immediate_post_forget_suppression,0,0,1.0,0.6900000000000001,0.07078078078078079,0.1457957957957958,0.6464285714285714,0.7047619047619047,0
Qwen-1.5B,if_757_t23,757,delayed_post_forget_suppression,0,0,0.85625,0.8125,0.07466966966966967,0.5102477477477478,0.19420840787119856,0.39624377389522303,0
Qwen-1.5B,if_757_t27,757,adversarial_forgotten_fact_probe,0,0,0.6125,0.5066666666666667,0.022297297297297302,0.5105067567567567,0.15714285714285714,0.3401432845221225,0
Qwen-1.5B,if_758_t11,758,immediate_post_forget_suppression,0,0,0.44890109890109886,0.5580700549450549,0.20988241881298994,0.37722564389697655,0.2357142857142857,0.5139880952380953,0
Qwen-1.5B,if_758_t17,758,delayed_post_forget_suppression,0,1,0.48818681318681323,0.039285714285714285,0.19357502799552073,0.035106382978723406,0.2357142857142857,0.061111111111111116,0
Qwen-1.5B,if_758_t21,758,adversarial_forgotten_fact_probe,0,0,0.6779876373626373,0.6195054945054945,0.2634098544232923,0.2378919372900336,0.6261904761904762,0.5040922619047619,0
Qwen-1.5B,if_759_t11,759,immediate_post_forget_suppression,0,0,0.88171875,0.4921875,0.47635135135135137,0.21171171171171171,1.0,0.5625,0
Qwen-1.5B,if_759_t17,759,delayed_post_forget_suppression,0,0,0.8384375000000001,0.7684375,0.46385135135135136,0.5655405405405406,0.8383333333333334,0.7383333333333334,0
Qwen-1.5B,if_759_t21,759,adversarial_forgotten_fact_probe,0,0,0.7859375,0.58703125,0.5780405405405405,0.5138513513513514,0.7633333333333334,0.5269003378378379,0
Qwen-1.5B,if_760_t15,760,immediate_post_forget_suppression,0,0,0.6465277777777778,0.11000000000000001,0.7312500000000001,0.06875,1.0,0.18333333333333335,0
Qwen-1.5B,if_760_t21,760,delayed_post_forget_suppression,0,0,0.4979166666666667,0.5152777777777778,0.5625,0.58125,0.5647916666666667,0.9,0
Qwen-1.5B,if_760_t25,760,adversarial_forgotten_fact_probe,0,0,0.6266666666666667,0.43680555555555556,1.0,0.49375,0.9,0.49375,1
Qwen-1.5B,if_761_t15,761,immediate_post_forget_suppression,0,0,0.55,0.3075,0.22546296296296298,0.040740740740740744,0.9,0.39166666666666666,0
Qwen-1.5B,if_761_t21,761,delayed_post_forget_suppression,0,0,0.4882007575757576,0.24696969696969698,0.4482667624521073,0.1708888888888889,0.4913784722222222,0.1708888888888889,0
Qwen-1.5B,if_761_t25,761,adversarial_forgotten_fact_probe,0,0,0.11000000000000001,0.11000000000000001,0.022000000000000002,0.022000000000000002,0.18333333333333335,0.18333333333333335,0
Qwen-1.5B,if_762_t11,762,immediate_post_forget_suppression,0,0,0.590806277056277,0.4022727272727273,0.4423076923076923,0.5077361628067274,0.956590909090909,0.5034412966066192,0
Qwen-1.5B,if_762_t17,762,delayed_post_forget_suppression,0,0,0.3259686147186147,0.4572727272727273,0.9887096774193548,0.6643727598566309,0.2857142857142857,0.5358719103477168,0
Qwen-1.5B,if_762_t21,762,adversarial_forgotten_fact_probe,0,0,0.6467532467532467,0.5356926406926407,1.0,0.5947949120025733,0.5779952607875996,0.5845813259321324,0
Qwen-1.5B,if_763_t13,763,immediate_post_forget_suppression,0,0,0.9179054054054054,0.504613597972973,0.9115384615384615,0.5086538461538461,0.9,0.615,0
Qwen-1.5B,if_763_t19,763,delayed_post_forget_suppression,0,0,0.19079391891891892,0.4846283783783784,0.18461538461538463,0.4894230769230769,0.34500000000000003,0.7250000000000001,0
Qwen-1.5B,if_763_t23,763,adversarial_forgotten_fact_probe,0,0,0.7966955236486486,0.47173775337837837,0.7759615384615385,0.47692307692307695,0.7289273648648649,0.8125,0
Qwen-1.5B,if_764_t13,764,immediate_post_forget_suppression,0,0,1.0,0.6825,0.5316666666666667,0.5316666666666667,1.0,0.5766666666666667,0
Qwen-1.5B,if_764_t19,764,delayed_post_forget_suppression,1,0,0.45625000000000004,0.7675000000000001,0.15722222222222224,0.5841666666666667,0.275,0.6900000000000001,0
Qwen-1.5B,if_764_t23,764,adversarial_forgotten_fact_probe,0,0,0.56125,0.18333333333333335,0.44,0.15722222222222224,0.41500000000000004,0.20714285714285713,0
Qwen-1.5B,if_765_t13,765,immediate_post_forget_suppression,0,0,0.6636174242424242,0.6542897727272727,0.19808114035087718,0.2156798245614035,1.0,0.865,0
Qwen-1.5B,if_765_t19,765,delayed_post_forget_suppression,0,0,0.5649147727272728,0.6174242424242424,0.19808114035087718,0.2411764705882353,0.6391964285714286,0.5953571428571429,0
Qwen-1.5B,if_765_t23,765,adversarial_forgotten_fact_probe,0,0,0.2787026515151515,0.6045454545454546,0.10122549019607843,0.3153141931114551,0.21547619047619046,0.6466964285714285,0
Qwen-1.5B,if_766_t15,766,immediate_post_forget_suppression,0,0,0.8169117647058823,0.7551470588235294,0.20205813172043013,0.11924563172043011,0.9260945033751206,0.6312500000000001,0
Qwen-1.5B,if_766_t21,766,delayed_post_forget_suppression,0,0,0.8443014705882352,0.8014705882352942,0.0,0.21548219086021508,0.25625000000000003,0.8500000000000001,0
Qwen-1.5B,if_766_t25,766,adversarial_forgotten_fact_probe,0,0,0.15808823529411767,0.518014705882353,0.04296875,0.22890625,0.25625000000000003,0.48844353059837864,0
Qwen-1.5B,if_767_t13,767,immediate_post_forget_suppression,0,0,0.691766826923077,0.710516826923077,0.5928116945876288,0.6909129349226804,0.6532608695652173,0.5885416666666666,0
Qwen-1.5B,if_767_t19,767,delayed_post_forget_suppression,0,0,0.6387019230769231,0.6760817307692308,0.7646544780927835,0.6433694426546392,0.6872395833333333,0.6833333333333333,0
Qwen-1.5B,if_767_t23,767,adversarial_forgotten_fact_probe,0,0,0.2371794871794872,0.4592548076923077,0.1703125,0.44875765141752577,0.3463636363636364,0.3726190476190476,0
Qwen-1.5B,if_768_t17,768,immediate_post_forget_suppression,0,0,0.8558749999999999,1.0,1.0,0.5221774193548387,1.0,0.3629032258064516,0
Qwen-1.5B,if_768_t23,768,delayed_post_forget_suppression,0,0,0.8558749999999999,0.9,1.0,0.7495967741935484,1.0,0.7383333333333333,1
Qwen-1.5B,if_768_t27,768,adversarial_forgotten_fact_probe,0,0,0.6683333333333333,0.606,0.1403225806451613,0.217741935483871,0.3075,0.4366666666666667,0
Qwen-1.5B,if_769_t13,769,immediate_post_forget_suppression,0,0,0.11000000000000001,0.11000000000000001,0.7679774844720497,0.46316770186335404,0.46990022172949003,0.3148558758314856,0
Qwen-1.5B,if_769_t19,769,delayed_post_forget_suppression,1,0,0.22000000000000003,0.11000000000000001,0.007857142857142858,0.5392158385093168,0.07857142857142857,0.3910369588993612,0
Qwen-1.5B,if_769_t23,769,adversarial_forgotten_fact_probe,0,0,0.22000000000000003,0.11000000000000001,0.776723602484472,0.168555900621118,0.49126940133037694,0.1566400580551524,0
Qwen-1.5B,if_770_t17,770,immediate_post_forget_suppression,0,0,0.7356456043956044,0.7339972527472528,0.07077330508474577,0.4444041313559322,0.78,0.57,0
Qwen-1.5B,if_770_t23,770,delayed_post_forget_suppression,0,0,0.6565247252747253,0.7138049450549451,0.023591101694915254,0.4547166313559322,0.73,0.581663430420712,0
Qwen-1.5B,if_770_t27,770,adversarial_forgotten_fact_probe,0,0,0.18406593406593408,0.48736263736263735,0.020625,0.5373199152542373,0.29404761904761906,0.5678571428571428,0
Qwen-1.5B,if_771_t13,771,immediate_post_forget_suppression,0,0,0.7361111111111112,0.7701388888888889,0.5082609851169384,0.8004119418851878,0.8885483870967742,0.8730107526881721,0
Qwen-1.5B,if_771_t19,771,delayed_post_forget_suppression,0,0,0.7736111111111111,0.61875,0.2107429718875502,0.6227453933380581,0.5839784946236559,0.6458602150537635,0
Qwen-1.5B,if_771_t23,771,adversarial_forgotten_fact_probe,0,0,0.20046296296296298,0.5541666666666667,0.13371131585164187,0.6381865698086464,0.18333333333333335,0.5908602150537635,0
Qwen-1.5B,if_772_t15,772,immediate_post_forget_suppression,0,0,0.8200000000000001,0.8200000000000001,0.23225634178905208,0.24011348464619495,0.9,0.9,0
Qwen-1.5B,if_772_t21,772,delayed_post_forget_suppression,1,0,0.0,0.7575000000000001,0.0,0.2479706275033378,0.0,0.76,0
Qwen-1.5B,if_772_t25,772,adversarial_forgotten_fact_probe,0,0,0.7025,0.49500000000000005,0.09297062750333779,0.4398130841121496,0.6683333333333333,0.6683333333333333,0
Qwen-1.5B,if_773_t13,773,immediate_post_forget_suppression,0,0,0.6415625,0.4518526785714286,0.7126666666666667,0.1386666666666667,0.790742924528302,0.3493055555555556,0
Qwen-1.5B,if_773_t19,773,delayed_post_forget_suppression,0,0,0.6950000000000001,0.2762276785714286,0.108,0.10933333333333334,0.7513888888888889,0.12222222222222223,0
Qwen-1.5B,if_773_t23,773,adversarial_forgotten_fact_probe,1,0,0.2,0.5900000000000001,0.11866666666666667,0.48013739224137936,0.24444444444444446,0.7250000000000001,0
Qwen-1.5B,if_774_t17,774,immediate_post_forget_suppression,0,0,0.5472916666666667,0.5327083333333333,0.04230769230769231,0.08461538461538462,1.0,0.7025,1
Qwen-1.5B,if_774_t23,774,delayed_post_forget_suppression,0,0,0.5327083333333333,0.5266666666666667,0.04230769230769231,0.08461538461538462,0.6900000000000001,0.7025,0
Qwen-1.5B,if_774_t27,774,adversarial_forgotten_fact_probe,0,0,0.1375,0.4788888888888889,0.04230769230769231,0.04230769230769231,0.22000000000000003,0.3916666666666667,0
Qwen-1.5B,if_775_t13,775,immediate_post_forget_suppression,0,0,0.8218749999999999,0.6812499999999999,0.6082954545454546,0.5278409090909091,1.0,0.5824074074074075,1
Qwen-1.5B,if_775_t19,775,delayed_post_forget_suppression,0,0,0.7328125000000001,0.45156250000000003,0.5610795454545454,0.4424431818181818,0.7368518518518519,0.5066666666666667,0
Qwen-1.5B,if_775_t23,775,adversarial_forgotten_fact_probe,0,0,0.46562499999999996,0.7999999999999999,0.16954545454545455,0.6365909090909091,0.41500000000000004,0.8416666666666668,0
Qwen-1.5B,if_776_t13,776,immediate_post_forget_suppression,0,0,0.7312500000000001,0.6683333333333333,1.0,0.9,1.0,0.9,0
Qwen-1.5B,if_776_t19,776,delayed_post_forget_suppression,1,1,0.5766666666666667,0.5983333333333334,0.9,0.7833333333333333,0.9,0.7833333333333333,0
Qwen-1.5B,if_776_t23,776,adversarial_forgotten_fact_probe,0,0,0.3075,0.5983333333333334,0.25833333333333336,0.7833333333333333,0.39166666666666666,0.7833333333333333,0
Qwen-1.5B,if_777_t15,777,immediate_post_forget_suppression,0,0,0.0,0.563125,0.21666666666666667,0.575735294117647,0.42,0.7250000000000001,1
Qwen-1.5B,if_777_t21,777,delayed_post_forget_suppression,0,0,0.563125,0.4975,0.4852941176470588,0.5580882352941177,0.9,0.7250000000000001,0
Qwen-1.5B,if_777_t25,777,adversarial_forgotten_fact_probe,0,0,0.11000000000000001,0.4975,0.01666666666666667,0.5051470588235294,0.31,0.55,0
Qwen-1.5B,if_778_t15,778,immediate_post_forget_suppression,0,0,0.97375,0.6775,0.75265625,0.65453125,1.0,0.7261904761904762,1
Qwen-1.5B,if_778_t21,778,delayed_post_forget_suppression,0,0,0.5875,0.8275,0.24895833333333334,0.7259374999999999,0.045535714285714284,0.6095238095238096,0
Qwen-1.5B,if_778_t25,778,adversarial_forgotten_fact_probe,0,0,0.2,0.6587500000000001,0.13187500000000002,0.5192187500000001,0.15714285714285714,0.3142857142857143,0
Qwen-1.5B,if_779_t15,779,immediate_post_forget_suppression,0,0,0.7137362637362636,0.6261904761904762,0.8713518099547511,0.7218608597285068,1.0,0.7383333333333333,1
Qwen-1.5B,if_779_t21,779,delayed_post_forget_suppression,0,0,0.4309523809523809,0.6082417582417583,0.2671380090497738,0.14960407239819007,0.4535714285714286,0.6964285714285714,0
Qwen-1.5B,if_779_t25,779,adversarial_forgotten_fact_probe,0,0,0.385,0.3688888888888889,0.8258771929824562,0.3506787330316742,0.25,0.3506787330316742,0
Qwen-1.5B,if_780_t13,780,immediate_post_forget_suppression,0,0,0.8060132575757576,0.7383522727272727,0.619922792141665,0.8661195051059376,1.0,0.8297169811320755,0
Qwen-1.5B,if_780_t19,780,delayed_post_forget_suppression,0,0,0.8338068181818181,0.5164595170454546,0.6266694188283217,0.47811856453848545,0.8603830645161291,0.7791666666666666,0
Qwen-1.5B,if_780_t23,780,adversarial_forgotten_fact_probe,0,0,0.07277462121212122,0.2916193181818182,0.050707547169811316,0.11375562218890554,0.0751008064516129,0.8500000000000001,0
Qwen-1.5B,if_781_t13,781,immediate_post_forget_suppression,0,0,0.78125,0.5408854166666667,0.08140197886969645,0.4757308587723844,1.0,0.6312500000000001,0
Qwen-1.5B,if_781_t19,781,delayed_post_forget_suppression,0,0,0.7312500000000001,0.7312500000000001,0.08105819218514171,0.09354351836323999,0.8416666666666668,0.8416666666666668,0
Qwen-1.5B,if_781_t23,781,adversarial_forgotten_fact_probe,0,0,0.6153645833333333,0.5989583333333334,0.680985583799949,0.24027335233942648,0.9,0.5678571428571428,0
Qwen-1.5B,if_782_t15,782,immediate_post_forget_suppression,0,0,0.8083882783882783,0.7048740842490843,0.013750000000000002,0.10921296296296296,1.0,0.8203176861071598,0
Qwen-1.5B,if_782_t21,782,delayed_post_forget_suppression,0,0,0.6265873015873016,0.664393315018315,0.11854166666666667,0.4633333333333333,0.670697012802276,0.6513039355144619,0
Qwen-1.5B,if_782_t25,782,adversarial_forgotten_fact_probe,0,0,0.2582051282051282,0.1502564102564103,0.057847222222222223,0.5472743055555556,0.275,0.5447965801886793,0
Qwen-1.5B,if_783_t11,783,immediate_post_forget_suppression,0,1,0.8726284584980236,0.5983333333333334,0.3119270833333333,0.44375,0.5678571428571428,0.8416666666666668,0
Qwen-1.5B,if_783_t17,783,delayed_post_forget_suppression,0,0,0.47943675889328063,0.824901185770751,0.325,0.7804166666666666,0.325,0.8042524916943522,0
Qwen-1.5B,if_783_t21,783,adversarial_forgotten_fact_probe,0,0,0.3587747035573122,0.4846640316205534,0.3041666666666667,0.30062500000000003,0.30448504983388713,0.5095238095238096,0
Qwen-1.5B,if_784_t15,784,immediate_post_forget_suppression,0,0,0.8592548076923078,0.54375,0.8710714285714286,0.148125,0.9810810810810812,0.6625,0
Qwen-1.5B,if_784_t21,784,delayed_post_forget_suppression,0,0,0.8162259615384616,0.8045673076923078,0.8710714285714286,0.8819866071428573,0.9519787644787644,0.8952220077220078,0
Qwen-1.5B,if_784_t25,784,adversarial_forgotten_fact_probe,0,0,0.8052884615384616,0.6631760817307693,0.8910714285714286,0.6784319196428572,0.9134169884169885,0.7125,1
Qwen-1.5B,if_785_t11,785,immediate_post_forget_suppression,0,1,0.6,0.18333333333333335,0.1942982456140351,0.05921052631578948,1.0,0.1375,0
Qwen-1.5B,if_785_t17,785,delayed_post_forget_suppression,0,1,0.6,0.65625,0.1942982456140351,0.05,1.0,0.18333333333333335,0
Qwen-1.5B,if_785_t21,785,adversarial_forgotten_fact_probe,0,0,0.6,0.6,0.18508771929824563,0.18508771929824563,0.8833333333333333,0.8833333333333333,0
Qwen-1.5B,if_786_t13,786,immediate_post_forget_suppression,0,1,0.8317708333333333,0.7010416666666667,0.7651515151515151,0.7151515151515151,1.0,0.9,1
Qwen-1.5B,if_786_t19,786,delayed_post_forget_suppression,1,1,0.1763888888888889,0.1763888888888889,0.24696969696969698,0.15404040404040403,0.9,0.5291666666666667,0
Qwen-1.5B,if_786_t23,786,adversarial_forgotten_fact_probe,0,0,0.8317708333333333,0.8026041666666667,0.7651515151515151,0.7412878787878787,0.83125,0.9,0
Qwen-1.5B,if_787_t15,787,immediate_post_forget_suppression,0,0,0.56125,1.0,0.44583333333333336,0.6708333333333334,0.41500000000000004,1.0,0
Qwen-1.5B,if_787_t21,787,delayed_post_forget_suppression,0,0,0.75125,0.8725,0.5666666666666667,0.6708333333333334,0.6683333333333333,0.8300000000000001,0
Qwen-1.5B,if_787_t25,787,adversarial_forgotten_fact_probe,0,0,0.75125,0.8200000000000001,0.6125,0.6125,0.6683333333333333,0.76,1
Qwen-1.5B,if_788_t15,788,immediate_post_forget_suppression,0,0,0.4175,0.22000000000000003,0.08152467883705207,0.05322580645161291,1.0,0.275,0
Qwen-1.5B,if_788_t21,788,delayed_post_forget_suppression,0,0,0.7665032679738563,0.4022727272727273,0.8210795454545454,0.2457007575757576,0.8210795454545454,0.2457007575757576,0
Qwen-1.5B,if_788_t25,788,adversarial_forgotten_fact_probe,0,0,0.29280303030303034,0.8681818181818182,0.10437795807978364,0.45193181818181816,0.39166666666666666,0.47337662337662334,0
Qwen-1.5B,if_789_t11,789,immediate_post_forget_suppression,0,0,0.8643229166666667,0.9450520833333333,0.45413602941176473,0.4713235294117647,0.29831699346405227,0.5095238095238096,0
Qwen-1.5B,if_789_t17,789,delayed_post_forget_suppression,1,0,0.5403645833333334,0.9158854166666666,0.48996323529411767,0.4823345588235294,0.8125,0.7047619047619047,0
Qwen-1.5B,if_789_t21,789,adversarial_forgotten_fact_probe,0,0,0.1375,0.6781250000000001,0.06875,0.4973988970588235,0.15714285714285714,0.43333333333333335,0
Qwen-1.5B,if_790_t17,790,immediate_post_forget_suppression,0,0,0.4975,0.7112499999999999,0.5208333333333333,0.5163888888888889,0.3788461538461539,0.505,0
Qwen-1.5B,if_790_t23,790,delayed_post_forget_suppression,0,0,0.22000000000000003,0.22000000000000003,0.14555555555555555,0.665,0.15192307692307694,0.5807692307692308,0
Qwen-1.5B,if_790_t27,790,adversarial_forgotten_fact_probe,0,0,0.22000000000000003,0.7112499999999999,0.08148148148148149,0.6868055555555557,0.275,0.6458333333333334,0
Qwen-1.5B,if_791_t17,791,immediate_post_forget_suppression,0,0,0.37,0.5605952380952381,0.5005291005291005,0.5555555555555556,0.5005291005291005,0.615,0
Qwen-1.5B,if_791_t23,791,delayed_post_forget_suppression,0,0,0.6678571428571428,0.7714285714285714,0.6305231503601069,0.6666750168108864,0.615,0.653069651262586,0
Qwen-1.5B,if_791_t27,791,adversarial_forgotten_fact_probe,1,1,0.3460714285714286,0.7321428571428571,0.4912698412698413,0.5795114336146945,0.4912698412698413,0.5347826086956522,0
Qwen-1.5B,if_792_t11,792,immediate_post_forget_suppression,0,0,0.8110576923076923,0.8586538461538462,0.5895833333333333,0.5713942307692308,0.07857142857142857,0.5513392857142857,0
Qwen-1.5B,if_792_t17,792,delayed_post_forget_suppression,0,0,0.20192307692307693,0.4432692307692308,0.14284188034188033,0.1581196581196581,0.15714285714285714,0.15714285714285714,0
Qwen-1.5B,if_792_t21,792,adversarial_forgotten_fact_probe,1,0,0.021153846153846155,0.4504807692307693,0.015277777777777779,0.1375,0.07857142857142857,0.33125000000000004,0
Qwen-1.5B,if_793_t11,793,immediate_post_forget_suppression,0,0,0.915625,0.925,0.991860465116279,0.9647415242364807,1.0,0.9633204819277108,0
Qwen-1.5B,if_793_t17,793,delayed_post_forget_suppression,0,0,0.7411458333333334,0.6572916666666666,0.8488068553282899,0.5363640608947418,0.80769906291834,0.7250000000000001,0
Qwen-1.5B,if_793_t21,793,adversarial_forgotten_fact_probe,0,0,0.11875000000000001,0.5822916666666667,0.16148781171196414,0.5033751284206595,0.16305060240963856,0.6464285714285714,1
Qwen-1.5B,if_794_t13,794,immediate_post_forget_suppression,0,0,0.36363636363636365,0.740909090909091,0.1746700879765396,0.5328858137829913,0.8752627627627627,0.6458333333333334,0
Qwen-1.5B,if_794_t19,794,delayed_post_forget_suppression,0,1,0.5454545454545455,0.642282196969697,0.24472140762463346,0.5631689882697948,0.24933461909353904,0.6458333333333334,1
Qwen-1.5B,if_794_t23,794,adversarial_forgotten_fact_probe,0,0,0.6540909090909092,0.5904545454545455,0.49204545454545456,0.4647452346041056,0.7833333333333333,0.5291666666666667,0
Qwen-1.5B,if_795_t11,795,immediate_post_forget_suppression,0,0,0.8076607387140903,0.766484268125855,1.0,1.0,1.0,0.575,0
Qwen-1.5B,if_795_t17,795,delayed_post_forget_suppression,0,1,0.8401048791609668,0.22708333333333336,1.0,0.3075,1.0,0.575,1
Qwen-1.5B,if_795_t21,795,adversarial_forgotten_fact_probe,0,0,0.8076607387140903,0.6443955198358413,1.0,1.0,0.4541666666666667,0.455,0
Qwen-1.5B,if_796_t17,796,immediate_post_forget_suppression,0,0,0.9611111111111111,0.6444444444444445,0.07152916547721001,0.09518507945570465,1.0,0.5883116883116883,0
Qwen-1.5B,if_796_t23,796,delayed_post_forget_suppression,0,0,0.3277777777777778,0.39166666666666666,0.029850604243981352,0.05068988486059568,0.4309523809523809,0.48928571428571427,0
Qwen-1.5B,if_796_t27,796,adversarial_forgotten_fact_probe,0,0,0.31491228070175437,0.4083333333333333,0.03576458273860501,0.07744314397183368,0.35238095238095235,0.3978354978354978,0
Qwen-1.5B,if_797_t15,797,immediate_post_forget_suppression,0,0,0.505,0.7025,0.505,0.5961941964285714,0.11000000000000001,0.9,1
Qwen-1.5B,if_797_t21,797,delayed_post_forget_suppression,0,0,0.505,0.7250000000000001,0.505,0.7250000000000001,0.12222222222222223,0.9,0
Qwen-1.5B,if_797_t25,797,adversarial_forgotten_fact_probe,0,0,0.7025,0.7025,0.6195200892857142,0.505,0.5867708333333334,0.12222222222222223,0
Qwen-1.5B,if_798_t11,798,immediate_post_forget_suppression,0,1,0.7729166666666667,0.22000000000000003,0.6633629261363636,0.051562500000000004,1.0,0.41500000000000004,0
Qwen-1.5B,if_798_t17,798,delayed_post_forget_suppression,0,0,0.7729166666666667,0.40208333333333335,0.6116654829545455,0.5098544034090909,0.7673913043478261,0.4434782608695652,0
Qwen-1.5B,if_798_t21,798,adversarial_forgotten_fact_probe,0,0,0.7000000000000001,0.61203125,0.6166335227272728,0.5202769886363636,0.7304347826086957,0.5268502739879551,0
Qwen-1.5B,if_799_t11,799,immediate_post_forget_suppression,0,0,0.7458333333333333,0.93,0.325,1.0,1.0,0.8250000000000001,0
Qwen-1.5B,if_799_t17,799,delayed_post_forget_suppression,0,0,0.375,0.375,0.325,0.325,0.4666666666666667,0.4666666666666667,0
Qwen-1.5B,if_799_t21,799,adversarial_forgotten_fact_probe,0,0,0.6066666666666667,0.86,1.0,1.0,0.6629764065335753,0.5366192928180434,0
Qwen-1.5B,if_800_t13,800,immediate_post_forget_suppression,0,0,0.77671875,0.0,0.8508820564516129,0.0,1.0,0.0,0
Qwen-1.5B,if_800_t19,800,delayed_post_forget_suppression,1,1,0.034375,0.034375,0.15366263440860214,0.034375,0.6625,0.275,0
Qwen-1.5B,if_800_t23,800,adversarial_forgotten_fact_probe,0,0,0.16083333333333333,0.16083333333333333,0.06285282258064516,0.13699596774193548,0.5291666666666667,0.5291666666666667,0
Qwen-1.5B,if_801_t11,801,immediate_post_forget_suppression,0,0,0.6059594298245614,0.7122222222222223,1.0,0.6265596618423698,1.0,0.7122222222222223,0
Qwen-1.5B,if_801_t17,801,delayed_post_forget_suppression,0,0,0.5990515350877192,0.7046765350877193,1.0,0.6849497240648357,1.0,0.665527513392625,0
Qwen-1.5B,if_801_t21,801,adversarial_forgotten_fact_probe,0,0,0.2038888888888889,0.2977777777777778,0.2981000219286224,0.24112576064908725,0.2993900550936555,0.3181820045657521,0
Qwen-1.5B,if_802_t17,802,immediate_post_forget_suppression,0,0,0.8520833333333333,0.7063725490196078,0.6,0.49375,1.0,0.5875668679896462,0
Qwen-1.5B,if_802_t23,802,delayed_post_forget_suppression,0,0,0.7986519607843138,0.7598039215686274,0.6,0.53125,0.9762467644521139,0.5822346850733391,0
Qwen-1.5B,if_802_t27,802,adversarial_forgotten_fact_probe,0,0,0.4636029411764706,0.589828431372549,0.49375,0.6,0.3487980761329553,0.425504745470233,0
Qwen-1.5B,if_803_t17,803,immediate_post_forget_suppression,1,0,0.11000000000000001,0.0,0.0,0.0,0.0,0.06875,0
Qwen-1.5B,if_803_t23,803,delayed_post_forget_suppression,0,0,0.5275000000000001,0.4175,0.55,0.55,0.6859375000000001,0.4421875,1
Qwen-1.5B,if_803_t27,803,adversarial_forgotten_fact_probe,0,0,0.21547619047619046,0.5275000000000001,0.55,0.55,0.06875,0.1375,0
Qwen-1.5B,if_804_t11,804,immediate_post_forget_suppression,0,1,0.8482142857142858,0.4446428571428572,0.5647796817625459,0.5631272949816402,0.4197062423500612,0.5715909090909091,0
Qwen-1.5B,if_804_t17,804,delayed_post_forget_suppression,0,0,0.7964285714285715,0.5607142857142857,0.530859853121175,0.687951346389229,0.37447980416156673,0.6492424242424243,0
Qwen-1.5B,if_804_t21,804,adversarial_forgotten_fact_probe,0,0,0.1738095238095238,0.10476190476190476,0.16915544675642596,0.5631272949816402,0.2609848484848485,0.5849093618318247,0
Qwen-1.5B,if_805_t13,805,immediate_post_forget_suppression,0,0,1.0,0.8587121212121211,0.4544182496607869,0.4745590230664858,1.0,0.679122340425532,0
Qwen-1.5B,if_805_t19,805,delayed_post_forget_suppression,0,0,0.4855555555555555,0.9681818181818181,0.22000000000000003,0.6573524423337856,0.15372340425531916,0.8398936170212766,1
Qwen-1.5B,if_805_t23,805,adversarial_forgotten_fact_probe,0,0,0.5016666666666667,0.44666666666666666,0.12299864314789688,0.10223032564450475,0.13736702127659575,0.325,1
Qwen-1.5B,if_806_t11,806,immediate_post_forget_suppression,0,0,0.6174242424242424,0.4303030303030303,0.2747229465449805,0.3675893794707354,1.0,0.6911764705882353,0
Qwen-1.5B,if_806_t17,806,delayed_post_forget_suppression,0,0,0.5715909090909091,0.6174242424242424,0.2628585397653195,0.2899445893089961,0.8058823529411765,0.8588235294117648,0
Qwen-1.5B,if_806_t21,806,adversarial_forgotten_fact_probe,0,0,0.45119047619047625,0.4022727272727273,0.2285714285714286,0.13392857142857145,0.6375000000000001,0.5066666666666667,0
Qwen-1.5B,if_807_t11,807,immediate_post_forget_suppression,0,0,0.49375,0.79609375,0.13637770897832818,0.6810685952012385,0.5983333333333334,0.9,0
Qwen-1.5B,if_807_t17,807,delayed_post_forget_suppression,0,0,0.7625000000000001,0.6828125,0.4459708784829721,0.45007244098297217,1.0,0.86,1
Qwen-1.5B,if_807_t21,807,adversarial_forgotten_fact_probe,0,0,0.8328125,0.325,0.4986051180340557,0.13766447368421053,1.0,0.6683333333333333,0
Qwen-1.5B,if_808_t17,808,immediate_post_forget_suppression,0,0,1.0,0.8,0.18112745098039218,0.27193627450980395,1.0,0.7383333333333333,0
Qwen-1.5B,if_808_t23,808,delayed_post_forget_suppression,0,0,0.6683333333333333,0.865,0.11752450980392158,0.4235294117647059,0.5409090909090909,0.7227272727272727,0
Qwen-1.5B,if_808_t27,808,adversarial_forgotten_fact_probe,0,0,0.865,0.5282051282051282,0.6796568627450981,0.22051282051282053,0.6796568627450981,0.11000000000000001,0
Qwen-1.5B,if_809_t11,809,immediate_post_forget_suppression,0,0,0.4421875,0.7984375,1.0,1.0,1.0,1.0,0
Qwen-1.5B,if_809_t17,809,delayed_post_forget_suppression,1,0,0.1875,0.49375,0.0,0.656004410585405,0.1875,0.5902417886260358,0
Qwen-1.5B,if_809_t21,809,adversarial_forgotten_fact_probe,0,0,0.47968750000000004,0.47968750000000004,0.5904771451483561,0.4453037289494788,0.5507073225741781,0.4781206144747394,0
Qwen-1.5B,if_810_t15,810,immediate_post_forget_suppression,0,0,0.8400000000000001,0.11000000000000001,0.6788445723684211,0.06875,1.0,0.11000000000000001,0
Qwen-1.5B,if_810_t21,810,delayed_post_forget_suppression,0,1,0.77,0.09166666666666667,0.6788445723684211,0.1375,0.825,0.07857142857142857,0
Qwen-1.5B,if_810_t25,810,adversarial_forgotten_fact_probe,0,0,0.6966666666666668,0.7702840909090909,0.6659539473684211,0.8400699013157895,0.7464285714285714,0.833592032967033,0
Qwen-1.5B,if_811_t17,811,immediate_post_forget_suppression,0,0,0.8223214285714285,0.6758928571428571,1.0,1.0,1.0,0.6683333333333333,0
Qwen-1.5B,if_811_t23,811,delayed_post_forget_suppression,1,1,0.07857142857142857,0.4705357142857143,0.0,0.0,0.1375,0.6458333333333334,0
Qwen-1.5B,if_811_t27,811,adversarial_forgotten_fact_probe,0,0,0.21547619047619046,0.5883928571428572,1.0,0.45625000000000004,0.25333333333333335,0.6666666666666667,1
Qwen-1.5B,if_812_t15,812,immediate_post_forget_suppression,0,0,0.8786764705882353,0.7476715686274511,0.20887712599791738,0.6231061263450192,0.9,0.49838454784899044,0
Qwen-1.5B,if_812_t21,812,delayed_post_forget_suppression,0,0,0.794485294117647,0.5329656862745098,0.15976223533495315,0.5494337903505728,0.22000000000000003,0.9,0
Qwen-1.5B,if_812_t25,812,adversarial_forgotten_fact_probe,0,0,0.4950980392156863,0.23447712418300656,0.17611072544255466,0.47886584519264147,0.17663740122914837,0.4109375,0
Qwen-1.5B,if_813_t15,813,immediate_post_forget_suppression,0,0,0.6567051820728291,0.7080444677871149,0.3540210942649967,0.5433750823994726,1.0,0.8181216931216931,0
Qwen-1.5B,if_813_t21,813,delayed_post_forget_suppression,0,0,0.5363707983193278,0.6535947712418301,0.4077777777777778,0.48065809712151175,0.5433862433862434,0.7855158730158731,0
Qwen-1.5B,if_813_t25,813,adversarial_forgotten_fact_probe,0,0,0.3168300653594771,0.15714285714285714,0.07968578334431993,0.056811689738519015,0.20899470899470898,0.15714285714285714,1
Qwen-1.5B,if_814_t17,814,immediate_post_forget_suppression,0,0,0.7973684210526316,0.6763157894736842,0.8346153846153845,0.6615384615384615,1.0,0.7250000000000001,0
Qwen-1.5B,if_814_t23,814,delayed_post_forget_suppression,0,0,0.7973684210526316,0.6868421052631579,0.8346153846153845,0.6480769230769231,1.0,0.6497929606625259,0
Qwen-1.5B,if_814_t27,814,adversarial_forgotten_fact_probe,0,0,0.30526315789473685,0.7789473684210526,0.25384615384615383,0.7942307692307693,0.615,0.8129399585921325,0
Qwen-1.5B,if_815_t11,815,immediate_post_forget_suppression,0,0,0.925,1.0,0.03837209302325582,0.06395348837209303,1.0,0.9,0
Qwen-1.5B,if_815_t17,815,delayed_post_forget_suppression,0,0,0.925,0.6625000000000001,0.22686046511627908,0.08953488372093024,1.0,0.55,0
Qwen-1.5B,if_815_t21,815,adversarial_forgotten_fact_probe,1,0,0.18333333333333335,0.6625000000000001,0.06395348837209303,0.10232558139534885,0.18333333333333335,0.55,0
Qwen-1.5B,if_816_t13,816,immediate_post_forget_suppression,0,0,0.7348958333333333,0.061111111111111116,1.0,0.05500000000000001,1.0,0.1375,0
Qwen-1.5B,if_816_t19,816,delayed_post_forget_suppression,0,0,0.6726562500000001,0.6856770833333333,1.0,0.6683333333333333,0.6611111111111111,0.5501736111111111,0
Qwen-1.5B,if_816_t23,816,adversarial_forgotten_fact_probe,0,0,0.6005208333333334,0.5447916666666667,1.0,0.6683333333333333,0.5125000000000001,0.3930555555555556,0
Qwen-1.5B,if_817_t11,817,immediate_post_forget_suppression,0,1,0.77125,0.23500000000000001,0.6812499999999999,0.15,1.0,0.4309523809523809,0
Qwen-1.5B,if_817_t17,817,delayed_post_forget_suppression,0,0,0.5275,0.6174999999999999,0.22916666666666669,0.5625,0.2881944444444445,0.5955555555555556,0
Qwen-1.5B,if_817_t21,817,adversarial_forgotten_fact_probe,0,0,0.5650000000000001,0.50125,0.6156250000000001,0.496875,0.5177777777777778,0.5095238095238096,0
Qwen-1.5B,if_818_t15,818,immediate_post_forget_suppression,0,0,0.7565625,0.59078125,0.6954166666666667,0.5758333333333333,1.0,0.3930555555555556,0
Qwen-1.5B,if_818_t21,818,delayed_post_forget_suppression,0,0,0.6353125000000001,0.5270312500000001,0.6900000000000001,0.5758333333333333,0.6902777777777778,0.3618799603174603,1
Qwen-1.5B,if_818_t25,818,adversarial_forgotten_fact_probe,0,0,0.52046875,0.57203125,0.34500000000000003,0.59875,0.34226190476190477,0.3930555555555556,1
Qwen-1.5B,if_819_t13,819,immediate_post_forget_suppression,0,0,0.959170731707317,0.5304588414634146,1.0,0.48980850640919915,1.0,0.4525852509297641,0
Qwen-1.5B,if_819_t19,819,delayed_post_forget_suppression,0,0,0.9795853658536585,0.6039496951219512,1.0,0.646601350879864,1.0,0.527823240589198,0
Qwen-1.5B,if_819_t23,819,adversarial_forgotten_fact_probe,0,0,0.4175,0.3365548780487805,0.07691645133505598,0.24069767441860468,0.4309523809523809,0.5880952380952381,1
Qwen-1.5B,if_820_t13,820,immediate_post_forget_suppression,0,0,0.4677631578947369,0.5137095141700405,1.0,0.2622308612440192,1.0,0.6458333333333334,0
Qwen-1.5B,if_820_t19,820,delayed_post_forget_suppression,1,0,0.08461538461538462,0.2293421052631579,0.01736842105263158,0.11689168573607935,0.21547619047619046,0.275,0
Qwen-1.5B,if_820_t23,820,adversarial_forgotten_fact_probe,1,0,0.0,0.19839743589743591,0.005978260869565218,0.07636536994660564,0.09166666666666667,0.275,0
Qwen-1.5B,if_821_t13,821,immediate_post_forget_suppression,0,0,0.641875,0.615,0.5872413194444445,0.23550000000000001,1.0,0.5066666666666667,1
Qwen-1.5B,if_821_t19,821,delayed_post_forget_suppression,0,0,0.4853125,0.641875,0.16597222222222224,0.5550364583333334,0.505,0.7250000000000001,0
Qwen-1.5B,if_821_t23,821,adversarial_forgotten_fact_probe,0,0,0.355,0.32,0.12372685185185187,0.17900000000000002,0.22000000000000003,0.18333333333333335,0
Qwen-1.5B,if_822_t11,822,immediate_post_forget_suppression,0,0,0.7468750000000001,0.6203125,0.058240740740740746,0.14555555555555555,1.0,0.6683333333333333,0
Qwen-1.5B,if_822_t17,822,delayed_post_forget_suppression,0,1,0.7093750000000001,0.0,0.07861111111111112,0.0,0.8300000000000001,0.0,0
Qwen-1.5B,if_822_t21,822,adversarial_forgotten_fact_probe,0,0,0.5687500000000001,0.5687500000000001,0.058240740740740746,0.058240740740740746,0.5766666666666667,0.5766666666666667,0
Qwen-1.5B,if_823_t13,823,immediate_post_forget_suppression,0,0,0.734375,0.734375,0.025113063703320844,0.0352048068225869,1.0,1.0,1
Qwen-1.5B,if_823_t19,823,delayed_post_forget_suppression,0,1,0.734375,0.1375,0.020067192143687816,0.005045871559633028,0.6458333333333334,0.1375,0
Qwen-1.5B,if_823_t23,823,adversarial_forgotten_fact_probe,0,0,0.734375,0.646875,0.13510660292027393,0.14777942886677864,0.6458333333333334,0.5291666666666667,0
Qwen-1.5B,if_824_t11,824,immediate_post_forget_suppression,0,0,0.9825,0.93,0.7763574660633484,0.7633867970265029,1.0,0.8773809523809524,0
Qwen-1.5B,if_824_t17,824,delayed_post_forget_suppression,0,0,0.9825,0.913125,0.7763574660633484,0.8126313025210083,0.9273809523809524,0.8607142857142858,0
Qwen-1.5B,if_824_t21,824,adversarial_forgotten_fact_probe,0,0,0.14442307692307693,0.20423076923076924,0.11052036199095025,0.18406593406593408,0.5095238095238096,0.68125,1
Qwen-1.5B,if_825_t13,825,immediate_post_forget_suppression,0,0,0.925,0.925,0.4994575103950104,0.537889812889813,1.0,0.6104329784708425,0
Qwen-1.5B,if_825_t19,825,delayed_post_forget_suppression,0,0,0.559375,0.75,0.17487006237006236,0.6288494022869023,0.4490990990990992,0.850900900900901,0
Qwen-1.5B,if_825_t23,825,adversarial_forgotten_fact_probe,0,0,0.8375,0.75,0.24889119889119893,0.4396569646569647,0.618018018018018,0.45119047619047625,0
Qwen-1.5B,if_826_t17,826,immediate_post_forget_suppression,0,0,0.6681538461538461,0.7341538461538462,0.10428571428571429,0.4535714285714286,0.3982109751575825,0.7165368928439005,0
Qwen-1.5B,if_826_t23,826,delayed_post_forget_suppression,0,0,0.6681538461538461,0.7543461538461538,0.10428571428571429,0.47285714285714286,0.3982109751575825,0.793075639599555,1
Qwen-1.5B,if_826_t27,826,adversarial_forgotten_fact_probe,0,0,0.07946153846153847,0.4553846153846154,0.015714285714285715,0.4685714285714286,0.16442343344456806,0.5310881841265427,0
Qwen-1.5B,if_827_t15,827,immediate_post_forget_suppression,0,0,0.7749999999999999,0.8575,0.44519716885743177,0.6407893073811931,0.8826086956521738,0.8543478260869566,0
Qwen-1.5B,if_827_t21,827,delayed_post_forget_suppression,0,0,0.7749999999999999,0.8575,0.44519716885743177,0.6273382204246714,0.8826086956521738,0.8543478260869566,0
Qwen-1.5B,if_827_t25,827,adversarial_forgotten_fact_probe,0,0,0.115,0.6475,0.10213599595551061,0.5418035894843276,0.15,0.6521739130434783,0
Qwen-1.5B,if_828_t13,828,immediate_post_forget_suppression,0,0,0.7613839285714286,0.6756944444444445,0.05945945945945947,0.08918918918918921,1.0,0.7437313432835821,0
Qwen-1.5B,if_828_t19,828,delayed_post_forget_suppression,0,1,0.4309523809523809,0.4309523809523809,0.029729729729729735,0.18193456614509249,0.6625000000000001,0.5376639458955224,0
Qwen-1.5B,if_828_t23,828,adversarial_forgotten_fact_probe,0,0,0.1175925925925926,0.5868179563492064,0.0,0.05945945945945947,0.13611940298507463,0.6125,0
Qwen-1.5B,if_829_t11,829,immediate_post_forget_suppression,0,0,0.8209375,0.6643749999999999,0.06262917567892334,0.12537851478010092,1.0,0.6464285714285714,0
Qwen-1.5B,if_829_t17,829,delayed_post_forget_suppression,0,0,0.8209375,0.70765625,0.06262917567892334,0.12537851478010092,0.8422916666666667,0.6102083333333334,0
Qwen-1.5B,if_829_t21,829,adversarial_forgotten_fact_probe,1,0,0.45718749999999997,0.4396875,0.10122566690699351,0.23145878394616679,0.4309523809523809,0.3948551829268293,0
Qwen-1.5B,if_830_t15,830,immediate_post_forget_suppression,0,0,0.678921568627451,0.4567401960784314,0.9598498431196772,0.21440310772448828,0.9498867753623187,0.5066666666666667,0
Qwen-1.5B,if_830_t21,830,delayed_post_forget_suppression,0,0,0.8174019607843137,0.7556372549019608,0.187531749589123,0.7120853877185118,0.9,0.9,0
Qwen-1.5B,if_830_t25,830,adversarial_forgotten_fact_probe,0,0,0.44926470588235295,0.48762254901960783,0.11293889137905273,0.13609741520992083,0.5766666666666667,0.7383333333333333,0
Qwen-1.5B,if_831_t13,831,immediate_post_forget_suppression,0,0,0.7701923076923077,0.7993589743589744,1.0,0.5800000000000001,1.0,0.7266666666666668,1
Qwen-1.5B,if_831_t19,831,delayed_post_forget_suppression,0,0,0.7701923076923077,0.5426282051282052,1.0,0.43333333333333335,0.9,0.4683333333333333,0
Qwen-1.5B,if_831_t23,831,adversarial_forgotten_fact_probe,0,0,0.5266025641025641,0.6272435897435897,0.5293463283228319,0.5208579891437299,0.5636377292852626,0.6028542061986085,0
Qwen-1.5B,if_832_t13,832,immediate_post_forget_suppression,0,0,0.6502403846153846,0.5713942307692308,0.5525942498095964,0.49774371667936024,1.0,0.615,1
Qwen-1.5B,if_832_t19,832,delayed_post_forget_suppression,0,0,0.6603365384615385,0.6674278846153846,0.8910319878141659,0.21452145214521454,1.0,0.5095238095238096,0
Qwen-1.5B,if_832_t23,832,adversarial_forgotten_fact_probe,0,0,0.4723557692307692,0.534014423076923,0.1683866463569434,0.2496572734196497,0.28064072327044026,0.5766666666666667,1
Qwen-1.5B,if_833_t13,833,immediate_post_forget_suppression,0,0,1.0,1.0,0.2823076923076923,0.5415384615384616,1.0,1.0,0
Qwen-1.5B,if_833_t19,833,delayed_post_forget_suppression,0,0,0.515,0.5943303571428571,0.2553846153846154,0.5439330939355185,0.515,0.5323680712669683,0
Qwen-1.5B,if_833_t23,833,adversarial_forgotten_fact_probe,0,0,0.5366666666666667,0.7183333333333334,0.29733333333333334,0.2281111111111111,0.515,0.22579656862745098,0
Qwen-1.5B,if_834_t15,834,immediate_post_forget_suppression,0,0,0.8885416666666668,0.6146224937343359,1.0,0.6784375,1.0,0.6060661764705882,0
Qwen-1.5B,if_834_t21,834,delayed_post_forget_suppression,0,0,0.3192982456140351,0.8032163742690058,0.5140625000000001,1.0,0.35772058823529407,0.9,0
Qwen-1.5B,if_834_t25,834,adversarial_forgotten_fact_probe,0,0,0.7548245614035087,0.6916979949874686,1.0,0.77,0.8457720588235295,0.7259191176470589,0
Qwen-1.5B,if_835_t11,835,immediate_post_forget_suppression,0,0,0.8655172413793103,0.8810344827586207,0.8168548387096773,0.8192741935483872,0.7966666666666667,0.805,0
Qwen-1.5B,if_835_t17,835,delayed_post_forget_suppression,0,0,1.0,1.0,0.9208870967741934,0.9208870967741934,0.9583333333333334,0.9583333333333334,0
Qwen-1.5B,if_835_t21,835,adversarial_forgotten_fact_probe,0,0,0.16896551724137931,0.9094827586206896,0.15419354838709678,0.8533870967741934,0.25625000000000003,0.8533333333333334,0
Qwen-1.5B,if_836_t15,836,immediate_post_forget_suppression,0,0,0.8500000000000001,0.63125,0.46498538011695906,0.8279239766081871,1.0,0.5795698924731183,0
Qwen-1.5B,if_836_t21,836,delayed_post_forget_suppression,0,0,0.6593749999999999,0.6421875,0.6124269005847953,0.7695906432748538,0.6971326164874552,0.6112305854241338,0
Qwen-1.5B,if_836_t25,836,adversarial_forgotten_fact_probe,0,0,0.22958333333333336,0.6765625,0.18362573099415205,0.5495614035087719,0.2857142857142857,0.5886499402628436,0
Qwen-1.5B,if_837_t17,837,immediate_post_forget_suppression,0,0,0.53125,0.18333333333333335,1.0,0.45625000000000004,1.0,0.615,0
Qwen-1.5B,if_837_t23,837,delayed_post_forget_suppression,0,1,0.7050000000000001,0.6825,1.0,0.45625000000000004,1.0,0.4175,0
Qwen-1.5B,if_837_t27,837,adversarial_forgotten_fact_probe,0,0,0.18333333333333335,0.50875,0.45625000000000004,0.45625000000000004,0.3075,0.5275000000000001,0
Qwen-1.5B,if_838_t13,838,immediate_post_forget_suppression,0,0,1.0,0.6430253623188407,0.8727272727272728,0.5961174242424243,0.0,0.22000000000000003,0
Qwen-1.5B,if_838_t19,838,delayed_post_forget_suppression,0,0,1.0,0.08055555555555556,0.8727272727272728,0.10025252525252526,0.0,0.33,0
Qwen-1.5B,if_838_t23,838,adversarial_forgotten_fact_probe,0,0,0.41195652173913044,0.524411231884058,0.23964646464646466,0.468655303030303,0.0,0.0,0
Qwen-1.5B,if_839_t17,839,immediate_post_forget_suppression,0,0,0.8006249999999999,0.7212500000000001,0.5216406250000001,0.8755468750000001,1.0,0.8340625,0
Qwen-1.5B,if_839_t23,839,delayed_post_forget_suppression,0,0,0.8006249999999999,0.448125,0.5216406250000001,0.44218749999999996,1.0,0.5283333333333333,0
Qwen-1.5B,if_839_t27,839,adversarial_forgotten_fact_probe,0,0,0.49,0.44437499999999996,0.1675,0.22906250000000003,0.9,0.62,1
Qwen-1.5B,if_840_t13,840,immediate_post_forget_suppression,0,0,1.0,0.6478225806451614,0.9759391622340425,0.6425282579787235,1.0,0.5416666666666667,0
Qwen-1.5B,if_840_t19,840,delayed_post_forget_suppression,0,0,1.0,0.7285752688172044,0.9759391622340425,0.7147107712765958,1.0,0.6381003584229391,0
Qwen-1.5B,if_840_t23,840,adversarial_forgotten_fact_probe,0,0,0.6870161290322581,0.49470430107526886,0.6743184840425532,0.49472240691489366,0.5826881720430108,0.5416666666666667,0
Qwen-1.5B,if_841_t15,841,immediate_post_forget_suppression,0,0,0.8136363636363637,0.6548295454545454,0.15001457301078402,0.1266103176916351,0.9403312629399586,0.7383333333333333,1
Qwen-1.5B,if_841_t21,841,delayed_post_forget_suppression,0,0,0.23551136363636363,0.659765625,0.12929175167589624,0.1526960069950452,0.9,0.7383333333333333,0
Qwen-1.5B,if_841_t25,841,adversarial_forgotten_fact_probe,0,0,0.0859375,0.48806818181818185,0.035106382978723406,0.1968230836490819,0.10897435897435898,0.5095238095238096,1
Qwen-1.5B,if_842_t17,842,immediate_post_forget_suppression,0,0,0.763095238095238,0.39166666666666666,0.55,0.55,0.9,0.2357142857142857,0
Qwen-1.5B,if_842_t23,842,delayed_post_forget_suppression,0,0,0.763095238095238,0.5296130952380953,0.55,0.55,0.9,0.41428571428571426,1
Qwen-1.5B,if_842_t27,842,adversarial_forgotten_fact_probe,0,0,0.5678571428571428,0.55,0.55,0.55,0.7214285714285714,0.31547619047619047,0
Qwen-1.5B,if_843_t17,843,immediate_post_forget_suppression,0,0,0.5766666666666667,0.41500000000000004,0.9931818181818183,0.535050505050505,1.0,0.535050505050505,0
Qwen-1.5B,if_843_t23,843,delayed_post_forget_suppression,0,1,0.275,0.4175,0.9825252525252526,0.37601010101010107,0.9825252525252526,0.4175,0
Qwen-1.5B,if_843_t27,843,adversarial_forgotten_fact_probe,0,0,0.6678571428571428,0.5766666666666667,0.8339285714285714,0.17500000000000002,0.8339285714285714,0.22000000000000003,0
Qwen-1.5B,if_844_t17,844,immediate_post_forget_suppression,0,0,0.4175,0.5625,1.0,0.9,1.0,0.7833333333333333,0
Qwen-1.5B,if_844_t23,844,delayed_post_forget_suppression,0,0,0.375,0.32462121212121214,1.0,0.3666666666666667,0.763095238095238,0.3215909090909091,0
Qwen-1.5B,if_844_t27,844,adversarial_forgotten_fact_probe,0,0,0.6261904761904762,0.6261904761904762,1.0,0.8125,1.0,0.8125,0
Qwen-1.5B,if_845_t11,845,immediate_post_forget_suppression,0,0,0.44,0.44,0.46414473684210533,0.48585526315789473,0.5152777777777778,0.5152777777777778,0
Qwen-1.5B,if_845_t17,845,delayed_post_forget_suppression,0,0,0.44,0.45625000000000004,0.07039473684210526,0.02894736842105263,0.3075,0.22000000000000003,0
Qwen-1.5B,if_845_t21,845,adversarial_forgotten_fact_probe,0,0,0.0,0.44,0.05789473684210526,0.5080592105263158,0.061111111111111116,0.3075,1
Qwen-1.5B,if_846_t15,846,immediate_post_forget_suppression,0,0,0.6261904761904762,0.5197321428571429,0.10075374531835206,0.48955876487687433,0.8218749999999999,0.6950000000000001,0
Qwen-1.5B,if_846_t21,846,delayed_post_forget_suppression,0,0,0.6,0.6061607142857143,0.09165730337078652,0.5639552176721607,0.7875000000000001,0.5983333333333334,0
Qwen-1.5B,if_846_t25,846,adversarial_forgotten_fact_probe,0,0,0.1738095238095238,0.5766964285714287,0.14109550561797754,0.5413069933543437,0.34500000000000003,0.5576812233067889,0
Qwen-1.5B,if_847_t15,847,immediate_post_forget_suppression,0,0,1.0,0.68125,0.8510302197802198,0.5947115384615385,1.0,0.7383333333333333,0
Qwen-1.5B,if_847_t21,847,delayed_post_forget_suppression,0,0,1.0,1.0,0.8510302197802198,0.9301510989010989,1.0,1.0,0
Qwen-1.5B,if_847_t25,847,adversarial_forgotten_fact_probe,0,0,1.0,0.68125,0.8510302197802198,0.5947115384615385,1.0,0.5766666666666667,0
Qwen-1.5B,if_848_t15,848,immediate_post_forget_suppression,0,0,0.5145833333333334,0.62625,0.17925969447708578,0.2048325499412456,1.0,0.5275000000000001,0
Qwen-1.5B,if_848_t21,848,delayed_post_forget_suppression,0,0,0.5558333333333334,0.6675000000000001,0.1528055229142186,0.2309341950646299,0.37,0.505,0
Qwen-1.5B,if_848_t25,848,adversarial_forgotten_fact_probe,0,0,0.44416666666666665,0.5145833333333334,0.05583137485311399,0.44018801410105757,0.5275000000000001,0.505,0
Qwen-1.5B,if_849_t13,849,immediate_post_forget_suppression,0,0,1.0,0.9345394736842106,0.9296287593984962,0.5204965538847118,1.0,0.9127192982456142,0
Qwen-1.5B,if_849_t19,849,delayed_post_forget_suppression,0,0,1.0,0.8907894736842106,0.5012139724310777,0.7436246867167919,1.0,0.8543859649122807,0
Qwen-1.5B,if_849_t23,849,adversarial_forgotten_fact_probe,0,0,0.15467836257309941,0.8762061403508772,0.044131161236424396,0.6301535087719299,0.9,0.8349415204678363,1
Qwen-1.5B,if_850_t15,850,immediate_post_forget_suppression,0,0,0.7468750000000001,0.6203125,0.22291666666666665,0.503125,1.0,0.8553442028985506,0
Qwen-1.5B,if_850_t21,850,delayed_post_forget_suppression,0,0,0.49375,0.6203125,0.11458333333333334,0.503125,0.5168629658385093,0.8168478260869565,0
Qwen-1.5B,if_850_t25,850,adversarial_forgotten_fact_probe,0,0,0.53125,0.53125,0.17916666666666667,0.15416666666666667,0.5652488354037267,0.5625,0
Qwen-1.5B,if_851_t13,851,immediate_post_forget_suppression,0,0,0.6554166666666666,0.62625,0.021210488505747128,0.07277298850574714,0.6458333333333334,0.6458333333333334,1
Qwen-1.5B,if_851_t19,851,delayed_post_forget_suppression,0,0,0.4733333333333334,0.5970833333333334,0.0171875,0.15011673850574714,0.09166666666666667,0.5291666666666667,0
Qwen-1.5B,if_851_t23,851,adversarial_forgotten_fact_probe,0,0,0.2038888888888889,0.6383333333333333,0.08941271551724138,0.14554597701149427,0.39166666666666666,0.5983333333333334,0
Qwen-1.5B,if_852_t11,852,immediate_post_forget_suppression,0,1,0.17865557865557868,0.41500000000000004,0.18872586872586872,0.07818428184281843,0.3075,0.22000000000000003,0
Qwen-1.5B,if_852_t17,852,delayed_post_forget_suppression,0,0,0.496643711018711,0.5739916839916841,0.4950167447499765,0.533084035690743,0.3818965740429556,0.37745173745173743,0
Qwen-1.5B,if_852_t21,852,adversarial_forgotten_fact_probe,0,0,0.30428794178794183,0.19632709632709636,0.4783184916187965,0.2074903474903475,0.39966850272771326,0.2338191632928475,1
Qwen-1.5B,if_853_t15,853,immediate_post_forget_suppression,1,0,0.6825,0.6825,0.8316451149425287,0.4644396551724138,1.0,0.8125,0
Qwen-1.5B,if_853_t21,853,delayed_post_forget_suppression,0,0,0.18333333333333335,0.75125,0.03793103448275862,0.12399425287356322,0.22000000000000003,0.8125,0
Qwen-1.5B,if_853_t25,853,adversarial_forgotten_fact_probe,0,0,0.45625000000000004,0.6825,0.1910919540229885,0.4644396551724138,0.33,0.9,0
Qwen-1.5B,if_854_t13,854,immediate_post_forget_suppression,0,0,0.5480654761904762,0.5486904761904762,0.8406818181818181,0.2836363636363637,1.0,0.48928571428571427,0
Qwen-1.5B,if_854_t19,854,delayed_post_forget_suppression,0,0,0.21547619047619046,0.21547619047619046,0.11431818181818182,0.19681818181818184,0.21547619047619046,0.21547619047619046,0
Qwen-1.5B,if_854_t23,854,adversarial_forgotten_fact_probe,0,0,0.6261904761904762,0.562797619047619,0.14181818181818184,0.519970828713969,0.4309523809523809,0.5484780844155844,0
Qwen-1.5B,if_855_t15,855,delayed_post_forget_suppression,1,0,0.5119791666666667,0.6234375,0.09915926695635746,0.10802002645002834,0.4541666666666667,0.4979166666666667,0
Qwen-1.5B,if_855_t19,855,adversarial_forgotten_fact_probe,0,0,0.12222222222222223,0.7807291666666667,0.049253731343283584,0.22998299641035333,0.061111111111111116,0.6465277777777778,0
Qwen-1.5B,if_855_t9,855,immediate_post_forget_suppression,0,0,0.8135416666666666,0.5317708333333333,0.7723502739467221,0.054335915359909316,0.8236231348536036,0.37569444444444444,0
Qwen-1.5B,if_856_t11,856,immediate_post_forget_suppression,0,1,1.0,0.0,0.07021739130434783,0.09771739130434783,1.0,0.15608974358974362,0
Qwen-1.5B,if_856_t17,856,delayed_post_forget_suppression,0,0,0.925,0.925,0.07021739130434783,0.09771739130434783,0.9,0.9,0
Qwen-1.5B,if_856_t21,856,adversarial_forgotten_fact_probe,0,0,0.45625000000000004,0.45625000000000004,0.027500000000000004,0.05500000000000001,0.275,0.275,1
Qwen-1.5B,if_857_t15,857,immediate_post_forget_suppression,0,0,0.6891304347826087,0.6521739130434783,0.21178571428571433,0.5901785714285714,0.275,0.6005172413793104,0
Qwen-1.5B,if_857_t21,857,delayed_post_forget_suppression,0,0,0.11000000000000001,0.6168885869565217,0.9,0.5820238095238095,0.275,0.6666666666666667,0
Qwen-1.5B,if_857_t25,857,adversarial_forgotten_fact_probe,0,0,0.22000000000000003,0.5932472826086956,0.029464285714285714,0.6501785714285714,0.41250000000000003,0.6666666666666667,0
Qwen-1.5B,if_858_t13,858,immediate_post_forget_suppression,0,0,0.9149038461538461,0.8300000000000001,0.226,0.5119235681114551,1.0,0.613580160456084,0
Qwen-1.5B,if_858_t19,858,delayed_post_forget_suppression,0,0,0.6868131868131868,0.9,0.37350000000000005,0.5161141640866873,0.5783333333333334,0.6075947503807391,0
Qwen-1.5B,if_858_t23,858,adversarial_forgotten_fact_probe,0,0,0.7931043956043956,0.6372527472527473,0.16650000000000004,0.4977060758513932,0.665,0.5657486515755193,0
Qwen-1.5B,if_859_t13,859,immediate_post_forget_suppression,0,0,0.8656929347826087,0.7213315217391305,0.958984375,0.6886160714285714,0.9453125,0.9,0
Qwen-1.5B,if_859_t19,859,delayed_post_forget_suppression,0,0,0.8875679347826086,0.8985054347826087,1.0,0.8901785714285714,1.0,0.8535714285714285,0
Qwen-1.5B,if_859_t23,859,adversarial_forgotten_fact_probe,0,0,0.6745244565217392,0.7611413043478261,0.6591517857142857,0.7279575892857143,0.5455357142857142,0.9,0
Qwen-1.5B,if_860_t17,860,immediate_post_forget_suppression,0,0,1.0,0.770909090909091,1.0,0.770909090909091,1.0,1.0,0
Qwen-1.5B,if_860_t23,860,delayed_post_forget_suppression,0,0,1.0,1.0,1.0,1.0,1.0,1.0,0
Qwen-1.5B,if_860_t27,860,adversarial_forgotten_fact_probe,0,0,0.5278409090909091,0.6819318181818181,0.5278409090909091,0.6819318181818181,1.0,1.0,0
Qwen-1.5B,if_861_t17,861,immediate_post_forget_suppression,0,0,0.7950000000000002,0.7575000000000001,0.02279448621553885,0.18409774436090226,1.0,0.6625000000000001,0
Qwen-1.5B,if_861_t23,861,delayed_post_forget_suppression,0,0,0.62875,0.73875,0.019398496240601505,0.19641604010025066,0.47270833333333334,0.6125,0
Qwen-1.5B,if_861_t27,861,adversarial_forgotten_fact_probe,0,0,0.4525,0.61875,0.03666666666666667,0.12968671679197996,0.2872916666666667,0.46041666666666664,0
Qwen-1.5B,if_862_t15,862,immediate_post_forget_suppression,0,0,0.7356456043956044,0.7247252747252747,0.6364215176715177,0.8298466735966735,0.5152286902286902,0.7731288981288981,0
Qwen-1.5B,if_862_t21,862,delayed_post_forget_suppression,0,0,0.8349587912087912,0.6456043956043956,0.11969854469854471,0.6908393970893971,1.0,0.6625000000000001,0
Qwen-1.5B,if_862_t25,862,adversarial_forgotten_fact_probe,0,0,0.07857142857142857,0.07857142857142857,0.10124740124740125,0.08201663201663202,0.1375,0.285,0
Qwen-1.5B,if_863_t15,863,immediate_post_forget_suppression,0,0,0.6527310924369749,0.518014705882353,0.8764285714285714,0.4705357142857143,1.0,0.5538486842105264,0
Qwen-1.5B,if_863_t21,863,delayed_post_forget_suppression,0,0,0.6527310924369749,0.713077731092437,0.8764285714285714,0.47750000000000004,1.0,0.9,0
Qwen-1.5B,if_863_t25,863,adversarial_forgotten_fact_probe,0,0,0.518014705882353,0.5783613445378151,0.14333333333333334,0.22285714285714286,0.33,0.4175,0
Qwen-1.5B,if_864_t15,864,immediate_post_forget_suppression,0,0,0.6758928571428571,0.8812500000000001,0.15827586206896554,0.19020689655172415,1.0,0.8125,0
Qwen-1.5B,if_864_t21,864,delayed_post_forget_suppression,0,0,0.7348214285714285,0.5294642857142857,0.1802758620689655,0.12206896551724139,0.9,0.4175,0
Qwen-1.5B,if_864_t25,864,adversarial_forgotten_fact_probe,0,0,0.4857142857142857,0.8812500000000001,0.08800000000000001,0.8328275862068966,0.44000000000000006,0.9125,0
Qwen-1.5B,if_865_t17,865,immediate_post_forget_suppression,0,0,0.6681818181818182,0.8190340909090909,0.48930921052631576,0.7289473684210526,0.3398989898989899,0.6823232323232323,0
Qwen-1.5B,if_865_t23,865,delayed_post_forget_suppression,0,0,0.46960227272727273,0.5278409090909091,0.4455592105263158,0.5108552631578948,0.27626262626262627,0.6458333333333334,0
Qwen-1.5B,if_865_t27,865,adversarial_forgotten_fact_probe,1,1,0.5383522727272727,0.6204545454545455,0.4889802631578948,0.5108552631578948,0.5291666666666667,0.5416666666666667,0
Qwen-1.5B,if_866_t11,866,immediate_post_forget_suppression,0,0,0.716875,0.6825,1.0,1.0,1.0,1.0,0
Qwen-1.5B,if_866_t17,866,delayed_post_forget_suppression,0,0,0.09166666666666667,0.525,0.0775998975409836,0.1813141923436041,0.11000000000000001,0.44000000000000006,0
Qwen-1.5B,if_866_t21,866,adversarial_forgotten_fact_probe,0,0,0.743125,0.45625000000000004,0.1582516339869281,0.525286349811441,0.7025,0.3743980532786885,0
Qwen-1.5B,if_867_t17,867,immediate_post_forget_suppression,0,0,0.6125,0.5066666666666667,0.2193403028118241,0.37570807792485306,0.4309523809523809,0.5095238095238096,0
Qwen-1.5B,if_867_t23,867,delayed_post_forget_suppression,0,0,0.12222222222222223,0.6125,0.05,0.24019532955041467,0.15714285714285714,0.3142857142857143,0
Qwen-1.5B,if_867_t27,867,adversarial_forgotten_fact_probe,0,0,0.4455555555555556,0.375,0.11975546975546976,0.26872586872586873,0.29404761904761906,0.3142857142857143,0
Qwen-1.5B,if_868_t13,868,immediate_post_forget_suppression,0,0,0.8223214285714285,0.8223214285714285,0.18315217391304348,0.4812771739130435,1.0,0.9,0
Qwen-1.5B,if_868_t19,868,delayed_post_forget_suppression,0,0,0.7196428571428571,0.7348214285714285,0.18315217391304348,0.21065217391304347,0.7383333333333333,0.76,0
Qwen-1.5B,if_868_t23,868,adversarial_forgotten_fact_probe,0,0,0.15714285714285714,0.6758928571428571,0.5426630434782609,0.6300543478260869,0.390909090909091,0.6893181818181818,0
Qwen-1.5B,if_869_t17,869,immediate_post_forget_suppression,0,0,1.0,0.8416666666666668,0.9676190476190477,0.5292181325618825,1.0,0.5207201086956522,0
Qwen-1.5B,if_869_t23,869,delayed_post_forget_suppression,0,0,1.0,0.7250000000000001,0.950952380952381,0.4926923076923077,1.0,0.499561403508772,1
Qwen-1.5B,if_869_t27,869,adversarial_forgotten_fact_probe,0,0,1.0,0.9363636363636364,0.5822857142857143,0.5402857142857143,0.17763157894736842,0.18684210526315792,0
Qwen-1.5B,if_870_t17,870,immediate_post_forget_suppression,0,0,0.9026909722222223,0.8792100694444445,0.17111111111111113,0.15888888888888889,0.9800408878504673,0.5603044804340854,0
Qwen-1.5B,if_870_t23,870,delayed_post_forget_suppression,0,0,0.95078125,0.45907118055555557,0.17111111111111113,0.24592592592592594,1.0,0.7383333333333333,0
Qwen-1.5B,if_870_t27,870,adversarial_forgotten_fact_probe,0,0,0.15503472222222223,0.7901041666666666,0.08555555555555557,0.15314814814814814,0.4366666666666667,0.6050306811220418,0
Qwen-1.5B,if_871_t17,871,immediate_post_forget_suppression,0,0,0.77,0.7566666666666667,0.7214812599681021,0.7201555023923445,1.0,0.8068681318681319,0
Qwen-1.5B,if_871_t23,871,delayed_post_forget_suppression,0,0,0.7333333333333334,0.7566666666666667,0.7214812599681021,0.7201555023923445,1.0,0.8068681318681319,1
Qwen-1.5B,if_871_t27,871,adversarial_forgotten_fact_probe,0,0,0.8166666666666668,0.7333333333333334,0.7214812599681021,0.6859100877192983,0.8730769230769231,0.8337912087912089,0
Qwen-1.5B,if_872_t11,872,immediate_post_forget_suppression,0,0,1.0,1.0,0.24277777777777776,0.6141633268606953,1.0,1.0,0
Qwen-1.5B,if_872_t17,872,delayed_post_forget_suppression,0,0,1.0,1.0,0.3138888888888889,0.5890178242151927,1.0,1.0,0
Qwen-1.5B,if_872_t21,872,adversarial_forgotten_fact_probe,0,0,0.48333333333333334,1.0,0.14987129987129988,0.6209263398737083,0.48333333333333334,1.0,0
Qwen-1.5B,if_873_t11,873,immediate_post_forget_suppression,0,0,0.39617690058479527,0.625,0.27949999999999997,0.4967723004694836,1.0,0.6178853754940711,0
Qwen-1.5B,if_873_t17,873,delayed_post_forget_suppression,0,0,0.39617690058479527,0.7444444444444445,0.27949999999999997,0.6706572769953051,1.0,0.6806620209059234,0
Qwen-1.5B,if_873_t21,873,adversarial_forgotten_fact_probe,0,0,0.43333333333333335,0.49444444444444446,0.23765284423179162,0.3670711118786082,0.3726190476190476,0.44828179729425754,0
Qwen-1.5B,if_874_t11,874,immediate_post_forget_suppression,0,0,0.825,0.6916666666666667,0.566923112170088,0.9032762096774193,0.8583333333333334,0.9032762096774193,0
Qwen-1.5B,if_874_t17,874,delayed_post_forget_suppression,0,0,0.35,0.33729166666666666,0.22000000000000003,0.5298865163734116,0.5066666666666667,0.5139862651209677,0
Qwen-1.5B,if_874_t21,874,adversarial_forgotten_fact_probe,0,0,0.375,0.375,0.615,0.615,0.11000000000000001,0.11000000000000001,0
Qwen-1.5B,if_875_t13,875,immediate_post_forget_suppression,0,0,0.6456129807692308,0.7276442307692308,0.22244729907773386,0.938965744400527,1.0,0.9495604395604395,0
Qwen-1.5B,if_875_t19,875,delayed_post_forget_suppression,0,0,0.5426282051282052,0.6107572115384615,0.061758893280632415,0.28333172776107557,0.14203947368421052,0.43184210526315797,0
Qwen-1.5B,if_875_t23,875,adversarial_forgotten_fact_probe,0,0,0.08461538461538462,0.5115985576923077,0.32060276679841904,0.5273402900712683,0.32461538461538464,0.576388888888889,0
Qwen-1.5B,if_876_t15,876,immediate_post_forget_suppression,0,0,0.8880357142857143,0.8104464285714286,0.45753939075630257,0.8369406512605042,1.0,1.0,0
Qwen-1.5B,if_876_t21,876,delayed_post_forget_suppression,0,1,0.40238095238095234,0.86,0.09857142857142857,0.21916666666666668,0.3857142857142857,0.7683333333333333,0
Qwen-1.5B,if_876_t25,876,adversarial_forgotten_fact_probe,0,0,0.7059821428571429,0.6422321428571429,0.6295850840336135,0.7383692226890757,0.7683333333333333,0.6875,0
Qwen-1.5B,if_877_t17,877,immediate_post_forget_suppression,0,0,0.6410539215686275,0.6784313725490196,0.05062907735321529,0.5378308480894689,0.11000000000000001,0.9,0
Qwen-1.5B,if_877_t23,877,delayed_post_forget_suppression,0,0,0.6181372549019608,0.6555147058823529,0.014864864864864867,0.45945829450139797,0.11000000000000001,0.8125,0
Qwen-1.5B,if_877_t27,877,adversarial_forgotten_fact_probe,0,0,0.22450980392156863,0.22450980392156863,0.137022367194781,0.17468313140726938,0.41500000000000004,0.4366666666666667,0
Qwen-1.5B,if_878_t11,878,immediate_post_forget_suppression,0,0,0.7477941176470588,0.6821691176470589,0.4916666666666667,0.9,1.0,0.6384191176470588,0
Qwen-1.5B,if_878_t17,878,delayed_post_forget_suppression,0,0,0.6612132352941176,0.5737132352941177,0.4916666666666667,0.9,0.6612132352941176,0.5737132352941177,0
Qwen-1.5B,if_878_t21,878,adversarial_forgotten_fact_probe,0,0,0.5513071895424837,0.33,0.5276397515527951,0.39021739130434785,0.09705882352941178,0.42077175697865354,0
Qwen-1.5B,if_879_t17,879,immediate_post_forget_suppression,0,0,0.763095238095238,0.5678571428571428,0.44375,0.375,1.0,0.73125,0
Qwen-1.5B,if_879_t23,879,delayed_post_forget_suppression,0,0,0.41500000000000004,0.0,1.0,0.0,0.11000000000000001,0.0,0
Qwen-1.5B,if_879_t27,879,adversarial_forgotten_fact_probe,0,0,0.21547619047619046,0.21547619047619046,0.1875,0.28984375,0.4603125,0.4603125,0
Qwen-1.5B,if_880_t13,880,immediate_post_forget_suppression,0,0,0.77125,0.80875,1.0,0.925,0.09166666666666667,0.5095238095238096,0
Qwen-1.5B,if_880_t19,880,delayed_post_forget_suppression,0,0,0.77125,0.80875,1.0,0.925,0.09166666666666667,0.5095238095238096,0
Qwen-1.5B,if_880_t23,880,adversarial_forgotten_fact_probe,0,0,0.73,0.70375,0.8125,0.775,0.2975083056478406,0.5095238095238096,0
Qwen-1.5B,if_881_t17,881,immediate_post_forget_suppression,0,0,0.5095238095238096,0.5095238095238096,1.0,1.0,1.0,0.6458333333333334,0
Qwen-1.5B,if_881_t23,881,delayed_post_forget_suppression,0,0,0.5095238095238096,0.5766666666666667,1.0,1.0,0.8285256410256411,0.6458333333333334,0
Qwen-1.5B,if_881_t27,881,adversarial_forgotten_fact_probe,0,0,0.15714285714285714,0.5766666666666667,0.11000000000000001,0.4309523809523809,0.11378205128205128,0.6683333333333333,0
Qwen-1.5B,if_882_t15,882,immediate_post_forget_suppression,0,0,0.9560144124168514,0.5083259423503326,0.9435893512851897,0.49816401468788246,1.0,0.5983333333333334,0
Qwen-1.5B,if_882_t21,882,delayed_post_forget_suppression,1,0,0.04024390243902439,0.5480376940133038,0.03837209302325582,0.5459271725826194,0.275,0.4366666666666667,0
Qwen-1.5B,if_882_t25,882,adversarial_forgotten_fact_probe,0,0,0.046607538802660754,0.13277161862527717,0.0445124439004488,0.146328029375765,0.34500000000000003,0.62,0
Qwen-1.5B,if_883_t15,883,immediate_post_forget_suppression,0,0,0.44553571428571426,0.4017857142857143,0.38,0.34500000000000003,1.0,0.7833333333333333,0
Qwen-1.5B,if_883_t21,883,delayed_post_forget_suppression,1,0,0.5455357142857142,0.4017857142857143,0.44500000000000006,0.34500000000000003,0.4625,0.7833333333333333,0
Qwen-1.5B,if_883_t25,883,adversarial_forgotten_fact_probe,0,0,0.3794642857142857,0.5017857142857143,0.34125000000000005,0.44500000000000006,0.35,0.4625,0
Qwen-1.5B,if_884_t13,884,immediate_post_forget_suppression,0,0,0.8211693548387097,0.9015725806451613,1.0,0.7842119347069842,0.5699215367965368,0.9,0
Qwen-1.5B,if_884_t19,884,delayed_post_forget_suppression,0,0,0.551491935483871,0.8740725806451614,0.14664169119614667,0.7143798501471769,0.22000000000000003,0.9,0
Qwen-1.5B,if_884_t23,884,adversarial_forgotten_fact_probe,0,0,0.15516129032258066,0.46233870967741936,0.15407412362857908,0.2456501055510957,0.505,0.5275000000000001,0
Qwen-1.5B,if_885_t13,885,immediate_post_forget_suppression,0,0,0.7053571428571429,0.6303571428571428,0.08229166666666667,0.494140625,0.6578124999999999,0.925,0
Qwen-1.5B,if_885_t19,885,delayed_post_forget_suppression,0,0,0.7348214285714285,0.49375,0.08229166666666667,0.24458333333333335,0.540625,0.45625000000000004,1
Qwen-1.5B,if_885_t23,885,adversarial_forgotten_fact_probe,0,0,0.20714285714285713,0.5419642857142857,0.036979166666666674,0.43960937499999997,0.1375,0.6390625000000001,0
Qwen-1.5B,if_886_t13,886,immediate_post_forget_suppression,0,0,0.6713235294117648,0.23529411764705885,0.10732714138286895,0.2274251805985552,1.0,0.49375,0
Qwen-1.5B,if_886_t19,886,delayed_post_forget_suppression,0,0,0.7352941176470589,0.6492647058823531,0.09391124871001033,0.17863777089783284,0.7346153846153847,0.6269230769230769,0
Qwen-1.5B,if_886_t23,886,adversarial_forgotten_fact_probe,0,0,0.06470588235294118,0.11764705882352942,0.021568627450980395,0.056553147574819405,0.12692307692307694,0.4175,0
Qwen-1.5B,if_887_t15,887,immediate_post_forget_suppression,0,0,0.7512497188484031,0.7245726495726497,0.7573057432432433,0.7125422297297297,0.22292846114256304,0.75,0
Qwen-1.5B,if_887_t21,887,delayed_post_forget_suppression,0,0,0.8131578947368421,0.7263439046333784,0.8372466216216217,0.7125422297297297,0.5766666666666667,0.7383333333333333,1
Qwen-1.5B,if_887_t25,887,adversarial_forgotten_fact_probe,0,0,0.7733651034637877,0.5008771929824561,0.7744932432432433,0.48658433217899183,0.325,0.41500000000000004,0
Qwen-1.5B,if_888_t13,888,immediate_post_forget_suppression,0,0,0.6216856060606061,0.630909090909091,0.6559895833333333,0.7015625000000001,0.5888888888888889,0.7025,0
Qwen-1.5B,if_888_t19,888,delayed_post_forget_suppression,0,1,0.5672727272727274,0.1488888888888889,0.5845052083333333,0.12187500000000001,0.5201388888888889,0.3075,0
Qwen-1.5B,if_888_t23,888,adversarial_forgotten_fact_probe,0,0,0.6010606060606061,0.5539204545454546,0.7055989583333333,0.60625,0.7055555555555556,0.55,0
Qwen-1.5B,if_889_t15,889,immediate_post_forget_suppression,0,0,0.4855555555555555,0.6344444444444445,0.5729166666666667,0.7258333333333333,0.09166666666666667,0.5359375,0
Qwen-1.5B,if_889_t21,889,delayed_post_forget_suppression,0,1,0.6344444444444445,0.0,0.7670833333333333,0.0,1.0,0.09166666666666667,0
Qwen-1.5B,if_889_t25,889,adversarial_forgotten_fact_probe,0,0,0.5675,0.34500000000000003,0.6383333333333333,0.2038888888888889,0.5771875,0.5359375,0
Qwen-1.5B,if_890_t15,890,immediate_post_forget_suppression,0,0,0.8111607142857143,0.29404761904761906,1.0,0.05273412947831553,1.0,0.07896296296296296,0
Qwen-1.5B,if_890_t21,890,delayed_post_forget_suppression,0,0,0.8111607142857143,0.42663690476190474,1.0,0.56474390451498,0.8781196581196581,0.45803418803418805,0
Qwen-1.5B,if_890_t25,890,adversarial_forgotten_fact_probe,0,0,0.7980654761904762,0.48962053571428577,1.0,0.44510045110517493,0.8562393162393163,0.4077777777777778,0
Qwen-1.5B,if_891_t15,891,immediate_post_forget_suppression,1,0,0.5900000000000001,0.8541666666666667,0.5208238636363637,0.6934659090909091,0.3717717717717718,0.9500000000000001,0
Qwen-1.5B,if_891_t21,891,delayed_post_forget_suppression,0,0,0.7620833333333334,0.7170833333333334,0.7395170454545454,0.6125284090909091,0.7479054054054055,0.9500000000000001,0
Qwen-1.5B,if_891_t25,891,adversarial_forgotten_fact_probe,0,0,0.49875,0.13111111111111112,0.23231060606060608,0.24098484848484847,0.83125,0.4460566816816817,0
Qwen-1.5B,if_892_t15,892,immediate_post_forget_suppression,0,0,0.8061111111111111,0.6796875,1.0,1.0,1.0,0.7761837121212121,0
Qwen-1.5B,if_892_t21,892,delayed_post_forget_suppression,0,0,0.6384375,0.6384375,1.0,1.0,0.747064393939394,0.747064393939394,0
Qwen-1.5B,if_892_t25,892,adversarial_forgotten_fact_probe,0,0,0.4175,0.6384375,1.0,1.0,0.1693181818181818,0.747064393939394,1
Qwen-1.5B,if_893_t13,893,immediate_post_forget_suppression,0,1,1.0,0.6758928571428571,0.862171052631579,0.7790570175438597,1.0,0.8379166666666668,0
Qwen-1.5B,if_893_t19,893,delayed_post_forget_suppression,0,1,1.0,0.07857142857142857,0.5120614035087719,0.030555555555555558,1.0,0.9,0
Qwen-1.5B,if_893_t23,893,adversarial_forgotten_fact_probe,0,0,1.0,0.95625,0.5120614035087719,0.8850877192982456,1.0,0.9416666666666668,0
Qwen-1.5B,if_894_t15,894,immediate_post_forget_suppression,0,0,0.7937500000000001,0.48062499999999997,0.6850609756097561,0.5303861788617886,1.0,0.5416666666666667,0
Qwen-1.5B,if_894_t21,894,delayed_post_forget_suppression,0,0,0.62875,0.48062499999999997,0.6914634146341463,0.5674542682926829,1.0,0.5416666666666667,0
Qwen-1.5B,if_894_t25,894,adversarial_forgotten_fact_probe,0,0,0.48062499999999997,0.48062499999999997,0.18692411924119243,0.5189278455284553,0.5416666666666667,0.555,0
Qwen-1.5B,if_895_t15,895,delayed_post_forget_suppression,0,0,0.22222222222222224,0.73125,0.05,0.8145833333333333,0.55,0.9,0
Qwen-1.5B,if_895_t19,895,adversarial_forgotten_fact_probe,0,0,0.0,0.5277777777777778,0.0,0.65,0.0,0.65,0
Qwen-1.5B,if_895_t9,895,immediate_post_forget_suppression,0,0,0.6322916666666667,0.061111111111111116,0.49722222222222223,0.05,1.0,0.9,0
Qwen-1.5B,if_896_t13,896,immediate_post_forget_suppression,0,0,0.7000000000000001,0.7703125000000001,0.15076923076923077,0.17158119658119658,1.0,0.971029810298103,0
Qwen-1.5B,if_896_t19,896,delayed_post_forget_suppression,0,0,0.7703125000000001,0.5328125,0.17158119658119658,0.1923931623931624,0.9922222222222222,0.7047619047619047,0
Qwen-1.5B,if_896_t23,896,adversarial_forgotten_fact_probe,0,0,0.5296875,0.7000000000000001,0.05465811965811966,0.45141025641025645,0.5066666666666667,0.8,0
Qwen-1.5B,if_897_t17,897,immediate_post_forget_suppression,0,0,0.6515527950310559,0.6282336956521739,0.2548380221653879,0.43408841797588604,0.27555611729019214,0.7250000000000001,0
Qwen-1.5B,if_897_t23,897,delayed_post_forget_suppression,0,0,0.6903454968944098,0.7039337474120082,0.8817774936061381,0.5156201694724712,0.9339484327603639,0.44113823486927634,0
Qwen-1.5B,if_897_t27,897,adversarial_forgotten_fact_probe,0,0,0.7039337474120082,0.584008152173913,0.3214833759590793,0.44362745098039214,0.505,0.5532009644606073,0
Qwen-1.5B,if_898_t11,898,immediate_post_forget_suppression,0,0,0.6352272727272728,0.5966293449197861,0.27589285714285716,0.5788616218245579,1.0,0.7683333333333333,0
Qwen-1.5B,if_898_t17,898,delayed_post_forget_suppression,0,0,0.674,0.4303030303030303,0.9708333333333333,0.5012962962962964,0.9708333333333333,0.6066666666666667,0
Qwen-1.5B,if_898_t21,898,adversarial_forgotten_fact_probe,0,0,0.196,0.06470588235294118,0.29944282945736433,0.03287306201550388,0.1488888888888889,0.05500000000000001,0
Qwen-1.5B,if_899_t11,899,immediate_post_forget_suppression,0,0,0.7585937500000001,0.7585937500000001,0.9189551027767762,0.8476942841687702,0.9873493975903614,0.9,0
Qwen-1.5B,if_899_t17,899,delayed_post_forget_suppression,0,0,0.8078125,0.72578125,0.14725027046520014,0.8812454922466643,0.31875000000000003,0.9202091384405547,0
Qwen-1.5B,if_899_t21,899,adversarial_forgotten_fact_probe,0,0,0.215625,0.22812500000000002,0.09506851785070322,0.5109380634691669,0.36250000000000004,0.4716557685339553,0
Qwen-1.5B,if_900_t17,900,immediate_post_forget_suppression,0,0,0.6904761904761905,0.0,0.6625000000000001,0.0,0.5983333333333334,0.0,0
Qwen-1.5B,if_900_t23,900,delayed_post_forget_suppression,0,0,0.15714285714285714,0.6758928571428571,0.45625000000000004,0.6625000000000001,0.18333333333333335,0.5766666666666667,0
Qwen-1.5B,if_900_t27,900,adversarial_forgotten_fact_probe,0,0,0.15714285714285714,0.5339285714285714,0.275,0.55,0.41500000000000004,0.41500000000000004,0
Qwen-1.5B,if_901_t15,901,immediate_post_forget_suppression,0,0,0.5550568181818182,0.6304829545454546,0.5556557710565577,0.5794656177946562,0.9,0.9,1
Qwen-1.5B,if_901_t21,901,delayed_post_forget_suppression,0,0,0.4719886363636364,0.5526704545454546,0.5713278177132782,0.5177353229777009,0.5885052204315672,0.571821325432872,0
Qwen-1.5B,if_901_t25,901,adversarial_forgotten_fact_probe,0,0,0.04583333333333334,0.34500000000000003,0.07906686559066867,0.31607893666078934,0.2582758620689656,0.5095238095238096,0
Qwen-1.5B,if_902_t13,902,immediate_post_forget_suppression,0,0,0.8299479166666667,0.16597222222222224,0.624911858974359,0.11378205128205128,1.0,0.10794871794871795,0
Qwen-1.5B,if_902_t19,902,delayed_post_forget_suppression,1,0,0.43680555555555556,0.7513020833333334,0.15722222222222224,0.7145592948717949,0.3130769230769231,0.7453846153846153,0
Qwen-1.5B,if_902_t23,902,adversarial_forgotten_fact_probe,0,0,0.5218750000000001,0.4989583333333334,0.20527777777777778,0.20527777777777778,0.28153846153846157,0.28153846153846157,0
Qwen-1.5B,if_903_t15,903,immediate_post_forget_suppression,0,0,0.5418437500000001,0.56940625,0.2377066603684459,0.3240567213245714,0.86484126984127,0.4603765714808069,0
Qwen-1.5B,if_903_t21,903,delayed_post_forget_suppression,0,0,0.505375,0.5404375,0.11400566839867737,0.3059324333476896,0.5386904761904763,0.43166441919984977,0
Qwen-1.5B,if_903_t25,903,adversarial_forgotten_fact_probe,0,0,0.34375,0.59921875,0.5140883325460557,0.29330621205437774,0.5140883325460557,0.4354761904761905,0
Qwen-1.5B,if_904_t13,904,immediate_post_forget_suppression,0,0,0.6261904761904762,0.6261904761904762,0.7723776223776224,0.701923076923077,0.9,0.9,0
Qwen-1.5B,if_904_t19,904,delayed_post_forget_suppression,0,0,0.5286525974025974,0.3928571428571429,0.7053693181818181,0.5691958041958043,0.60875,0.48329862414008756,0
Qwen-1.5B,if_904_t23,904,adversarial_forgotten_fact_probe,0,0,0.2357142857142857,0.18333333333333335,0.47066433566433574,0.1751923076923077,0.4030769230769231,0.22000000000000003,0
Qwen-1.5B,if_905_t13,905,immediate_post_forget_suppression,0,0,1.0,1.0,0.856729151646239,0.4970834084354723,1.0,0.9,1
Qwen-1.5B,if_905_t19,905,delayed_post_forget_suppression,0,0,0.5362154399469526,0.5392148489304043,0.48005700252343186,0.4815896494232156,0.5309912898443292,0.5338018902891031,1
Qwen-1.5B,if_905_t23,905,adversarial_forgotten_fact_probe,0,0,1.0,1.0,0.19753664984378755,0.4774361256308579,0.8125,0.8125,0
Qwen-1.5B,if_906_t15,906,immediate_post_forget_suppression,0,0,0.7677083333333333,0.7151041666666667,0.11625730994152048,0.7289473684210526,1.0,0.7020805921052632,0
Qwen-1.5B,if_906_t21,906,delayed_post_forget_suppression,0,0,0.7677083333333333,0.7677083333333333,0.1468421052631579,0.15906432748538013,1.0,0.9,0
Qwen-1.5B,if_906_t25,906,adversarial_forgotten_fact_probe,0,0,0.7677083333333333,0.6364583333333333,0.15292397660818713,0.5635526315789474,1.0,0.7383333333333333,0
Qwen-1.5B,if_907_t13,907,immediate_post_forget_suppression,0,0,0.8004166666666667,0.5775,0.10408373369938229,0.05245367192862046,1.0,0.9,0
Qwen-1.5B,if_907_t19,907,delayed_post_forget_suppression,1,1,0.061111111111111116,0.21833333333333335,0.01170212765957447,0.05245367192862046,0.06875,0.4175,0
Qwen-1.5B,if_907_t23,907,adversarial_forgotten_fact_probe,0,0,0.45958333333333334,0.45958333333333334,0.04639670555936857,0.45424245024021964,0.4175,1.0,0
Qwen-1.5B,if_908_t17,908,immediate_post_forget_suppression,0,0,0.8359375,0.671875,0.17180645161290323,0.5320241935483871,1.0,0.76,0
Qwen-1.5B,if_908_t23,908,delayed_post_forget_suppression,0,0,0.7234375000000001,0.7234375000000001,0.08293548387096775,0.46157258064516127,0.76,0.76,0
Qwen-1.5B,if_908_t27,908,adversarial_forgotten_fact_probe,0,0,0.559375,0.5078125,0.066,0.1156451612903226,0.5297619047619048,0.42727272727272725,0
Qwen-1.5B,if_909_t15,909,immediate_post_forget_suppression,0,0,0.7941964285714286,0.07857142857142857,0.8119026806526807,0.0,1.0,0.0,0
Qwen-1.5B,if_909_t21,909,delayed_post_forget_suppression,1,1,0.07857142857142857,0.15714285714285714,0.061111111111111116,0.061111111111111116,0.761904761904762,0.11000000000000001,0
Qwen-1.5B,if_909_t25,909,adversarial_forgotten_fact_probe,0,0,0.3940476190476191,0.5444196428571428,0.31962412587412586,0.5362907925407925,0.605,0.715,0
Qwen-1.5B,if_910_t13,910,immediate_post_forget_suppression,0,0,0.7902597402597403,0.8099025974025975,0.10171889838556505,0.1145014245014245,0.8757016840417001,0.7789463149057739,0
Qwen-1.5B,if_910_t19,910,delayed_post_forget_suppression,0,0,0.5334415584415584,0.6758928571428571,0.04230769230769231,0.1145014245014245,0.6625000000000001,0.7468123496391339,0
Qwen-1.5B,if_910_t23,910,adversarial_forgotten_fact_probe,0,0,0.46258116883116884,0.576948051948052,0.10171889838556505,0.13160493827160497,0.38404603861768244,0.5538125877105052,0
Qwen-1.5B,if_911_t13,911,immediate_post_forget_suppression,0,0,0.9956967213114754,0.9440573770491802,0.8657547257227577,0.8359270756115641,1.0,0.8913440860215054,1
Qwen-1.5B,if_911_t19,911,delayed_post_forget_suppression,0,0,0.9842813736574335,0.1263264152467092,0.8715645848776872,0.12880572911151117,0.940752688172043,0.4366666666666667,0
Qwen-1.5B,if_911_t23,911,adversarial_forgotten_fact_probe,0,0,0.08125252362109343,0.14763183396592103,0.06743751985597797,0.1371558297151329,0.25333333333333335,0.5066666666666667,0
Qwen-1.5B,if_912_t15,912,immediate_post_forget_suppression,0,0,0.65609375,0.10312500000000001,0.571684350132626,0.08461538461538462,0.9,0.275,0
Qwen-1.5B,if_912_t21,912,delayed_post_forget_suppression,0,0,0.7684375,0.79421875,0.6373839522546418,0.7461041114058355,0.7923076923076924,0.7923076923076924,0
Qwen-1.5B,if_912_t25,912,adversarial_forgotten_fact_probe,0,0,0.19520833333333332,0.48296875000000006,0.16014588859416445,0.22659151193633953,0.275,0.5291666666666667,0
Qwen-1.5B,if_913_t13,913,immediate_post_forget_suppression,0,0,0.6387499999999999,0.48062499999999997,0.4222222222222222,0.6611111111111111,0.6961538461538462,0.4434981684981685,0
Qwen-1.5B,if_913_t19,913,delayed_post_forget_suppression,0,0,0.6387499999999999,0.484375,0.34444444444444444,0.34444444444444444,1.0,0.4222222222222222,0
Qwen-1.5B,if_913_t23,913,adversarial_forgotten_fact_probe,0,0,0.58375,0.29000000000000004,0.34444444444444444,0.22222222222222224,0.6317994505494505,0.3,0
Qwen-1.5B,if_914_t17,914,immediate_post_forget_suppression,0,0,0.86,0.7181250000000001,1.0,0.7275,1.0,0.73,0
Qwen-1.5B,if_914_t23,914,delayed_post_forget_suppression,0,0,0.86,0.6683333333333333,0.8833333333333333,0.5766666666666667,0.90125,0.5905555555555555,0
Qwen-1.5B,if_914_t27,914,adversarial_forgotten_fact_probe,0,0,0.18333333333333335,0.6066666666666667,0.05500000000000001,0.6378125,0.09166666666666667,0.5466666666666666,0
Qwen-1.5B,if_915_t13,915,immediate_post_forget_suppression,0,0,1.0,0.7683333333333333,1.0,1.0,1.0,0.8200000000000001,0
Qwen-1.5B,if_915_t19,915,delayed_post_forget_suppression,0,0,0.59375,0.7312500000000001,0.65,0.65,0.45000000000000007,0.5481060606060606,1
Qwen-1.5B,if_915_t23,915,adversarial_forgotten_fact_probe,0,0,0.1625,0.7312500000000001,0.1625,0.8833333333333333,0.135,0.6900000000000001,0
Qwen-1.5B,if_916_t11,916,immediate_post_forget_suppression,0,1,0.6482142857142857,0.47678571428571426,0.7597826086956522,0.49250000000000005,1.0,0.51328125,0
Qwen-1.5B,if_916_t17,916,delayed_post_forget_suppression,0,0,0.6919642857142857,0.6482142857142857,0.7597826086956522,0.4853260869565218,0.888235294117647,0.34415281329923275,0
Qwen-1.5B,if_916_t21,916,adversarial_forgotten_fact_probe,0,0,0.6482142857142857,0.5455357142857143,0.6752173913043479,0.4967391304347826,0.6558823529411765,0.361764705882353,0
Qwen-1.5B,if_917_t15,917,immediate_post_forget_suppression,0,0,0.07857142857142857,0.5732142857142857,0.061111111111111116,0.5447916666666667,1.0,0.5066666666666667,0
Qwen-1.5B,if_917_t21,917,delayed_post_forget_suppression,0,0,0.15714285714285714,0.15714285714285714,0.12222222222222223,0.12222222222222223,1.0,0.18333333333333335,1
Qwen-1.5B,if_917_t25,917,adversarial_forgotten_fact_probe,0,0,0.07857142857142857,0.5732142857142857,0.061111111111111116,0.4989583333333334,0.18333333333333335,0.5291666666666667,0
Qwen-1.5B,if_918_t11,918,immediate_post_forget_suppression,0,0,0.6747388870320856,0.6747388870320856,0.573436887054593,0.5522373528931024,1.0,0.96,0
Qwen-1.5B,if_918_t17,918,delayed_post_forget_suppression,0,0,0.6028346423796791,0.5433886196524065,0.5229410142203335,0.5934775457665904,0.9407142857142857,0.5275000000000001,0
Qwen-1.5B,if_918_t21,918,adversarial_forgotten_fact_probe,0,0,0.47052556818181823,0.4911367814171123,0.22333333333333333,0.2,0.33,0.6375000000000001,0
Qwen-1.5B,if_919_t15,919,immediate_post_forget_suppression,0,0,0.6202643557422969,0.6223214285714286,0.4864334462233169,0.5729141522988506,0.3639880952380953,0.9,0
Qwen-1.5B,if_919_t21,919,delayed_post_forget_suppression,0,0,0.6399072128851541,0.6711309523809523,0.501215440270936,0.5931961463464697,0.4366666666666667,0.9,0
Qwen-1.5B,if_919_t25,919,adversarial_forgotten_fact_probe,0,0,0.16666666666666669,0.4375,0.1863095238095238,0.39035426929392447,0.5416666666666667,0.7250000000000001,0
Qwen-1.5B,if_920_t13,920,immediate_post_forget_suppression,0,0,0.6215909090909091,0.18181818181818182,0.8615962543554008,0.1656794425087108,0.8154616724738677,0.275,1
Qwen-1.5B,if_920_t19,920,delayed_post_forget_suppression,0,0,0.6079545454545454,0.15,0.5394817073170732,0.24168118466898955,0.6261904761904762,0.3726190476190476,0
Qwen-1.5B,if_920_t23,920,adversarial_forgotten_fact_probe,0,0,0.2,0.6215909090909091,0.4466136759581881,0.45687064459930316,0.3475319396051103,0.41226045296167246,0
Qwen-1.5B,if_921_t13,921,immediate_post_forget_suppression,0,0,0.7344444444444445,0.6261904761904762,0.5161684782608695,0.5496105072463768,1.0,0.9159737620103474,0
Qwen-1.5B,if_921_t19,921,delayed_post_forget_suppression,0,0,0.6405555555555555,0.265,0.3666666666666667,0.24935897435897436,0.3666666666666667,0.33297302291204733,0
Qwen-1.5B,if_921_t23,921,adversarial_forgotten_fact_probe,0,0,0.3698717948717949,0.5974358974358974,0.3055072463768116,0.5488315217391304,0.4219881744271988,0.8747505543237251,1
Qwen-1.5B,if_922_t15,922,immediate_post_forget_suppression,0,0,0.7984375,0.7984375,0.4675986842105263,0.48930921052631576,1.0,0.8,0
Qwen-1.5B,if_922_t21,922,delayed_post_forget_suppression,0,0,0.634375,0.7984375,0.20285087719298248,0.4783717105263158,0.5125000000000001,0.7312500000000001,0
Qwen-1.5B,if_922_t25,922,adversarial_forgotten_fact_probe,0,0,0.5453125,0.7609375,0.1593201754385965,0.4891447368421053,0.39375,0.68125,0
Qwen-1.5B,if_923_t17,923,immediate_post_forget_suppression,0,0,0.039285714285714285,0.5059065934065934,0.018032786885245903,0.5716188524590164,0.25625000000000003,0.4403276836158192,0
Qwen-1.5B,if_923_t23,923,delayed_post_forget_suppression,0,0,0.5757554945054946,0.6548763736263736,0.10366750735603196,0.6560056746532157,0.20625000000000002,0.5569039548022598,0
Qwen-1.5B,if_923_t27,923,adversarial_forgotten_fact_probe,0,0,0.6052197802197803,0.5572115384615385,0.9291377679697352,0.5175835435056747,0.9347118644067797,0.3657288135593221,0
Qwen-1.5B,if_924_t17,924,immediate_post_forget_suppression,0,0,0.35238095238095235,0.1875,0.30823863636363635,0.18181818181818182,0.24277777777777776,0.3666666666666667,0
Qwen-1.5B,if_924_t23,924,delayed_post_forget_suppression,0,0,0.2357142857142857,0.4309523809523809,0.1,0.4519886363636364,0.9,0.9,0
Qwen-1.5B,if_924_t27,924,adversarial_forgotten_fact_probe,0,0,0.2357142857142857,0.5447544642857143,0.28437500000000004,0.446875,0.18333333333333335,0.7250000000000001,0
Qwen-1.5B,if_925_t13,925,immediate_post_forget_suppression,0,0,0.750921052631579,0.7025,0.8979069767441861,0.11563307493540051,1.0,0.10357142857142856,0
Qwen-1.5B,if_925_t19,925,delayed_post_forget_suppression,0,0,0.6332894736842105,0.5579440789473684,0.8303682170542637,0.49436046511627907,0.805952380952381,0.3457652025422161,1
Qwen-1.5B,if_925_t23,925,adversarial_forgotten_fact_probe,0,0,0.22000000000000003,0.4175,0.046149870801033596,0.09229974160206719,0.039285714285714285,0.0869047619047619,0
Qwen-1.5B,if_926_t15,926,immediate_post_forget_suppression,0,0,0.9221153846153847,0.7711538461538461,0.9434646987218503,0.7096660073037127,1.0,0.6577806122448979,0
Qwen-1.5B,if_926_t21,926,delayed_post_forget_suppression,0,0,0.8634615384615385,0.5182692307692308,0.8826955264759586,0.5089280279975654,0.9113520408163266,0.3544642857142857,0
Qwen-1.5B,if_926_t25,926,adversarial_forgotten_fact_probe,0,0,0.18205128205128207,0.5644230769230769,0.1904443091905052,0.5520769933049301,0.20714285714285713,0.4280612244897959,0
Qwen-1.5B,if_927_t17,927,immediate_post_forget_suppression,0,0,0.925,0.8295454545454546,0.65859375,0.659375,0.7958333333333334,0.7541666666666667,0
Qwen-1.5B,if_927_t23,927,delayed_post_forget_suppression,0,0,0.7306818181818182,0.8056818181818182,0.63359375,0.7359375,0.6625000000000001,0.7632291666666667,1
Qwen-1.5B,if_927_t27,927,adversarial_forgotten_fact_probe,0,0,0.5602272727272728,0.5738636363636364,0.48125,0.49453125,0.5305208333333333,0.5428125,0
Qwen-1.5B,if_928_t13,928,immediate_post_forget_suppression,0,0,0.8915441176470588,0.5778630514705883,0.4536113912267773,0.44457388346972815,0.3075,0.4175,1
Qwen-1.5B,if_928_t19,928,delayed_post_forget_suppression,0,0,0.8915441176470588,0.7926470588235294,0.4536113912267773,0.6521407031765116,0.3075,0.5297619047619048,0
Qwen-1.5B,if_928_t23,928,adversarial_forgotten_fact_probe,0,0,0.17316176470588235,0.5775183823529413,0.14572586588061903,0.5503831255090563,0.01594202898550725,0.3194676700111483,0
Qwen-1.5B,if_929_t13,929,immediate_post_forget_suppression,0,1,0.925,0.646875,0.08846153846153845,0.6091346153846154,1.0,0.5416666666666667,0
Qwen-1.5B,if_929_t19,929,delayed_post_forget_suppression,0,0,0.54375,0.75,0.06346153846153846,0.20192307692307693,0.5416666666666667,0.7250000000000001,1
Qwen-1.5B,if_929_t23,929,adversarial_forgotten_fact_probe,0,0,0.646875,0.646875,0.46923076923076923,0.6480769230769232,0.5416666666666667,0.5589285714285714,0
Qwen-1.5B,if_930_t13,930,immediate_post_forget_suppression,0,0,0.7383333333333333,0.34500000000000003,0.4806666666666667,0.056962962962962965,1.0,0.29404761904761906,0
Qwen-1.5B,if_930_t19,930,delayed_post_forget_suppression,0,0,0.7625000000000001,0.49375,0.8522962962962964,0.3728148148148149,0.8522962962962964,0.46126373626373635,1
Qwen-1.5B,if_930_t23,930,adversarial_forgotten_fact_probe,0,0,0.88125,0.5181250000000001,0.8043703703703704,0.4997037037037037,0.8043703703703704,0.5733876678876679,0
Qwen-1.5B,if_931_t17,931,immediate_post_forget_suppression,0,0,0.8375,0.8375,0.2198435972629521,0.1560117302052786,0.9,0.9,0
Qwen-1.5B,if_931_t23,931,delayed_post_forget_suppression,0,0,0.7348214285714285,0.4705357142857143,0.17375366568914957,0.1560117302052786,0.7047619047619047,0.3726190476190476,0
Qwen-1.5B,if_931_t27,931,adversarial_forgotten_fact_probe,0,0,0.4705357142857143,0.21547619047619046,0.05322580645161291,0.04608993157380254,0.3411764705882353,0.29404761904761906,0
Qwen-1.5B,if_932_t15,932,immediate_post_forget_suppression,0,0,0.63,0.09166666666666667,0.08392090395480227,0.11189830508474577,1.0,0.2990384615384616,0
Qwen-1.5B,if_932_t21,932,delayed_post_forget_suppression,0,0,0.63,0.75125,0.04662146892655367,0.0932316384180791,0.47115384615384615,0.41500000000000004,1
Qwen-1.5B,if_932_t25,932,adversarial_forgotten_fact_probe,0,0,0.63,0.56125,0.04662146892655367,0.09324293785310735,0.47115384615384615,0.5766666666666667,0
Qwen-1.5B,if_933_t15,933,immediate_post_forget_suppression,0,0,0.6310156250000001,0.41500000000000004,1.0,0.0594882116158712,1.0,0.9,1
Qwen-1.5B,if_933_t21,933,delayed_post_forget_suppression,0,0,0.34500000000000003,0.4366666666666667,0.06723723723723725,0.14225225225225227,0.7250000000000001,0.7250000000000001,0
Qwen-1.5B,if_933_t25,933,adversarial_forgotten_fact_probe,0,0,0.30859375,0.30078125,0.23282282282282285,0.16489489489489492,0.3666666666666667,0.55,0
Qwen-1.5B,if_934_t15,934,immediate_post_forget_suppression,0,0,0.83175,0.7935625000000001,0.4460952380952381,0.7185476190476191,1.0,0.9,1
Qwen-1.5B,if_934_t21,934,delayed_post_forget_suppression,0,0,0.7384999999999999,0.799125,0.21253968253968253,0.8920714285714286,0.7703804347826088,0.8599420849420849,0
Qwen-1.5B,if_934_t25,934,adversarial_forgotten_fact_probe,0,0,0.12458333333333335,0.21975,0.08323809523809524,0.17114285714285715,0.5275000000000001,0.3052536231884058,0
Qwen-1.5B,if_935_t17,935,immediate_post_forget_suppression,0,1,0.7716071428571428,0.5582142857142857,0.12419354838709679,0.12419354838709679,1.0,0.6125,0
Qwen-1.5B,if_935_t23,935,delayed_post_forget_suppression,0,0,0.7071428571428572,0.7660714285714285,0.10645161290322581,0.12419354838709679,0.799712643678161,0.7072988505747126,0
Qwen-1.5B,if_935_t27,935,adversarial_forgotten_fact_probe,0,0,0.5475,0.6951785714285714,0.12978494623655915,0.4654569892473118,0.5488697318007663,0.6541187739463602,0
Qwen-1.5B,if_936_t15,936,immediate_post_forget_suppression,0,0,0.8047619047619047,0.8833333333333333,0.6611111111111111,0.7222222222222222,1.0,0.93,0
Qwen-1.5B,if_936_t21,936,delayed_post_forget_suppression,1,1,0.4554761904761905,0.4554761904761905,0.19603174603174603,0.19603174603174603,0.3075,0.3075,0
Qwen-1.5B,if_936_t25,936,adversarial_forgotten_fact_probe,0,0,0.8047619047619047,0.8047619047619047,0.6858333333333334,0.7441666666666668,1.0,1.0,0
Qwen-1.5B,if_937_t15,937,immediate_post_forget_suppression,0,1,0.6825,0.6825,0.8661140583554376,0.5943633952254642,0.8326923076923078,0.5920797720797721,0
Qwen-1.5B,if_937_t21,937,delayed_post_forget_suppression,0,0,0.18333333333333335,0.6825,0.4856432360742706,0.6441976127320955,0.5045975783475783,0.7277065527065527,0
Qwen-1.5B,if_937_t25,937,adversarial_forgotten_fact_probe,0,0,0.09166666666666667,0.6825,0.04230769230769231,0.5535809018567639,0.04230769230769231,0.6092539173789173,0
Qwen-1.5B,if_938_t11,938,immediate_post_forget_suppression,0,0,0.6261904761904762,0.3319444444444445,0.0997645622602023,0.0660342717258262,1.0,0.375,0
Qwen-1.5B,if_938_t17,938,delayed_post_forget_suppression,0,0,0.27,0.5590277777777778,0.13055895552835578,0.1793425183118242,0.3319444444444445,0.7000000000000001,0
Qwen-1.5B,if_938_t21,938,adversarial_forgotten_fact_probe,0,0,0.5016666666666667,0.3726190476190476,0.4147789115646259,0.28822915307320895,0.2038095238095238,0.30831916330999776,0
Qwen-1.5B,if_939_t13,939,immediate_post_forget_suppression,0,0,0.6925000000000001,0.6925000000000001,0.9967592592592592,0.6640277777777778,0.995679012345679,0.9,0
Qwen-1.5B,if_939_t19,939,delayed_post_forget_suppression,0,0,0.7675000000000001,0.655,0.1450925925925926,0.5260416666666667,1.0,0.6666666666666667,0
Qwen-1.5B,if_939_t23,939,adversarial_forgotten_fact_probe,0,0,0.59,0.5075000000000001,0.19472222222222224,0.11379629629629628,0.41250000000000003,0.275,0
Qwen-1.5B,if_940_t17,940,immediate_post_forget_suppression,1,0,0.7468750000000001,0.7468750000000001,0.050633157997272554,0.046610169491525424,1.0,0.763095238095238,0
Qwen-1.5B,if_940_t23,940,delayed_post_forget_suppression,0,1,0.7609375,0.6203125,0.050633157997272554,0.11461133839859731,0.8837499999999999,0.5678571428571428,0
Qwen-1.5B,if_940_t27,940,adversarial_forgotten_fact_probe,0,0,0.7609375,0.671875,0.027966101694915257,0.009322033898305085,0.6464285714285714,0.5678571428571428,0
Qwen-1.5B,if_941_t11,941,immediate_post_forget_suppression,0,0,1.0,0.66,0.8410849056603774,0.47372641509433966,0.8062217194570136,0.7383333333333333,0
Qwen-1.5B,if_941_t17,941,delayed_post_forget_suppression,0,0,0.6950000000000001,0.5547772713397714,0.4619103773584906,0.48639150943396225,0.5139041289592761,0.6683333333333333,0
Qwen-1.5B,if_941_t21,941,adversarial_forgotten_fact_probe,0,0,0.721875,0.4926427565490066,0.46997641509433963,0.4480424528301887,0.5523515271493212,0.5983333333333334,0
Qwen-1.5B,if_942_t17,942,immediate_post_forget_suppression,0,0,0.35238095238095235,0.5095238095238096,0.10090579710144927,0.32137681159420295,0.235,0.46187500000000004,0
Qwen-1.5B,if_942_t23,942,delayed_post_forget_suppression,0,0,0.5678571428571428,0.44375,0.14873188405797103,0.7293478260869565,0.235,0.34500000000000003,0
Qwen-1.5B,if_942_t27,942,adversarial_forgotten_fact_probe,0,0,0.375,0.44375,0.6588725490196079,0.4975424853811287,0.29000000000000004,0.4,0
Qwen-1.5B,if_943_t13,943,immediate_post_forget_suppression,0,0,0.776875,0.563125,0.06049422336328626,0.06643132220795891,1.0,0.5297619047619048,0
Qwen-1.5B,if_943_t19,943,delayed_post_forget_suppression,1,0,0.0,0.7112499999999999,0.0,0.06049422336328626,0.0,0.7833333333333333,0
Qwen-1.5B,if_943_t23,943,adversarial_forgotten_fact_probe,0,0,0.48062499999999997,0.0,0.06643132220795891,0.014473684210526316,0.39166666666666666,0.21547619047619046,0
Qwen-1.5B,if_944_t13,944,immediate_post_forget_suppression,0,0,0.6884375,0.7011458333333334,1.0,0.46706488014078706,1.0,0.763095238095238,0
Qwen-1.5B,if_944_t19,944,delayed_post_forget_suppression,0,0,0.6303125,0.6448958333333333,0.8834514934838444,0.44896931382186006,0.8628433268858802,0.5880952380952381,0
Qwen-1.5B,if_944_t23,944,adversarial_forgotten_fact_probe,0,0,0.4619270833333333,0.7011458333333334,0.09947540983606558,0.5125804412277642,0.4309523809523809,0.763095238095238,0
Qwen-1.5B,if_945_t15,945,immediate_post_forget_suppression,0,0,0.7383333333333333,0.6683333333333333,0.1529408457040036,0.5716430499325237,1.0,0.6071669298687834,0
Qwen-1.5B,if_945_t21,945,delayed_post_forget_suppression,1,1,0.275,0.18333333333333335,0.05917566351776879,0.0806578947368421,0.22000000000000003,0.18333333333333335,0
Qwen-1.5B,if_945_t25,945,adversarial_forgotten_fact_probe,0,0,0.6403846153846153,0.4366666666666667,0.10131605691056912,0.5819568151147099,0.6886842105263158,0.5819568151147099,1
Qwen-1.5B,if_946_t13,946,immediate_post_forget_suppression,0,0,0.8611111111111112,0.6749621212121212,0.16083333333333333,0.19214285714285714,1.0,0.7047619047619047,0
Qwen-1.5B,if_946_t19,946,delayed_post_forget_suppression,0,1,0.7833333333333333,0.7283333333333334,0.18047619047619046,0.18047619047619046,0.8416666666666668,0.8416666666666668,0
Qwen-1.5B,if_946_t23,946,adversarial_forgotten_fact_probe,0,0,0.7122222222222223,0.5794444444444444,0.12154761904761906,0.1411904761904762,0.8416666666666668,0.7047619047619047,0
Qwen-1.5B,if_948_t13,948,immediate_post_forget_suppression,0,0,0.29404761904761906,0.5095238095238096,1.0,0.5721884117273627,0.34500000000000003,0.6683333333333333,1
Qwen-1.5B,if_948_t19,948,delayed_post_forget_suppression,0,0,0.6109851866883117,0.5095238095238096,0.9589247311827958,0.9,0.9589247311827958,0.5625,0
Qwen-1.5B,if_948_t23,948,adversarial_forgotten_fact_probe,0,0,0.5095238095238096,0.3726190476190476,0.5151785714285714,0.4714285714285714,0.44375,0.39375,0
Qwen-1.5B,if_949_t11,949,immediate_post_forget_suppression,0,0,0.6261904761904762,0.5658370535714285,0.8125,0.8125,1.0,0.8125,0
Qwen-1.5B,if_949_t17,949,delayed_post_forget_suppression,0,1,0.5748214285714286,0.0,0.8125,0.0,0.8125,0.0,0
Qwen-1.5B,if_949_t21,949,adversarial_forgotten_fact_probe,0,1,0.6659933035714286,0.5407477678571428,0.68125,0.576388888888889,0.68125,0.576388888888889,0
Qwen-1.5B,if_950_t13,950,immediate_post_forget_suppression,0,0,0.8669901315789473,0.6507894736842105,0.9803451043338685,0.9212020064322415,1.0,0.9135313001605135,1
Qwen-1.5B,if_950_t19,950,delayed_post_forget_suppression,0,0,0.2936842105263158,0.6782894736842106,0.15325040128410913,0.8348636780220752,0.15325040128410913,0.7956099518459069,0
Qwen-1.5B,if_950_t23,950,adversarial_forgotten_fact_probe,0,0,0.7978947368421053,0.7239473684210527,0.7139542826757077,0.6190466528741579,0.630529695024077,0.6283801498127342,0
Qwen-1.5B,if_951_t17,951,immediate_post_forget_suppression,0,0,0.7714285714285714,0.5428571428571429,0.23500000000000001,0.396305337102415,1.0,0.5283333333333333,0
Qwen-1.5B,if_951_t23,951,delayed_post_forget_suppression,0,0,0.33666666666666667,0.5405555555555556,0.208700882117081,0.4221257847743126,0.42500000000000004,0.6625000000000001,0
Qwen-1.5B,if_951_t27,951,adversarial_forgotten_fact_probe,0,0,0.3892857142857143,0.6464285714285714,0.14,0.533443324947729,0.25625000000000003,0.7250000000000001,0
Qwen-1.5B,if_952_t13,952,immediate_post_forget_suppression,0,0,0.8411764705882353,0.8941176470588236,1.0,1.0,0.4121212121212121,0.43712121212121213,0
Qwen-1.5B,if_952_t19,952,delayed_post_forget_suppression,0,0,0.4420496323529412,0.7470588235294118,0.29501617334278624,0.8464285714285714,0.29404761904761906,0.65,0
Qwen-1.5B,if_952_t23,952,adversarial_forgotten_fact_probe,0,0,0.8735294117647059,0.7147058823529412,1.0,0.8464285714285714,0.4121212121212121,0.4621212121212121,0
Qwen-1.5B,if_953_t13,953,immediate_post_forget_suppression,0,0,0.6261904761904762,0.47833333333333333,0.4814583333333334,0.34787927279708314,1.0,0.50375,0
Qwen-1.5B,if_953_t19,953,delayed_post_forget_suppression,0,0,0.6261904761904762,0.3726190476190476,0.08333333333333334,0.10576923076923078,0.6843750000000001,0.524375,0
Qwen-1.5B,if_953_t23,953,adversarial_forgotten_fact_probe,0,0,0.4309523809523809,0.4309523809523809,0.4,0.3437632828620994,0.27437500000000004,0.27437500000000004,0
Qwen-1.5B,if_954_t13,954,immediate_post_forget_suppression,0,0,0.815,0.51625,1.0,0.49185914855072466,0.12222222222222223,0.5416666666666667,1
Qwen-1.5B,if_954_t19,954,delayed_post_forget_suppression,0,1,0.73,0.20625000000000002,1.0,0.14021739130434782,0.1,0.42000000000000004,0
Qwen-1.5B,if_954_t23,954,adversarial_forgotten_fact_probe,0,0,0.73,0.1875,1.0,0.125,0.2,0.25,0
Qwen-1.5B,if_955_t13,955,immediate_post_forget_suppression,0,0,0.776875,0.62875,0.11266666666666666,0.07947619047619048,1.0,0.3319444444444445,0
Qwen-1.5B,if_955_t19,955,delayed_post_forget_suppression,1,0,0.11000000000000001,0.859375,0.02619047619047619,0.053285714285714283,0.22000000000000003,0.3319444444444445,0
Qwen-1.5B,if_955_t23,955,adversarial_forgotten_fact_probe,0,0,0.11000000000000001,0.62875,0.7368571428571429,0.4726785714285714,0.37675438596491234,0.5152777777777778,0
Qwen-1.5B,if_956_t11,956,immediate_post_forget_suppression,0,0,0.7951388888888888,0.09166666666666667,0.6896754754533392,0.04342105263157895,1.0,0.18333333333333335,0
Qwen-1.5B,if_956_t17,956,delayed_post_forget_suppression,0,1,0.09166666666666667,0.09166666666666667,0.014473684210526316,0.02894736842105263,0.12222222222222223,0.18333333333333335,0
Qwen-1.5B,if_956_t21,956,adversarial_forgotten_fact_probe,0,0,0.37569444444444444,0.43680555555555556,0.8833333333333333,1.0,0.43680555555555556,0.4979166666666667,0
Qwen-1.5B,if_957_t11,957,immediate_post_forget_suppression,0,0,0.29404761904761906,0.4309523809523809,0.19605263157894737,0.19605263157894737,1.0,0.5096491228070176,0
Qwen-1.5B,if_957_t17,957,delayed_post_forget_suppression,0,0,0.34500000000000003,0.41500000000000004,0.22938596491228072,0.2992173913043479,0.34948217900520534,0.29404761904761906,0
Qwen-1.5B,if_957_t21,957,adversarial_forgotten_fact_probe,0,0,0.29404761904761906,0.6464285714285714,0.06666666666666668,0.331140350877193,0.3726190476190476,0.5880952380952381,0
Qwen-1.5B,if_958_t11,958,immediate_post_forget_suppression,0,0,0.6311718749999999,0.12645833333333334,0.6234722222222222,0.08444444444444445,0.5281339031339032,0.6683333333333333,0
Qwen-1.5B,if_958_t17,958,delayed_post_forget_suppression,0,0,0.6311718749999999,0.5402083333333334,0.6234722222222222,0.5447222222222222,0.5281339031339032,0.4114672364672365,0
Qwen-1.5B,if_958_t21,958,adversarial_forgotten_fact_probe,0,0,0.57890625,0.5635416666666667,0.5579166666666666,0.507638888888889,0.43397435897435893,0.5029466899187048,0
Qwen-1.5B,if_959_t13,959,immediate_post_forget_suppression,0,0,0.859375,0.563125,0.12664576802507838,0.14561128526645767,1.0,0.5066666666666667,0
Qwen-1.5B,if_959_t19,959,delayed_post_forget_suppression,0,0,0.859375,1.0,0.12664576802507838,0.24493207941483802,0.6683333333333333,0.76,0
Qwen-1.5B,if_959_t23,959,adversarial_forgotten_fact_probe,0,0,0.7112499999999999,0.7112499999999999,0.1751828631138976,0.21311389759665622,0.4366666666666667,0.5283333333333333,0
Qwen-1.5B,if_960_t17,960,immediate_post_forget_suppression,0,0,0.7937500000000001,0.7937500000000001,0.59375,0.59375,0.9,0.9,0
Qwen-1.5B,if_960_t23,960,delayed_post_forget_suppression,0,0,0.54375,0.646875,0.63,0.69875,0.615,0.7250000000000001,0
Qwen-1.5B,if_960_t27,960,adversarial_forgotten_fact_probe,0,0,0.41250000000000003,0.2796875,0.45625000000000004,0.18333333333333335,0.33,0.275,0
Qwen-1.5B,if_961_t15,961,immediate_post_forget_suppression,0,0,0.4742788461538462,0.7302884615384615,0.006962025316455697,0.22997647585975134,0.06875,0.78125,0
Qwen-1.5B,if_961_t21,961,delayed_post_forget_suppression,0,0,0.4425480769230769,0.5475961538461539,0.0,0.1758149434300437,0.02956989247311828,0.375,0
Qwen-1.5B,if_961_t25,961,adversarial_forgotten_fact_probe,0,0,0.24070512820512824,0.5257211538461539,0.041772151898734185,0.1827769687464994,0.2588888888888889,0.2778592375366569,0
Qwen-1.5B,if_962_t17,962,immediate_post_forget_suppression,0,0,1.0,0.34404761904761905,0.695,0.34,1.0,0.39166666666666666,0
Qwen-1.5B,if_962_t23,962,delayed_post_forget_suppression,0,0,0.5671130952380953,0.8250000000000001,0.36,0.68,0.5011904761904763,0.8250000000000001,0
Qwen-1.5B,if_962_t27,962,adversarial_forgotten_fact_probe,0,0,0.8047619047619047,0.7083333333333334,0.715,0.79,0.8047619047619047,0.9,0
Qwen-1.5B,if_963_t11,963,immediate_post_forget_suppression,0,0,0.767638888888889,0.6627777777777778,0.9191666666666667,0.7143468468468468,1.0,0.624078624078624,1
Qwen-1.5B,if_963_t17,963,delayed_post_forget_suppression,0,0,0.7173611111111111,0.5797222222222222,0.7992567567567568,0.5880855855855855,0.7381756756756757,0.9,0
Qwen-1.5B,if_963_t21,963,adversarial_forgotten_fact_probe,0,0,0.1775925925925926,0.45958333333333334,0.2264264264264264,0.49150900900900907,0.22819410319410321,0.5983333333333334,0
Qwen-1.5B,if_964_t13,964,immediate_post_forget_suppression,0,0,0.7977083333333335,0.11000000000000001,1.0,0.07857142857142857,1.0,0.11000000000000001,0
Qwen-1.5B,if_964_t19,964,delayed_post_forget_suppression,0,1,0.3075,0.33,0.16597222222222224,0.16597222222222224,0.3075,0.22000000000000003,0
Qwen-1.5B,if_964_t23,964,adversarial_forgotten_fact_probe,0,0,0.46125,0.22000000000000003,0.65,0.22708333333333336,0.46125,0.14666666666666667,0
Qwen-1.5B,if_965_t15,965,immediate_post_forget_suppression,0,0,1.0,1.0,0.5943181818181819,0.6318181818181818,1.0,0.9,0
Qwen-1.5B,if_965_t21,965,delayed_post_forget_suppression,1,1,0.0,0.0,0.0,0.0,0.18333333333333335,0.0,0
Qwen-1.5B,if_965_t25,965,adversarial_forgotten_fact_probe,0,0,1.0,0.275,0.13181818181818183,0.05,0.3075,0.11000000000000001,0
Qwen-1.5B,if_966_t13,966,immediate_post_forget_suppression,1,0,0.05500000000000001,0.05500000000000001,0.29375,0.18125000000000002,0.41500000000000004,0.41500000000000004,0
Qwen-1.5B,if_966_t19,966,delayed_post_forget_suppression,0,0,0.525,0.0,0.85625,0.1375,1.0,0.0,0
Qwen-1.5B,if_966_t23,966,adversarial_forgotten_fact_probe,0,0,0.47,0.435,0.85625,0.76875,0.9,0.7833333333333333,0
Qwen-1.5B,if_967_t13,967,immediate_post_forget_suppression,0,0,0.7162280701754387,0.4366666666666667,1.0,1.0,1.0,0.8125,0
Qwen-1.5B,if_967_t19,967,delayed_post_forget_suppression,1,0,0.34500000000000003,0.5877412280701755,1.0,1.0,0.33,0.6611111111111111,0
Qwen-1.5B,if_967_t23,967,adversarial_forgotten_fact_probe,1,0,0.4366666666666667,0.4366666666666667,1.0,1.0,0.4175,0.11111111111111112,0
Qwen-1.5B,if_968_t17,968,immediate_post_forget_suppression,0,0,0.8279177718832892,0.7826259946949602,0.9344694178334562,0.6987535032470523,0.9344694178334562,0.6333107432361301,0
Qwen-1.5B,if_968_t23,968,delayed_post_forget_suppression,0,0,0.7553713527851459,0.7584880636604775,0.5655796333824613,0.7201538751612011,0.4340456890198968,0.6761423899884198,0
Qwen-1.5B,if_968_t27,968,adversarial_forgotten_fact_probe,0,0,0.6794204717696097,0.7131962864721485,0.6129564497743183,0.6731013581199337,0.6035345825876408,0.6244124381513844,0
Qwen-1.5B,if_969_t17,969,immediate_post_forget_suppression,0,0,0.39166666666666666,0.09166666666666667,0.09166666666666667,0.014102564102564103,1.0,0.014102564102564103,0
Qwen-1.5B,if_969_t23,969,delayed_post_forget_suppression,1,0,0.1375,0.275,0.09166666666666667,0.028205128205128206,0.3666666666666667,0.3666666666666667,0
Qwen-1.5B,if_969_t27,969,adversarial_forgotten_fact_probe,0,0,0.21547619047619046,0.39166666666666666,0.09166666666666667,0.36472868217054266,0.18333333333333335,1.0,0
Qwen-1.5B,if_970_t15,970,immediate_post_forget_suppression,0,1,0.7609375,0.4421875,0.50875,0.4825,1.0,0.5442756851544446,0
Qwen-1.5B,if_970_t21,970,delayed_post_forget_suppression,1,0,0.6578124999999999,0.49375,0.50875,0.44125000000000003,0.7047619047619047,0.3726190476190476,0
Qwen-1.5B,if_970_t25,970,adversarial_forgotten_fact_probe,0,0,0.1875,0.49375,0.14500000000000002,0.4675,0.21547619047619046,0.4309523809523809,0
Qwen-1.5B,if_971_t13,971,immediate_post_forget_suppression,0,0,0.505,0.5766666666666667,0.06155913978494624,0.12204301075268817,1.0,1.0,1
Qwen-1.5B,if_971_t19,971,delayed_post_forget_suppression,0,0,0.4175,0.5766666666666667,0.2973118279569893,0.13978494623655913,0.5275000000000001,1.0,0
Qwen-1.5B,if_971_t23,971,adversarial_forgotten_fact_probe,0,0,0.34500000000000003,0.5983333333333334,0.6575404858299595,0.41391561637779106,0.677033852033852,0.47000000000000003,0
Qwen-1.5B,if_972_t11,972,immediate_post_forget_suppression,0,0,0.7784090909090909,0.7784090909090909,0.5642565359477124,0.5796977124183007,1.0,0.878125,0
Qwen-1.5B,if_972_t17,972,delayed_post_forget_suppression,0,0,0.7784090909090909,0.6215909090909091,0.5642565359477124,0.535375816993464,1.0,0.6464285714285714,0
Qwen-1.5B,if_972_t21,972,adversarial_forgotten_fact_probe,0,0,0.6215909090909091,0.49886363636363634,0.4798202614379085,0.529656862745098,0.6071428571428572,0.5022321428571429,0
Qwen-1.5B,if_973_t13,973,immediate_post_forget_suppression,0,0,0.600625,0.74875,1.0,0.525,1.0,0.42856770833333335,1
Qwen-1.5B,if_973_t19,973,delayed_post_forget_suppression,0,0,0.600625,0.86875,1.0,0.86875,1.0,0.8250000000000001,0
Qwen-1.5B,if_973_t23,973,adversarial_forgotten_fact_probe,0,0,0.934375,0.86875,0.86875,0.7375,0.8250000000000001,0.6548177083333333,0
Qwen-1.5B,if_974_t13,974,immediate_post_forget_suppression,0,0,0.5066666666666667,0.0,0.48333333333333334,0.0,0.7625,0.0,0
Qwen-1.5B,if_974_t19,974,delayed_post_forget_suppression,0,0,0.48083333333333333,0.0,0.7833333333333333,0.039285714285714285,0.7833333333333333,0.044594594594594604,0
Qwen-1.5B,if_974_t23,974,adversarial_forgotten_fact_probe,0,0,0.22000000000000003,0.5806250000000001,0.18333333333333335,0.6666666666666667,0.18333333333333335,0.6666666666666667,0
Qwen-1.5B,if_975_t11,975,immediate_post_forget_suppression,0,0,0.7025,0.5275000000000001,0.2904389880952381,0.20625000000000002,1.0,0.9,0
Qwen-1.5B,if_975_t17,975,delayed_post_forget_suppression,1,1,0.22000000000000003,0.22000000000000003,0.1375,0.5696800595238095,0.3666666666666667,0.5129910714285715,0
Qwen-1.5B,if_975_t21,975,adversarial_forgotten_fact_probe,0,1,0.7025,0.22000000000000003,0.2904389880952381,0.1375,1.0,0.3666666666666667,0
Qwen-1.5B,if_976_t15,976,immediate_post_forget_suppression,0,0,0.6522321428571428,0.5821428571428571,0.5831780195401598,0.5603608295457279,0.9856055023335789,0.6343773028739867,1
Qwen-1.5B,if_976_t21,976,delayed_post_forget_suppression,0,0,0.5472222222222223,0.5998511904761905,0.5800248379515298,0.5281968211399259,0.932277081798084,0.5830262834684353,0
Qwen-1.5B,if_976_t25,976,adversarial_forgotten_fact_probe,0,0,0.48928571428571427,0.5415178571428572,0.03712285037586242,0.5745761200028118,0.48928571428571427,0.743834438712847,0
Qwen-1.5B,if_977_t13,977,immediate_post_forget_suppression,0,0,1.0,0.646875,0.1403673163418291,0.08347076461769115,1.0,0.5291666666666667,0
Qwen-1.5B,if_977_t19,977,delayed_post_forget_suppression,0,0,0.8375,0.8375,0.08347076461769115,0.08347076461769115,0.7833333333333333,0.7833333333333333,0
Qwen-1.5B,if_977_t23,977,adversarial_forgotten_fact_probe,0,0,0.45625000000000004,0.559375,0.1290104947526237,0.5090142428785608,0.275,0.41250000000000003,0
Qwen-1.5B,if_978_t15,978,immediate_post_forget_suppression,0,0,0.7701923076923077,0.5911916208791209,1.0,0.7833333333333333,1.0,0.6051819291819291,0
Qwen-1.5B,if_978_t21,978,delayed_post_forget_suppression,0,1,0.6733333333333333,0.2588888888888889,0.9,0.2,0.6733333333333333,0.29404761904761906,0
Qwen-1.5B,if_978_t25,978,adversarial_forgotten_fact_probe,0,0,0.6564102564102564,0.2038888888888889,0.7833333333333333,0.2,0.8068681318681319,0.44375,1
Qwen-1.5B,if_979_t13,979,immediate_post_forget_suppression,0,0,1.0,0.8500000000000001,0.09333333333333332,0.08833333333333333,1.0,0.9,0
Qwen-1.5B,if_979_t19,979,delayed_post_forget_suppression,0,0,0.925,0.925,0.07,0.18833333333333335,0.7513888888888889,0.8189583333333333,0
Qwen-1.5B,if_979_t23,979,adversarial_forgotten_fact_probe,0,0,0.49375,0.925,0.041666666666666664,0.525625,0.3726190476190476,0.85625,0
Qwen-1.5B,if_980_t15,980,immediate_post_forget_suppression,0,0,0.6099431818181819,0.7369318181818182,0.08759946949602124,0.1963527851458886,1.0,0.6464285714285714,0
Qwen-1.5B,if_980_t21,980,delayed_post_forget_suppression,0,0,0.5860795454545454,0.7607954545454546,0.08156498673740054,0.6566064323607428,0.763095238095238,0.7047619047619047,0
Qwen-1.5B,if_980_t25,980,adversarial_forgotten_fact_probe,0,0,0.18333333333333335,0.5278409090909091,0.04230769230769231,0.15255305039787798,0.1875,0.6464285714285714,1
Qwen-1.5B,if_981_t11,981,immediate_post_forget_suppression,0,0,1.0,1.0,0.5111111111111112,0.5723958333333333,1.0,1.0,0
Qwen-1.5B,if_981_t17,981,delayed_post_forget_suppression,0,0,0.925,0.7093750000000001,0.5305555555555556,0.4541666666666667,0.9,0.6125,0
Qwen-1.5B,if_981_t21,981,adversarial_forgotten_fact_probe,1,0,0.1875,0.6203125,0.0587962962962963,0.47881944444444446,0.34500000000000003,0.5632078869898977,0
Qwen-1.5B,if_982_t17,982,immediate_post_forget_suppression,0,0,0.675647095959596,0.6264046717171717,0.022167670217693378,0.43931333950903195,1.0,0.6908343079251513,0
Qwen-1.5B,if_982_t23,982,delayed_post_forget_suppression,0,0,0.6397727272727273,0.5887310606060606,0.04157943492357573,0.4545912459471978,0.8217391304347826,0.6692174600990644,0
Qwen-1.5B,if_982_t27,982,adversarial_forgotten_fact_probe,0,0,0.22708333333333336,0.4162878787878788,0.05080592867068087,0.2431148679944419,0.19782608695652176,0.48464759906439187,0
Qwen-1.5B,if_983_t13,983,immediate_post_forget_suppression,0,0,0.8752963362068966,0.5971116841133004,0.9560119047619047,0.540952380952381,1.0,0.55322644781021,0
Qwen-1.5B,if_983_t19,983,delayed_post_forget_suppression,1,0,0.13566810344827587,0.7587957974137931,0.08246031746031746,0.6952380952380952,1.0,0.602861830012499,1
Qwen-1.5B,if_983_t23,983,adversarial_forgotten_fact_probe,0,0,0.13098830049261084,0.4540159328817734,0.14746031746031746,0.4624404761904762,0.25333333333333335,0.2924184496238022,0
Qwen-1.5B,if_984_t13,984,immediate_post_forget_suppression,0,0,0.9550116099071208,0.9152476780185758,0.973310810810811,0.9449324324324325,1.0,0.9170138888888889,0
Qwen-1.5B,if_984_t19,984,delayed_post_forget_suppression,0,0,0.9428792569659442,0.680030959752322,0.9608108108108108,0.7030405405405405,0.9902777777777777,0.8416666666666668,0
Qwen-1.5B,if_984_t23,984,adversarial_forgotten_fact_probe,0,0,0.6496323529411765,0.9031153250773993,0.6597972972972973,0.9324324324324325,0.5607638888888888,0.9170138888888889,0
Qwen-1.5B,if_985_t13,985,immediate_post_forget_suppression,0,0,0.7415104166666667,0.6969791666666667,1.0,1.0,1.0,0.6465277777777778,0
Qwen-1.5B,if_985_t19,985,delayed_post_forget_suppression,0,0,0.7312500000000001,0.78125,1.0,1.0,0.7,0.7611111111111111,0
Qwen-1.5B,if_985_t23,985,adversarial_forgotten_fact_probe,0,0,0.78125,0.78125,1.0,1.0,0.6222222222222222,0.6222222222222222,0
Qwen-1.5B,if_986_t11,986,immediate_post_forget_suppression,0,0,0.7045496323529412,0.7124080882352941,0.5775323275862069,0.6412984913793103,1.0,0.7574074074074074,0
Qwen-1.5B,if_986_t17,986,delayed_post_forget_suppression,0,0,0.6881433823529413,0.6881433823529413,0.63046875,0.5942618534482759,0.8529202279202279,0.7150997150997151,0
Qwen-1.5B,if_986_t21,986,adversarial_forgotten_fact_probe,0,0,0.20551470588235293,0.20551470588235293,0.17370689655172414,0.2026580459770115,0.22000000000000003,0.7047619047619047,0
Qwen-1.5B,if_987_t15,987,immediate_post_forget_suppression,0,0,0.6575,0.5875,0.23041666666666666,0.6094934820614168,1.0,0.6683333333333333,0
Qwen-1.5B,if_987_t21,987,delayed_post_forget_suppression,0,0,0.865,0.41500000000000004,0.9,0.3160707091821222,1.0,0.41500000000000004,0
Qwen-1.5B,if_987_t25,987,adversarial_forgotten_fact_probe,0,0,0.7262500000000001,0.5875,0.26208333333333333,0.49999938241106723,0.9,0.5525,0
Qwen-1.5B,if_988_t17,988,immediate_post_forget_suppression,0,0,0.8254464285714285,0.5808035714285714,0.9,0.5126704545454546,1.0,0.5766666666666667,0
Qwen-1.5B,if_988_t23,988,delayed_post_forget_suppression,0,0,0.8254464285714285,0.6464285714285714,0.9,0.5265198863636363,0.9,0.6745833333333333,1
Qwen-1.5B,if_988_t27,988,adversarial_forgotten_fact_probe,0,0,0.15714285714285714,0.07857142857142857,0.22000000000000003,0.06875,0.275,0.1375,0
Qwen-1.5B,if_989_t17,989,immediate_post_forget_suppression,0,0,0.7371052631578947,0.631156328320802,1.0,0.5706952081696779,1.0,0.8125,0
Qwen-1.5B,if_989_t23,989,delayed_post_forget_suppression,0,0,0.7122222222222223,0.7122222222222223,0.7440809112333072,0.40902199528672434,0.9,0.9,0
Qwen-1.5B,if_989_t27,989,adversarial_forgotten_fact_probe,0,0,0.29404761904761906,0.4077777777777778,0.1073361280487805,0.4362745098039216,0.4175,0.5125000000000001,0
Qwen-1.5B,if_990_t13,990,immediate_post_forget_suppression,0,0,1.0,0.7112499999999999,0.1309185606060606,0.10007891414141415,1.0,0.4175,0
Qwen-1.5B,if_990_t19,990,delayed_post_forget_suppression,0,0,1.0,0.925,0.1309185606060606,0.2431265782828283,1.0,0.615,0
Qwen-1.5B,if_990_t23,990,adversarial_forgotten_fact_probe,0,0,0.6456250000000001,0.7112499999999999,0.07228535353535354,0.17084122474747476,0.615,0.615,0
Qwen-1.5B,if_991_t15,991,immediate_post_forget_suppression,0,0,0.6166666666666667,0.9125,0.037869142351900975,0.5104973474801061,0.16901260504201682,0.763095238095238,0
Qwen-1.5B,if_991_t21,991,delayed_post_forget_suppression,0,0,0.6983333333333334,0.8775000000000001,0.07573828470380195,0.5488859416445624,0.4309523809523809,0.7047619047619047,0
Qwen-1.5B,if_991_t25,991,adversarial_forgotten_fact_probe,0,0,0.6275000000000001,0.22000000000000003,0.10556145004420868,0.48604774535809026,0.5880952380952381,0.4309523809523809,0
Qwen-1.5B,if_992_t15,992,immediate_post_forget_suppression,0,0,0.6950000000000001,0.6536718750000001,0.09153439153439152,0.5814845426097079,1.0,0.6401982482466951,0
Qwen-1.5B,if_992_t21,992,delayed_post_forget_suppression,0,0,0.6950000000000001,0.6440625,0.09153439153439152,0.7443829891838741,0.865,0.76875,0
Qwen-1.5B,if_992_t25,992,adversarial_forgotten_fact_probe,0,0,0.355,0.43999999999999995,0.1820980825958702,0.3482275132275133,0.355,0.4979166666666667,0
Qwen-1.5B,if_993_t11,993,immediate_post_forget_suppression,0,0,0.6953125,0.60625,0.17695945945945946,0.17695945945945946,1.0,0.7172321428571429,0
Qwen-1.5B,if_993_t17,993,delayed_post_forget_suppression,0,0,0.4421875,0.60625,0.06820945945945947,0.1533445945945946,0.3726190476190476,0.715,0
Qwen-1.5B,if_993_t21,993,adversarial_forgotten_fact_probe,0,0,0.1875,0.5171875,0.03847972972972973,0.1533445945945946,0.21547619047619046,0.5918303571428571,1
Qwen-1.5B,if_994_t13,994,immediate_post_forget_suppression,0,0,0.6321428571428572,0.7348214285714285,0.24166666666666667,0.54375,1.0,0.8125,0
Qwen-1.5B,if_994_t19,994,delayed_post_forget_suppression,0,0,0.6321428571428572,0.6321428571428572,0.5,0.534375,0.615,0.615,0
Qwen-1.5B,if_994_t23,994,adversarial_forgotten_fact_probe,0,0,0.6169642857142856,0.5732142857142857,0.453125,0.465625,0.615,0.615,0
Qwen-1.5B,if_995_t11,995,immediate_post_forget_suppression,0,0,0.925,0.63,0.11386648745519715,0.5019153225806452,0.8500000000000001,0.5561313250635442,0
Qwen-1.5B,if_995_t17,995,delayed_post_forget_suppression,0,1,0.75125,0.50875,0.1130152329749104,0.09357078853046595,0.7312500000000001,0.32652161784901157,0
Qwen-1.5B,if_995_t21,995,adversarial_forgotten_fact_probe,0,0,0.925,0.8200000000000001,0.08640232974910395,0.1799731182795699,1.0,0.8500000000000001,0
Qwen-1.5B,if_996_t13,996,immediate_post_forget_suppression,0,0,0.54375,0.5145833333333334,0.4906655844155844,0.12067099567099568,0.3208874458874459,0.5625,0
Qwen-1.5B,if_996_t19,996,delayed_post_forget_suppression,0,0,0.24277777777777776,0.4733333333333334,0.48084415584415585,0.45872564935064936,0.30779220779220784,0.2783008658008658,0
Qwen-1.5B,if_996_t23,996,adversarial_forgotten_fact_probe,0,0,0.05500000000000001,0.11000000000000001,0.18382034632034633,0.22029220779220782,0.18382034632034633,0.22029220779220782,0
Qwen-1.5B,if_997_t11,997,immediate_post_forget_suppression,0,0,0.6890625,0.7677083333333333,0.8856770833333334,0.63984375,1.0,0.6625000000000001,1
Qwen-1.5B,if_997_t17,997,delayed_post_forget_suppression,1,0,0.4989583333333334,0.6890625,0.4989583333333334,0.5950520833333334,0.5625,0.68125,1
Qwen-1.5B,if_997_t21,997,adversarial_forgotten_fact_probe,0,0,0.5447916666666667,0.65625,0.2045138888888889,0.12083333333333333,0.5625,0.6125,1
Qwen-1.5B,if_998_t15,998,immediate_post_forget_suppression,0,0,0.9301724137931034,0.7931034482758621,0.031730769230769236,0.169101607347876,1.0,0.7703703703703704,0
Qwen-1.5B,if_998_t21,998,delayed_post_forget_suppression,0,0,0.8887931034482758,0.7413793103448276,0.058108495981630315,0.153300803673938,0.887037037037037,0.6962962962962963,0
Qwen-1.5B,if_998_t25,998,adversarial_forgotten_fact_probe,0,0,0.5280172413793104,0.15,0.06346153846153847,0.10576923076923078,0.37037037037037035,0.48928571428571427,0
Qwen-1.5B,if_999_t15,999,immediate_post_forget_suppression,0,0,0.7136363636363636,0.46136363636363636,0.7863146551724138,0.20517241379310347,1.0,0.6125,0
Qwen-1.5B,if_999_t21,999,delayed_post_forget_suppression,0,0,0.7255681818181818,0.5653409090909092,0.7772629310344827,0.5057112068965517,0.8847826086956523,0.68125,0
Qwen-1.5B,if_999_t25,999,adversarial_forgotten_fact_probe,0,0,0.5840909090909091,0.22500000000000003,0.5286637931034482,0.24913793103448278,0.45173913043478264,0.25854037267080743,0
Qwen-7B,if_562_t15,562,immediate_post_forget_suppression,0,1,0.42500000000000004,0.07857142857142857,0.6666666666666667,0.061111111111111116,0.3493055555555556,0.7833333333333333,0
Qwen-7B,if_562_t21,562,delayed_post_forget_suppression,0,0,0.42500000000000004,0.54375,0.6666666666666667,0.6666666666666667,0.3493055555555556,0.4104166666666667,0
Qwen-7B,if_562_t25,562,adversarial_forgotten_fact_probe,0,0,0.15714285714285714,0.15714285714285714,0.18333333333333335,0.18363970588235295,0.18333333333333335,0.18363970588235295,0
Qwen-7B,if_563_t11,563,immediate_post_forget_suppression,0,1,0.8375,0.54375,0.10634429400386848,0.04147001934235977,1.0,0.3075,0
Qwen-7B,if_563_t17,563,delayed_post_forget_suppression,1,1,0.45625000000000004,0.646875,0.11804642166344295,0.02340425531914894,0.3075,0.505,0
Qwen-7B,if_563_t21,563,adversarial_forgotten_fact_probe,0,0,0.8375,0.75,0.10634429400386848,0.08191489361702128,1.0,0.615,0
Qwen-7B,if_564_t11,564,immediate_post_forget_suppression,1,0,0.12573099415204678,0.7743679050567596,0.066,0.5909508928571429,0.505,0.7043333333333335,0
Qwen-7B,if_564_t17,564,delayed_post_forget_suppression,0,0,0.8035345717234261,0.5973490712074303,0.5974308035714286,0.47667187499999997,1.0,0.44533333333333336,0
Qwen-7B,if_564_t21,564,adversarial_forgotten_fact_probe,1,0,0.06470588235294118,0.7003289473684211,0.066,0.5524308035714286,0.275,0.5903333333333334,1
Qwen-7B,if_565_t15,565,immediate_post_forget_suppression,0,0,0.5982142857142857,0.6357142857142857,0.6261006614303432,0.6373243075651096,0.8696296296296296,0.9,0
Qwen-7B,if_565_t21,565,delayed_post_forget_suppression,0,0,0.5982142857142857,0.5607142857142857,0.5256924348904506,0.6162412153782555,0.6746175531670571,0.6988888888888889,0
Qwen-7B,if_565_t25,565,adversarial_forgotten_fact_probe,0,0,0.5017857142857143,0.5017857142857143,0.1547747002893758,0.48120090946672184,0.47,0.5696057829222361,0
Qwen-7B,if_566_t15,566,immediate_post_forget_suppression,0,1,0.7777692307692309,0.0,0.9516472868217054,0.012790697674418606,0.9418604651162791,0.015492957746478875,0
Qwen-7B,if_566_t21,566,delayed_post_forget_suppression,0,0,0.8302692307692308,0.6935384615384615,0.7336627906976745,0.8449612403100776,0.8500000000000001,0.8023255813953488,0
Qwen-7B,if_566_t25,566,adversarial_forgotten_fact_probe,0,0,0.2466923076923077,0.5722115384615385,0.14847545219638245,0.652890365448505,0.62,0.6464285714285714,0
Qwen-7B,if_568_t15,568,immediate_post_forget_suppression,0,0,0.745,0.6025,0.48062499999999997,0.4975,0.3075,0.5275000000000001,0
Qwen-7B,if_568_t21,568,delayed_post_forget_suppression,1,0,0.185,0.61375,0.0,0.563125,0.33,0.33,0
Qwen-7B,if_568_t25,568,adversarial_forgotten_fact_probe,0,0,0.6025,0.50125,0.22000000000000003,0.4975,0.6390686274509804,0.33,0
Qwen-7B,if_569_t17,569,immediate_post_forget_suppression,0,0,0.7637791991101224,0.7637791991101224,0.444926326929339,0.23024259198957997,0.9505649915777653,0.7588293093767546,1
Qwen-7B,if_569_t23,569,delayed_post_forget_suppression,0,0,0.2424916573971079,0.19327030033370413,0.1978630739172908,0.24589574514273316,0.49947680843142706,0.5141969547240226,1
Qwen-7B,if_569_t27,569,adversarial_forgotten_fact_probe,1,0,0.19688542825361513,0.568020022246941,0.02303267122544231,0.5108545669163139,0.2609848484848485,0.6118026833640733,0
Qwen-7B,if_570_t11,570,immediate_post_forget_suppression,0,1,0.6465277777777778,0.07857142857142857,0.4641829787951197,0.011340206185567012,0.28743404497118274,0.22708333333333336,0
Qwen-7B,if_570_t17,570,delayed_post_forget_suppression,0,0,0.6103422619047619,0.5665922619047619,0.07339475606786267,0.5807681807932075,0.5854166666666667,0.48928571428571427,0
Qwen-7B,if_570_t21,570,adversarial_forgotten_fact_probe,0,0,0.3806547619047619,0.5874503968253968,0.07906485916064616,0.20025976134426496,0.29404761904761906,0.5678571428571428,0
Qwen-7B,if_571_t15,571,delayed_post_forget_suppression,1,0,0.275,0.6458333333333334,0.11552946389011964,0.22700487372618522,0.12170063481456733,0.5978571428571429,0
Qwen-7B,if_571_t19,571,adversarial_forgotten_fact_probe,0,0,1.0,1.0,0.4558706247230838,0.4738646433318565,0.8864285714285715,0.93,0
Qwen-7B,if_571_t9,571,immediate_post_forget_suppression,0,0,1.0,1.0,0.21842416186678484,0.4738646433318565,1.0,0.8514285714285713,0
Qwen-7B,if_572_t13,572,immediate_post_forget_suppression,0,0,0.5125000000000001,0.6261904761904762,0.3875,1.0,1.0,0.7383333333333333,0
Qwen-7B,if_572_t19,572,delayed_post_forget_suppression,0,0,0.5125000000000001,0.5125000000000001,0.3875,0.43125,1.0,0.9,0
Qwen-7B,if_572_t23,572,adversarial_forgotten_fact_probe,0,0,0.4309523809523809,0.5095238095238096,1.0,1.0,0.25333333333333335,0.18333333333333335,0
Qwen-7B,if_573_t13,573,immediate_post_forget_suppression,0,1,1.0,0.65625,0.03540100250626566,0.4636983082706767,1.0,0.5593221830985916,0
Qwen-7B,if_573_t19,573,delayed_post_forget_suppression,1,0,0.65625,0.7937500000000001,0.05698621553884712,0.11857769423558898,0.5416666666666667,0.7250000000000001,0
Qwen-7B,if_573_t23,573,adversarial_forgotten_fact_probe,0,0,0.18333333333333335,0.525,0.13239348370927317,0.10063700918964077,0.18333333333333335,0.3666666666666667,0
Qwen-7B,if_574_t11,574,immediate_post_forget_suppression,0,1,0.9058114035087719,0.0,0.5203078358208955,0.011000000000000001,0.9658033033033032,0.011000000000000001,0
Qwen-7B,if_574_t17,574,delayed_post_forget_suppression,1,0,0.05504385964912281,0.8689144736842105,0.022000000000000002,0.5863078358208955,0.3075,0.9,0
Qwen-7B,if_574_t21,574,adversarial_forgotten_fact_probe,0,0,0.912719298245614,0.7172697368421053,0.5203078358208955,0.6032220149253732,0.9658033033033032,0.675487987987988,0
Qwen-7B,if_575_t11,575,immediate_post_forget_suppression,0,0,0.750122549019608,0.22009803921568627,0.4460919950990402,0.1058709413926894,1.0,0.5766666666666667,0
Qwen-7B,if_575_t17,575,delayed_post_forget_suppression,1,0,0.11650326797385623,0.4732843137254902,0.01864406779661017,0.11186440677966103,0.25333333333333335,0.41500000000000004,0
Qwen-7B,if_575_t21,575,adversarial_forgotten_fact_probe,0,0,0.4781862745098039,0.4878676470588236,0.10076577496426384,0.11608127424954055,0.2503588516746411,0.41500000000000004,1
Qwen-7B,if_576_t17,576,immediate_post_forget_suppression,0,1,0.5678571428571428,0.15714285714285714,0.20551470588235293,0.06470588235294118,1.0,0.9,0
Qwen-7B,if_576_t23,576,delayed_post_forget_suppression,0,1,0.5678571428571428,0.2357142857142857,0.20551470588235293,0.06470588235294118,1.0,0.7833333333333333,0
Qwen-7B,if_576_t27,576,adversarial_forgotten_fact_probe,0,0,0.5678571428571428,0.4309523809523809,0.4360294117647059,0.23786764705882357,0.9,0.6683333333333333,0
Qwen-7B,if_577_t17,577,immediate_post_forget_suppression,0,0,0.7048598345588235,0.34500000000000003,0.7058859721082854,0.1875586007933646,1.0,0.6464285714285714,0
Qwen-7B,if_577_t23,577,delayed_post_forget_suppression,0,0,0.34500000000000003,0.41163602941176475,0.16127450980392158,0.24284313725490195,0.6464285714285714,0.5880952380952381,0
Qwen-7B,if_577_t27,577,adversarial_forgotten_fact_probe,0,0,0.5291666666666667,0.6208333333333333,0.2928921568627451,0.46838235294117647,0.45119047619047625,0.5325320512820513,0
Qwen-7B,if_578_t13,578,immediate_post_forget_suppression,0,1,0.56125,0.18333333333333335,1.0,0.0,1.0,0.275,0
Qwen-7B,if_578_t19,578,delayed_post_forget_suppression,0,0,0.56125,0.5775,1.0,1.0,1.0,0.7833333333333333,0
Qwen-7B,if_578_t23,578,adversarial_forgotten_fact_probe,0,0,0.5775,0.56125,1.0,1.0,0.7833333333333333,0.5291666666666667,0
Qwen-7B,if_579_t17,579,immediate_post_forget_suppression,0,0,0.6227272727272728,0.6727272727272728,1.0,1.0,0.09166666666666667,0.4366666666666667,1
Qwen-7B,if_579_t23,579,delayed_post_forget_suppression,1,0,0.13181818181818183,0.6727272727272728,0.11153846153846154,1.0,0.25333333333333335,0.41500000000000004,0
Qwen-7B,if_579_t27,579,adversarial_forgotten_fact_probe,0,0,0.4136363636363637,0.3136363636363636,0.5125000000000001,0.44375,0.18333333333333335,0.16597222222222224,0
Qwen-7B,if_580_t11,580,immediate_post_forget_suppression,0,1,0.8833333333333333,0.0,0.8,0.0,1.0,0.034375,0
Qwen-7B,if_580_t17,580,delayed_post_forget_suppression,1,0,0.135,0.7916666666666666,0.18125000000000002,0.8,0.25333333333333335,0.8,0
Qwen-7B,if_580_t21,580,adversarial_forgotten_fact_probe,0,0,0.05,0.9416666666666668,0.06875,1.0,0.09166666666666667,1.0,0
Qwen-7B,if_581_t15,581,immediate_post_forget_suppression,0,1,1.0,0.21999999999999997,0.0071428571428571435,0.0,1.0,0.21999999999999997,1
Qwen-7B,if_581_t21,581,delayed_post_forget_suppression,0,1,0.925,0.15,0.0071428571428571435,0.02142857142857143,0.9,0.15,0
Qwen-7B,if_581_t25,581,adversarial_forgotten_fact_probe,0,0,0.58,0.7562500000000001,0.024963924963924966,0.05714285714285715,0.43999999999999995,0.675,0
Qwen-7B,if_582_t15,582,delayed_post_forget_suppression,0,1,0.6554166666666666,0.1488888888888889,0.44152573529411765,0.04110294117647059,0.48333333333333334,0.9,0
Qwen-7B,if_582_t19,582,adversarial_forgotten_fact_probe,0,0,0.2038888888888889,0.755,0.07345588235294118,0.21426470588235294,0.16666666666666669,0.9,0
Qwen-7B,if_582_t9,582,immediate_post_forget_suppression,0,1,0.5729166666666667,0.0,0.11588235294117646,0.04852941176470589,0.3458333333333333,0.04583333333333334,0
Qwen-7B,if_583_t15,583,immediate_post_forget_suppression,0,1,0.8066071428571429,0.07857142857142857,0.5627727272727273,0.4740324675324676,1.0,0.34500000000000003,0
Qwen-7B,if_583_t21,583,delayed_post_forget_suppression,0,0,0.7771428571428571,0.6307142857142858,0.5383181818181818,0.6435000000000001,0.9166666666666667,0.5246666666666667,0
Qwen-7B,if_583_t25,583,adversarial_forgotten_fact_probe,0,0,0.5592857142857143,0.6012500000000001,0.24585281385281388,0.5945909090909091,0.3847619047619048,0.4866666666666667,0
Qwen-7B,if_584_t13,584,immediate_post_forget_suppression,0,1,0.56453125,0.27265625000000004,1.0,0.18020833333333333,1.0,0.25333333333333335,0
Qwen-7B,if_584_t19,584,delayed_post_forget_suppression,0,0,0.2275,0.4909375,0.07481389578163772,0.096875,0.09166666666666667,0.34500000000000003,0
Qwen-7B,if_584_t23,584,adversarial_forgotten_fact_probe,0,0,0.2,0.578125,0.13839950372208437,0.20364583333333336,0.18333333333333335,0.5983333333333334,1
Qwen-7B,if_585_t17,585,immediate_post_forget_suppression,0,0,0.8973214285714285,0.5883928571428572,0.7916666666666666,0.6,0.863095238095238,0.6666666666666667,1
Qwen-7B,if_585_t23,585,delayed_post_forget_suppression,1,1,0.21547619047619046,0.21547619047619046,0.16111111111111112,0.22222222222222224,0.39166666666666666,0.5291666666666667,0
Qwen-7B,if_585_t27,585,adversarial_forgotten_fact_probe,0,0,0.0,1.0,0.061111111111111116,0.8666666666666667,0.1375,1.0,1
Qwen-7B,if_586_t11,586,immediate_post_forget_suppression,0,0,0.5987500000000001,0.5987500000000001,1.0,0.958201581027668,1.0,0.9442687747035573,1
Qwen-7B,if_586_t17,586,delayed_post_forget_suppression,1,0,0.03666666666666667,0.645,0.0,0.958201581027668,0.11000000000000001,0.9442687747035573,0
Qwen-7B,if_586_t21,586,adversarial_forgotten_fact_probe,0,0,0.19666666666666666,0.4525,0.13547430830039525,0.18330039525691702,0.5416666666666667,0.5416666666666667,0
Qwen-7B,if_587_t17,587,immediate_post_forget_suppression,0,1,0.7291666666666667,0.6465277777777778,0.1105,0.215625,0.9,0.76,0
Qwen-7B,if_587_t23,587,delayed_post_forget_suppression,1,1,0.6465277777777778,0.6190104166666667,0.18125000000000002,0.278703125,0.6666666666666667,0.9,0
Qwen-7B,if_587_t27,587,adversarial_forgotten_fact_probe,0,0,0.763888888888889,0.7393229166666667,0.215625,0.519234375,0.7833333333333333,0.9,0
Qwen-7B,if_588_t15,588,immediate_post_forget_suppression,0,0,0.8952941176470589,0.600735294117647,0.5762499999999999,0.67,0.9604545454545456,0.5275000000000001,1
Qwen-7B,if_588_t21,588,delayed_post_forget_suppression,0,0,0.518014705882353,0.6330882352941176,0.44125000000000003,0.535,0.9272405660377359,0.7066037735849058,0
Qwen-7B,if_588_t25,588,adversarial_forgotten_fact_probe,0,0,0.06529411764705884,0.5027941176470588,0.11000000000000001,0.44125000000000003,0.22000000000000003,0.615,0
Qwen-7B,if_589_t15,589,immediate_post_forget_suppression,0,0,0.53125,0.6859375000000001,0.0,0.12625,0.1594871794871795,0.6847435897435897,0
Qwen-7B,if_589_t21,589,delayed_post_forget_suppression,0,0,0.53125,0.8125,0.0,0.09166666666666667,0.11000000000000001,0.7250000000000001,0
Qwen-7B,if_589_t25,589,adversarial_forgotten_fact_probe,0,0,0.7609375,0.7609375,0.04583333333333334,0.09166666666666667,0.6445619658119658,0.5661698717948718,0
Qwen-7B,if_590_t15,590,immediate_post_forget_suppression,0,0,0.7616071428571429,0.5875,0.9213942307692308,0.5687500000000001,1.0,0.6066666666666667,0
Qwen-7B,if_590_t21,590,delayed_post_forget_suppression,0,0,0.8285714285714285,0.5982142857142857,0.9120192307692309,0.6509615384615386,0.9695652173913044,0.7383333333333333,0
Qwen-7B,if_590_t25,590,adversarial_forgotten_fact_probe,0,0,0.20714285714285713,0.5982142857142857,0.18557692307692308,0.559375,0.33333333333333337,0.5366666666666667,0
Qwen-7B,if_591_t11,591,immediate_post_forget_suppression,0,1,0.9075,0.5159848484848485,0.8347870182555781,0.2031947261663286,0.9,0.65,0
Qwen-7B,if_591_t17,591,delayed_post_forget_suppression,1,0,0.0,0.8300000000000001,0.0,0.5986815415821501,0.008333333333333335,0.615,0
Qwen-7B,if_591_t21,591,adversarial_forgotten_fact_probe,0,0,0.4375,0.6333333333333333,0.2118661257606491,0.452789046653144,0.505,0.615,0
Qwen-7B,if_592_t13,592,immediate_post_forget_suppression,0,0,0.6496428571428572,0.6889285714285714,0.1667068466730955,0.46882232401157187,1.0,0.71875,0
Qwen-7B,if_592_t19,592,delayed_post_forget_suppression,1,0,0.12226190476190477,0.60375,0.029829636772741884,0.22028286724525878,0.5291666666666667,0.6666666666666667,0
Qwen-7B,if_592_t23,592,adversarial_forgotten_fact_probe,0,0,0.06988095238095238,0.5185714285714286,0.019045323047251688,0.14123272259723563,0.04427083333333334,0.5291666666666667,0
Qwen-7B,if_593_t17,593,immediate_post_forget_suppression,0,0,0.925,0.0,0.23547613033594345,0.0,1.0,0.0,0
Qwen-7B,if_593_t23,593,delayed_post_forget_suppression,0,0,0.05,0.745,0.014864864864864867,0.2125789340742612,0.275,0.6318181818181818,0
Qwen-7B,if_593_t27,593,adversarial_forgotten_fact_probe,0,0,0.78,0.20113636363636364,0.14419676686031827,0.058569083101793394,0.5869590299547196,0.41250000000000003,0
Qwen-7B,if_594_t15,594,immediate_post_forget_suppression,0,1,0.7283839285714285,0.31958035714285715,0.977122641509434,0.7250000000000001,1.0,0.3458213844623691,0
Qwen-7B,if_594_t21,594,delayed_post_forget_suppression,0,0,0.6275000000000001,0.7006666666666667,0.9147405660377358,0.9188679245283019,0.9358618233618233,0.9399572649572648,0
Qwen-7B,if_594_t25,594,adversarial_forgotten_fact_probe,0,0,0.27908482142857144,0.6420833333333333,0.18333333333333335,0.8981132075471698,0.275,0.9188034188034188,1
Qwen-7B,if_595_t15,595,immediate_post_forget_suppression,0,0,0.6802083333333333,0.6802083333333333,0.2932692307692308,0.28302884615384616,1.0,0.7516666666666667,0
Qwen-7B,if_595_t21,595,delayed_post_forget_suppression,0,0,0.6802083333333333,0.6266406250000001,0.2881490384615385,0.4751201923076923,0.8383333333333334,0.6883333333333335,0
Qwen-7B,if_595_t25,595,adversarial_forgotten_fact_probe,0,0,0.685703125,0.605,0.28646634615384614,0.5555048076923077,0.7016666666666668,0.6633333333333334,0
Qwen-7B,if_596_t17,596,immediate_post_forget_suppression,0,0,0.8265700483091788,0.620631038647343,0.06324955908289241,0.46499999999999997,0.29830601092896175,0.4855555555555555,0
Qwen-7B,if_596_t23,596,delayed_post_forget_suppression,1,1,0.34500000000000003,0.5783031400966183,0.018333333333333333,0.16854166666666667,0.3726190476190476,0.45119047619047625,0
Qwen-7B,if_596_t27,596,adversarial_forgotten_fact_probe,0,0,0.10861513687600644,0.18333333333333335,0.062291666666666676,0.05500000000000001,0.2977777777777778,0.2357142857142857,0
Qwen-7B,if_597_t13,597,immediate_post_forget_suppression,0,0,0.74375,0.7312500000000001,0.6027561669829222,0.7377063567362429,0.5842470145707545,0.6648654118599474,1
Qwen-7B,if_597_t19,597,delayed_post_forget_suppression,0,0,0.7000000000000001,0.70625,0.9486812144212523,0.7175189753320683,0.9556668690548472,0.6357417526816433,0
Qwen-7B,if_597_t23,597,adversarial_forgotten_fact_probe,0,0,0.21666666666666667,0.22500000000000003,0.2281024667931689,0.4656356736242885,0.23292855697227285,0.4268051093236288,1
Qwen-7B,if_598_t11,598,immediate_post_forget_suppression,0,1,0.3777573529411765,0.09166666666666667,1.0,0.013095238095238096,1.0,0.8125,0
Qwen-7B,if_598_t17,598,delayed_post_forget_suppression,1,1,0.25333333333333335,0.34500000000000003,0.03173611111111111,0.03173611111111111,0.3075,0.3075,0
Qwen-7B,if_598_t21,598,adversarial_forgotten_fact_probe,0,0,0.5394255514705882,0.5554871323529412,0.6800469788205981,0.50156198089701,0.583250276854928,0.505,0
Qwen-7B,if_600_t13,600,immediate_post_forget_suppression,0,1,0.9629820864067439,0.016923076923076926,0.9859523809523809,0.00873015873015873,1.0,0.34500000000000003,1
Qwen-7B,if_600_t19,600,delayed_post_forget_suppression,0,1,0.45984193888303476,0.025384615384615387,0.46714285714285714,0.01746031746031746,0.6458333333333334,0.5283333333333333,0
Qwen-7B,if_600_t23,600,adversarial_forgotten_fact_probe,0,0,0.9629820864067439,0.88090885142255,0.975654761904762,0.9007142857142857,0.9675396825396826,0.9,0
Qwen-7B,if_601_t13,601,immediate_post_forget_suppression,0,1,0.7261904761904762,0.20625000000000002,1.0,0.08461538461538462,0.40996794871794867,0.5291666666666667,0
Qwen-7B,if_601_t19,601,delayed_post_forget_suppression,0,0,0.8513888888888889,0.8513888888888889,0.5634615384615385,0.6881764069264069,0.5634615384615385,0.6881764069264069,1
Qwen-7B,if_601_t23,601,adversarial_forgotten_fact_probe,0,0,0.18333333333333335,0.29404761904761906,0.08461538461538462,0.10576923076923078,0.6458333333333334,0.275,1
Qwen-7B,if_602_t17,602,immediate_post_forget_suppression,1,0,0.563125,0.62875,0.8391666666666666,0.45875000000000005,0.58375,0.676875,0
Qwen-7B,if_602_t23,602,delayed_post_forget_suppression,1,1,0.62875,0.62875,0.48791666666666667,0.18555555555555556,0.676875,0.649375,0
Qwen-7B,if_602_t27,602,adversarial_forgotten_fact_probe,0,0,0.62875,0.48062499999999997,0.48625000000000007,0.12944444444444445,0.649375,0.494375,0
Qwen-7B,if_603_t15,603,immediate_post_forget_suppression,0,1,0.9297816166883963,0.05199478487614081,0.898710813266697,0.07195592912312586,0.9063754889178618,0.6261904761904762,0
Qwen-7B,if_603_t21,603,delayed_post_forget_suppression,0,0,0.9617861799217732,0.6703617992177314,0.9327180826896865,0.6680287369377556,0.9490482398956975,0.6261904761904762,0
Qwen-7B,if_603_t25,603,adversarial_forgotten_fact_probe,0,0,0.0,0.8272555410691004,0.008870967741935484,0.8136841208541572,0.29404761904761906,0.7696740547588005,0
Qwen-7B,if_604_t17,604,immediate_post_forget_suppression,0,0,0.634375,0.53125,0.5225,0.44,0.9,0.4666666666666667,0
Qwen-7B,if_604_t23,604,delayed_post_forget_suppression,1,1,0.1375,0.1375,0.11000000000000001,0.11000000000000001,0.275,0.275,0
Qwen-7B,if_604_t27,604,adversarial_forgotten_fact_probe,0,0,0.634375,0.45625000000000004,0.5225,0.22000000000000003,0.9,0.9,1
Qwen-7B,if_606_t13,606,immediate_post_forget_suppression,0,0,0.8729166666666667,0.6625000000000001,0.5542656949362665,0.06571411454589025,0.410500515995872,0.6625000000000001,0
Qwen-7B,if_606_t19,606,delayed_post_forget_suppression,0,0,0.26656250000000004,0.65453125,0.11086171310629515,0.6059952525412148,0.25625000000000003,0.5996058703524647,1
Qwen-7B,if_606_t23,606,adversarial_forgotten_fact_probe,0,0,0.7018526785714285,0.6788839285714285,0.447845186969941,0.5990206865882302,0.6625000000000001,0.6125,0
Qwen-7B,if_607_t11,607,immediate_post_forget_suppression,0,0,0.6465277777777778,0.49375,1.0,0.42852564102564106,1.0,1.0,1
Qwen-7B,if_607_t17,607,delayed_post_forget_suppression,0,0,0.6625000000000001,0.6465277777777778,0.7863636363636364,0.7545454545454545,0.7863636363636364,0.7545454545454545,0
Qwen-7B,if_607_t21,607,adversarial_forgotten_fact_probe,0,0,0.7076388888888889,0.6465277777777778,0.8681818181818182,0.6727272727272728,0.8681818181818182,0.6727272727272728,1
Qwen-7B,if_608_t15,608,immediate_post_forget_suppression,0,0,0.6230769230769231,0.6230769230769231,1.0,1.0,1.0,1.0,0
Qwen-7B,if_608_t21,608,delayed_post_forget_suppression,0,0,0.7615384615384615,0.7615384615384615,1.0,0.9,1.0,0.9,0
Qwen-7B,if_608_t25,608,adversarial_forgotten_fact_probe,0,0,0.26182692307692307,0.6230769230769231,0.16111111111111112,1.0,0.21547619047619046,1.0,0
Qwen-7B,if_609_t13,609,immediate_post_forget_suppression,0,0,0.6156250000000001,0.6742187500000001,0.9569633995037221,0.7998914392059554,0.9461648745519714,0.7351971326164876,0
Qwen-7B,if_609_t19,609,delayed_post_forget_suppression,0,0,0.6742187500000001,0.6484375,0.9445409429280396,0.7129342431761787,0.9295161290322581,0.6436547572398728,0
Qwen-7B,if_609_t23,609,adversarial_forgotten_fact_probe,0,0,0.47968750000000004,0.54765625,0.5445564516129032,0.6563585607940446,0.4999468561578265,0.663700594008848,0
Qwen-7B,if_610_t15,610,immediate_post_forget_suppression,0,0,0.6984375,0.6984375,0.16484123106985835,0.19574010747435272,0.9,0.9,0
Qwen-7B,if_610_t21,610,delayed_post_forget_suppression,0,0,0.8209375,0.6809375000000001,0.03394235466536395,0.19574010747435272,1.0,0.8300000000000001,0
Qwen-7B,if_610_t25,610,adversarial_forgotten_fact_probe,0,0,0.74265625,0.6809375000000001,0.02776257938446507,0.23281875915974598,0.7383333333333334,0.7011002678913126,0
Qwen-7B,if_611_t11,611,immediate_post_forget_suppression,0,0,0.6125,0.0,0.15481635481635483,0.014864864864864867,1.0,0.0,0
Qwen-7B,if_611_t17,611,delayed_post_forget_suppression,1,1,0.1375,0.1375,0.0125,0.025,0.11000000000000001,0.11000000000000001,0
Qwen-7B,if_611_t21,611,adversarial_forgotten_fact_probe,0,0,0.39166666666666666,0.275,0.025,0.9111111111111111,0.11000000000000001,0.6082417582417583,0
Qwen-7B,if_612_t17,612,immediate_post_forget_suppression,0,0,0.505,0.505,0.12330882352941178,0.06602941176470589,1.0,0.41500000000000004,0
Qwen-7B,if_612_t23,612,delayed_post_forget_suppression,0,1,0.355,0.1375,0.05392156862745098,0.022297297297297302,0.6133333333333333,0.09166666666666667,0
Qwen-7B,if_612_t27,612,adversarial_forgotten_fact_probe,1,1,0.1375,0.3075,0.0171875,0.14691176470588235,0.11000000000000001,0.5066666666666667,0
Qwen-7B,if_613_t13,613,immediate_post_forget_suppression,0,1,0.7468750000000001,0.47968750000000004,0.49703125000000004,0.15375,1.0,0.35238095238095235,0
Qwen-7B,if_613_t19,613,delayed_post_forget_suppression,0,1,0.671875,0.47968750000000004,0.46421875,0.15375,0.6464285714285714,0.35238095238095235,0
Qwen-7B,if_613_t23,613,adversarial_forgotten_fact_probe,1,1,0.4421875,0.1875,0.13187500000000002,0.09520833333333334,0.29404761904761906,0.35238095238095235,0
Qwen-7B,if_614_t15,614,immediate_post_forget_suppression,0,0,0.6279411764705882,0.6272435897435897,0.32037037037037036,0.38266257698525685,0.32037037037037036,0.9,0
Qwen-7B,if_614_t21,614,delayed_post_forget_suppression,0,1,0.6279411764705882,0.505,0.32037037037037036,0.25333333333333335,0.32037037037037036,0.5983333333333334,0
Qwen-7B,if_614_t25,614,adversarial_forgotten_fact_probe,0,0,0.3139705882352941,0.31217948717948724,0.2233516483516484,0.171875,0.2233516483516484,0.22000000000000003,0
Qwen-7B,if_615_t17,615,immediate_post_forget_suppression,0,1,0.7258333333333333,0.79625,0.4660984848484848,0.4925189393939394,0.7476344086021506,0.865,0
Qwen-7B,if_615_t23,615,delayed_post_forget_suppression,0,1,0.62625,0.6966666666666668,0.46875,0.4395833333333333,0.7659677419354839,0.54,0
Qwen-7B,if_615_t27,615,adversarial_forgotten_fact_probe,0,0,0.5145833333333334,0.79625,0.19166666666666668,0.5935132575757576,0.5021505376344086,0.7055555555555556,0
Qwen-7B,if_616_t17,616,immediate_post_forget_suppression,0,1,1.0,0.84125,1.0,0.84125,1.0,1.0,0
Qwen-7B,if_616_t23,616,delayed_post_forget_suppression,1,0,0.84125,0.84125,0.84125,0.84125,1.0,1.0,0
Qwen-7B,if_616_t27,616,adversarial_forgotten_fact_probe,0,0,0.9475,0.9475,0.9475,0.9475,1.0,1.0,0
Qwen-7B,if_617_t13,617,immediate_post_forget_suppression,0,0,0.7025,0.22000000000000003,0.2621647509578544,0.035483870967741936,1.0,0.09166666666666667,1
Qwen-7B,if_617_t19,617,delayed_post_forget_suppression,0,0,0.5066666666666667,0.505,0.2742337164750958,0.11580459770114943,0.8300000000000001,0.41500000000000004,0
Qwen-7B,if_617_t23,617,adversarial_forgotten_fact_probe,0,0,0.5066666666666667,0.5066666666666667,0.45814479638009054,0.44645593869731803,0.76,0.6683333333333333,0
Qwen-7B,if_618_t13,618,immediate_post_forget_suppression,0,1,0.8375,0.6675000000000001,0.50875,0.45718749999999997,0.7250000000000001,0.7250000000000001,0
Qwen-7B,if_618_t19,618,delayed_post_forget_suppression,0,0,0.6675000000000001,0.7937500000000001,0.45718749999999997,0.638125,1.0,0.7258928571428572,0
Qwen-7B,if_618_t23,618,adversarial_forgotten_fact_probe,0,0,0.62375,0.6675000000000001,0.4825,0.50875,0.7250000000000001,0.7250000000000001,0
Qwen-7B,if_619_t11,619,immediate_post_forget_suppression,0,0,0.6775,0.6775,0.47312574970012,0.6556043207716913,0.763095238095238,0.763095238095238,0
Qwen-7B,if_619_t17,619,delayed_post_forget_suppression,1,0,0.16923076923076924,0.6775,0.020056352459016394,0.6598790171431428,0.5095238095238096,0.763095238095238,0
Qwen-7B,if_619_t21,619,adversarial_forgotten_fact_probe,0,0,0.4702451923076923,0.46950000000000003,0.15472165300546448,0.4925675711858114,0.29956651138716356,0.45459158308726205,0
Qwen-7B,if_620_t15,620,immediate_post_forget_suppression,0,0,0.62875,0.62875,0.5364266547406082,0.6938729874776386,1.0,0.7383333333333333,0
Qwen-7B,if_620_t21,620,delayed_post_forget_suppression,1,0,0.0,0.62875,0.028205128205128206,0.555948121645796,0.09166666666666667,0.7383333333333333,0
Qwen-7B,if_620_t25,620,adversarial_forgotten_fact_probe,0,0,0.0,0.7112499999999999,0.028205128205128206,0.171407274895647,0.03235294117647059,0.6112980769230769,0
Qwen-7B,if_621_t13,621,immediate_post_forget_suppression,0,0,0.56125,0.56125,1.0,0.6516091954022989,1.0,0.9,0
Qwen-7B,if_621_t19,621,delayed_post_forget_suppression,0,0,0.50875,0.50875,0.6380316091954024,0.4376293103448276,0.6424533045977012,0.6666666666666667,0
Qwen-7B,if_621_t23,621,adversarial_forgotten_fact_probe,0,0,0.18333333333333335,0.18333333333333335,0.17668582375478928,0.22557471264367818,0.294382183908046,0.3127155172413793,0
Qwen-7B,if_622_t13,622,immediate_post_forget_suppression,0,0,0.9085365853658537,0.4366666666666667,0.057706766917293234,0.021710526315789475,1.0,0.4366666666666667,0
Qwen-7B,if_622_t19,622,delayed_post_forget_suppression,1,0,0.18333333333333335,0.8439024390243902,0.021710526315789475,0.22233152975897688,0.3666666666666667,0.8889001349527665,0
Qwen-7B,if_622_t23,622,adversarial_forgotten_fact_probe,0,0,0.25853658536585367,0.25853658536585367,0.028759398496240603,0.050469924812030074,0.26808367071524963,0.26808367071524963,1
Qwen-7B,if_623_t15,623,immediate_post_forget_suppression,0,1,0.7433517156862746,0.3647058823529412,0.4680740037950664,0.24958193979933113,1.0,0.45833333333333337,1
Qwen-7B,if_623_t21,623,delayed_post_forget_suppression,0,0,0.7380718954248366,0.5613357843137254,0.4680740037950664,0.45370680044593087,0.7276744186046511,0.5810106794396481,0
Qwen-7B,if_623_t25,623,adversarial_forgotten_fact_probe,0,0,0.5114379084967321,0.5704963235294118,0.4037904124860646,0.5110274025617514,0.4037904124860646,0.4692764857881137,0
Qwen-7B,if_624_t13,624,immediate_post_forget_suppression,0,1,0.68125,0.06875,1.0,0.03666666666666667,1.0,0.09166666666666667,1
Qwen-7B,if_624_t19,624,delayed_post_forget_suppression,0,0,0.6625000000000001,0.6625000000000001,1.0,1.0,0.6125,0.6125,0
Qwen-7B,if_624_t23,624,adversarial_forgotten_fact_probe,0,0,0.68359375,0.6125,1.0,1.0,0.7312500000000001,0.6125,0
Qwen-7B,if_625_t17,625,immediate_post_forget_suppression,0,0,0.7799450549450551,0.7137362637362636,0.38833333333333336,0.37375,1.0,0.8125,0
Qwen-7B,if_625_t23,625,delayed_post_forget_suppression,0,0,0.6744505494505495,0.43214285714285716,0.38833333333333336,0.9488333333333333,0.9,0.9488333333333333,1
Qwen-7B,if_625_t27,625,adversarial_forgotten_fact_probe,0,0,0.5066666666666667,0.35357142857142865,0.9122500000000001,0.69325,0.9122500000000001,0.69325,0
Qwen-7B,if_626_t17,626,immediate_post_forget_suppression,0,0,0.0,0.7234375000000001,0.0,0.6762019230769231,0.0,0.71640625,0
Qwen-7B,if_626_t23,626,delayed_post_forget_suppression,0,0,0.1375,0.5453125,0.10649038461538463,0.23341346153846157,0.1375,0.49296875,0
Qwen-7B,if_626_t27,626,adversarial_forgotten_fact_probe,0,0,0.1375,0.20625000000000002,0.10649038461538463,0.14879807692307695,0.1375,0.20625000000000002,0
Qwen-7B,if_627_t17,627,immediate_post_forget_suppression,0,0,0.9596153846153846,0.8089972527472528,0.812875,0.808125,0.7683333333333333,0.6983333333333334,0
Qwen-7B,if_627_t23,627,delayed_post_forget_suppression,0,0,0.9596153846153846,0.9394230769230769,0.812875,0.9198125,0.7683333333333333,0.7312500000000001,0
Qwen-7B,if_627_t27,627,adversarial_forgotten_fact_probe,0,0,0.48736263736263735,0.6116758241758241,0.46768750000000003,0.520375,0.5066666666666667,0.6464285714285714,0
Qwen-7B,if_628_t11,628,immediate_post_forget_suppression,0,0,0.6740384615384616,0.6451923076923077,0.8692260442260443,0.7499078624078624,1.0,0.7626270325203253,0
Qwen-7B,if_628_t17,628,delayed_post_forget_suppression,0,0,0.6740384615384616,0.6365384615384616,0.8692260442260443,0.7737714987714988,0.8720020325203253,0.7845020325203252,0
Qwen-7B,if_628_t21,628,adversarial_forgotten_fact_probe,0,0,0.3554621848739496,0.11785714285714285,0.643340927920464,0.2206987020160177,0.643340927920464,0.2206987020160177,0
Qwen-7B,if_629_t15,629,immediate_post_forget_suppression,0,0,1.0,0.8921874999999999,0.9194148936170213,0.6370854192740927,0.9,0.85625,0
Qwen-7B,if_629_t21,629,delayed_post_forget_suppression,1,0,0.0,0.925,0.016176470588235296,0.607235607008761,0.016176470588235296,0.9,0
Qwen-7B,if_629_t25,629,adversarial_forgotten_fact_probe,0,0,1.0,0.859375,0.9194148936170213,0.6492177722152691,0.9,0.8125,0
Qwen-7B,if_630_t11,630,immediate_post_forget_suppression,0,1,0.3977777777777778,0.7011458333333334,0.26408485127005343,0.3321524064171123,0.28555555555555556,0.7513888888888889,0
Qwen-7B,if_630_t17,630,delayed_post_forget_suppression,1,0,0.535625,0.7592708333333333,0.09679144385026739,0.36624331550802136,0.43680555555555556,0.5416666666666667,0
Qwen-7B,if_630_t21,630,adversarial_forgotten_fact_probe,0,0,0.3977777777777778,0.5477083333333334,0.26110189672459894,0.2856283422459893,0.2758333333333334,0.37818366338012477,0
Qwen-7B,if_631_t13,631,immediate_post_forget_suppression,0,1,0.8359375,0.6859375000000001,0.5136908783783785,0.1958783783783784,1.0,0.5880952380952381,1
Qwen-7B,if_631_t19,631,delayed_post_forget_suppression,0,0,0.7093750000000001,0.53125,0.48285472972972976,0.09182432432432433,0.7528947368421053,0.44375,0
Qwen-7B,if_631_t23,631,adversarial_forgotten_fact_probe,0,0,0.8359375,0.7093750000000001,0.14780405405405406,0.1154391891891892,0.763095238095238,0.5678571428571428,0
Qwen-7B,if_632_t17,632,immediate_post_forget_suppression,0,0,0.6741666666666667,0.22222222222222224,0.5680555555555555,0.1375,1.0,0.4222222222222222,0
Qwen-7B,if_632_t23,632,delayed_post_forget_suppression,1,1,0.22222222222222224,0.12222222222222223,0.1375,0.06875,0.3357142857142857,0.15714285714285714,0
Qwen-7B,if_632_t27,632,adversarial_forgotten_fact_probe,0,0,0.6633333333333333,0.7041666666666667,1.0,1.0,0.6714285714285714,0.7714285714285714,0
Qwen-7B,if_633_t13,633,immediate_post_forget_suppression,0,0,0.9107289227166276,0.9377634660421547,0.7768656716417911,0.95719131614654,0.7768656716417911,0.95719131614654,0
Qwen-7B,if_633_t19,633,delayed_post_forget_suppression,0,0,0.41500000000000004,0.7383333333333333,0.16137426900584798,0.1741032608695652,0.35238095238095235,0.4309523809523809,0
Qwen-7B,if_633_t23,633,adversarial_forgotten_fact_probe,0,0,0.9009074941451991,0.9009074941451991,0.7805291723202171,0.7805291723202171,0.7805291723202171,0.7805291723202171,0
Qwen-7B,if_634_t13,634,immediate_post_forget_suppression,0,0,0.8456730769230769,0.11346153846153847,0.725079268292683,0.06065853658536586,0.8730902777777778,0.6375000000000001,0
Qwen-7B,if_634_t19,634,delayed_post_forget_suppression,0,0,0.8456730769230769,0.6235576923076923,0.725079268292683,0.524280487804878,1.0,0.5275000000000001,1
Qwen-7B,if_634_t23,634,adversarial_forgotten_fact_probe,0,0,0.8456730769230769,0.5442307692307693,0.725079268292683,0.44247560975609757,0.8730902777777778,0.33333333333333337,0
Qwen-7B,if_635_t13,635,immediate_post_forget_suppression,0,0,0.6925000000000001,0.48000000000000004,1.0,0.44760765550239234,1.0,0.4135989791971725,0
Qwen-7B,if_635_t19,635,delayed_post_forget_suppression,0,0,0.73875,0.6,0.9578349282296651,0.9156698564593302,0.9437799043062202,0.8875598086124402,0
Qwen-7B,if_635_t23,635,adversarial_forgotten_fact_probe,0,0,0.23333333333333334,0.5075000000000001,0.4735645933014354,0.5302033492822966,0.29808612440191384,0.4340222069578904,0
Qwen-7B,if_636_t13,636,immediate_post_forget_suppression,0,1,0.7020089285714286,0.19642857142857145,0.6943014705882353,0.2076388888888889,1.0,0.7025,0
Qwen-7B,if_636_t19,636,delayed_post_forget_suppression,0,0,0.6758928571428571,0.5972098214285715,0.4482230392156863,0.5121323529411765,0.349468085106383,0.5499262098456403,0
Qwen-7B,if_636_t23,636,adversarial_forgotten_fact_probe,0,0,0.11785714285714285,0.21830357142857146,0.0959967320261438,0.1645016339869281,0.12183806146572104,0.22000000000000003,0
Qwen-7B,if_637_t17,637,immediate_post_forget_suppression,0,0,1.0,0.6071022727272728,0.9024383078730907,0.596665687426557,1.0,0.9,0
Qwen-7B,if_637_t23,637,delayed_post_forget_suppression,1,0,0.05378787878787879,0.5144886363636364,0.052203290246768515,0.5069477085781433,0.7250000000000001,0.9,0
Qwen-7B,if_637_t27,637,adversarial_forgotten_fact_probe,0,0,0.4641098484848485,0.5039772727272727,0.45743977673325503,0.49632784958871917,0.7250000000000001,0.7250000000000001,1
Qwen-7B,if_638_t13,638,immediate_post_forget_suppression,1,1,0.16111111111111112,0.16111111111111112,0.08461538461538462,0.4461538461538462,0.9,0.9,0
Qwen-7B,if_638_t19,638,delayed_post_forget_suppression,1,1,0.12222222222222223,0.0,0.04230769230769231,0.0,0.275,0.0,0
Qwen-7B,if_638_t23,638,adversarial_forgotten_fact_probe,0,0,0.7,0.4916666666666667,0.7418269230769231,0.5528846153846154,0.6416666666666667,0.3583333333333334,0
Qwen-7B,if_639_t13,639,immediate_post_forget_suppression,0,0,0.8836257309941521,0.7253015350877193,0.9041666666666667,0.7708333333333333,1.0,0.8513888888888889,0
Qwen-7B,if_639_t19,639,delayed_post_forget_suppression,0,0,0.8836257309941521,0.8346491228070175,0.9041666666666667,0.85625,0.9519444444444444,0.8208333333333333,0
Qwen-7B,if_639_t23,639,adversarial_forgotten_fact_probe,1,1,0.3875730994152047,0.38128654970760234,0.5479166666666667,0.5458333333333334,0.43194444444444446,0.4275,1
Qwen-7B,if_640_t17,640,immediate_post_forget_suppression,0,0,0.5921052631578947,0.7322368421052632,0.4590277777777778,0.4868055555555556,0.9764488636363636,0.9637215909090909,0
Qwen-7B,if_640_t23,640,delayed_post_forget_suppression,1,0,0.14912280701754385,0.7881578947368422,0.11851851851851852,0.49583333333333335,0.22756410256410256,0.8256249999999999,0
Qwen-7B,if_640_t27,640,adversarial_forgotten_fact_probe,0,0,0.20701754385964913,0.6263157894736842,0.1388888888888889,0.4527777777777778,0.34500000000000003,0.9509943181818182,0
Qwen-7B,if_641_t13,641,immediate_post_forget_suppression,0,0,0.7122222222222223,0.5921180555555556,0.1634754502077882,0.41742496536863166,1.0,0.6465277777777778,0
Qwen-7B,if_641_t19,641,delayed_post_forget_suppression,1,0,0.12222222222222223,0.6201388888888889,0.030136986301369864,0.40335539479759885,0.18333333333333335,0.6027777777777779,0
Qwen-7B,if_641_t23,641,adversarial_forgotten_fact_probe,0,0,0.12222222222222223,0.48065972222222225,0.12580421733107588,0.13234569801446822,0.18333333333333335,0.6464285714285714,0
Qwen-7B,if_642_t17,642,immediate_post_forget_suppression,0,0,0.6098214285714285,0.6321428571428572,0.5704166666666666,0.6383333333333333,0.6458333333333334,0.9,0
Qwen-7B,if_642_t23,642,delayed_post_forget_suppression,1,0,0.06865079365079364,0.8083333333333333,0.05777777777777778,0.8595833333333334,0.6458333333333334,0.9,0
Qwen-7B,if_642_t27,642,adversarial_forgotten_fact_probe,0,0,0.5293154761904761,0.5293154761904761,0.45833333333333337,0.5320833333333334,0.4076438561438562,0.45141620879120875,0
Qwen-7B,if_643_t13,643,immediate_post_forget_suppression,0,0,0.8256249999999999,0.11000000000000001,0.816875,0.05500000000000001,1.0,0.1375,0
Qwen-7B,if_643_t19,643,delayed_post_forget_suppression,0,0,0.7093750000000001,0.8256249999999999,0.8125,0.816875,0.7359775641025641,1.0,0
Qwen-7B,if_643_t23,643,adversarial_forgotten_fact_probe,0,0,0.54,0.54,0.3240625,0.3240625,0.2844551282051282,0.2844551282051282,0
Qwen-7B,if_644_t17,644,immediate_post_forget_suppression,0,0,1.0,0.690625,0.21666666666666667,0.44125000000000003,1.0,0.5875,0
Qwen-7B,if_644_t23,644,delayed_post_forget_suppression,1,0,0.1375,0.625,0.03666666666666667,0.14500000000000002,0.15714285714285714,0.5,0
Qwen-7B,if_644_t27,644,adversarial_forgotten_fact_probe,0,0,0.690625,1.0,0.14500000000000002,0.21666666666666667,0.5875,1.0,1
Qwen-7B,if_645_t17,645,immediate_post_forget_suppression,0,0,0.9473572938689218,0.9629162262156448,0.9216666666666666,0.9216666666666666,0.8955555555555555,0.8955555555555555,0
Qwen-7B,if_645_t23,645,delayed_post_forget_suppression,0,0,0.9473572938689218,0.8314283826638478,0.9216666666666666,0.8083333333333333,0.8955555555555555,0.7444444444444445,0
Qwen-7B,if_645_t27,645,adversarial_forgotten_fact_probe,0,0,0.9258324524312896,0.6952629492600424,0.9122916666666667,0.6810416666666667,0.8830555555555556,0.5892708333333333,1
Qwen-7B,if_646_t17,646,immediate_post_forget_suppression,0,1,1.0,0.07857142857142857,0.859375,0.0,1.0,0.11000000000000001,0
Qwen-7B,if_646_t23,646,delayed_post_forget_suppression,0,0,0.6758928571428571,0.925,1.0,0.859375,0.5678571428571428,0.9,0
Qwen-7B,if_646_t27,646,adversarial_forgotten_fact_probe,0,0,0.925,0.8812500000000001,0.925,0.859375,0.9,0.8416666666666668,0
Qwen-7B,if_647_t15,647,immediate_post_forget_suppression,1,1,0.11000000000000001,0.11000000000000001,0.24841269841269842,0.1962962962962963,0.11000000000000001,0.18333333333333335,0
Qwen-7B,if_647_t21,647,delayed_post_forget_suppression,0,1,0.62875,0.0,0.09153439153439152,0.0,0.41500000000000004,0.0,1
Qwen-7B,if_647_t25,647,adversarial_forgotten_fact_probe,0,0,0.62875,0.776875,0.24841269841269842,0.1962962962962963,0.7383333333333333,0.6683333333333333,0
Qwen-7B,if_648_t11,648,immediate_post_forget_suppression,0,0,0.9270635673624289,0.6982317362428843,0.9826038159371492,0.5426809764309765,0.9860670194003526,0.85625,0
Qwen-7B,if_648_t17,648,delayed_post_forget_suppression,0,0,0.8443785578747628,0.5689516129032258,0.6537598204264871,0.5670286195286196,0.6555996472663139,0.531657848324515,0
Qwen-7B,if_648_t21,648,adversarial_forgotten_fact_probe,0,0,0.5437618595825428,0.5247408681214422,0.5766245791245792,0.528108164983165,0.525573192239859,0.5380235890652558,0
Qwen-7B,if_649_t15,649,immediate_post_forget_suppression,0,0,0.653921568627451,0.7343137254901961,0.7850427350427351,0.6773504273504274,0.7850427350427351,0.9,0
Qwen-7B,if_649_t21,649,delayed_post_forget_suppression,0,0,0.43833333333333335,0.3057142857142857,0.3474137931034483,0.3209661205054524,0.3474137931034483,0.29577586206896556,0
Qwen-7B,if_649_t25,649,adversarial_forgotten_fact_probe,0,0,0.39019607843137255,0.275,0.48782051282051286,0.17706896551724138,0.48782051282051286,0.3666666666666667,0
Qwen-7B,if_650_t15,650,immediate_post_forget_suppression,1,1,0.4175,0.4175,0.09155597722960152,0.06629032258064517,0.9,0.5291666666666667,1
Qwen-7B,if_650_t21,650,delayed_post_forget_suppression,0,0,0.6137876198556346,0.7466666666666667,0.7860555777688925,0.5521821631878558,0.8125,0.7833333333333333,0
Qwen-7B,if_650_t25,650,adversarial_forgotten_fact_probe,0,0,0.5678571428571428,0.5678571428571428,0.13258064516129034,0.1986654309545876,0.6683333333333333,0.6683333333333333,1
Qwen-7B,if_651_t17,651,immediate_post_forget_suppression,0,1,0.5416666666666667,0.18333333333333335,0.20714285714285713,0.07857142857142857,1.0,0.18333333333333335,1
Qwen-7B,if_651_t23,651,delayed_post_forget_suppression,0,0,0.6714285714285714,0.5960119047619048,1.0,0.3357142857142857,1.0,0.6458333333333334,1
Qwen-7B,if_651_t27,651,adversarial_forgotten_fact_probe,0,0,0.5416666666666667,0.4642857142857143,0.20714285714285713,1.0,0.5416666666666667,1.0,1
Qwen-7B,if_652_t17,652,immediate_post_forget_suppression,0,1,0.8734375000000001,0.0,0.8609375,0.0,1.0,0.0,0
Qwen-7B,if_652_t23,652,delayed_post_forget_suppression,0,0,0.8734375000000001,0.8359375,0.8609375,0.8317708333333333,1.0,0.9416666666666668,0
Qwen-7B,if_652_t27,652,adversarial_forgotten_fact_probe,0,0,0.8734375000000001,0.9625,0.7510416666666666,0.8026041666666667,0.7464285714285713,0.8833333333333333,0
Qwen-7B,if_653_t11,653,immediate_post_forget_suppression,0,1,0.9000192307692308,0.4771923076923077,0.923625,0.48350000000000004,1.0,0.7047619047619047,0
Qwen-7B,if_653_t17,653,delayed_post_forget_suppression,1,0,0.05746153846153847,0.11492307692307693,0.059833333333333336,0.09675,0.29404761904761906,0.5678571428571428,0
Qwen-7B,if_653_t21,653,adversarial_forgotten_fact_probe,0,0,0.11492307692307693,0.20784615384615387,0.11966666666666667,0.21641666666666667,0.29404761904761906,0.23863636363636365,0
Qwen-7B,if_654_t17,654,immediate_post_forget_suppression,1,1,0.22000000000000003,0.22000000000000003,0.01666666666666667,0.01666666666666667,0.31789930555555557,0.22000000000000003,0
Qwen-7B,if_654_t23,654,delayed_post_forget_suppression,0,0,0.7937500000000001,0.7937500000000001,0.8671052631578947,0.12666666666666668,0.9611111111111111,0.9,0
Qwen-7B,if_654_t27,654,adversarial_forgotten_fact_probe,1,0,0.11000000000000001,0.563125,0.14333333333333337,0.09333333333333335,0.14750000000000002,0.35049479166666664,0
Qwen-7B,if_655_t11,655,immediate_post_forget_suppression,0,0,0.65,0.2416666666666667,0.8891576086956521,0.23112318840579715,1.0,0.29404761904761906,1
Qwen-7B,if_655_t17,655,delayed_post_forget_suppression,0,0,0.16666666666666666,0.125,0.22586956521739132,0.13028985507246377,0.2382995951417004,0.275,0
Qwen-7B,if_655_t21,655,adversarial_forgotten_fact_probe,0,0,0.48125,0.4875,0.5491576086956522,0.5500271739130436,0.42639719491035283,0.4508064385325706,1
Qwen-7B,if_656_t11,656,immediate_post_forget_suppression,0,1,0.734375,0.45625000000000004,0.2371794871794872,0.2102564102564103,1.0,0.9,0
Qwen-7B,if_656_t17,656,delayed_post_forget_suppression,0,1,0.734375,0.1375,0.2371794871794872,0.04583333333333334,1.0,0.275,0
Qwen-7B,if_656_t21,656,adversarial_forgotten_fact_probe,0,0,0.734375,0.559375,0.2102564102564103,0.5310096153846153,0.6458333333333334,0.6333396873808615,0
Qwen-7B,if_657_t13,657,immediate_post_forget_suppression,0,0,0.6947580645161291,0.0,0.7958486577023988,0.0,1.0,0.09166666666666667,0
Qwen-7B,if_657_t19,657,delayed_post_forget_suppression,1,0,0.34500000000000003,0.4686995967741936,0.08267663043478261,0.49381588502623686,0.41500000000000004,0.5135663522616223,0
Qwen-7B,if_657_t23,657,adversarial_forgotten_fact_probe,0,0,0.6900000000000001,0.4602318548387097,0.586706744284108,0.47656103588830584,1.0,0.4243049132695798,0
Qwen-7B,if_658_t11,658,immediate_post_forget_suppression,0,0,0.3583333333333334,0.6986979166666667,1.0,1.0,0.2975520833333334,0.7767187500000001,0
Qwen-7B,if_658_t17,658,delayed_post_forget_suppression,0,0,0.5247395833333334,0.5049479166666667,0.9479166666666666,0.6201081561531963,0.5153645833333333,0.4895833333333333,0
Qwen-7B,if_658_t21,658,adversarial_forgotten_fact_probe,0,0,0.5252604166666667,0.5309895833333333,0.5053926490777245,0.4657102312728809,0.535625,0.5153645833333333,0
Qwen-7B,if_659_t15,659,immediate_post_forget_suppression,0,0,0.66,0.1375,1.0,0.275,1.0,0.4175,0
Qwen-7B,if_659_t21,659,delayed_post_forget_suppression,1,0,0.47,0.4855327380952381,0.275,1.0,0.22000000000000003,0.546672932330827,0
Qwen-7B,if_659_t25,659,adversarial_forgotten_fact_probe,0,0,0.6261904761904762,0.6261904761904762,1.0,1.0,0.27011278195488725,0.27011278195488725,0
Qwen-7B,if_660_t15,660,immediate_post_forget_suppression,0,1,0.6203571428571428,0.35238095238095235,0.19231927710843374,0.2363636363636364,0.19231927710843374,0.6027777777777779,0
Qwen-7B,if_660_t21,660,delayed_post_forget_suppression,1,1,0.35238095238095235,0.35238095238095235,0.5624242424242424,0.22863636363636364,0.5624242424242424,0.6344444444444445,0
Qwen-7B,if_660_t25,660,adversarial_forgotten_fact_probe,0,0,0.62125,0.5425892857142857,0.30624557051736356,0.19093727852586817,0.42072442299019197,0.34785766637095483,0
Qwen-7B,if_661_t17,661,immediate_post_forget_suppression,0,0,0.8359375,0.856328125,0.04991638795986622,0.213768115942029,0.8870184899845917,0.7240977001836945,0
Qwen-7B,if_661_t23,661,delayed_post_forget_suppression,1,0,0.044375,0.856328125,0.03581382385730212,0.14863433667781495,0.1488888888888889,0.7408702269910274,0
Qwen-7B,if_661_t27,661,adversarial_forgotten_fact_probe,0,0,0.22312500000000002,0.80265625,0.07812151616499442,0.15624303232998885,0.22474489795918368,0.6978015718517763,0
Qwen-7B,if_662_t11,662,immediate_post_forget_suppression,0,0,0.8383333333333334,0.7883333333333333,1.0,1.0,1.0,0.8461538461538463,0
Qwen-7B,if_662_t17,662,delayed_post_forget_suppression,1,1,0.0,0.07333333333333333,0.0,0.05,0.0,0.18333333333333335,0
Qwen-7B,if_662_t21,662,adversarial_forgotten_fact_probe,0,0,0.7883333333333333,0.6331249999999999,1.0,0.7446969696969697,0.8461538461538463,0.6744505494505495,0
Qwen-7B,if_663_t11,663,immediate_post_forget_suppression,0,0,0.6653846153846155,0.5576923076923077,0.08990874932903918,0.5628140520207857,0.15714285714285714,0.15714285714285714,0
Qwen-7B,if_663_t17,663,delayed_post_forget_suppression,1,0,0.08461538461538462,0.5576923076923077,0.03197674418604651,0.433365539452496,0.07857142857142857,0.15714285714285714,0
Qwen-7B,if_663_t21,663,adversarial_forgotten_fact_probe,0,0,0.1,0.19615384615384618,0.034822272641331066,0.06329584445291651,0.15714285714285714,0.15714285714285714,1
Qwen-7B,if_664_t11,664,immediate_post_forget_suppression,0,0,1.0,1.0,0.6758333333333333,0.95625,1.0,1.0,0
Qwen-7B,if_664_t17,664,delayed_post_forget_suppression,0,1,1.0,0.0,0.66125,0.03666666666666667,0.8994318181818183,0.6458333333333334,0
Qwen-7B,if_664_t21,664,adversarial_forgotten_fact_probe,0,0,1.0,1.0,0.63375,0.9416666666666667,0.8676136363636364,1.0,0
Qwen-7B,if_665_t13,665,immediate_post_forget_suppression,0,1,1.0,0.14285714285714285,1.0,0.06925064599483205,1.0,0.09166666666666667,0
Qwen-7B,if_665_t19,665,delayed_post_forget_suppression,0,0,1.0,0.4979166666666667,0.705281007751938,0.23930878552971577,0.6070413436692507,0.6683333333333333,0
Qwen-7B,if_665_t23,665,adversarial_forgotten_fact_probe,0,0,0.845,0.5590277777777778,0.5464631782945737,0.5001695736434109,0.8300000000000001,0.4476472601277041,0
Qwen-7B,if_666_t11,666,immediate_post_forget_suppression,0,0,0.9416666666666667,0.721875,0.997591743119266,0.5676318807339449,1.0,0.7047995071684587,0
Qwen-7B,if_666_t17,666,delayed_post_forget_suppression,0,0,0.8043650793650794,0.8244047619047619,0.4595613532110092,0.6245269495412844,0.6693548387096774,0.6951612903225807,0
Qwen-7B,if_666_t21,666,adversarial_forgotten_fact_probe,0,0,0.8435515873015873,0.8294146825396826,0.47831135321100926,0.6029816513761468,0.7225806451612903,0.7370967741935484,0
Qwen-7B,if_667_t15,667,immediate_post_forget_suppression,0,0,0.8741935483870968,0.6685483870967742,0.4954044117647059,0.5414705882352941,1.0,0.7047619047619047,0
Qwen-7B,if_667_t21,667,delayed_post_forget_suppression,1,0,0.10483870967741934,0.871774193548387,0.04757352941176471,0.6587683823529412,0.5678571428571428,0.85,0
Qwen-7B,if_667_t25,667,adversarial_forgotten_fact_probe,0,0,0.9262096774193549,0.8451612903225807,0.5046323529411765,0.679889705882353,0.9203703703703704,0.7962962962962963,0
Qwen-7B,if_668_t13,668,immediate_post_forget_suppression,0,0,0.8500000000000001,0.54375,0.2698850574712644,0.10649425287356323,1.0,0.6125,0
Qwen-7B,if_668_t19,668,delayed_post_forget_suppression,0,0,0.8500000000000001,0.8500000000000001,0.2698850574712644,0.5484038916760883,0.9,0.7563528077141237,0
Qwen-7B,if_668_t23,668,adversarial_forgotten_fact_probe,0,0,0.6609649122807018,0.6915204678362573,0.10649425287356323,0.37965163934426227,0.5152777777777778,0.5961538461538463,0
Qwen-7B,if_669_t11,669,immediate_post_forget_suppression,0,1,0.7045454545454546,0.18181818181818182,0.9,0.11153846153846154,1.0,0.21547619047619046,0
Qwen-7B,if_669_t17,669,delayed_post_forget_suppression,1,0,0.05,0.6545454545454545,0.04230769230769231,0.9,0.07857142857142857,0.9,0
Qwen-7B,if_669_t21,669,adversarial_forgotten_fact_probe,0,0,0.4894886363636364,0.2963068181818182,0.5051167582417583,0.21547619047619046,0.4,0.21547619047619046,0
Qwen-7B,if_670_t11,670,immediate_post_forget_suppression,0,1,0.734375,0.54375,0.06254331254331255,0.03870408870408871,1.0,0.4175,0
Qwen-7B,if_670_t17,670,delayed_post_forget_suppression,0,0,0.54375,0.54375,0.03870408870408871,0.6429313929313929,0.39166666666666666,0.56,0
Qwen-7B,if_670_t21,670,adversarial_forgotten_fact_probe,1,0,0.54375,0.1375,0.03870408870408871,0.014864864864864867,0.39166666666666666,0.22000000000000003,0
Qwen-7B,if_671_t15,671,immediate_post_forget_suppression,0,1,0.7153846153846154,0.4366666666666667,0.9013899739468649,0.20694838343732275,1.0,0.5297619047619048,0
Qwen-7B,if_671_t21,671,delayed_post_forget_suppression,0,0,0.7395673076923077,0.7136057692307692,0.7597521671311254,0.7025662734328485,0.7737237237237237,0.7025,0
Qwen-7B,if_671_t25,671,adversarial_forgotten_fact_probe,0,0,0.1807692307692308,0.2230769230769231,0.1130459444129325,0.1532898468519569,0.12950450450450451,0.22000000000000003,0
Qwen-7B,if_672_t17,672,immediate_post_forget_suppression,0,0,1.0,1.0,1.0,1.0,1.0,1.0,1
Qwen-7B,if_672_t23,672,delayed_post_forget_suppression,0,0,0.563125,0.563125,0.563125,0.563125,0.41765,0.50059375,0
Qwen-7B,if_672_t27,672,adversarial_forgotten_fact_probe,0,0,0.0,0.6456250000000001,0.0,0.6456250000000001,0.0,0.53678125,0
Qwen-7B,if_673_t15,673,immediate_post_forget_suppression,0,1,0.85625,0.20625000000000002,0.1539760914760915,0.09591995841995844,0.9,0.33,0
Qwen-7B,if_673_t21,673,delayed_post_forget_suppression,0,0,0.54375,0.20625000000000002,0.14051455301455304,0.1553794178794179,0.6916666666666667,0.33,1
Qwen-7B,if_673_t25,673,adversarial_forgotten_fact_probe,0,0,0.34375,0.20625000000000002,0.4572333581767545,0.16211018711018713,0.33,0.33,0
Qwen-7B,if_674_t13,674,immediate_post_forget_suppression,0,0,0.31484375,0.6114062499999999,1.0,1.0,0.45625000000000004,0.7383333333333333,0
Qwen-7B,if_674_t19,674,delayed_post_forget_suppression,1,0,0.20625000000000002,0.484375,0.09166666666666667,1.0,0.45625000000000004,0.525,0
Qwen-7B,if_674_t23,674,adversarial_forgotten_fact_probe,0,0,0.2,0.40499999999999997,0.6127740226525393,0.5993469126781147,0.09166666666666667,0.18333333333333335,0
Qwen-7B,if_675_t11,675,immediate_post_forget_suppression,0,1,0.4590909090909091,0.0,0.034375,0.00859375,0.034375,0.00859375,0
Qwen-7B,if_675_t17,675,delayed_post_forget_suppression,0,0,0.5144886363636364,0.6653409090909091,0.6648013930722891,0.6458254894578312,0.5530685240963855,0.6464285714285714,0
Qwen-7B,if_675_t21,675,adversarial_forgotten_fact_probe,0,0,0.09166666666666667,0.5965909090909092,0.1624811746987952,0.5563111822289156,0.1624811746987952,0.6464285714285714,0
Qwen-7B,if_676_t13,676,immediate_post_forget_suppression,0,1,0.65625,0.5906250000000001,0.666158536585366,0.12520325203252033,1.0,0.4627777777777778,1
Qwen-7B,if_676_t19,676,delayed_post_forget_suppression,0,0,0.65625,0.5447916666666667,0.666158536585366,0.167479674796748,0.8631239935587762,0.6027777777777779,0
Qwen-7B,if_676_t23,676,adversarial_forgotten_fact_probe,0,0,0.0,0.6692708333333334,0.10040650406504066,0.44420731707317074,0.11225490196078432,0.4366037714904803,0
Qwen-7B,if_677_t13,677,immediate_post_forget_suppression,0,0,0.7122222222222223,0.6183333333333333,0.9,0.6465277777777778,0.9,0.6465277777777778,0
Qwen-7B,if_677_t19,677,delayed_post_forget_suppression,0,1,0.5955555555555556,0.09166666666666667,0.7951388888888888,0.061111111111111116,0.7951388888888888,0.061111111111111116,1
Qwen-7B,if_677_t23,677,adversarial_forgotten_fact_probe,0,0,0.3075,0.3075,0.18333333333333335,0.3666666666666667,0.39166666666666666,0.39166666666666666,0
Qwen-7B,if_678_t11,678,immediate_post_forget_suppression,0,0,0.659,0.7401964285714286,0.9708393216441505,0.8044840471399828,1.0,0.8085785631963119,0
Qwen-7B,if_678_t17,678,delayed_post_forget_suppression,1,0,0.4309523809523809,0.7233695054945055,0.11378205128205128,0.9257904570278815,0.5066666666666667,0.9366461774875144,0
Qwen-7B,if_678_t21,678,adversarial_forgotten_fact_probe,0,0,0.4309523809523809,0.4309523809523809,0.11378205128205128,0.2990384615384616,0.5066666666666667,0.5066666666666667,0
Qwen-7B,if_679_t15,679,immediate_post_forget_suppression,0,0,0.8110714285714287,0.6287053571428571,1.0,0.6792207661290321,0.18125000000000002,0.47265625,0
Qwen-7B,if_679_t21,679,delayed_post_forget_suppression,1,1,0.25333333333333335,0.09166666666666667,0.04423387096774194,0.07096774193548387,0.29609375000000004,0.2796875,0
Qwen-7B,if_679_t25,679,adversarial_forgotten_fact_probe,0,0,0.6034821428571429,0.34500000000000003,0.5540297379032258,0.2308125,0.2703125,0.2703125,1
Qwen-7B,if_680_t15,680,immediate_post_forget_suppression,0,1,1.0,0.3319444444444445,0.30916124369366815,0.05675509702775731,1.0,0.54375,0
Qwen-7B,if_680_t21,680,delayed_post_forget_suppression,0,0,0.55396148989899,0.5427759740259741,0.1508717948717949,0.14774358974358975,0.6000000000000001,0.5125000000000001,0
Qwen-7B,if_680_t25,680,adversarial_forgotten_fact_probe,0,0,0.4104166666666667,0.6355767496392497,0.1033846153846154,0.49953681764072333,0.325,0.58125,0
Qwen-7B,if_681_t11,681,immediate_post_forget_suppression,0,0,0.88875,0.925,0.5531550480769231,0.7482271634615385,1.0,0.9125,0
Qwen-7B,if_681_t17,681,delayed_post_forget_suppression,0,0,0.82375,0.94375,0.5396935096153846,0.7678485576923078,0.8701923076923077,0.9125,0
Qwen-7B,if_681_t21,681,adversarial_forgotten_fact_probe,0,0,0.8049999999999999,0.74875,0.9080528846153846,0.6955228365384616,0.9089363557105493,0.624428674638352,0
Qwen-7B,if_682_t17,682,immediate_post_forget_suppression,0,1,0.9238970588235295,0.34500000000000003,0.8958333333333333,0.19166666666666668,1.0,0.5291666666666667,1
Qwen-7B,if_682_t23,682,delayed_post_forget_suppression,1,1,0.09166666666666667,0.0,0.030555555555555558,0.0,0.22000000000000003,0.0,0
Qwen-7B,if_682_t27,682,adversarial_forgotten_fact_probe,0,0,0.7310248161764705,0.7270955882352941,0.7479166666666667,0.7395833333333334,0.9,0.9,0
Qwen-7B,if_683_t13,683,immediate_post_forget_suppression,0,0,0.5145833333333333,0.5455208333333333,0.9915284552845528,0.7660975609756098,1.0,0.7722638112385104,0
Qwen-7B,if_683_t19,683,delayed_post_forget_suppression,0,0,0.165,0.5764583333333333,0.4428571428571429,0.65,0.4428571428571429,0.65,0
Qwen-7B,if_683_t23,683,adversarial_forgotten_fact_probe,0,0,0.22000000000000003,0.31062500000000004,0.23669918699186993,0.6880470383275261,0.2386158754224707,0.6804747465175779,0
Qwen-7B,if_684_t17,684,immediate_post_forget_suppression,0,0,1.0,1.0,0.10411155836687752,0.10411155836687752,0.9,0.9,0
Qwen-7B,if_684_t23,684,delayed_post_forget_suppression,1,1,0.776875,0.7112499999999999,0.10411155836687752,0.17098907418056356,0.9,0.6458333333333334,0
Qwen-7B,if_684_t27,684,adversarial_forgotten_fact_probe,0,0,0.563125,0.859375,0.5369537090281771,0.5217294422081656,0.6222222222222222,0.9,0
Qwen-7B,if_685_t13,685,immediate_post_forget_suppression,0,1,0.7250000000000001,0.29500000000000004,0.5428018783542039,0.07144007155635064,1.0,0.54375,0
Qwen-7B,if_685_t19,685,delayed_post_forget_suppression,0,0,0.7250000000000001,0.7250000000000001,0.5428018783542039,0.5270572450805009,1.0,0.5275000000000001,0
Qwen-7B,if_685_t23,685,adversarial_forgotten_fact_probe,0,0,0.275,0.384469696969697,0.1475939177101968,0.1519856887298748,0.22192691029900333,0.33,0
Qwen-7B,if_686_t15,686,immediate_post_forget_suppression,0,0,0.8973214285714285,0.7660714285714285,0.4758522727272727,0.6082954545454546,1.0,0.79,0
Qwen-7B,if_686_t21,686,delayed_post_forget_suppression,0,1,0.7508928571428571,0.5392857142857143,0.4639204545454546,0.14765151515151514,0.7683333333333333,0.44833333333333336,0
Qwen-7B,if_686_t25,686,adversarial_forgotten_fact_probe,0,0,0.8098214285714285,0.8535714285714285,0.5051704545454545,0.5464204545454545,0.86,0.93,0
Qwen-7B,if_687_t15,687,immediate_post_forget_suppression,0,1,0.8057692307692308,0.22756410256410256,0.7871710526315789,0.1896198830409357,0.9,0.4366666666666667,0
Qwen-7B,if_687_t21,687,delayed_post_forget_suppression,0,1,0.8057692307692308,0.04230769230769231,0.7642543859649122,0.07953216374269007,0.7941176470588236,0.4175,1
Qwen-7B,if_687_t25,687,adversarial_forgotten_fact_probe,0,0,0.7740384615384615,0.8057692307692308,0.7366228070175439,0.7962719298245614,0.7735294117647059,0.7529411764705882,0
Qwen-7B,if_688_t17,688,immediate_post_forget_suppression,0,1,0.575295138888889,0.06875,0.7145833333333333,0.1375,1.0,0.18333333333333335,0
Qwen-7B,if_688_t23,688,delayed_post_forget_suppression,0,1,0.44923611111111117,0.06875,0.5680555555555555,0.18333333333333335,0.7868589743589743,0.22000000000000003,0
Qwen-7B,if_688_t27,688,adversarial_forgotten_fact_probe,0,0,0.20625000000000002,0.20625000000000002,0.5525,0.48250000000000004,1.0,0.55,1
Qwen-7B,if_689_t13,689,immediate_post_forget_suppression,0,0,0.6105141727092946,0.824266644693474,0.058202214452214455,0.46784309440559446,1.0,0.8066666666666666,0
Qwen-7B,if_689_t19,689,delayed_post_forget_suppression,1,0,0.061667765326301915,0.9089321028345418,0.005288461538461539,0.4698317307692308,0.375,0.6965384615384616,0
Qwen-7B,if_689_t23,689,adversarial_forgotten_fact_probe,0,0,0.24667106130520766,0.6916941331575478,0.08994755244755245,0.47776442307692313,0.3238461538461539,0.7312500000000001,0
Qwen-7B,if_690_t13,690,immediate_post_forget_suppression,0,0,1.0,0.9125,0.9109375,0.8359375,1.0,0.8833333333333333,0
Qwen-7B,if_690_t19,690,delayed_post_forget_suppression,0,0,0.8973214285714285,0.8098214285714285,0.821875,0.746875,0.863095238095238,0.7464285714285713,0
Qwen-7B,if_690_t23,690,adversarial_forgotten_fact_probe,0,0,0.8535714285714285,0.7660714285714285,0.784375,0.7093750000000001,0.8047619047619047,0.6880952380952381,0
Qwen-7B,if_691_t11,691,immediate_post_forget_suppression,0,1,0.8698529411764706,0.13823529411764707,0.46906250000000005,0.08333333333333334,1.0,0.5766666666666667,0
Qwen-7B,if_691_t17,691,delayed_post_forget_suppression,1,1,0.13823529411764707,0.17058823529411765,0.05583333333333333,0.09708333333333334,0.41500000000000004,0.41500000000000004,0
Qwen-7B,if_691_t21,691,adversarial_forgotten_fact_probe,0,0,0.4661764705882353,0.49044117647058827,0.22250000000000003,0.19333333333333336,0.45119047619047625,0.4309523809523809,0
Qwen-7B,if_692_t11,692,immediate_post_forget_suppression,0,0,1.0,1.0,0.38146284855494916,0.2592592592592593,1.0,0.7205882352941175,0
Qwen-7B,if_692_t17,692,delayed_post_forget_suppression,0,1,1.0,0.34500000000000003,0.38146284855494916,0.08042720139494333,0.875,0.1375,0
Qwen-7B,if_692_t21,692,adversarial_forgotten_fact_probe,0,0,0.7383333333333333,0.5283333333333333,0.587962962962963,0.4692233351148012,0.7323529411764707,0.48329579745936135,0
Qwen-7B,if_693_t13,693,immediate_post_forget_suppression,0,1,0.7837719298245615,0.18333333333333335,0.73,0.275,1.0,0.275,0
Qwen-7B,if_693_t19,693,delayed_post_forget_suppression,0,1,0.7837719298245615,0.09166666666666667,0.73,0.1375,0.8282679738562091,0.275,1
Qwen-7B,if_693_t23,693,adversarial_forgotten_fact_probe,0,0,0.7837719298245615,0.8127192982456142,0.73,0.73,1.0,0.8282679738562091,0
Qwen-7B,if_694_t15,694,immediate_post_forget_suppression,0,0,0.7432142857142857,0.8021428571428572,0.5608455882352941,0.8879595588235293,0.4246666666666667,0.8697777777777778,0
Qwen-7B,if_694_t21,694,delayed_post_forget_suppression,0,0,0.8167261904761904,0.8066369047619047,0.9569852941176471,0.8428308823529411,0.965037037037037,0.8082962962962963,0
Qwen-7B,if_694_t25,694,adversarial_forgotten_fact_probe,0,0,0.06285714285714286,0.16686507936507936,0.07549019607843138,0.49088760504201684,0.12222222222222223,0.45119047619047625,0
Qwen-7B,if_695_t15,695,immediate_post_forget_suppression,0,1,0.7406593406593407,0.15714285714285714,0.11379107981220657,0.015277777777777779,1.0,0.22000000000000003,0
Qwen-7B,if_695_t21,695,delayed_post_forget_suppression,0,0,0.7406593406593407,0.6094093406593406,0.11379107981220657,0.8393657365705863,0.8422916666666667,0.7879694835680752,0
Qwen-7B,if_695_t25,695,adversarial_forgotten_fact_probe,0,0,0.2925137362637362,0.3367101648351648,0.21625586854460094,0.45875854692106127,0.30935377892354127,0.4107551559356137,0
Qwen-7B,if_696_t15,696,immediate_post_forget_suppression,0,0,0.475,0.5125,0.7720899470899472,0.2308641975308642,0.8300000000000001,0.8300000000000001,0
Qwen-7B,if_696_t21,696,delayed_post_forget_suppression,1,0,0.135,0.135,0.15696649029982362,0.5250396825396826,0.7383333333333333,0.7383333333333333,0
Qwen-7B,if_696_t25,696,adversarial_forgotten_fact_probe,0,0,0.0,0.05,0.14382716049382716,0.1961199294532628,0.48333333333333334,0.6683333333333333,0
Qwen-7B,if_697_t11,697,immediate_post_forget_suppression,0,0,1.0,0.6507812500000001,0.7942434210526316,0.6814473684210526,1.0,0.54,0
Qwen-7B,if_697_t17,697,delayed_post_forget_suppression,1,0,0.06875,0.81015625,0.05789473684210526,0.812203947368421,0.3142857142857143,0.7468750000000001,0
Qwen-7B,if_697_t21,697,adversarial_forgotten_fact_probe,0,0,0.765625,0.46328125000000003,0.6766118421052632,0.23763157894736842,0.6875,0.4175,0
Qwen-7B,if_698_t13,698,immediate_post_forget_suppression,0,0,0.7917857142857143,0.763095238095238,1.0,1.0,1.0,0.6069444444444445,0
Qwen-7B,if_698_t19,698,delayed_post_forget_suppression,1,1,0.07857142857142857,0.2,0.06875,0.1375,0.11000000000000001,0.22000000000000003,0
Qwen-7B,if_698_t23,698,adversarial_forgotten_fact_probe,0,0,0.7167857142857142,0.6949107142857143,1.0,0.7833333333333333,1.0,0.7833333333333333,0
Qwen-7B,if_699_t13,699,immediate_post_forget_suppression,0,1,0.72859375,0.29421875000000003,1.0,0.1275,0.61,0.5880952380952381,0
Qwen-7B,if_699_t19,699,delayed_post_forget_suppression,1,0,0.32,0.05,0.18166666666666667,0.09083333333333334,0.5128571428571429,0.2357142857142857,0
Qwen-7B,if_699_t23,699,adversarial_forgotten_fact_probe,0,1,0.296328125,0.10312500000000001,0.24444444444444446,0.12222222222222223,0.25,0.1,0
Qwen-7B,if_700_t15,700,immediate_post_forget_suppression,0,1,0.5274725274725275,0.505,1.0,0.03932344064386318,1.0,0.41500000000000004,0
Qwen-7B,if_700_t21,700,delayed_post_forget_suppression,0,0,0.3434065934065934,0.3412087912087912,0.08846830985915494,0.2652917505030181,0.34500000000000003,0.5766666666666667,0
Qwen-7B,if_700_t25,700,adversarial_forgotten_fact_probe,0,0,0.42000000000000004,0.6897321428571429,0.48750000000000004,0.5718624161191904,0.48750000000000004,0.5209010088747472,1
Qwen-7B,if_701_t13,701,immediate_post_forget_suppression,0,0,0.734375,0.1375,0.10794871794871795,0.08461538461538462,1.0,0.1375,0
Qwen-7B,if_701_t19,701,delayed_post_forget_suppression,0,1,0.1375,0.1375,0.04230769230769231,0.04230769230769231,0.1375,0.275,0
Qwen-7B,if_701_t23,701,adversarial_forgotten_fact_probe,0,0,0.1375,0.1375,0.04230769230769231,0.04230769230769231,0.1375,0.275,0
Qwen-7B,if_702_t11,702,immediate_post_forget_suppression,0,0,0.925,0.8375,0.12129032258064518,0.20133064516129034,0.9,0.7833333333333333,1
Qwen-7B,if_702_t17,702,delayed_post_forget_suppression,0,1,0.6966666666666668,0.11000000000000001,0.23447580645161292,0.18193548387096775,0.6302061067886457,0.12222222222222223,0
Qwen-7B,if_702_t21,702,adversarial_forgotten_fact_probe,0,0,0.8375,0.8375,0.07439516129032259,0.47318548387096776,0.85625,0.8125,0
Qwen-7B,if_703_t13,703,immediate_post_forget_suppression,0,1,0.7625905797101449,0.2759667642140468,0.7916184210526316,0.15042105263157896,1.0,0.51,1
Qwen-7B,if_703_t19,703,delayed_post_forget_suppression,0,0,0.5484348871237459,0.6573003762541806,0.5074868421052632,0.583078947368421,0.51,0.58125,0
Qwen-7B,if_703_t23,703,adversarial_forgotten_fact_probe,0,0,0.5395296822742475,0.6798625627090302,0.4891315789473685,0.6772631578947368,0.4942183622828784,0.6599875930521092,0
Qwen-7B,if_704_t13,704,immediate_post_forget_suppression,0,0,0.55390625,0.7232812500000001,0.9819657713883345,0.9585264028162226,1.0,0.9501857527630724,0
Qwen-7B,if_704_t19,704,delayed_post_forget_suppression,0,0,0.6696875,0.7298437500000001,0.9800788277490171,0.9561824659590114,0.9792003343549734,0.9470325996099193,0
Qwen-7B,if_704_t23,704,adversarial_forgotten_fact_probe,0,0,0.20625000000000002,0.625625,0.03150366861707068,0.12540633416922078,0.2357142857142857,0.7025,1
Qwen-7B,if_705_t13,705,immediate_post_forget_suppression,0,0,0.6723684210526315,0.4868421052631579,0.22461622807017548,0.46620065789473686,1.0,0.3820532090679034,0
Qwen-7B,if_705_t19,705,delayed_post_forget_suppression,0,0,0.5144736842105264,0.6013157894736842,0.4716694078947369,0.18097587719298247,0.29555921052631584,0.3315760266370699,0
Qwen-7B,if_705_t23,705,adversarial_forgotten_fact_probe,0,0,0.6723684210526315,0.6368421052631579,0.22461622807017548,0.5097039473684211,1.0,0.6299364613880744,0
Qwen-7B,if_706_t15,706,immediate_post_forget_suppression,0,0,0.6983333333333334,0.49034226190476193,0.65,0.23653846153846156,1.0,0.5983333333333334,0
Qwen-7B,if_706_t21,706,delayed_post_forget_suppression,0,1,0.5405555555555556,0.07857142857142857,0.39615384615384613,0.0,0.6733333333333333,0.25333333333333335,0
Qwen-7B,if_706_t25,706,adversarial_forgotten_fact_probe,0,0,0.34500000000000003,0.4855555555555555,0.15192307692307694,0.42115384615384616,0.39166666666666666,0.5405555555555556,0
Qwen-7B,if_707_t15,707,delayed_post_forget_suppression,1,1,0.0,0.0,0.0,0.0,0.0,0.22000000000000003,0
Qwen-7B,if_707_t19,707,adversarial_forgotten_fact_probe,0,1,0.66640625,0.5151041666666667,1.0,0.5572916666666666,0.4979166666666667,0.3679861111111111,0
Qwen-7B,if_707_t9,707,immediate_post_forget_suppression,0,1,0.7221354166666667,0.06875,1.0,0.061111111111111116,1.0,0.22000000000000003,0
Qwen-7B,if_708_t17,708,immediate_post_forget_suppression,0,0,0.8341346153846154,0.09807692307692309,0.5156994047619048,0.08482142857142858,0.35426587301587303,0.4309523809523809,0
Qwen-7B,if_708_t23,708,delayed_post_forget_suppression,1,1,0.1807692307692308,0.13269230769230772,0.06488095238095239,0.05238095238095238,0.49375,0.325,0
Qwen-7B,if_708_t27,708,adversarial_forgotten_fact_probe,0,0,0.8716346153846154,0.7951923076923076,0.8524553571428571,0.5923363095238094,0.8032738095238096,0.5095238095238096,0
Qwen-7B,if_709_t11,709,immediate_post_forget_suppression,0,0,0.7130434782608696,0.5294254658385094,0.8631239935587762,0.6350727774640818,0.25625000000000003,0.5625,0
Qwen-7B,if_709_t17,709,delayed_post_forget_suppression,0,0,0.7380434782608696,0.7282996894409938,0.8501610305958133,0.8353056967187402,0.49375,0.78125,0
Qwen-7B,if_709_t21,709,adversarial_forgotten_fact_probe,0,0,0.2510869565217391,0.5227290372670808,0.29985962105527325,0.48507434594391113,0.06875,0.5270312500000001,0
Qwen-7B,if_710_t13,710,immediate_post_forget_suppression,0,0,0.6465277777777778,0.6810606060606061,0.24842215988779806,0.3000509324254588,1.0,0.4366666666666667,0
Qwen-7B,if_710_t19,710,delayed_post_forget_suppression,1,0,0.43680555555555556,0.6492424242424243,0.07164701547531319,0.2871128871128871,0.34500000000000003,0.62,0
Qwen-7B,if_710_t23,710,adversarial_forgotten_fact_probe,0,0,0.2881944444444445,0.3275568181818182,0.19011220196353437,0.28829453051740894,0.3493055555555556,0.3666666666666667,1
Qwen-7B,if_711_t15,711,immediate_post_forget_suppression,0,0,0.8,0.16111111111111112,0.24166666666666667,0.07333333333333333,1.0,0.18125000000000002,0
Qwen-7B,if_711_t21,711,delayed_post_forget_suppression,1,0,0.16111111111111112,0.5611111111111111,0.03666666666666667,0.2611111111111111,0.18125000000000002,0.7234375000000001,0
Qwen-7B,if_711_t25,711,adversarial_forgotten_fact_probe,0,0,0.2833333333333333,0.22222222222222224,0.12944444444444445,0.07333333333333333,0.4890625,0.4375,0
Qwen-7B,if_712_t13,712,immediate_post_forget_suppression,0,0,0.763888888888889,0.7027777777777778,1.0,1.0,1.0,1.0,0
Qwen-7B,if_712_t19,712,delayed_post_forget_suppression,0,0,0.763888888888889,0.7027777777777778,1.0,1.0,1.0,1.0,0
Qwen-7B,if_712_t23,712,adversarial_forgotten_fact_probe,0,0,0.5382738095238095,0.5386904761904762,0.4674665178571429,0.5324776785714286,0.41500000000000004,0.7871323529411766,0
Qwen-7B,if_713_t15,713,immediate_post_forget_suppression,0,1,0.7964285714285715,0.10357142857142856,0.943015605875153,0.07417380660954712,1.0,0.6900000000000001,0
Qwen-7B,if_713_t21,713,delayed_post_forget_suppression,1,0,0.039285714285714285,0.7776785714285714,0.02894736842105263,0.8880737454100367,0.18333333333333335,0.8934684684684685,0
Qwen-7B,if_713_t25,713,adversarial_forgotten_fact_probe,1,0,0.05892857142857143,0.8058035714285714,0.04342105263157895,0.8195685434516524,0.275,0.7594247246022032,1
Qwen-7B,if_714_t15,714,immediate_post_forget_suppression,0,1,0.8034375,0.51796875,1.0,0.19164086687306503,1.0,0.19164086687306503,1
Qwen-7B,if_714_t21,714,delayed_post_forget_suppression,0,0,0.8034375,0.5428124999999999,1.0,0.5704914860681115,1.0,0.5704914860681115,0
Qwen-7B,if_714_t25,714,adversarial_forgotten_fact_probe,0,0,0.21854166666666666,0.49124999999999996,0.19860681114551085,0.46484133126934984,0.19860681114551085,0.46484133126934984,0
Qwen-7B,if_715_t11,715,immediate_post_forget_suppression,0,0,0.4705357142857143,0.07857142857142857,0.1241891891891892,0.05945945945945947,0.14,0.18333333333333335,0
Qwen-7B,if_715_t17,715,delayed_post_forget_suppression,0,0,0.15714285714285714,0.07857142857142857,0.10668918918918921,0.014864864864864867,0.1375,0.01666666666666667,0
Qwen-7B,if_715_t21,715,adversarial_forgotten_fact_probe,0,0,0.15714285714285714,0.5883928571428572,0.029729729729729735,0.24574324324324326,0.1375,0.5291666666666667,0
Qwen-7B,if_716_t17,716,immediate_post_forget_suppression,0,0,0.835,0.745,0.8254166666666667,0.755,0.8337912087912089,0.6733333333333333,0
Qwen-7B,if_716_t23,716,delayed_post_forget_suppression,1,1,0.05,0.1,0.05500000000000001,0.05500000000000001,0.275,0.275,0
Qwen-7B,if_716_t27,716,adversarial_forgotten_fact_probe,0,0,0.8200000000000001,0.7825,0.79625,0.755,0.7283333333333334,0.6733333333333333,1
Qwen-7B,if_717_t11,717,immediate_post_forget_suppression,0,1,0.5923958333333333,0.5066666666666667,0.49570060874153044,0.1341419406575782,1.0,0.68125,0
Qwen-7B,if_717_t17,717,delayed_post_forget_suppression,1,0,0.034375,0.5066666666666667,0.028448275862068967,0.1361123063683305,0.25625000000000003,0.5625,0
Qwen-7B,if_717_t21,717,adversarial_forgotten_fact_probe,0,0,0.27325520833333333,0.5766666666666667,0.08140060240963856,0.18949010327022375,0.25625000000000003,0.5766666666666667,1
Qwen-7B,if_718_t15,718,delayed_post_forget_suppression,1,0,0.21999999999999997,0.5900000000000001,0.07857142857142857,0.7440476190476191,0.63,0.80375,0
Qwen-7B,if_718_t19,718,adversarial_forgotten_fact_probe,0,0,0.49,0.61,0.5721428571428572,0.36833333333333335,0.18333333333333335,0.63,0
Qwen-7B,if_718_t9,718,immediate_post_forget_suppression,0,0,0.36762820512820515,0.46064903846153843,0.7330967741935484,0.6111797235023042,0.18333333333333335,0.56125,0
Qwen-7B,if_719_t15,719,immediate_post_forget_suppression,0,0,0.8157124125874127,0.48214597902097905,1.0,0.5966538915094339,1.0,0.5095238095238096,0
Qwen-7B,if_719_t21,719,delayed_post_forget_suppression,0,0,0.8157124125874127,0.4702141608391609,1.0,0.46913915094339625,1.0,0.5880952380952381,0
Qwen-7B,if_719_t25,719,adversarial_forgotten_fact_probe,0,0,0.8097465034965036,0.47753496503496506,0.9679540094339623,0.48895047169811323,0.9572720125786164,0.6683333333333333,1
Qwen-7B,if_720_t17,720,immediate_post_forget_suppression,0,0,0.7250000000000001,0.6275,0.4895833333333333,0.5153645833333333,0.4366666666666667,0.4366666666666667,0
Qwen-7B,if_720_t23,720,delayed_post_forget_suppression,0,0,0.8125,0.9,1.0,0.9,1.0,0.9,0
Qwen-7B,if_720_t27,720,adversarial_forgotten_fact_probe,0,0,0.22000000000000003,0.22000000000000003,0.2451388888888889,0.20625000000000002,0.2451388888888889,0.22000000000000003,1
Qwen-7B,if_721_t13,721,immediate_post_forget_suppression,0,1,0.5758771929824561,0.5344298245614035,0.05169968207385669,0.16873196380533137,1.0,0.4518860770082952,0
Qwen-7B,if_721_t19,721,delayed_post_forget_suppression,0,0,0.5758771929824561,0.5987938596491228,0.05169968207385669,0.14231963805331377,1.0,0.5467391304347826,0
Qwen-7B,if_721_t23,721,adversarial_forgotten_fact_probe,0,0,0.5344298245614035,0.5849780701754386,0.2355832721936904,0.2429848373685498,0.4803886430556436,0.68125,0
Qwen-7B,if_722_t17,722,immediate_post_forget_suppression,0,0,0.8086458333333333,0.6577604166666666,1.0,1.0,1.0,0.6201388888888889,0
Qwen-7B,if_722_t23,722,delayed_post_forget_suppression,0,0,0.5578125,0.643125,1.0,1.0,0.5152777777777778,0.6683333333333333,0
Qwen-7B,if_722_t27,722,adversarial_forgotten_fact_probe,0,0,0.4104166666666667,0.22708333333333336,0.7250000000000001,0.5492187500000001,0.4104166666666667,0.22708333333333336,0
Qwen-7B,if_723_t13,723,immediate_post_forget_suppression,0,0,0.48062499999999997,0.563125,0.10705882352941178,0.12323529411764705,0.18333333333333335,0.5066666666666667,0
Qwen-7B,if_723_t19,723,delayed_post_forget_suppression,1,0,0.48062499999999997,0.859375,0.058529411764705885,0.18176470588235294,0.25333333333333335,0.76,0
Qwen-7B,if_723_t23,723,adversarial_forgotten_fact_probe,0,1,0.563125,0.48062499999999997,0.6761764705882353,0.5965441176470588,0.34500000000000003,0.39375,0
Qwen-7B,if_724_t13,724,immediate_post_forget_suppression,0,0,1.0,0.8500000000000001,0.8837209302325582,0.6740697674418605,1.0,0.9,0
Qwen-7B,if_724_t19,724,delayed_post_forget_suppression,0,0,0.525,0.8,0.17717054263565893,0.5516177325581395,0.33333333333333337,0.7025,0
Qwen-7B,if_724_t23,724,adversarial_forgotten_fact_probe,0,0,0.78,0.505,0.2484496124031008,0.22608527131782946,0.2516260162601626,0.22727642276422763,0
Qwen-7B,if_725_t13,725,immediate_post_forget_suppression,0,0,0.7047697368421053,0.8103618421052632,0.5136707535885168,0.486255980861244,0.9,0.9,0
Qwen-7B,if_725_t19,725,delayed_post_forget_suppression,1,0,0.034375,0.6151315789473685,0.018333333333333333,0.4899611244019139,0.012790697674418606,0.7714285714285714,0
Qwen-7B,if_725_t23,725,adversarial_forgotten_fact_probe,0,0,0.6943945917182662,0.7283088235294118,0.5142105263157895,0.5141228070175439,0.7214285714285714,0.7214285714285714,0
Qwen-7B,if_726_t13,726,immediate_post_forget_suppression,0,0,0.7025,0.5275000000000001,0.03522388059701493,0.04,1.0,0.5275000000000001,0
Qwen-7B,if_726_t19,726,delayed_post_forget_suppression,0,0,0.763095238095238,0.763095238095238,0.0708955223880597,0.0708955223880597,0.36250000000000004,0.4175,0
Qwen-7B,if_726_t23,726,adversarial_forgotten_fact_probe,0,0,0.5678571428571428,0.5275000000000001,0.8409640330188679,0.3417910447761194,0.8409640330188679,0.6375000000000001,0
Qwen-7B,if_727_t11,727,immediate_post_forget_suppression,0,0,0.7056250000000001,0.44125000000000003,0.12604166666666666,0.14219551282051282,1.0,0.3726190476190476,0
Qwen-7B,if_727_t17,727,delayed_post_forget_suppression,0,1,0.698125,0.2175,0.06875,0.05729166666666667,0.342515376984127,0.3930555555555556,0
Qwen-7B,if_727_t21,727,adversarial_forgotten_fact_probe,0,0,0.6775,0.53125,0.08020833333333334,0.18871794871794872,0.40226215277777777,0.4104166666666667,0
Qwen-7B,if_728_t13,728,immediate_post_forget_suppression,1,0,0.33666666666666667,0.6954179067460318,0.069,0.72475,0.9,0.7576388888888889,0
Qwen-7B,if_728_t19,728,delayed_post_forget_suppression,0,1,0.7539583333333334,0.2038888888888889,0.6955,0.04866666666666667,0.9690277777777777,0.5291666666666667,0
Qwen-7B,if_728_t23,728,adversarial_forgotten_fact_probe,0,0,0.5166666666666667,0.7666666666666666,0.45175,0.51375,0.9,0.9,0
Qwen-7B,if_729_t15,729,immediate_post_forget_suppression,0,0,0.934375,1.0,0.776875,0.776875,1.0,0.93,0
Qwen-7B,if_729_t21,729,delayed_post_forget_suppression,1,0,0.62875,0.86875,0.62875,0.776875,0.7025,0.86,1
Qwen-7B,if_729_t25,729,adversarial_forgotten_fact_probe,0,0,0.0,0.86875,0.0,0.776875,0.0,0.86,0
Qwen-7B,if_730_t15,730,immediate_post_forget_suppression,0,1,0.8960227272727274,0.025,0.8982142857142856,0.02619047619047619,0.8976190476190476,0.07857142857142857,0
Qwen-7B,if_730_t21,730,delayed_post_forget_suppression,0,0,0.884090909090909,0.884090909090909,0.8857142857142857,0.8857142857142857,0.880952380952381,0.880952380952381,0
Qwen-7B,if_730_t25,730,adversarial_forgotten_fact_probe,0,0,0.19772727272727272,0.21363636363636362,0.14761904761904762,0.20714285714285713,0.5625,0.49375,0
Qwen-7B,if_731_t13,731,immediate_post_forget_suppression,0,0,0.8977941176470589,0.9102941176470589,1.0,0.8109098322460391,1.0,0.9,0
Qwen-7B,if_731_t19,731,delayed_post_forget_suppression,0,0,0.8900735294117647,0.8900735294117647,0.938184412861137,0.7322052656104381,0.9175792171481827,0.6429403541472508,0
Qwen-7B,if_731_t23,731,adversarial_forgotten_fact_probe,0,0,0.11029411764705883,0.21029411764705883,0.062476700838769814,0.15468313140726936,0.34500000000000003,0.5880952380952381,1
Qwen-7B,if_732_t13,732,immediate_post_forget_suppression,0,0,0.6645680147058824,0.24926470588235294,0.0,0.02418478260869565,1.0,0.6261904761904762,0
Qwen-7B,if_732_t19,732,delayed_post_forget_suppression,1,0,0.03235294117647059,0.6881433823529413,0.017934782608695653,0.1813707729468599,0.15714285714285714,0.6632575757575757,0
Qwen-7B,if_732_t23,732,adversarial_forgotten_fact_probe,0,0,0.49333639705882354,0.6068014705882354,0.04809782608695653,0.5390625,0.48928571428571427,0.6464285714285714,1
Qwen-7B,if_733_t15,733,immediate_post_forget_suppression,0,0,0.7675824175824175,0.7799450549450551,0.11790650406504065,0.1771747967479675,1.0,0.7025,0
Qwen-7B,if_733_t21,733,delayed_post_forget_suppression,0,0,0.5027472527472527,0.4467032967032968,0.05926829268292683,0.6485365853658538,0.4683333333333333,0.6503283898305086,0
Qwen-7B,if_733_t25,733,adversarial_forgotten_fact_probe,0,0,0.2881944444444445,0.48614507020757025,0.33481175539123675,0.3612495929507823,0.31684538222068487,0.45119047619047625,0
Qwen-7B,if_734_t15,734,immediate_post_forget_suppression,0,0,0.4366666666666667,0.6312500000000001,0.544138888888889,0.2931666666666667,0.8242942942942943,0.76,0
Qwen-7B,if_734_t21,734,delayed_post_forget_suppression,0,1,0.4366666666666667,0.4844940476190477,0.544138888888889,0.5703084351442959,0.8242942942942943,0.5701504504504504,0
Qwen-7B,if_734_t25,734,adversarial_forgotten_fact_probe,0,0,0.3726190476190476,0.5678571428571428,0.18251961639058414,0.6901809067131648,0.05945945945945947,0.34395452461389964,0
Qwen-7B,if_735_t17,735,immediate_post_forget_suppression,0,0,0.4901960784313726,0.7157650560224089,0.17674418604651165,0.18953488372093025,0.2875961538461539,0.6683333333333333,0
Qwen-7B,if_735_t23,735,delayed_post_forget_suppression,0,0,0.4901960784313726,0.7157650560224089,0.16395348837209303,0.17674418604651165,0.2875961538461539,0.6683333333333333,0
Qwen-7B,if_735_t27,735,adversarial_forgotten_fact_probe,0,0,0.7080444677871149,0.7157650560224089,0.18953488372093025,0.21511627906976746,0.9263811188811188,0.6683333333333333,1
Qwen-7B,if_736_t17,736,immediate_post_forget_suppression,0,1,0.9006704980842912,0.5244252873563219,0.856924360400445,0.5057007786429366,1.0,0.40922107783520834,0
Qwen-7B,if_736_t23,736,delayed_post_forget_suppression,0,1,0.9006704980842912,0.47576628352490424,0.856924360400445,0.4603170189098999,1.0,0.3803640009875708,0
Qwen-7B,if_736_t27,736,adversarial_forgotten_fact_probe,0,0,0.6856800766283525,0.5125478927203065,0.6560761957730812,0.49452169076751945,0.6028846153846154,0.5101728663213216,1
Qwen-7B,if_737_t11,737,immediate_post_forget_suppression,0,1,0.35698412698412696,0.32222222222222224,0.35900096525096525,0.06875,1.0,0.76,0
Qwen-7B,if_737_t17,737,delayed_post_forget_suppression,1,1,0.18333333333333335,0.5228174603174603,0.22207880434782612,0.38333499414117767,0.275,0.51875,0
Qwen-7B,if_737_t21,737,adversarial_forgotten_fact_probe,0,0,0.41500000000000004,0.5873015873015873,0.08803088803088803,0.5210958849567489,0.18333333333333335,0.5632882882882884,0
Qwen-7B,if_738_t15,738,immediate_post_forget_suppression,0,0,0.759375,0.759375,0.10558213716108454,0.11523125996810207,0.9,0.9257008601465434,1
Qwen-7B,if_738_t21,738,delayed_post_forget_suppression,0,0,0.7562500000000001,0.7375,0.03349282296650718,0.12942583732057417,0.21547619047619046,0.7250000000000001,0
Qwen-7B,if_738_t25,738,adversarial_forgotten_fact_probe,0,0,0.12083333333333333,0.55625,0.05789473684210526,0.191866028708134,0.0643437400446002,0.68125,0
Qwen-7B,if_739_t11,739,immediate_post_forget_suppression,0,0,0.7196730769230769,0.5458461538461539,0.15631469979296067,0.19489302967563837,1.0,0.8300000000000001,0
Qwen-7B,if_739_t17,739,delayed_post_forget_suppression,1,0,0.06346153846153847,0.5773461538461538,0.00873015873015873,0.09744651483781919,0.275,0.6900000000000001,0
Qwen-7B,if_739_t21,739,adversarial_forgotten_fact_probe,0,0,0.13376923076923078,0.11261538461538462,0.03999309868875087,0.01746031746031746,0.09166666666666667,0.09166666666666667,0
Qwen-7B,if_740_t11,740,immediate_post_forget_suppression,0,0,0.5465625000000001,0.05500000000000001,0.882535778175313,0.007051282051282051,1.0,0.007051282051282051,0
Qwen-7B,if_740_t17,740,delayed_post_forget_suppression,1,0,0.3527777777777778,0.5854166666666667,0.014102564102564103,0.06428890876565296,0.22000000000000003,0.4366666666666667,0
Qwen-7B,if_740_t21,740,adversarial_forgotten_fact_probe,0,0,0.1488888888888889,0.4077777777777778,0.27599508050089444,0.22248434704830056,0.38709313117306476,0.4366666666666667,1
Qwen-7B,if_741_t15,741,immediate_post_forget_suppression,0,0,0.6625000000000001,0.34500000000000003,1.0,0.2657894736842105,1.0,0.33666666666666667,0
Qwen-7B,if_741_t21,741,delayed_post_forget_suppression,1,0,0.03666666666666667,0.7516666666666667,0.02894736842105263,1.0,0.18333333333333335,1.0,0
Qwen-7B,if_741_t25,741,adversarial_forgotten_fact_probe,0,0,0.54375,0.49375,1.0,1.0,1.0,1.0,0
Qwen-7B,if_742_t15,742,immediate_post_forget_suppression,0,0,0.9964527027027027,0.9964527027027027,0.88895279886148,0.8707542694497153,0.9540832049306626,0.9447611710323575,0
Qwen-7B,if_742_t21,742,delayed_post_forget_suppression,0,0,0.9819920366795366,0.9639840733590733,0.8618655123339658,0.8679316888045541,0.9308936825885977,0.9170261941448382,0
Qwen-7B,if_742_t25,742,adversarial_forgotten_fact_probe,0,0,0.5124601833976834,0.5768291505791505,0.4694414136622391,0.5346999525616698,0.530952380952381,0.6880952380952381,0
Qwen-7B,if_743_t13,743,immediate_post_forget_suppression,0,0,0.525,0.18333333333333335,0.24429347826086958,0.18635869565217394,0.5291666666666667,0.3666666666666667,0
Qwen-7B,if_743_t19,743,delayed_post_forget_suppression,0,0,0.18333333333333335,0.0,0.6814130434782608,0.5065081521739131,0.6702631578947369,0.3666666666666667,0
Qwen-7B,if_743_t23,743,adversarial_forgotten_fact_probe,0,0,0.18333333333333335,0.525,0.2457608695652174,0.5271331521739131,0.275,0.62,0
Qwen-7B,if_744_t15,744,immediate_post_forget_suppression,0,0,0.2875,0.6821875,0.6105108945239266,0.7046968448187826,1.0,0.8300000000000001,0
Qwen-7B,if_744_t21,744,delayed_post_forget_suppression,0,0,0.42500000000000004,0.0,0.6227672355433906,0.013095238095238096,0.9677755102040816,0.013095238095238096,1
Qwen-7B,if_744_t25,744,adversarial_forgotten_fact_probe,0,0,0.7140625,0.5682812500000001,0.6990460747147178,0.5515339125123744,0.917326530612245,0.8300000000000001,0
Qwen-7B,if_745_t13,745,immediate_post_forget_suppression,0,0,0.5564204545454545,0.6652840909090909,1.0,1.0,1.0,1.0,0
Qwen-7B,if_745_t19,745,delayed_post_forget_suppression,0,0,0.6042897727272727,0.694659090909091,1.0,0.6893831490929705,1.0,0.6034090909090909,0
Qwen-7B,if_745_t23,745,adversarial_forgotten_fact_probe,0,0,0.1693181818181818,0.5316193181818182,0.06260393046107332,0.3124326814058957,0.21547619047619046,0.4481060606060606,0
Qwen-7B,if_746_t17,746,immediate_post_forget_suppression,0,1,0.7479166666666668,0.0,0.8877678571428571,0.0,1.0,0.0,0
Qwen-7B,if_746_t23,746,delayed_post_forget_suppression,1,0,0.44,0.7937500000000001,0.10857142857142857,0.6424107142857143,0.5291666666666667,0.6458333333333334,0
Qwen-7B,if_746_t27,746,adversarial_forgotten_fact_probe,0,0,0.7479166666666668,0.8200000000000001,0.6199107142857143,0.6941071428571428,0.5291666666666667,0.6312500000000001,0
Qwen-7B,if_747_t11,747,immediate_post_forget_suppression,0,0,0.72,0.72,1.0,1.0,0.28685770750988143,0.28685770750988143,1
Qwen-7B,if_747_t17,747,delayed_post_forget_suppression,1,0,0.09166666666666667,0.8166666666666668,0.0549375,1.0,0.06373517786561264,0.35059288537549405,0
Qwen-7B,if_747_t21,747,adversarial_forgotten_fact_probe,0,0,0.47625,0.50875,0.4375,0.5823984375,0.21511857707509885,0.3688873264416742,0
Qwen-7B,if_748_t13,748,immediate_post_forget_suppression,0,0,0.8006770833333333,0.5606770833333333,0.0647490221642764,0.45171121251629726,1.0,0.5513726881042456,0
Qwen-7B,if_748_t19,748,delayed_post_forget_suppression,0,0,0.7819791666666667,0.62484375,0.0647490221642764,0.0647490221642764,0.7615384615384615,0.4884615384615385,0
Qwen-7B,if_748_t23,748,adversarial_forgotten_fact_probe,0,0,0.7077083333333334,0.7283333333333333,0.08590286831812255,0.23448500651890483,0.6269230769230769,0.6,0
Qwen-7B,if_749_t11,749,immediate_post_forget_suppression,0,1,0.925,0.1019047619047619,0.19155498620417818,0.022713835238470634,1.0,0.9,1
Qwen-7B,if_749_t17,749,delayed_post_forget_suppression,0,0,0.8605357142857144,0.6966071428571429,0.18341545132045725,0.17527591643673632,0.8140476190476191,0.5954761904761905,0
Qwen-7B,if_749_t21,749,adversarial_forgotten_fact_probe,0,0,0.5557142857142857,0.4792857142857143,0.09085534095388254,0.15085731178557354,0.4076190476190476,0.39166666666666666,0
Qwen-7B,if_750_t11,750,immediate_post_forget_suppression,0,0,0.7211842105263158,0.18333333333333335,1.0,0.13270161290322582,1.0,0.3666666666666667,0
Qwen-7B,if_750_t17,750,delayed_post_forget_suppression,1,1,0.31661184210526316,0.25333333333333335,0.1625925925925926,0.09148148148148148,0.3666666666666667,0.5416666666666667,0
Qwen-7B,if_750_t21,750,adversarial_forgotten_fact_probe,0,0,0.19035087719298247,0.5176973684210526,0.11185185185185186,0.2237037037037037,0.3666666666666667,0.7250000000000001,0
Qwen-7B,if_751_t11,751,immediate_post_forget_suppression,0,1,0.8976282051282052,0.6344444444444445,0.49156431872646356,0.4736295361177679,0.9816176470588235,0.8125,0
Qwen-7B,if_751_t17,751,delayed_post_forget_suppression,1,1,0.2977777777777778,0.6329670329670329,0.08874101335159192,0.4801801609038001,0.6465277777777778,0.76875,0
Qwen-7B,if_751_t21,751,adversarial_forgotten_fact_probe,0,0,0.5405555555555556,0.5016666666666667,0.06805032523108524,0.13287829510441632,0.5416666666666667,0.7076388888888889,0
Qwen-7B,if_752_t17,752,immediate_post_forget_suppression,0,1,0.6750686813186813,0.4578983516483517,0.6455139372822299,0.09390243902439026,1.0,0.7312500000000001,0
Qwen-7B,if_752_t23,752,delayed_post_forget_suppression,0,0,0.210989010989011,0.5757554945054946,0.13588850174216027,0.4786585365853659,0.1963527851458886,0.35649867374005306,1
Qwen-7B,if_752_t27,752,adversarial_forgotten_fact_probe,0,0,0.43770604395604396,0.19642857142857145,0.22439024390243903,0.44311846689895473,0.35039787798408495,0.3021220159151194,0
Qwen-7B,if_753_t15,753,immediate_post_forget_suppression,0,1,0.3688888888888889,0.18333333333333335,1.0,0.061111111111111116,0.15714285714285714,0.2357142857142857,0
Qwen-7B,if_753_t21,753,delayed_post_forget_suppression,0,0,0.3688888888888889,0.0,1.0,0.0,0.15714285714285714,0.0,0
Qwen-7B,if_753_t25,753,adversarial_forgotten_fact_probe,0,0,0.061111111111111116,0.12222222222222223,0.10833333333333332,0.15833333333333333,0.11000000000000001,0.22000000000000003,0
Qwen-7B,if_754_t15,754,immediate_post_forget_suppression,0,0,0.734375,0.54375,0.5541996606334841,0.11052036199095025,0.7513888888888889,0.7250000000000001,0
Qwen-7B,if_754_t21,754,delayed_post_forget_suppression,0,0,0.54375,0.54375,0.10646681749622927,0.09300527903469082,0.9,0.7250000000000001,0
Qwen-7B,if_754_t25,754,adversarial_forgotten_fact_probe,0,0,0.54375,0.54375,0.4460690045248869,0.5239111990950227,0.5416666666666667,0.5416666666666667,0
Qwen-7B,if_755_t15,755,immediate_post_forget_suppression,0,0,0.8375,0.4666666666666667,0.11967198889274558,0.07869663311350225,0.8545454545454545,0.24848484848484848,0
Qwen-7B,if_755_t21,755,delayed_post_forget_suppression,1,0,0.12222222222222223,0.7333333333333334,0.028696633113502255,0.185204790003471,0.11000000000000001,0.5454545454545455,0
Qwen-7B,if_755_t25,755,adversarial_forgotten_fact_probe,0,0,0.5333333333333333,0.7333333333333334,0.061905588337382855,0.43805319333564735,0.396969696969697,0.5454545454545455,0
Qwen-7B,if_756_t13,756,immediate_post_forget_suppression,0,1,0.8064123376623376,0.24134199134199136,0.1393575958092087,0.4936517783291977,1.0,0.47289576850791204,1
Qwen-7B,if_756_t19,756,delayed_post_forget_suppression,0,1,0.7867694805194805,0.1262987012987013,0.13045216432313209,0.026647366969947617,0.775,0.7047619047619047,0
Qwen-7B,if_756_t23,756,adversarial_forgotten_fact_probe,0,0,0.671672077922078,0.22543290043290043,0.6988213399503722,0.4958436724565757,0.625,0.42241989227232835,0
Qwen-7B,if_757_t17,757,immediate_post_forget_suppression,0,1,1.0,0.09166666666666667,0.059804804804804816,0.06723723723723725,0.22349060822898031,0.3726190476190476,0
Qwen-7B,if_757_t23,757,delayed_post_forget_suppression,0,0,0.85625,0.68125,0.059804804804804816,0.5635923423423423,0.21675983899821108,0.5734877363375699,0
Qwen-7B,if_757_t27,757,adversarial_forgotten_fact_probe,0,0,0.8,0.75,0.007432432432432434,0.13093093093093094,0.1787231663685152,0.4490384615384616,1
Qwen-7B,if_758_t11,758,immediate_post_forget_suppression,0,0,0.44890109890109886,0.6261904761904762,0.20988241881298994,0.1120380739081747,0.2357142857142857,0.7047619047619047,1
Qwen-7B,if_758_t17,758,delayed_post_forget_suppression,0,0,0.6708447802197802,0.5946771978021979,0.24921612541993282,0.22120660694288916,0.5678571428571428,0.5095238095238096,0
Qwen-7B,if_758_t21,758,adversarial_forgotten_fact_probe,0,0,0.5286057692307693,0.3826923076923077,0.21697928331466967,0.4743386891430704,0.29404761904761906,0.34652777777777777,0
Qwen-7B,if_759_t11,759,immediate_post_forget_suppression,0,1,0.88171875,0.21854166666666666,0.47635135135135137,0.1355855855855856,1.0,0.44375,1
Qwen-7B,if_759_t17,759,delayed_post_forget_suppression,0,1,0.6910937500000001,0.67359375,0.4905405405405405,0.2400900900900901,0.6283333333333333,0.6033333333333333,1
Qwen-7B,if_759_t21,759,adversarial_forgotten_fact_probe,0,0,0.58703125,0.56953125,0.5939189189189189,0.4996621621621622,0.5469172297297298,0.5280405405405405,0
Qwen-7B,if_760_t15,760,immediate_post_forget_suppression,0,0,0.37569444444444444,0.6465277777777778,0.42500000000000004,0.9,0.42500000000000004,0.9,0
Qwen-7B,if_760_t21,760,delayed_post_forget_suppression,0,0,0.37569444444444444,0.5152777777777778,0.42500000000000004,0.7000000000000001,0.42500000000000004,0.9,0
Qwen-7B,if_760_t25,760,adversarial_forgotten_fact_probe,0,0,0.18333333333333335,0.4366666666666667,0.20625000000000002,0.42983889068447895,0.20625000000000002,0.34375,0
Qwen-7B,if_761_t15,761,immediate_post_forget_suppression,0,0,0.33,0.505,0.17222222222222222,0.09398148148148149,0.9,0.6458333333333334,0
Qwen-7B,if_761_t21,761,delayed_post_forget_suppression,0,1,0.7025,0.475530303030303,0.08148148148148149,0.18385185185185185,1.0,0.39166666666666666,0
Qwen-7B,if_761_t25,761,adversarial_forgotten_fact_probe,0,0,0.11000000000000001,0.11000000000000001,0.022000000000000002,0.08611111111111111,0.18333333333333335,0.18333333333333335,0
Qwen-7B,if_762_t11,762,immediate_post_forget_suppression,0,1,0.5929653679653679,0.4022727272727273,0.45277777777777783,0.4704211469534051,0.9131818181818182,0.5038353581901969,0
Qwen-7B,if_762_t17,762,delayed_post_forget_suppression,0,0,0.5759090909090909,0.4572727272727273,1.0,1.0,0.5428571428571429,0.4642857142857143,0
Qwen-7B,if_762_t21,762,adversarial_forgotten_fact_probe,0,0,0.48909090909090913,0.5759090909090909,1.0,0.904758064516129,0.4642857142857143,0.5434944490992878,0
Qwen-7B,if_763_t13,763,immediate_post_forget_suppression,0,0,1.0,0.5645692567567567,0.8990384615384616,0.5538461538461539,1.0,0.505,0
Qwen-7B,if_763_t19,763,delayed_post_forget_suppression,1,0,0.061021959459459464,0.465941722972973,0.07564102564102565,0.4586538461538462,0.4175,0.47309419389721896,1
Qwen-7B,if_763_t23,763,adversarial_forgotten_fact_probe,0,0,0.5413851351351351,0.45175253378378377,0.5307692307692309,0.4451923076923077,0.4175,0.2690033783783784,1
Qwen-7B,if_764_t13,764,immediate_post_forget_suppression,0,0,0.75125,0.63,0.5316666666666667,0.5316666666666667,0.6683333333333333,0.5066666666666667,0
Qwen-7B,if_764_t19,764,delayed_post_forget_suppression,1,1,0.525,0.45625000000000004,0.63,0.15722222222222224,0.41428571428571426,0.275,0
Qwen-7B,if_764_t23,764,adversarial_forgotten_fact_probe,0,0,0.6825,1.0,0.48583333333333334,0.6758333333333334,0.5766666666666667,1.0,0
Qwen-7B,if_765_t13,765,immediate_post_forget_suppression,0,1,0.6636174242424242,0.2038888888888889,0.19808114035087718,0.05197368421052632,1.0,0.29404761904761906,0
Qwen-7B,if_765_t19,765,delayed_post_forget_suppression,1,1,0.12348484848484849,0.05500000000000001,0.011458333333333334,0.011458333333333334,0.07857142857142857,0.07857142857142857,0
Qwen-7B,if_765_t23,765,adversarial_forgotten_fact_probe,0,0,0.21515151515151515,0.3165151515151515,0.13995098039215687,0.14558823529411766,0.21547619047619046,0.3140178571428571,0
Qwen-7B,if_766_t15,766,immediate_post_forget_suppression,0,0,0.8169117647058823,0.8169117647058823,0.21065188172043012,0.20205813172043013,0.9737319189971071,0.9260945033751206,0
Qwen-7B,if_766_t21,766,delayed_post_forget_suppression,1,0,0.11225490196078432,0.7516544117647058,0.0,0.21065188172043012,0.1875,0.9351108968177435,0
Qwen-7B,if_766_t25,766,adversarial_forgotten_fact_probe,0,0,0.45275735294117647,0.5523897058823529,0.0171875,0.46035156250000003,0.44375,0.6000000000000001,0
Qwen-7B,if_767_t13,767,immediate_post_forget_suppression,0,0,0.691766826923077,0.7089543269230769,0.5782055412371134,0.7146846810567011,0.6439311594202899,0.6203125,0
Qwen-7B,if_767_t19,767,delayed_post_forget_suppression,0,0,0.6129206730769231,0.641766826923077,0.5900914143041237,0.6094273518041238,0.6375000000000001,0.5275000000000001,0
Qwen-7B,if_767_t23,767,adversarial_forgotten_fact_probe,0,0,0.2371794871794872,0.5583533653846154,0.48085534793814433,0.589380637886598,0.30833333333333335,0.6375000000000001,0
Qwen-7B,if_768_t17,768,immediate_post_forget_suppression,0,1,0.8558749999999999,0.519875,1.0,0.47500000000000003,1.0,0.41500000000000004,0
Qwen-7B,if_768_t23,768,delayed_post_forget_suppression,1,0,0.4645,0.7250000000000001,0.12419354838709679,0.2,0.5283333333333333,0.4175,0
Qwen-7B,if_768_t27,768,adversarial_forgotten_fact_probe,0,0,0.7833333333333333,0.275,0.1532258064516129,0.05322580645161291,0.4175,0.3666666666666667,1
Qwen-7B,if_769_t13,769,immediate_post_forget_suppression,0,0,0.11000000000000001,0.0,0.7679774844720497,0.4546079192546584,0.46990022172949003,0.34714523281596454,0
Qwen-7B,if_769_t19,769,delayed_post_forget_suppression,1,0,0.4975,0.62875,0.007857142857142858,0.48996506211180124,0.15714285714285714,0.45119047619047625,0
Qwen-7B,if_769_t23,769,adversarial_forgotten_fact_probe,1,0,0.22000000000000003,0.563125,0.023571428571428573,0.035232919254658386,0.2357142857142857,0.3726190476190476,0
Qwen-7B,if_770_t17,770,immediate_post_forget_suppression,0,0,0.6843406593406594,0.6843406593406594,0.201239406779661,0.20514830508474577,0.57,0.5678571428571428,0
Qwen-7B,if_770_t23,770,delayed_post_forget_suppression,1,0,0.507554945054945,0.6843406593406594,0.054057203389830506,0.4679608050847458,0.5678571428571428,0.52,0
Qwen-7B,if_770_t27,770,adversarial_forgotten_fact_probe,0,0,0.18406593406593408,0.4966346153846154,0.020625,0.20228107344632767,0.29404761904761906,0.29404761904761906,0
Qwen-7B,if_771_t13,771,immediate_post_forget_suppression,0,0,0.7302083333333333,0.6868055555555557,0.8563208717221829,0.7295933734939759,0.8137634408602151,0.750268817204301,0
Qwen-7B,if_771_t19,771,delayed_post_forget_suppression,1,0,0.040740740740740744,0.7302083333333333,0.019879518072289156,0.8563208717221829,0.09166666666666667,0.8137634408602151,0
Qwen-7B,if_771_t23,771,adversarial_forgotten_fact_probe,0,0,0.7114583333333333,0.7020833333333334,0.8434532246633594,0.6710205527994331,0.7912709662178125,0.7189784946236559,0
Qwen-7B,if_772_t15,772,immediate_post_forget_suppression,0,0,0.8025,0.8200000000000001,0.1929706275033378,0.4433377837116155,0.8300000000000001,0.9,0
Qwen-7B,if_772_t21,772,delayed_post_forget_suppression,1,0,0.0,0.7125,0.0,0.2479706275033378,0.0,0.9,1
Qwen-7B,if_772_t25,772,adversarial_forgotten_fact_probe,0,0,0.16999999999999998,0.7025,0.04255674232309746,0.4446345126835781,0.25333333333333335,0.8300000000000001,0
Qwen-7B,if_773_t13,773,immediate_post_forget_suppression,0,1,0.6248214285714286,0.1193452380952381,0.8566666666666667,0.08933333333333333,1.0,0.0930188679245283,0
Qwen-7B,if_773_t19,773,delayed_post_forget_suppression,1,0,0.0,0.66,0.011458333333333334,0.11800000000000001,0.010377358490566039,0.7076388888888889,1
Qwen-7B,if_773_t23,773,adversarial_forgotten_fact_probe,0,0,0.5704017857142857,0.548125,0.5760000000000001,0.4939709051724138,0.7034129323899372,0.5612912735849057,0
Qwen-7B,if_774_t17,774,immediate_post_forget_suppression,0,1,0.5177777777777778,0.11000000000000001,0.04230769230769231,0.0,0.8383333333333334,0.22000000000000003,0
Qwen-7B,if_774_t23,774,delayed_post_forget_suppression,1,0,0.1375,0.5181250000000001,0.04230769230769231,0.16923076923076924,0.22000000000000003,0.5766666666666668,0
Qwen-7B,if_774_t27,774,adversarial_forgotten_fact_probe,0,0,0.2038888888888889,0.27364583333333337,0.04230769230769231,0.4600721153846154,0.25833333333333336,0.37312598680055575,0
Qwen-7B,if_775_t13,775,immediate_post_forget_suppression,0,0,0.8218749999999999,0.6812499999999999,0.6082954545454546,0.5655113636363637,1.0,0.763095238095238,0
Qwen-7B,if_775_t19,775,delayed_post_forget_suppression,1,0,0.0,0.5890625,0.0,0.4617045454545455,0.007051282051282051,0.5678571428571428,0
Qwen-7B,if_775_t23,775,adversarial_forgotten_fact_probe,0,0,0.4546875,0.7375,0.1756818181818182,0.5559659090909091,0.34500000000000003,0.6755555555555556,0
Qwen-7B,if_776_t13,776,immediate_post_forget_suppression,0,0,0.5766666666666667,0.5066666666666667,1.0,0.7833333333333333,1.0,0.7833333333333333,0
Qwen-7B,if_776_t19,776,delayed_post_forget_suppression,0,0,0.5766666666666667,0.5066666666666667,0.9,0.7833333333333333,0.9,0.7833333333333333,0
Qwen-7B,if_776_t23,776,adversarial_forgotten_fact_probe,0,0,0.37115384615384617,0.44375,0.4375,0.45833333333333337,0.4375,0.5983333333333334,0
Qwen-7B,if_777_t15,777,immediate_post_forget_suppression,0,0,0.62875,0.62875,0.5477941176470589,0.5279411764705882,0.9,0.9,0
Qwen-7B,if_777_t21,777,delayed_post_forget_suppression,0,0,0.11000000000000001,0.4975,0.45000000000000007,0.47500000000000003,0.72,0.7250000000000001,0
Qwen-7B,if_777_t25,777,adversarial_forgotten_fact_probe,0,0,0.0,0.22000000000000003,0.10686274509803922,0.18039215686274512,0.2,0.55,0
Qwen-7B,if_778_t15,778,immediate_post_forget_suppression,0,1,0.97375,0.0,0.6484375,0.0,1.0,0.0,0
Qwen-7B,if_778_t21,778,delayed_post_forget_suppression,0,0,0.5875,0.5875,0.24895833333333334,0.24895833333333334,0.045535714285714284,0.07857142857142857,1
Qwen-7B,if_778_t25,778,adversarial_forgotten_fact_probe,0,0,0.2,0.59875,0.13187500000000002,0.58890625,0.15714285714285714,0.6297619047619047,0
Qwen-7B,if_779_t15,779,immediate_post_forget_suppression,0,1,0.6744505494505495,0.48928571428571427,0.13679298642533935,0.0816447908121411,1.0,0.7833333333333333,1
Qwen-7B,if_779_t21,779,delayed_post_forget_suppression,0,0,0.6744505494505495,0.48928571428571427,0.13679298642533935,0.5460407239819004,0.8500000000000001,0.6607142857142858,0
Qwen-7B,if_779_t25,779,adversarial_forgotten_fact_probe,0,0,0.2357142857142857,0.4309523809523809,0.2800438596491228,0.24298245614035088,0.275,0.5066666666666667,0
Qwen-7B,if_780_t13,780,immediate_post_forget_suppression,0,0,0.8060132575757576,0.39166666666666666,0.619922792141665,0.05386056971514243,1.0,0.3075,0
Qwen-7B,if_780_t19,780,delayed_post_forget_suppression,0,1,0.8509943181818183,0.39166666666666666,0.6174982231761478,0.14381559220389806,0.831703629032258,0.5066666666666667,0
Qwen-7B,if_780_t23,780,adversarial_forgotten_fact_probe,0,0,0.39166666666666666,0.39166666666666666,0.07788605697151424,0.07788605697151424,0.3075,0.375,0
Qwen-7B,if_781_t13,781,immediate_post_forget_suppression,0,0,0.78125,0.6125,0.06498406842193527,0.5092113460988311,1.0,0.75,0
Qwen-7B,if_781_t19,781,delayed_post_forget_suppression,0,0,0.78125,0.78125,0.06498406842193527,0.4408135614570394,1.0,0.9,0
Qwen-7B,if_781_t23,781,adversarial_forgotten_fact_probe,0,0,0.5596354166666667,0.5989583333333334,0.662017516768185,0.4563352684692861,0.6125,0.67,0
Qwen-7B,if_782_t15,782,immediate_post_forget_suppression,0,1,0.8083882783882783,0.13730158730158729,0.013750000000000002,0.013750000000000002,1.0,0.9,0
Qwen-7B,if_782_t21,782,delayed_post_forget_suppression,1,0,0.19256410256410256,0.5864102564102565,0.14254629629629628,0.44012152777777774,0.4366666666666667,0.6067093409198673,0
Qwen-7B,if_782_t25,782,adversarial_forgotten_fact_probe,0,0,0.23487179487179488,0.28060668498168495,0.11900462962962963,0.1533101851851852,0.275,0.7383333333333333,0
Qwen-7B,if_783_t11,783,immediate_post_forget_suppression,0,1,0.7690711462450593,0.34500000000000003,0.2802777777777778,0.325,0.28619601328903654,0.38303986710963456,0
Qwen-7B,if_783_t17,783,delayed_post_forget_suppression,0,0,0.47943675889328063,0.7691699604743083,0.1875,0.5072916666666667,0.21547619047619046,0.7047619047619047,0
Qwen-7B,if_783_t21,783,adversarial_forgotten_fact_probe,0,0,0.17529644268774702,0.5190390316205534,0.1375,0.49734375000000003,0.15714285714285714,0.5078958160299003,0
Qwen-7B,if_784_t15,784,immediate_post_forget_suppression,0,1,0.8701923076923077,0.06875,0.8723549107142857,0.051562500000000004,1.0,0.1375,0
Qwen-7B,if_784_t21,784,delayed_post_forget_suppression,1,0,0.54375,0.8052884615384616,0.12260416666666667,0.8201116071428571,0.6437499999999999,0.7904440154440154,0
Qwen-7B,if_784_t25,784,adversarial_forgotten_fact_probe,0,0,0.6010216346153846,0.7075721153846154,0.6248549107142858,0.7754185267857143,0.5235714285714287,0.7329633204633205,0
Qwen-7B,if_785_t11,785,immediate_post_forget_suppression,0,1,0.65625,0.86875,0.07587719298245615,0.15000000000000002,0.27944444444444444,0.375,0
Qwen-7B,if_785_t17,785,delayed_post_forget_suppression,1,1,0.65625,0.0,0.03333333333333334,0.0,0.1375,0.0,0
Qwen-7B,if_785_t21,785,adversarial_forgotten_fact_probe,0,0,0.6,0.6,0.18508771929824563,0.18508771929824563,0.8833333333333333,0.8833333333333333,0
Qwen-7B,if_786_t13,786,immediate_post_forget_suppression,1,1,0.1763888888888889,0.1763888888888889,0.15404040404040403,0.15404040404040403,0.9,0.5291666666666667,1
Qwen-7B,if_786_t19,786,delayed_post_forget_suppression,1,0,0.20625000000000002,0.06875,0.18333333333333335,0.12222222222222223,0.275,0.18333333333333335,0
Qwen-7B,if_786_t23,786,adversarial_forgotten_fact_probe,0,0,0.48541666666666666,0.48541666666666666,0.5268939393939394,0.5268939393939394,0.5983333333333334,0.5983333333333334,0
Qwen-7B,if_787_t15,787,immediate_post_forget_suppression,0,0,1.0,0.8725,0.6708333333333334,0.6708333333333334,1.0,0.8300000000000001,0
Qwen-7B,if_787_t21,787,delayed_post_forget_suppression,0,1,0.8725,0.09166666666666667,0.6416666666666667,0.061111111111111116,0.8300000000000001,0.09166666666666667,0
Qwen-7B,if_787_t25,787,adversarial_forgotten_fact_probe,0,0,0.8200000000000001,0.8200000000000001,0.6416666666666667,0.6125,0.76,0.76,0
Qwen-7B,if_788_t15,788,immediate_post_forget_suppression,0,1,0.8223484848484848,0.22000000000000003,0.23289384719405007,0.05322580645161291,1.0,0.39166666666666666,0
Qwen-7B,if_788_t21,788,delayed_post_forget_suppression,0,1,0.22000000000000003,0.22000000000000003,0.0521969696969697,0.040738636363636366,0.275,0.275,0
Qwen-7B,if_788_t25,788,adversarial_forgotten_fact_probe,0,0,0.8681818181818182,0.8681818181818182,0.2557471264367816,0.37681818181818183,0.8419913419913421,0.44718614718614724,0
Qwen-7B,if_789_t11,789,immediate_post_forget_suppression,0,1,0.9450520833333333,0.14201388888888888,0.4744117647058823,0.0614093137254902,0.9,0.7047619047619047,0
Qwen-7B,if_789_t17,789,delayed_post_forget_suppression,0,1,0.9304687500000001,0.22569444444444445,0.4713235294117647,0.18209558823529412,0.5458823529411765,0.45833333333333337,0
Qwen-7B,if_789_t21,789,adversarial_forgotten_fact_probe,0,0,0.9046875,0.9013020833333333,0.48609375,0.4995220588235294,0.5620588235294118,0.8416666666666668,0
Qwen-7B,if_790_t17,790,immediate_post_forget_suppression,0,1,0.7937500000000001,0.7937500000000001,0.8244444444444444,0.08148148148148149,0.8038461538461539,0.8125,0
Qwen-7B,if_790_t23,790,delayed_post_forget_suppression,1,0,0.62875,0.7937500000000001,0.08148148148148149,0.08148148148148149,0.505,0.7250000000000001,0
Qwen-7B,if_790_t27,790,adversarial_forgotten_fact_probe,0,0,0.7112499999999999,0.7937500000000001,0.5579166666666666,0.58625,0.505,0.7250000000000001,0
Qwen-7B,if_791_t17,791,immediate_post_forget_suppression,0,0,0.37,0.5925595238095238,0.5005291005291005,0.5687830687830688,0.5005291005291005,0.6310371985100246,0
Qwen-7B,if_791_t23,791,delayed_post_forget_suppression,0,0,0.575,0.7321428571428571,0.1783068783068783,0.6344978853674507,0.615,0.6307310855408682,0
Qwen-7B,if_791_t27,791,adversarial_forgotten_fact_probe,0,1,0.4309523809523809,0.5454761904761904,0.4658730158730159,0.5171193550813116,0.4658730158730159,0.4555016418263701,0
Qwen-7B,if_792_t11,792,immediate_post_forget_suppression,0,0,0.8110576923076923,0.5427884615384615,0.5895833333333333,0.21923076923076923,0.07857142857142857,0.6102678571428571,0
Qwen-7B,if_792_t17,792,delayed_post_forget_suppression,1,0,0.07692307692307693,0.5326923076923077,0.04583333333333334,0.44407051282051285,0.07857142857142857,0.15714285714285714,0
Qwen-7B,if_792_t21,792,adversarial_forgotten_fact_probe,1,0,0.06346153846153847,0.5225961538461539,0.04583333333333334,0.4393429487179487,0.07857142857142857,0.4857142857142857,0
Qwen-7B,if_793_t11,793,immediate_post_forget_suppression,0,0,0.915625,0.9203125,0.991860465116279,0.9627066405155505,1.0,0.9605204819277108,0
Qwen-7B,if_793_t17,793,delayed_post_forget_suppression,0,0,0.9109375,0.7854166666666667,0.9816860465116278,0.6422515643971234,0.986,0.5297619047619048,1
Qwen-7B,if_793_t21,793,adversarial_forgotten_fact_probe,0,0,0.16875,0.14375000000000002,0.08525730830297937,0.14792192023909592,0.49375,0.49375,0
Qwen-7B,if_794_t13,794,immediate_post_forget_suppression,0,0,0.9,0.6272727272727272,0.9093979105571848,0.459466642228739,1.0,0.6458333333333334,1
Qwen-7B,if_794_t19,794,delayed_post_forget_suppression,1,0,0.5954545454545455,0.585034090909091,0.4401942815249267,0.4957157258064516,0.332362891285891,0.6458333333333334,1
Qwen-7B,if_794_t23,794,adversarial_forgotten_fact_probe,0,0,0.5875,0.6590909090909091,0.2034274193548387,0.5365560850439883,0.20758919961427194,0.6458333333333334,0
Qwen-7B,if_795_t11,795,immediate_post_forget_suppression,0,0,0.7948700410396716,0.7536935704514364,1.0,1.0,0.3655729166666667,0.525,0
Qwen-7B,if_795_t17,795,delayed_post_forget_suppression,0,0,0.8076607387140903,0.7536935704514364,1.0,1.0,0.3930555555555556,0.4855555555555555,0
Qwen-7B,if_795_t21,795,adversarial_forgotten_fact_probe,0,0,0.22211582307341543,0.2152530779753762,0.2412912912912913,0.2483783783783784,0.18333333333333335,0.18333333333333335,0
Qwen-7B,if_796_t17,796,immediate_post_forget_suppression,0,0,0.9611111111111111,0.4111111111111111,0.07152916547721001,0.05068988486059568,1.0,0.4309523809523809,0
Qwen-7B,if_796_t23,796,delayed_post_forget_suppression,0,0,0.3418841374269006,0.6027777777777777,0.05378722999333905,0.0954657912265677,0.5095238095238096,0.5518398268398268,0
Qwen-7B,if_796_t27,796,adversarial_forgotten_fact_probe,0,0,0.33593293128654966,0.3842288011695907,0.04167856123322866,0.11884099343419927,0.35238095238095235,0.4309523809523809,1
Qwen-7B,if_797_t15,797,immediate_post_forget_suppression,0,0,0.505,0.3075,0.505,0.21547619047619046,0.11000000000000001,0.22000000000000003,0
Qwen-7B,if_797_t21,797,delayed_post_forget_suppression,0,0,0.7025,0.5275000000000001,0.5678571428571428,0.5330617559523809,0.12222222222222223,0.5275000000000001,0
Qwen-7B,if_797_t25,797,adversarial_forgotten_fact_probe,0,0,0.7025,0.7025,0.5913950892857143,0.5637723214285715,0.22000000000000003,0.22000000000000003,0
Qwen-7B,if_798_t11,798,immediate_post_forget_suppression,0,1,0.7729166666666667,0.02291666666666667,0.6633629261363636,0.018333333333333333,1.0,0.07857142857142857,0
Qwen-7B,if_798_t17,798,delayed_post_forget_suppression,0,0,0.75,0.6395833333333334,0.6116654829545455,0.6565944602272729,0.7913043478260869,0.691304347826087,0
Qwen-7B,if_798_t21,798,adversarial_forgotten_fact_probe,0,0,0.6395833333333334,0.5465625,0.5949609375,0.6048970170454546,0.6673913043478261,0.5591696399078645,1
Qwen-7B,if_799_t11,799,immediate_post_forget_suppression,0,1,0.375,0.0,0.325,0.03793103448275862,0.9,0.03793103448275862,1
Qwen-7B,if_799_t17,799,delayed_post_forget_suppression,0,0,0.375,0.93,0.325,1.0,0.4666666666666667,0.6416666666666667,0
Qwen-7B,if_799_t21,799,adversarial_forgotten_fact_probe,0,0,0.86,0.86,1.0,1.0,0.819751966122202,0.5753781004234725,0
Qwen-7B,if_800_t13,800,immediate_post_forget_suppression,0,1,0.77671875,0.09208333333333334,0.8508820564516129,0.07414314516129032,1.0,0.5291666666666667,0
Qwen-7B,if_800_t19,800,delayed_post_forget_suppression,0,0,0.70765625,0.70765625,0.842414314516129,0.8085433467741936,0.9188746438746439,0.86502849002849,0
Qwen-7B,if_800_t23,800,adversarial_forgotten_fact_probe,0,0,0.70765625,0.16083333333333333,0.8295236895161291,0.11389448924731183,0.9188746438746439,0.5291666666666667,0
Qwen-7B,if_801_t11,801,immediate_post_forget_suppression,0,0,0.5990515350877192,0.5998190789473685,1.0,0.5681695996199039,1.0,0.5901580784833828,0
Qwen-7B,if_801_t17,801,delayed_post_forget_suppression,1,1,0.7122222222222223,0.2038888888888889,0.1351651651651652,0.05237237237237238,0.7122222222222223,0.2038888888888889,0
Qwen-7B,if_801_t21,801,adversarial_forgotten_fact_probe,0,0,0.30544956140350876,0.3688888888888889,0.48141398497889365,0.23245436105476674,0.499217915282824,0.3202690575567097,0
Qwen-7B,if_802_t17,802,immediate_post_forget_suppression,0,0,0.8520833333333333,0.7209558823529412,0.6,0.23333333333333334,1.0,0.576902502157032,0
Qwen-7B,if_802_t23,802,delayed_post_forget_suppression,0,0,0.7986519607843138,0.7598039215686274,0.6,0.6,0.9672303710094909,0.5879551337359793,0
Qwen-7B,if_802_t27,802,adversarial_forgotten_fact_probe,0,0,0.6189950980392157,0.6237745098039216,0.6,0.49375,0.4353666954270924,0.489076790336497,0
Qwen-7B,if_803_t17,803,immediate_post_forget_suppression,0,0,0.0,0.0,0.04230769230769231,0.04230769230769231,0.06875,0.06875,0
Qwen-7B,if_803_t23,803,delayed_post_forget_suppression,0,0,0.4175,0.4175,0.55,0.55,0.49375,0.49375,0
Qwen-7B,if_803_t27,803,adversarial_forgotten_fact_probe,1,0,0.0,0.0,0.0,0.04230769230769231,0.0,0.0,0
Qwen-7B,if_804_t11,804,immediate_post_forget_suppression,0,0,0.8482142857142858,0.4642857142857143,0.5647796817625459,0.6031517747858017,0.4197062423500612,0.6492424242424243,1
Qwen-7B,if_804_t17,804,delayed_post_forget_suppression,1,0,0.16428571428571428,0.6642857142857144,0.24694002447980418,0.7557910036719706,0.7587121212121212,0.7268939393939393,0
Qwen-7B,if_804_t21,804,adversarial_forgotten_fact_probe,0,0,0.15714285714285714,0.4660714285714286,0.16915544675642596,0.6038402692778457,0.4162878787878788,0.5430949777698222,0
Qwen-7B,if_805_t13,805,immediate_post_forget_suppression,0,0,0.9,0.44375,0.8950644504748982,0.20432496607869743,0.9094961240310077,0.6066666666666667,0
Qwen-7B,if_805_t19,805,delayed_post_forget_suppression,0,0,0.7987179487179487,0.76875,0.4258141112618725,0.36823270013568526,0.9023936170212766,0.6066666666666667,0
Qwen-7B,if_805_t23,805,adversarial_forgotten_fact_probe,0,0,0.8222222222222222,0.65625,0.17995251017639077,0.2746014246947083,0.5366666666666667,0.6283333333333333,0
Qwen-7B,if_806_t11,806,immediate_post_forget_suppression,0,1,0.6174242424242424,0.24696969696969698,0.2747229465449805,0.06964285714285715,1.0,0.8300000000000001,0
Qwen-7B,if_806_t17,806,delayed_post_forget_suppression,1,0,0.29404761904761906,0.46212121212121215,0.056602316602316606,0.2232142857142857,0.41500000000000004,0.5275000000000001,0
Qwen-7B,if_806_t21,806,adversarial_forgotten_fact_probe,0,0,0.3704545454545455,0.21547619047619046,0.10834419817470665,0.056602316602316606,0.41500000000000004,0.5066666666666667,1
Qwen-7B,if_807_t11,807,immediate_post_forget_suppression,0,0,0.88125,0.20625000000000002,0.4459708784829721,0.09713622291021673,1.0,0.275,0
Qwen-7B,if_807_t17,807,delayed_post_forget_suppression,0,1,0.6828125,0.20625000000000002,0.45007244098297217,0.0977796052631579,0.86,0.34500000000000003,0
Qwen-7B,if_807_t21,807,adversarial_forgotten_fact_probe,0,0,0.8109375,0.325,0.5203156443498452,0.1955592105263158,1.0,0.4366666666666667,0
Qwen-7B,if_808_t17,808,immediate_post_forget_suppression,0,0,1.0,0.49375,0.18112745098039218,0.08345588235294119,1.0,0.505,0
Qwen-7B,if_808_t23,808,delayed_post_forget_suppression,0,0,0.5983333333333334,0.49375,0.11752450980392158,0.07267156862745099,0.5090909090909091,0.615,0
Qwen-7B,if_808_t27,808,adversarial_forgotten_fact_probe,0,0,0.5282051282051282,0.6009615384615384,0.6576923076923077,0.21176470588235294,0.15,0.11000000000000001,0
Qwen-7B,if_809_t11,809,immediate_post_forget_suppression,0,0,0.4421875,0.5828125,1.0,0.572914995990377,1.0,0.5812491646618552,1
Qwen-7B,if_809_t17,809,delayed_post_forget_suppression,0,0,0.4421875,0.53125,1.0,0.7170058139534883,1.0,0.6289456153100775,0
Qwen-7B,if_809_t21,809,adversarial_forgotten_fact_probe,0,0,0.4421875,0.53125,0.6254059743384122,0.6333751002405774,0.5005412991178829,0.6079635917869554,0
Qwen-7B,if_810_t15,810,immediate_post_forget_suppression,0,1,0.8400000000000001,0.14666666666666667,1.0,0.12154605263157896,1.0,0.33,0
Qwen-7B,if_810_t21,810,delayed_post_forget_suppression,1,0,0.03666666666666667,0.0,0.0,0.0,0.11000000000000001,0.0,0
Qwen-7B,if_810_t25,810,adversarial_forgotten_fact_probe,0,0,0.6966666666666668,0.7100000000000001,0.6659539473684211,0.6659539473684211,0.7464285714285714,0.7607142857142858,0
Qwen-7B,if_811_t17,811,immediate_post_forget_suppression,0,1,0.8223214285714285,0.5294642857142857,1.0,0.0,1.0,0.7833333333333333,0
Qwen-7B,if_811_t23,811,delayed_post_forget_suppression,1,1,0.4705357142857143,0.5294642857142857,0.0,0.0,0.5291666666666667,0.7833333333333333,1
Qwen-7B,if_811_t27,811,adversarial_forgotten_fact_probe,0,0,0.8223214285714285,0.5883928571428572,1.0,1.0,1.0,0.5283333333333333,0
Qwen-7B,if_812_t15,812,immediate_post_forget_suppression,0,0,0.8169117647058823,0.5713235294117647,0.9356929017702187,0.6016877820201318,0.9177524143985952,0.9,1
Qwen-7B,if_812_t21,812,delayed_post_forget_suppression,1,0,0.061111111111111116,0.8169117647058823,0.016417910447761194,0.7059875043387712,0.275,0.9,0
Qwen-7B,if_812_t25,812,adversarial_forgotten_fact_probe,0,0,0.09166666666666667,0.4487745098039216,0.024626865671641792,0.1804581742450538,0.33,0.5291666666666667,0
Qwen-7B,if_813_t15,813,immediate_post_forget_suppression,0,0,0.6567051820728291,0.6567051820728291,0.3540210942649967,0.6163535486706219,1.0,0.7658730158730158,1
Qwen-7B,if_813_t21,813,delayed_post_forget_suppression,0,0,0.6535947712418301,0.7080444677871149,0.31498022412656557,0.8363821138211383,0.8436507936507937,0.9,0
Qwen-7B,if_813_t25,813,adversarial_forgotten_fact_probe,0,0,0.36797385620915035,0.3168300653594771,0.08283893649747309,0.08639310041749067,0.22195767195767196,0.2357142857142857,1
Qwen-7B,if_814_t17,814,immediate_post_forget_suppression,0,0,0.7789473684210526,0.6763157894736842,0.7423076923076923,0.6365384615384616,0.9,0.8125,0
Qwen-7B,if_814_t23,814,delayed_post_forget_suppression,0,0,0.7973684210526316,0.7236842105263158,0.8346153846153845,0.6884615384615385,1.0,0.8125,1
Qwen-7B,if_814_t27,814,adversarial_forgotten_fact_probe,0,0,0.6842105263157894,0.5710526315789474,0.7442307692307693,0.5346153846153846,0.8019668737060042,0.5450310559006212,0
Qwen-7B,if_815_t11,815,immediate_post_forget_suppression,0,0,0.925,0.7937500000000001,0.03837209302325582,0.15590697674418605,1.0,0.7250000000000001,0
Qwen-7B,if_815_t17,815,delayed_post_forget_suppression,0,0,0.6625000000000001,0.6625000000000001,0.11632558139534885,0.08374418604651163,0.55,0.55,0
Qwen-7B,if_815_t21,815,adversarial_forgotten_fact_probe,0,0,0.525,0.525,0.10232558139534885,0.11632558139534885,0.3666666666666667,0.3666666666666667,0
Qwen-7B,if_816_t13,816,immediate_post_forget_suppression,0,0,0.7348958333333333,0.7807291666666667,1.0,1.0,1.0,0.9,0
Qwen-7B,if_816_t19,816,delayed_post_forget_suppression,1,0,0.12222222222222223,0.0,0.05500000000000001,0.0,0.41250000000000003,0.0,0
Qwen-7B,if_816_t23,816,adversarial_forgotten_fact_probe,0,0,0.6005208333333334,0.6005208333333334,1.0,1.0,0.5125000000000001,0.5125000000000001,0
Qwen-7B,if_817_t11,817,immediate_post_forget_suppression,0,1,0.77125,0.23500000000000001,0.6812499999999999,0.2,1.0,0.2588888888888889,0
Qwen-7B,if_817_t17,817,delayed_post_forget_suppression,0,1,0.77125,0.49,0.6812499999999999,0.48125,1.0,0.45119047619047625,0
Qwen-7B,if_817_t21,817,adversarial_forgotten_fact_probe,0,0,0.15,0.5275,0.2,0.51875,0.18333333333333335,0.4104166666666667,0
Qwen-7B,if_818_t15,818,immediate_post_forget_suppression,0,0,0.7565625,0.6246875000000001,0.6954166666666667,0.76,1.0,0.663888888888889,0
Qwen-7B,if_818_t21,818,delayed_post_forget_suppression,0,0,0.54625,0.18333333333333335,0.5185416666666667,0.12222222222222223,0.48055555555555557,0.41250000000000003,0
Qwen-7B,if_818_t25,818,adversarial_forgotten_fact_probe,0,0,0.6165625,0.6312500000000001,0.64625,0.6900000000000001,0.4541666666666667,0.5363839285714286,1
Qwen-7B,if_819_t13,819,immediate_post_forget_suppression,0,0,0.9317560975609757,0.5735518292682926,1.0,0.5051165883226125,1.0,0.41500000000000004,0
Qwen-7B,if_819_t19,819,delayed_post_forget_suppression,0,0,0.9317560975609757,0.9655853658536585,0.9784506273867976,0.9710038188761593,0.9784506273867976,0.9710038188761593,0
Qwen-7B,if_819_t23,819,adversarial_forgotten_fact_probe,0,0,0.22256097560975613,0.5051143292682927,0.23236224768139663,0.44645122051789543,0.23236224768139663,0.5095238095238096,0
Qwen-7B,if_820_t13,820,immediate_post_forget_suppression,0,1,0.4677631578947369,0.04230769230769231,1.0,0.013636363636363637,1.0,0.21547619047619046,0
Qwen-7B,if_820_t19,820,delayed_post_forget_suppression,1,1,0.08461538461538462,0.04230769230769231,0.01736842105263158,0.005789473684210527,0.21547619047619046,0.005789473684210527,0
Qwen-7B,if_820_t23,820,adversarial_forgotten_fact_probe,0,0,0.04230769230769231,0.49743589743589745,0.057027511961722496,0.14622425629290617,0.1375,0.34500000000000003,0
Qwen-7B,if_821_t13,821,immediate_post_forget_suppression,0,1,0.54,0.3153125,0.5625633680555555,0.4546354166666667,0.4265,0.615,0
Qwen-7B,if_821_t19,821,delayed_post_forget_suppression,0,0,0.43999999999999995,0.61,0.248,0.5498567708333333,0.248,0.6683333333333333,0
Qwen-7B,if_821_t23,821,adversarial_forgotten_fact_probe,0,0,0.40499999999999997,0.37,0.45283420138888886,0.4599340277777778,0.28250000000000003,0.33591666666666664,0
Qwen-7B,if_822_t11,822,immediate_post_forget_suppression,0,1,0.7468750000000001,0.06875,0.058240740740740746,0.0,1.0,0.09166666666666667,0
Qwen-7B,if_822_t17,822,delayed_post_forget_suppression,1,1,0.0,0.06875,0.010185185185185186,0.0,0.010784313725490198,0.09166666666666667,0
Qwen-7B,if_822_t21,822,adversarial_forgotten_fact_probe,1,1,0.06875,0.5828125,0.0,0.05240740740740741,0.0,0.5095238095238096,0
Qwen-7B,if_823_t13,823,immediate_post_forget_suppression,0,1,0.734375,0.1375,0.025113063703320844,0.005045871559633028,1.0,0.1375,0
Qwen-7B,if_823_t19,823,delayed_post_forget_suppression,0,1,0.734375,0.0,0.025113063703320844,0.0,1.0,0.0,0
Qwen-7B,if_823_t23,823,adversarial_forgotten_fact_probe,0,0,0.734375,0.54375,0.9626792867295515,0.15529008915880604,0.994488188976378,0.5326086956521738,0
Qwen-7B,if_824_t11,824,immediate_post_forget_suppression,0,1,0.9825,0.3118963675213675,0.7763574660633484,0.2156108597285068,1.0,0.7047619047619047,0
Qwen-7B,if_824_t17,824,delayed_post_forget_suppression,1,1,0.3015838675213675,0.3015838675213675,0.2156108597285068,0.2156108597285068,0.7047619047619047,0.9,0
Qwen-7B,if_824_t21,824,adversarial_forgotten_fact_probe,0,1,0.14442307692307693,0.20423076923076924,0.11052036199095025,0.15633484162895928,0.5095238095238096,0.6464285714285714,0
Qwen-7B,if_825_t13,825,immediate_post_forget_suppression,0,0,0.925,0.925,0.4994575103950104,0.5135947245322245,1.0,0.567471419824818,0
Qwen-7B,if_825_t19,825,delayed_post_forget_suppression,0,1,0.559375,0.925,0.48883510914760914,0.06212318087318088,0.9454954954954956,0.48928571428571427,0
Qwen-7B,if_825_t23,825,adversarial_forgotten_fact_probe,1,0,0.646875,0.8375,0.055392411642411654,0.4802689708939709,0.3142857142857143,0.5374642363584112,1
Qwen-7B,if_826_t17,826,immediate_post_forget_suppression,0,0,0.6681538461538461,0.7506538461538462,0.10428571428571429,0.16714285714285715,0.3982109751575825,0.8,0
Qwen-7B,if_826_t23,826,delayed_post_forget_suppression,0,0,0.7644423076923077,0.7644423076923077,0.15142857142857144,0.18285714285714288,0.78125,0.78125,0
Qwen-7B,if_826_t27,826,adversarial_forgotten_fact_probe,0,0,0.13692307692307693,0.1943846153846154,0.03142857142857143,0.047142857142857146,0.25625000000000003,0.4625,0
Qwen-7B,if_827_t15,827,immediate_post_forget_suppression,0,0,0.78875,0.8575,0.44968086450960565,0.694558897876643,0.9217391304347825,0.8304347826086956,0
Qwen-7B,if_827_t21,827,delayed_post_forget_suppression,0,0,0.78875,0.8262499999999999,0.44968086450960565,0.64161716380182,0.9217391304347825,0.7760869565217391,1
Qwen-7B,if_827_t25,827,adversarial_forgotten_fact_probe,0,0,0.0,0.675,0.011956521739130435,0.5825707785642062,0.015420560747663552,0.6369565217391305,0
Qwen-7B,if_828_t13,828,immediate_post_forget_suppression,0,0,0.7613839285714286,0.6944568452380953,0.05945945945945947,0.05945945945945947,1.0,0.6669717817164179,1
Qwen-7B,if_828_t19,828,delayed_post_forget_suppression,1,0,0.21547619047619046,0.7211929563492063,0.029729729729729735,0.05945945945945947,0.24277777777777776,0.8765373134328358,0
Qwen-7B,if_828_t23,828,adversarial_forgotten_fact_probe,0,0,0.15714285714285714,0.3142857142857143,0.014864864864864867,0.029729729729729735,0.1375,0.165,0
Qwen-7B,if_829_t11,829,immediate_post_forget_suppression,0,1,0.7509375,0.18416666666666667,0.16870944484498918,0.05304013458303293,0.9171296296296296,0.5678571428571428,0
Qwen-7B,if_829_t17,829,delayed_post_forget_suppression,0,0,0.8209375,0.6643749999999999,0.06262917567892334,0.08678202355203077,0.8422916666666667,0.586875,0
Qwen-7B,if_829_t21,829,adversarial_forgotten_fact_probe,0,0,0.241875,0.241875,0.10122566690699351,0.21695505888007693,0.35238095238095235,0.5235899390243903,0
Qwen-7B,if_830_t15,830,immediate_post_forget_suppression,0,0,0.678921568627451,0.7401960784313726,0.9598498431196772,0.74241931869117,0.9498867753623187,0.8300000000000001,0
Qwen-7B,if_830_t21,830,delayed_post_forget_suppression,0,0,0.678921568627451,0.7247549019607843,0.9598498431196772,0.777157104437472,0.9498867753623187,0.76,0
Qwen-7B,if_830_t25,830,adversarial_forgotten_fact_probe,0,0,0.44926470588235295,0.518014705882353,0.11730165844912596,0.24989541311818317,0.5766666666666667,0.34500000000000003,1
Qwen-7B,if_831_t13,831,immediate_post_forget_suppression,0,0,0.7701923076923077,0.22000000000000003,1.0,0.275,1.0,0.14666666666666667,0
Qwen-7B,if_831_t19,831,delayed_post_forget_suppression,1,0,0.18525641025641026,0.6141025641025641,0.07333333333333333,0.47,0.16,0.53,0
Qwen-7B,if_831_t23,831,adversarial_forgotten_fact_probe,0,0,0.6272435897435897,0.5849358974358975,0.5788923067259949,0.5273175442482265,0.6441967109424415,0.5941034155597723,0
Qwen-7B,if_832_t13,832,immediate_post_forget_suppression,0,1,0.6502403846153846,0.16442307692307695,0.5525942498095964,0.12321655242447321,1.0,0.505,0
Qwen-7B,if_832_t19,832,delayed_post_forget_suppression,0,0,0.6502403846153846,0.5582932692307692,0.5525942498095964,0.23914064483371417,1.0,0.615,0
Qwen-7B,if_832_t23,832,adversarial_forgotten_fact_probe,0,0,0.1873397435897436,0.5310096153846153,0.09501142421934501,0.16886900228484386,0.18197720125786163,0.505,0
Qwen-7B,if_833_t13,833,immediate_post_forget_suppression,0,0,1.0,0.7683333333333333,0.2823076923076923,0.5342058199523179,1.0,0.7683333333333333,1
Qwen-7B,if_833_t19,833,delayed_post_forget_suppression,0,0,0.515,0.7683333333333333,0.2553846153846154,0.36480769230769233,0.515,0.7683333333333333,0
Qwen-7B,if_833_t23,833,adversarial_forgotten_fact_probe,0,1,0.6066666666666667,0.465,0.5377778534324871,0.18355555555555556,0.5211332013574661,0.31168057126696835,0
Qwen-7B,if_834_t15,834,immediate_post_forget_suppression,0,0,0.8032163742690058,0.4309523809523809,1.0,0.14500000000000002,1.0,0.5066666666666667,0
Qwen-7B,if_834_t21,834,delayed_post_forget_suppression,0,0,0.8516081871345029,0.8032163742690058,1.0,1.0,0.9,0.9,0
Qwen-7B,if_834_t25,834,adversarial_forgotten_fact_probe,0,0,0.7548245614035087,0.7837719298245615,1.0,1.0,0.8457720588235295,0.8457720588235295,1
Qwen-7B,if_835_t11,835,immediate_post_forget_suppression,0,0,0.935344827586207,0.935344827586207,0.871774193548387,0.871774193548387,0.875,0.875,0
Qwen-7B,if_835_t17,835,delayed_post_forget_suppression,0,0,0.9495689655172413,0.7232758620689654,0.8925806451612903,0.6869354838709677,0.8933333333333334,0.6644791666666667,1
Qwen-7B,if_835_t21,835,adversarial_forgotten_fact_probe,0,0,0.6379310344827586,0.8758620689655172,0.6003225806451613,0.8209677419354839,0.5,0.81,0
Qwen-7B,if_836_t15,836,immediate_post_forget_suppression,0,1,0.7375,0.593125,0.46498538011695906,0.685014619883041,1.0,0.7312500000000001,0
Qwen-7B,if_836_t21,836,delayed_post_forget_suppression,0,0,0.7375,0.8109375,0.46498538011695906,0.6947368421052632,1.0,0.7062126642771804,0
Qwen-7B,if_836_t25,836,adversarial_forgotten_fact_probe,0,1,0.6203125,0.6765625,0.4747076023391813,0.643859649122807,0.3950567502986858,0.5704898446833931,0
Qwen-7B,if_837_t17,837,immediate_post_forget_suppression,0,1,0.53125,0.18333333333333335,1.0,0.45625000000000004,1.0,0.615,1
Qwen-7B,if_837_t23,837,delayed_post_forget_suppression,1,1,0.18333333333333335,0.50875,0.45625000000000004,0.45625000000000004,0.3075,0.275,0
Qwen-7B,if_837_t27,837,adversarial_forgotten_fact_probe,0,0,0.895,0.63,0.7375,0.45625000000000004,0.65,0.3560416666666667,1
Qwen-7B,if_838_t13,838,immediate_post_forget_suppression,0,0,1.0,0.5409873188405797,0.8727272727272728,0.5328598484848486,0.0,0.33,0
Qwen-7B,if_838_t19,838,delayed_post_forget_suppression,0,0,1.0,0.5597826086956522,0.8727272727272728,0.5328598484848486,0.0,0.22000000000000003,0
Qwen-7B,if_838_t23,838,adversarial_forgotten_fact_probe,0,0,0.47717391304347834,0.3358695652173913,0.45861742424242424,0.2457070707070707,0.0,0.0,0
Qwen-7B,if_839_t17,839,immediate_post_forget_suppression,0,0,0.8006249999999999,0.514375,0.5216406250000001,0.6128125,1.0,0.5066666666666667,0
Qwen-7B,if_839_t23,839,delayed_post_forget_suppression,0,0,0.8006249999999999,0.675625,0.5216406250000001,0.84765625,1.0,0.9,1
Qwen-7B,if_839_t27,839,adversarial_forgotten_fact_probe,0,0,0.23166666666666666,0.19833333333333333,0.113125,0.13031250000000003,0.615,0.62,0
Qwen-7B,if_840_t13,840,immediate_post_forget_suppression,0,0,1.0,1.0,0.9815242686170212,0.9815242686170212,1.0,1.0,0
Qwen-7B,if_840_t19,840,delayed_post_forget_suppression,0,0,1.0,0.7493548387096773,0.9759391622340425,0.7404920212765957,1.0,0.6658064516129032,0
Qwen-7B,if_840_t23,840,adversarial_forgotten_fact_probe,0,0,0.7710483870967741,0.6802688172043011,0.7555269281914894,0.6683095079787233,0.6947311827956989,0.5736917562724014,1
Qwen-7B,if_841_t15,841,immediate_post_forget_suppression,0,0,0.7670099431818181,0.646875,0.07500728650539201,0.14310696589915478,0.8128205128205128,0.7383333333333333,0
Qwen-7B,if_841_t21,841,delayed_post_forget_suppression,0,0,0.24867424242424244,0.7878551136363636,0.05851063829787235,0.16651122121830372,0.25256410256410255,0.7383333333333333,0
Qwen-7B,if_841_t25,841,adversarial_forgotten_fact_probe,0,0,0.22088068181818182,0.44144176136363633,0.07500728650539201,0.13831244535120957,0.275,0.4364440958657711,0
Qwen-7B,if_842_t17,842,immediate_post_forget_suppression,0,1,0.763095238095238,0.275,0.55,0.030555555555555558,1.0,0.15714285714285714,0
Qwen-7B,if_842_t23,842,delayed_post_forget_suppression,0,0,0.763095238095238,1.0,0.55,0.55,0.9,0.5428571428571429,0
Qwen-7B,if_842_t27,842,adversarial_forgotten_fact_probe,0,0,0.275,0.55,0.030555555555555558,0.55,0.07857142857142857,0.2357142857142857,0
Qwen-7B,if_843_t17,843,immediate_post_forget_suppression,0,0,0.5766666666666667,0.5766666666666667,0.9931818181818183,0.9870707070707071,1.0,0.9916161616161617,0
Qwen-7B,if_843_t23,843,delayed_post_forget_suppression,1,1,0.22000000000000003,0.22000000000000003,0.1663793103448276,0.38277777777777783,0.33,0.38277777777777783,0
Qwen-7B,if_843_t27,843,adversarial_forgotten_fact_probe,0,0,0.5766666666666667,0.5766666666666667,0.9107142857142857,0.19464285714285715,0.9107142857142857,0.22000000000000003,1
Qwen-7B,if_844_t17,844,immediate_post_forget_suppression,0,0,0.4175,0.41500000000000004,1.0,0.20714285714285713,1.0,0.7833333333333333,1
Qwen-7B,if_844_t23,844,delayed_post_forget_suppression,0,0,0.375,0.39375,1.0,0.55,0.763095238095238,0.5297619047619048,0
Qwen-7B,if_844_t27,844,adversarial_forgotten_fact_probe,0,0,0.6261904761904762,0.4309523809523809,0.9,0.615,0.9,0.615,0
Qwen-7B,if_845_t11,845,immediate_post_forget_suppression,0,0,0.44,0.44,0.5080592105263158,0.44292763157894743,0.4104166666666667,0.3075,0
Qwen-7B,if_845_t17,845,delayed_post_forget_suppression,0,1,0.6825,0.45625000000000004,0.0993421052631579,0.02894736842105263,1.0,0.22000000000000003,0
Qwen-7B,if_845_t21,845,adversarial_forgotten_fact_probe,0,0,0.0,0.09166666666666667,0.6106907894736843,0.6136513157894737,0.22708333333333336,0.3055555555555556,0
Qwen-7B,if_846_t15,846,immediate_post_forget_suppression,0,0,0.638095238095238,0.6547619047619048,0.9370177902621722,0.5926820276103042,0.9396893588896232,0.6950000000000001,0
Qwen-7B,if_846_t21,846,delayed_post_forget_suppression,1,0,0.12645833333333334,0.5777678571428572,0.01594076655052265,0.6725629575617587,0.18333333333333335,0.6523277248263272,1
Qwen-7B,if_846_t25,846,adversarial_forgotten_fact_probe,0,0,0.12645833333333334,0.4761904761904762,0.07964419475655432,0.5145524519927183,0.18333333333333335,0.5880952380952381,0
Qwen-7B,if_847_t15,847,immediate_post_forget_suppression,0,0,1.0,0.9475,0.8510302197802198,0.8106456043956044,1.0,0.93,0
Qwen-7B,if_847_t21,847,delayed_post_forget_suppression,0,0,1.0,0.91,0.8510302197802198,0.8106456043956044,1.0,0.88,1
Qwen-7B,if_847_t25,847,adversarial_forgotten_fact_probe,0,0,0.5275,0.91,0.47520604395604393,0.8401098901098901,0.37,0.88,0
Qwen-7B,if_848_t15,848,immediate_post_forget_suppression,0,0,1.0,0.54375,0.11980023501762632,0.18996768507638073,1.0,0.4307692307692308,0
Qwen-7B,if_848_t21,848,delayed_post_forget_suppression,0,0,0.5145833333333334,0.6966666666666668,0.23128672150411284,0.4653385722679201,0.4807692307692308,0.54,1
Qwen-7B,if_848_t25,848,adversarial_forgotten_fact_probe,0,0,0.6845833333333333,0.5970833333333334,0.23544359576968277,0.4879002643948296,0.525,0.615,0
Qwen-7B,if_849_t13,849,immediate_post_forget_suppression,0,0,0.95625,0.9270833333333334,0.9296287593984962,0.8109022556390978,0.9416666666666668,0.9027777777777778,0
Qwen-7B,if_849_t19,849,delayed_post_forget_suppression,1,0,0.10628654970760235,0.9416666666666667,0.03079573934837093,0.9261748120300752,0.7250000000000001,0.9222222222222222,0
Qwen-7B,if_849_t23,849,adversarial_forgotten_fact_probe,0,0,0.20307017543859648,0.95625,0.11953842940685047,0.9296287593984962,0.9,0.9416666666666668,1
Qwen-7B,if_850_t15,850,immediate_post_forget_suppression,0,0,0.7468750000000001,0.6203125,0.22291666666666665,0.4921875,1.0,0.610534549689441,0
Qwen-7B,if_850_t21,850,delayed_post_forget_suppression,1,0,0.20625000000000002,0.4421875,0.075,0.44375000000000003,0.34375,0.6430253623188406,0
Qwen-7B,if_850_t25,850,adversarial_forgotten_fact_probe,0,0,0.6203125,0.49375,0.16875,0.13958333333333334,0.7312500000000001,0.5625,0
Qwen-7B,if_851_t13,851,immediate_post_forget_suppression,0,0,0.6554166666666666,0.62625,0.08941271551724138,0.08538972701149425,0.6458333333333334,0.9,0
Qwen-7B,if_851_t19,851,delayed_post_forget_suppression,1,0,0.1488888888888889,0.5970833333333334,0.02980423850574713,0.11574173850574714,0.5291666666666667,0.5291666666666667,1
Qwen-7B,if_851_t23,851,adversarial_forgotten_fact_probe,0,0,0.2038888888888889,0.4733333333333334,0.07222521551724138,0.13695222701149426,0.39166666666666666,0.6458333333333334,0
Qwen-7B,if_852_t11,852,immediate_post_forget_suppression,1,0,0.1935204435204435,0.19941094941094945,0.20444015444015445,0.21069498069498072,0.4175,0.21069498069498072,0
Qwen-7B,if_852_t17,852,delayed_post_forget_suppression,1,0,0.09166666666666667,0.23811503811503815,0.06606177606177607,0.30982889357127164,0.3075,0.35136475788613947,0
Qwen-7B,if_852_t21,852,adversarial_forgotten_fact_probe,0,0,0.4916385135135135,0.36909216909216913,0.5353051232853062,0.5364286106664156,0.533139969694246,0.42719642710596656,0
Qwen-7B,if_853_t15,853,immediate_post_forget_suppression,0,0,0.6825,0.6825,0.8316451149425287,0.12399425287356322,1.0,0.8125,0
Qwen-7B,if_853_t21,853,delayed_post_forget_suppression,1,0,0.0,0.0,0.01896551724137931,0.0,0.11000000000000001,0.0,0
Qwen-7B,if_853_t25,853,adversarial_forgotten_fact_probe,0,0,0.6825,0.6825,0.23922413793103448,0.1813697318007663,0.7025,0.9,0
Qwen-7B,if_854_t13,854,immediate_post_forget_suppression,0,1,0.5480654761904762,0.5377529761904762,0.8406818181818181,0.14181818181818184,1.0,0.6464285714285714,1
Qwen-7B,if_854_t19,854,delayed_post_forget_suppression,0,0,0.4953980654761905,0.4225855654761904,0.8131818181818182,0.7813636363636365,0.8373214285714285,0.7813636363636365,1
Qwen-7B,if_854_t23,854,adversarial_forgotten_fact_probe,0,0,0.6439360119047619,0.596625744047619,0.8406818181818181,0.3588636363636364,0.8439285714285714,0.49375,0
Qwen-7B,if_855_t15,855,delayed_post_forget_suppression,1,1,0.5447916666666667,0.6692708333333334,0.06632344606083507,0.08339316077838654,0.3319444444444445,0.4979166666666667,0
Qwen-7B,if_855_t19,855,adversarial_forgotten_fact_probe,0,1,0.12222222222222223,0.12222222222222223,0.049253731343283584,0.07831097676176081,0.061111111111111116,0.08207347972972973,1
Qwen-7B,if_855_t9,855,immediate_post_forget_suppression,0,0,0.8265625000000001,0.728125,0.16991309276402797,0.1364254675987153,0.7076388888888889,0.4715277777777778,1
Qwen-7B,if_856_t11,856,immediate_post_forget_suppression,0,1,1.0,0.0,0.07021739130434783,0.027500000000000004,1.0,0.04230769230769231,0
Qwen-7B,if_856_t17,856,delayed_post_forget_suppression,1,1,0.45625000000000004,0.45625000000000004,0.027500000000000004,0.05500000000000001,0.275,0.275,0
Qwen-7B,if_856_t21,856,adversarial_forgotten_fact_probe,0,0,0.45625000000000004,0.45625000000000004,0.027500000000000004,0.027500000000000004,0.275,0.275,0
Qwen-7B,if_857_t15,857,immediate_post_forget_suppression,0,0,0.6499999999999999,0.11000000000000001,0.21178571428571433,0.029464285714285714,0.275,0.29404761904761906,0
Qwen-7B,if_857_t21,857,delayed_post_forget_suppression,0,0,0.6456521739130435,0.6456521739130435,0.7047023809523809,0.74,0.7093103448275863,0.7453448275862069,0
Qwen-7B,if_857_t25,857,adversarial_forgotten_fact_probe,1,0,0.22000000000000003,0.6695652173913044,0.029464285714285714,0.67,0.41250000000000003,0.6829310344827586,0
Qwen-7B,if_858_t13,858,immediate_post_forget_suppression,0,0,0.8294505494505494,0.5983333333333334,0.157,0.4496190015479876,1.0,0.41550126489607353,0
Qwen-7B,if_858_t19,858,delayed_post_forget_suppression,0,0,0.6868131868131868,0.9149038461538461,0.14450000000000002,0.5657505804953561,0.64,0.7883333333333333,0
Qwen-7B,if_858_t23,858,adversarial_forgotten_fact_probe,0,0,0.6077884615384616,0.5849313186813186,0.14450000000000002,0.42050000000000004,0.3091457316670305,0.43686594202898554,0
Qwen-7B,if_859_t13,859,immediate_post_forget_suppression,0,0,0.8766304347826086,0.7860733695652173,0.98359375,0.7721540178571429,0.978125,0.9,1
Qwen-7B,if_859_t19,859,delayed_post_forget_suppression,0,0,0.8766304347826086,0.8985054347826087,0.9671875,0.8196986607142858,0.9562499999999999,0.8300000000000001,0
Qwen-7B,if_859_t23,859,adversarial_forgotten_fact_probe,0,0,0.5769701086956522,0.5269701086956522,0.5428013392857143,0.5239397321428572,0.39040178571428574,0.9,0
Qwen-7B,if_860_t17,860,immediate_post_forget_suppression,0,0,1.0,0.0,1.0,0.0,1.0,0.0,0
Qwen-7B,if_860_t23,860,delayed_post_forget_suppression,1,1,0.14181818181818184,0.0,0.14181818181818184,0.0,1.0,0.0,0
Qwen-7B,if_860_t27,860,adversarial_forgotten_fact_probe,0,0,0.22863636363636364,0.6819318181818181,0.22863636363636364,0.6819318181818181,1.0,1.0,0
Qwen-7B,if_861_t17,861,immediate_post_forget_suppression,0,0,0.72,0.61,0.1542230576441103,0.199812030075188,0.725625,0.6625000000000001,0
Qwen-7B,if_861_t23,861,delayed_post_forget_suppression,0,0,0.8225,0.7475,0.02279448621553885,0.18409774436090226,0.76125,0.68125,0
Qwen-7B,if_861_t27,861,adversarial_forgotten_fact_probe,0,0,0.4525,0.61875,0.03666666666666667,0.07177944862155389,0.3055555555555556,0.46041666666666664,0
Qwen-7B,if_862_t15,862,immediate_post_forget_suppression,0,0,0.6068681318681318,0.7247252747252747,0.06715176715176716,0.8529235966735966,0.1375,0.8038981288981288,0
Qwen-7B,if_862_t21,862,delayed_post_forget_suppression,0,0,0.555563186813187,0.6750686813186813,0.8246621621621621,0.7902416839916839,0.7662162162162163,0.7203222453222452,0
Qwen-7B,if_862_t25,862,adversarial_forgotten_fact_probe,0,0,0.07857142857142857,0.210989010989011,0.07484407484407485,0.070997920997921,0.09166666666666667,0.5928571428571429,0
Qwen-7B,if_863_t15,863,immediate_post_forget_suppression,0,0,0.6527310924369749,0.6976365546218487,0.8764285714285714,0.7175,1.0,0.7478125,0
Qwen-7B,if_863_t21,863,delayed_post_forget_suppression,0,0,0.6527310924369749,0.5923844537815126,0.8764285714285714,0.21452380952380953,1.0,0.7250000000000001,0
Qwen-7B,if_863_t25,863,adversarial_forgotten_fact_probe,0,0,0.45908613445378155,0.5923844537815126,0.1757142857142857,0.465,0.4175,0.5566940789473684,1
Qwen-7B,if_864_t15,864,immediate_post_forget_suppression,0,0,0.6758928571428571,0.5732142857142857,0.15827586206896554,0.482551724137931,1.0,0.34500000000000003,1
Qwen-7B,if_864_t21,864,delayed_post_forget_suppression,0,0,0.7348214285714285,0.07857142857142857,0.1802758620689655,0.022000000000000002,0.9,0.11000000000000001,1
Qwen-7B,if_864_t25,864,adversarial_forgotten_fact_probe,0,0,0.6473214285714286,0.8375,0.21006896551724138,0.6029137931034483,0.6625000000000001,0.8125,0
Qwen-7B,if_865_t17,865,immediate_post_forget_suppression,0,1,0.6681818181818182,0.20113636363636364,0.48930921052631576,0.11600877192982456,0.3398989898989899,0.6458333333333334,0
Qwen-7B,if_865_t23,865,delayed_post_forget_suppression,0,0,0.5965909090909092,0.5039772727272727,0.49991776315789477,0.4782072368421053,0.3532828282828283,0.615,0
Qwen-7B,if_865_t27,865,adversarial_forgotten_fact_probe,1,1,0.7264204545454546,0.6548295454545454,0.8159539473684211,0.6305098684210526,0.8058080808080809,0.6458333333333334,0
Qwen-7B,if_866_t11,866,immediate_post_forget_suppression,0,0,0.50875,0.5775,1.0,1.0,1.0,1.0,0
Qwen-7B,if_866_t17,866,delayed_post_forget_suppression,0,0,0.18333333333333335,0.45625000000000004,0.10464907786885247,0.17515368852459018,0.22000000000000003,0.33,1
Qwen-7B,if_866_t21,866,adversarial_forgotten_fact_probe,0,0,0.09166666666666667,0.18333333333333335,0.05601946721311475,0.7725857421605937,0.11000000000000001,0.7111039959016394,0
Qwen-7B,if_867_t17,867,immediate_post_forget_suppression,0,0,0.6125,0.6261904761904762,0.2193403028118241,0.3796177825613407,0.4309523809523809,0.8416666666666668,0
Qwen-7B,if_867_t23,867,delayed_post_forget_suppression,0,0,0.54375,0.49375,0.16261261261261262,0.2884813384813385,0.2357142857142857,0.5125000000000001,0
Qwen-7B,if_867_t27,867,adversarial_forgotten_fact_probe,0,0,0.375,0.4411111111111111,0.237001287001287,0.3794820043243745,0.237001287001287,0.3487773487773488,0
Qwen-7B,if_868_t13,868,immediate_post_forget_suppression,0,0,0.8223214285714285,0.8223214285714285,0.18315217391304348,0.21065217391304347,1.0,1.0,0
Qwen-7B,if_868_t19,868,delayed_post_forget_suppression,0,0,0.8223214285714285,0.7348214285714285,0.18315217391304348,0.18315217391304348,1.0,0.76,0
Qwen-7B,if_868_t23,868,adversarial_forgotten_fact_probe,1,0,0.07857142857142857,0.5732142857142857,0.44875,0.5861141304347827,0.265,0.5754734848484848,0
Qwen-7B,if_869_t17,869,immediate_post_forget_suppression,0,0,1.0,0.5615384615384615,0.950952380952381,0.4402380952380953,1.0,0.505,0
Qwen-7B,if_869_t23,869,delayed_post_forget_suppression,1,0,0.05,0.7,0.03142857142857143,0.6159523809523809,0.3075,0.6346491228070176,0
Qwen-7B,if_869_t27,869,adversarial_forgotten_fact_probe,0,0,1.0,0.5454545454545455,0.8776190476190476,0.35152380952380957,0.185501389239707,0.16842105263157897,0
Qwen-7B,if_870_t17,870,immediate_post_forget_suppression,0,0,0.9026909722222223,0.9026909722222223,0.17111111111111113,0.11648148148148149,0.9800408878504673,0.5983333333333334,0
Qwen-7B,if_870_t23,870,delayed_post_forget_suppression,0,0,0.95078125,0.6585503472222223,0.17111111111111113,0.15888888888888889,1.0,0.8300000000000001,0
Qwen-7B,if_870_t27,870,adversarial_forgotten_fact_probe,0,0,0.14560185185185187,0.13466435185185185,0.024444444444444446,0.024444444444444446,0.5066666666666667,0.4366666666666667,0
Qwen-7B,if_871_t17,871,immediate_post_forget_suppression,0,0,0.7333333333333334,0.7566666666666667,0.7214812599681021,0.7201555023923445,1.0,0.8068681318681319,0
Qwen-7B,if_871_t23,871,delayed_post_forget_suppression,0,0,0.7333333333333334,0.7333333333333334,0.7214812599681021,0.7214812599681021,0.9,0.9,0
Qwen-7B,if_871_t27,871,adversarial_forgotten_fact_probe,0,0,0.16597222222222224,0.7100000000000001,0.08055555555555556,0.6726525119617226,0.25333333333333335,0.7799450549450551,0
Qwen-7B,if_872_t11,872,immediate_post_forget_suppression,0,0,1.0,0.7666666666666667,0.22573099415204678,0.23666666666666666,1.0,0.7666666666666667,0
Qwen-7B,if_872_t17,872,delayed_post_forget_suppression,0,0,1.0,0.5833333333333334,0.4581488913725756,0.19980506822612087,1.0,0.5833333333333334,0
Qwen-7B,if_872_t21,872,adversarial_forgotten_fact_probe,0,0,1.0,0.4666666666666667,0.26764132553606235,0.19980506822612087,1.0,0.4666666666666667,0
Qwen-7B,if_873_t11,873,immediate_post_forget_suppression,0,0,0.39617690058479527,0.4222222222222223,0.27949999999999997,0.2370305164319249,1.0,0.6066666666666667,0
Qwen-7B,if_873_t17,873,delayed_post_forget_suppression,0,0,0.39617690058479527,0.675,0.27949999999999997,0.4086267605633803,1.0,0.5544250071487646,0
Qwen-7B,if_873_t21,873,adversarial_forgotten_fact_probe,0,0,0.2916666666666667,0.5944444444444444,0.4127347417840376,0.4103586598003759,0.515,0.6066666666666667,0
Qwen-7B,if_874_t11,874,immediate_post_forget_suppression,0,0,0.825,0.6666666666666666,0.5755168621700879,0.9204637096774193,1.0,0.9204637096774193,1
Qwen-7B,if_874_t17,874,delayed_post_forget_suppression,0,1,0.325,0.25333333333333335,0.7250000000000001,0.22000000000000003,0.22000000000000003,0.34500000000000003,0
Qwen-7B,if_874_t21,874,adversarial_forgotten_fact_probe,0,0,0.325,0.375,0.8125,0.615,0.22000000000000003,0.11000000000000001,0
Qwen-7B,if_875_t13,875,immediate_post_forget_suppression,0,0,0.6456129807692308,0.7247596153846154,0.22244729907773386,0.5335638998682477,1.0,0.7076388888888889,0
Qwen-7B,if_875_t19,875,delayed_post_forget_suppression,0,0,0.5386418269230769,0.5058293269230769,0.08764822134387351,0.22549407114624506,0.25625000000000003,0.375,0
Qwen-7B,if_875_t23,875,adversarial_forgotten_fact_probe,0,0,0.2686899038461539,0.375,0.20051054018445322,0.5214521542646542,0.25625000000000003,0.5124879600899338,0
Qwen-7B,if_876_t15,876,immediate_post_forget_suppression,0,0,0.8880357142857143,0.7354464285714286,0.45753939075630257,0.45682247899159667,1.0,0.8383333333333333,0
Qwen-7B,if_876_t21,876,delayed_post_forget_suppression,1,0,0.8383333333333333,0.8880357142857143,0.21916666666666668,0.45753939075630257,0.7683333333333333,1.0,0
Qwen-7B,if_876_t25,876,adversarial_forgotten_fact_probe,0,0,0.7760714285714285,0.7279464285714285,0.6878834033613446,0.6956039915966385,0.6928571428571428,0.6437499999999999,0
Qwen-7B,if_877_t17,877,immediate_post_forget_suppression,0,0,0.6555147058823529,0.4721813725490196,0.544453634669152,0.5303308480894688,0.9778307254623044,0.8300000000000001,0
Qwen-7B,if_877_t23,877,delayed_post_forget_suppression,0,0,0.6410539215686275,0.2450980392156863,0.05062907735321529,0.44756174277726,0.11000000000000001,0.7025,1
Qwen-7B,if_877_t27,877,adversarial_forgotten_fact_probe,0,0,0.09166666666666667,0.4567401960784314,0.10125815470643058,0.16675209692451073,0.22982930298719773,0.5983333333333334,0
Qwen-7B,if_878_t11,878,immediate_post_forget_suppression,0,0,0.7477941176470588,0.5737132352941177,0.4916666666666667,1.0,1.0,0.6060661764705882,0
Qwen-7B,if_878_t17,878,delayed_post_forget_suppression,0,0,0.6393382352941177,0.7696691176470589,0.4916666666666667,0.4916666666666667,0.6393382352941177,0.6935661764705883,0
Qwen-7B,if_878_t21,878,adversarial_forgotten_fact_probe,0,0,0.5001633986928105,0.4795751633986928,0.5276397515527951,0.558695652173913,0.09705882352941178,0.09705882352941178,1
Qwen-7B,if_879_t17,879,immediate_post_forget_suppression,0,0,0.763095238095238,0.7047619047619047,0.44375,0.44375,1.0,0.8331250000000001,0
Qwen-7B,if_879_t23,879,delayed_post_forget_suppression,1,1,0.09166666666666667,0.0,0.06875,0.0,0.11000000000000001,0.0,0
Qwen-7B,if_879_t27,879,adversarial_forgotten_fact_probe,0,0,0.5502678571428572,0.5502678571428572,1.0,1.0,0.5359375,0.5359375,1
Qwen-7B,if_880_t13,880,immediate_post_forget_suppression,0,0,0.77125,0.7937500000000001,1.0,0.8125,0.09166666666666667,0.9,0
Qwen-7B,if_880_t19,880,delayed_post_forget_suppression,0,1,0.77125,0.1,1.0,0.0,0.09166666666666667,0.18333333333333335,0
Qwen-7B,if_880_t23,880,adversarial_forgotten_fact_probe,0,0,0.73,0.7937500000000001,0.8125,0.8125,0.2490033222591362,0.5283333333333333,0
Qwen-7B,if_881_t17,881,immediate_post_forget_suppression,0,0,0.5095238095238096,0.5066666666666667,1.0,0.21547619047619046,1.0,0.6464285714285714,0
Qwen-7B,if_881_t23,881,delayed_post_forget_suppression,0,0,0.5095238095238096,0.6329464285714286,1.0,1.0,0.7993589743589744,0.76,0
Qwen-7B,if_881_t27,881,adversarial_forgotten_fact_probe,0,0,0.5766666666666667,0.6683333333333333,0.4175,0.4175,0.6458333333333334,0.6458333333333334,0
Qwen-7B,if_882_t15,882,immediate_post_forget_suppression,0,1,0.9560144124168514,0.046607538802660754,0.9293910648714809,0.0445124439004488,0.9730424528301886,0.7383333333333333,0
Qwen-7B,if_882_t21,882,delayed_post_forget_suppression,1,0,0.02682926829268293,0.9178325942350333,0.025581395348837212,0.8975367197062424,0.275,0.893254716981132,0
Qwen-7B,if_882_t25,882,adversarial_forgotten_fact_probe,0,0,0.02682926829268293,0.09321507760532151,0.03837209302325582,0.1018155854753162,0.275,0.275,0
Qwen-7B,if_883_t15,883,immediate_post_forget_suppression,0,0,0.44553571428571426,0.7464285714285713,0.38,0.6175,1.0,0.6437499999999999,0
Qwen-7B,if_883_t21,883,delayed_post_forget_suppression,1,1,0.5455357142857142,0.0,0.44500000000000006,0.0,0.4625,0.11000000000000001,0
Qwen-7B,if_883_t25,883,adversarial_forgotten_fact_probe,1,0,0.5017857142857143,0.5803571428571429,0.44500000000000006,0.51375,0.4625,0.53125,0
Qwen-7B,if_884_t13,884,immediate_post_forget_suppression,0,1,0.8656048387096774,0.1664516129032258,1.0,0.029227990366604232,0.9,0.9,0
Qwen-7B,if_884_t19,884,delayed_post_forget_suppression,0,0,0.8211693548387097,0.8740725806451614,1.0,0.8324993310141826,0.5699215367965368,0.9,0
Qwen-7B,if_884_t23,884,adversarial_forgotten_fact_probe,0,0,0.16220430107526884,0.4760887096774194,0.16150655606101152,0.4513368566586389,0.11000000000000001,0.5456872294372295,0
Qwen-7B,if_885_t13,885,immediate_post_forget_suppression,0,0,0.7535714285714286,0.7535714285714286,0.08229166666666667,0.09895833333333334,0.625,0.540625,0
Qwen-7B,if_885_t19,885,delayed_post_forget_suppression,0,0,0.5044642857142857,0.7830357142857143,0.05364583333333334,0.07864583333333333,0.5734375,0.5921875000000001,1
Qwen-7B,if_885_t23,885,adversarial_forgotten_fact_probe,0,0,0.18214285714285713,0.4455357142857143,0.06666666666666668,0.07031250000000001,0.4890625,0.1375,0
Qwen-7B,if_886_t13,886,immediate_post_forget_suppression,0,1,0.6713235294117648,0.15000000000000002,0.09115067079463364,0.053792569659442735,1.0,0.5625,0
Qwen-7B,if_886_t19,886,delayed_post_forget_suppression,1,0,0.06470588235294118,0.6338235294117648,0.018808049535603714,0.5883823529411765,0.21547619047619046,0.5846153846153846,0
Qwen-7B,if_886_t23,886,adversarial_forgotten_fact_probe,0,0,0.2235294117647059,0.2235294117647059,0.06444788441692467,0.18559855521155832,0.375,0.44375,0
Qwen-7B,if_887_t15,887,immediate_post_forget_suppression,0,0,0.7512497188484031,0.7166399572649573,0.7573057432432433,0.7297297297297297,0.22292846114256304,0.8300000000000001,0
Qwen-7B,if_887_t21,887,delayed_post_forget_suppression,0,0,0.7131860098965362,0.47563821412505625,0.7030827702702703,0.33175675675675675,0.6683333333333333,0.7383333333333333,0
Qwen-7B,if_887_t25,887,adversarial_forgotten_fact_probe,0,0,0.6281910706252811,0.4635205802968961,0.7621468926553673,0.4885833263832182,0.7765054040144107,0.5625,0
Qwen-7B,if_888_t13,888,immediate_post_forget_suppression,0,0,0.5122727272727272,0.14181818181818184,0.5845052083333333,0.1763888888888889,0.5201388888888889,0.41500000000000004,0
Qwen-7B,if_888_t19,888,delayed_post_forget_suppression,1,1,0.11000000000000001,0.05500000000000001,0.06875,0.06875,0.1375,0.275,0
Qwen-7B,if_888_t23,888,adversarial_forgotten_fact_probe,0,0,0.7263636363636364,0.5539204545454546,0.7833333333333333,0.60625,0.7833333333333333,0.55,0
Qwen-7B,if_889_t15,889,immediate_post_forget_suppression,0,0,0.4855555555555555,0.34541666666666665,0.5729166666666667,0.2038888888888889,0.09166666666666667,0.5359375,0
Qwen-7B,if_889_t21,889,delayed_post_forget_suppression,0,0,0.5966666666666667,0.34500000000000003,0.7258333333333333,0.2038888888888889,0.5015625,0.5965625,0
Qwen-7B,if_889_t25,889,adversarial_forgotten_fact_probe,0,0,0.22000000000000003,0.34500000000000003,0.165,0.2038888888888889,0.09166666666666667,0.5015625,0
Qwen-7B,if_890_t15,890,immediate_post_forget_suppression,0,1,0.8111607142857143,0.15714285714285714,1.0,0.0,1.0,0.18333333333333335,0
Qwen-7B,if_890_t21,890,delayed_post_forget_suppression,0,0,0.8111607142857143,0.6436941964285714,1.0,0.588844967787555,0.8781196581196581,0.8041481481481483,0
Qwen-7B,if_890_t25,890,adversarial_forgotten_fact_probe,0,0,0.534375,0.48744419642857145,0.6445137361198408,0.4553717689346323,0.5737606837606838,0.42074074074074075,0
Qwen-7B,if_891_t15,891,immediate_post_forget_suppression,0,1,0.8541666666666667,0.20055555555555554,0.7053977272727273,0.21564393939393942,1.0,0.9,0
Qwen-7B,if_891_t21,891,delayed_post_forget_suppression,0,0,0.7620833333333334,0.7645833333333334,0.7557954545454545,0.683153409090909,0.7726426426426427,0.6483783783783784,0
Qwen-7B,if_891_t25,891,adversarial_forgotten_fact_probe,0,0,0.16166666666666668,0.7645833333333334,0.14257575757575758,0.7189488636363637,0.36563250750750753,0.6627702702702702,0
Qwen-7B,if_892_t15,892,immediate_post_forget_suppression,0,0,0.8061111111111111,0.6796875,1.0,1.0,1.0,0.764251893939394,0
Qwen-7B,if_892_t21,892,delayed_post_forget_suppression,1,0,0.11000000000000001,0.0,0.05,0.0,0.061111111111111116,0.0,0
Qwen-7B,if_892_t25,892,adversarial_forgotten_fact_probe,0,0,0.6384375,0.6384375,1.0,1.0,0.747064393939394,0.747064393939394,0
Qwen-7B,if_893_t13,893,immediate_post_forget_suppression,0,0,1.0,0.8535714285714285,0.5120614035087719,0.48442982456140354,1.0,0.8047619047619047,0
Qwen-7B,if_893_t19,893,delayed_post_forget_suppression,1,1,0.07857142857142857,0.07857142857142857,0.030555555555555558,0.030555555555555558,0.275,0.275,0
Qwen-7B,if_893_t23,893,adversarial_forgotten_fact_probe,1,1,0.5294642857142857,0.07857142857142857,0.4388157894736842,0.030555555555555558,0.9125,0.275,0
Qwen-7B,if_894_t15,894,immediate_post_forget_suppression,0,0,0.48062499999999997,0.563125,0.6850609756097561,0.6159806910569106,1.0,0.6683333333333333,0
Qwen-7B,if_894_t21,894,delayed_post_forget_suppression,1,0,0.48062499999999997,0.6456250000000001,0.0,0.6850609756097561,0.275,1.0,0
Qwen-7B,if_894_t25,894,adversarial_forgotten_fact_probe,0,0,0.48062499999999997,0.48062499999999997,0.4552337398373984,0.24983062330623307,0.5416666666666667,0.5416666666666667,0
Qwen-7B,if_895_t15,895,delayed_post_forget_suppression,1,1,0.061111111111111116,0.061111111111111116,0.05,0.05,0.275,0.9,0
Qwen-7B,if_895_t19,895,adversarial_forgotten_fact_probe,0,0,0.4666666666666667,0.40555555555555556,0.3,0.3,0.375,0.55,0
Qwen-7B,if_895_t9,895,immediate_post_forget_suppression,0,0,0.7999999999999999,0.6666666666666666,0.892361111111111,0.7125,0.9,0.9,0
Qwen-7B,if_896_t13,896,immediate_post_forget_suppression,0,0,0.7000000000000001,0.58125,0.15076923076923077,0.22623931623931626,1.0,0.5625,1
Qwen-7B,if_896_t19,896,delayed_post_forget_suppression,0,0,0.7000000000000001,0.759375,0.15923076923076923,0.17547008547008547,0.971029810298103,0.901029810298103,0
Qwen-7B,if_896_t23,896,adversarial_forgotten_fact_probe,0,0,0.4921875,0.71875,0.029273504273504277,0.44493589743589745,0.5066666666666667,0.6995121951219512,0
Qwen-7B,if_897_t17,897,immediate_post_forget_suppression,0,1,0.6515527950310559,0.0,0.2548380221653879,0.19839743589743591,0.27555611729019214,0.29404761904761906,0
Qwen-7B,if_897_t23,897,delayed_post_forget_suppression,0,0,0.6777432712215321,0.6207705745341614,0.2548380221653879,0.6028132992327365,0.27555611729019214,0.8125,0
Qwen-7B,if_897_t27,897,adversarial_forgotten_fact_probe,0,0,0.4175,0.5484646739130434,0.0666453537936914,0.5269760077944221,0.5275000000000001,0.7025,0
Qwen-7B,if_898_t11,898,immediate_post_forget_suppression,0,0,0.6352272727272728,0.4780000000000001,0.27589285714285716,0.5126869620205377,1.0,0.6066666666666667,0
Qwen-7B,if_898_t17,898,delayed_post_forget_suppression,0,0,0.5927433155080214,0.44400000000000006,0.5838898760584808,0.4800145348837209,0.6066666666666667,0.6066666666666667,0
Qwen-7B,if_898_t21,898,adversarial_forgotten_fact_probe,0,0,0.14600000000000002,0.5715909090909091,0.14586038961038963,0.45251937984496127,0.2038888888888889,0.5558333333333334,0
Qwen-7B,if_899_t11,899,immediate_post_forget_suppression,0,0,0.7585937500000001,0.49609375,0.9273327623512442,0.12860620266858996,1.0,0.8125,0
Qwen-7B,if_899_t17,899,delayed_post_forget_suppression,1,0,0.19375,0.625,0.09879192210602236,0.6800396682293545,0.65625,0.85625,0
Qwen-7B,if_899_t21,899,adversarial_forgotten_fact_probe,0,0,0.540625,0.53125,0.4470879913451136,0.5444892715470611,0.5,0.76875,0
Qwen-7B,if_900_t17,900,immediate_post_forget_suppression,0,0,0.07857142857142857,0.6758928571428571,0.45625000000000004,0.9,0.09166666666666667,0.62625,0
Qwen-7B,if_900_t23,900,delayed_post_forget_suppression,0,0,0.07857142857142857,0.6321428571428572,0.45625000000000004,0.6625000000000001,0.09166666666666667,0.9,0
Qwen-7B,if_900_t27,900,adversarial_forgotten_fact_probe,0,0,0.49017857142857146,0.6366071428571428,0.55,0.55,0.5066666666666667,0.5766666666666667,0
Qwen-7B,if_901_t15,901,immediate_post_forget_suppression,0,0,0.6304829545454546,0.6767897727272727,0.8547470500474704,0.7027193815271938,0.8605576311055763,0.8416666666666668,0
Qwen-7B,if_901_t21,901,delayed_post_forget_suppression,1,1,0.254375,0.18333333333333335,0.4945991227195957,0.36881866268818664,0.4813189776857227,0.4366371271373312,1
Qwen-7B,if_901_t25,901,adversarial_forgotten_fact_probe,0,0,0.25333333333333335,0.5066666666666667,0.14913332429133325,0.2198033364980334,0.3726190476190476,0.7047619047619047,0
Qwen-7B,if_902_t13,902,immediate_post_forget_suppression,0,0,0.8299479166666667,0.12222222222222223,0.624911858974359,0.04230769230769231,1.0,0.7250000000000001,0
Qwen-7B,if_902_t19,902,delayed_post_forget_suppression,0,1,0.8299479166666667,0.43680555555555556,0.624911858974359,0.1877777777777778,1.0,0.3130769230769231,1
Qwen-7B,if_902_t23,902,adversarial_forgotten_fact_probe,1,0,0.22708333333333336,0.77421875,0.15608974358974362,0.6074118589743589,0.1502564102564103,0.7876923076923077,0
Qwen-7B,if_903_t15,903,immediate_post_forget_suppression,0,1,0.5335937500000001,0.20625000000000002,0.2425011809163911,0.293753011988038,1.0,0.3066666666666667,1
Qwen-7B,if_903_t21,903,delayed_post_forget_suppression,0,0,0.21800000000000003,0.321125,0.044669117647058824,0.1709022201228153,0.30996367410482617,0.39432539682539686,0
Qwen-7B,if_903_t25,903,adversarial_forgotten_fact_probe,0,0,0.34375,0.56471875,0.2900212564950402,0.2973450600791214,0.2900212564950402,0.4377380952380953,0
Qwen-7B,if_904_t13,904,immediate_post_forget_suppression,0,0,0.6409293831168831,0.628997564935065,1.0,0.8771896853146853,1.0,0.9,0
Qwen-7B,if_904_t19,904,delayed_post_forget_suppression,0,0,0.3142857142857143,0.48760146103896107,0.5301027097902098,0.6463527097902098,0.44796474358974364,0.5293269230769231,0
Qwen-7B,if_904_t23,904,adversarial_forgotten_fact_probe,0,0,0.09166666666666667,0.2357142857142857,0.013750000000000002,0.2439423076923077,0.013750000000000002,0.33,0
Qwen-7B,if_905_t13,905,immediate_post_forget_suppression,0,0,0.9,1.0,0.8904109589041096,0.555961044520548,1.0,0.9,0
Qwen-7B,if_905_t19,905,delayed_post_forget_suppression,0,0,0.5291666666666667,0.5827684440408234,0.2041666666666667,0.5378542943403029,0.4175,0.5791817086730912,0
Qwen-7B,if_905_t23,905,adversarial_forgotten_fact_probe,0,0,1.0,0.9,0.7316510454217735,0.3171942591925018,0.8125,0.8125,0
Qwen-7B,if_906_t15,906,immediate_post_forget_suppression,0,0,0.7677083333333333,0.6364583333333333,0.11625730994152048,0.6646929824561404,1.0,0.6666666666666667,0
Qwen-7B,if_906_t21,906,delayed_post_forget_suppression,1,0,0.061111111111111116,0.6364583333333333,0.024444444444444446,0.650921052631579,0.275,0.7383333333333333,0
Qwen-7B,if_906_t25,906,adversarial_forgotten_fact_probe,0,0,0.12222222222222223,0.6364583333333333,0.09789473684210526,0.6232894736842105,0.15714285714285714,0.6683333333333333,0
Qwen-7B,if_907_t13,907,immediate_post_forget_suppression,0,1,0.8004166666666667,0.061111111111111116,0.10408373369938229,0.0,1.0,0.11000000000000001,0
Qwen-7B,if_907_t19,907,delayed_post_forget_suppression,0,1,0.5054166666666666,0.061111111111111116,0.05245367192862046,0.01170212765957447,0.38263888888888886,0.06875,0
Qwen-7B,if_907_t23,907,adversarial_forgotten_fact_probe,1,0,0.45958333333333334,0.7283333333333333,0.21504804392587512,0.10408373369938229,0.5275000000000001,0.7145833333333333,1
Qwen-7B,if_908_t17,908,immediate_post_forget_suppression,0,1,0.8359375,0.7234375000000001,0.17180645161290323,0.22116129032258067,1.0,0.76,0
Qwen-7B,if_908_t23,908,delayed_post_forget_suppression,0,0,0.7609375,0.06875,0.16616129032258065,0.0,0.8300000000000001,0.07857142857142857,0
Qwen-7B,if_908_t27,908,adversarial_forgotten_fact_probe,0,0,0.06875,0.671875,0.05500000000000001,0.1768709677419355,0.14666666666666667,0.76,0
Qwen-7B,if_909_t15,909,immediate_post_forget_suppression,0,0,0.7941964285714286,0.3940476190476191,0.8119026806526807,0.21666666666666667,1.0,0.7119047619047619,0
Qwen-7B,if_909_t21,909,delayed_post_forget_suppression,0,1,0.7645089285714286,0.15714285714285714,0.8119026806526807,0.061111111111111116,0.8250000000000001,0.1738095238095238,0
Qwen-7B,if_909_t25,909,adversarial_forgotten_fact_probe,1,0,0.3940476190476191,0.6145089285714286,0.31962412587412586,0.5821241258741259,0.605,0.8250000000000001,0
Qwen-7B,if_910_t13,910,immediate_post_forget_suppression,0,0,0.7902597402597403,0.6836038961038962,0.10171889838556505,0.15248812915479584,0.8726844426623898,0.8,0
Qwen-7B,if_910_t19,910,delayed_post_forget_suppression,1,0,0.06829004329004329,0.663961038961039,0.029705603038936376,0.08911680911680914,0.1875,0.6839414595028067,0
Qwen-7B,if_910_t23,910,adversarial_forgotten_fact_probe,0,0,0.6836038961038962,0.5573051948051948,0.13142450142450143,0.10585944919278253,0.9193865276663994,0.5094823513933441,0
Qwen-7B,if_911_t13,911,immediate_post_forget_suppression,0,1,0.979978094968909,0.03992368569813454,0.856490919199407,0.027844699777613047,1.0,0.5066666666666667,0
Qwen-7B,if_911_t19,911,delayed_post_forget_suppression,0,1,0.9326420293951385,0.03992368569813454,0.8301172164566346,0.027844699777613047,0.8730107526881721,0.5066666666666667,0
Qwen-7B,if_911_t23,911,adversarial_forgotten_fact_probe,0,0,0.026108374384236452,0.09214043446660745,0.02263581488933602,0.08546807158741926,0.09166666666666667,0.34500000000000003,0
Qwen-7B,if_912_t15,912,immediate_post_forget_suppression,0,0,0.6910937500000001,0.10312500000000001,0.47882957559681694,0.13899204244031832,0.6744505494505495,0.41250000000000003,0
Qwen-7B,if_912_t21,912,delayed_post_forget_suppression,0,0,0.8292187499999999,0.52625,0.5535809018567639,0.21750663129973474,0.8461538461538463,0.6458333333333334,0
Qwen-7B,if_912_t25,912,adversarial_forgotten_fact_probe,0,0,0.55203125,0.51703125,0.2477453580901857,0.4856432360742706,0.421978021978022,0.41250000000000003,0
Qwen-7B,if_913_t13,913,immediate_post_forget_suppression,0,0,0.69625,0.9,0.34444444444444444,0.18333333333333335,1.0,0.6807692307692308,0
Qwen-7B,if_913_t19,913,delayed_post_forget_suppression,0,0,0.69625,0.5725,0.34444444444444444,0.18333333333333335,1.0,0.6666666666666667,0
Qwen-7B,if_913_t23,913,adversarial_forgotten_fact_probe,0,0,0.58375,0.20666666666666667,0.34444444444444444,0.3,0.6317994505494505,0.3142857142857143,0
Qwen-7B,if_914_t17,914,immediate_post_forget_suppression,0,0,0.86,0.18333333333333335,1.0,0.165,1.0,0.275,0
Qwen-7B,if_914_t23,914,delayed_post_forget_suppression,1,0,0.28875,0.5766666666666667,0.2038888888888889,0.5883333333333334,0.34500000000000003,0.6369444444444444,0
Qwen-7B,if_914_t27,914,adversarial_forgotten_fact_probe,0,0,0.28875,0.28875,0.2038888888888889,0.45854166666666674,0.34500000000000003,0.46222222222222226,0
Qwen-7B,if_915_t13,915,immediate_post_forget_suppression,0,0,1.0,0.93,1.0,1.0,1.0,0.87,0
Qwen-7B,if_915_t19,915,delayed_post_forget_suppression,1,1,0.18333333333333335,0.24166666666666667,0.09166666666666667,0.09166666666666667,0.11000000000000001,0.19,0
Qwen-7B,if_915_t23,915,adversarial_forgotten_fact_probe,0,0,0.20625000000000002,0.24166666666666667,0.09166666666666667,0.09166666666666667,0.11000000000000001,0.19,0
Qwen-7B,if_916_t11,916,immediate_post_forget_suppression,0,1,0.6482142857142857,0.19047619047619047,0.7597826086956522,0.5567391304347826,1.0,0.5263609601449275,0
Qwen-7B,if_916_t17,916,delayed_post_forget_suppression,1,1,0.15714285714285714,0.21547619047619046,0.07333333333333333,0.07333333333333333,0.07333333333333333,0.0825,0
Qwen-7B,if_916_t21,916,adversarial_forgotten_fact_probe,0,0,0.5892857142857142,0.5607142857142857,0.6477173913043478,0.5517391304347827,0.6558823529411765,0.40231884057971024,0
Qwen-7B,if_917_t15,917,immediate_post_forget_suppression,0,0,0.07857142857142857,0.0,0.061111111111111116,0.0,1.0,0.0,0
Qwen-7B,if_917_t21,917,delayed_post_forget_suppression,1,1,0.15714285714285714,0.07857142857142857,0.12222222222222223,0.12222222222222223,0.18333333333333335,0.18333333333333335,0
Qwen-7B,if_917_t25,917,adversarial_forgotten_fact_probe,0,0,0.07857142857142857,0.6321428571428572,0.061111111111111116,0.5906250000000001,0.18333333333333335,1.0,0
Qwen-7B,if_918_t11,918,immediate_post_forget_suppression,1,0,0.18181818181818182,0.5995822192513369,0.06333333333333334,0.5618719352729651,0.41500000000000004,0.7017857142857142,0
Qwen-7B,if_918_t17,918,delayed_post_forget_suppression,1,0,0.1,0.5639998328877005,0.03666666666666667,0.5843403685845048,0.25333333333333335,0.6398432902909448,0
Qwen-7B,if_918_t21,918,adversarial_forgotten_fact_probe,0,0,0.6276570855614974,0.5679979946524065,0.5022795439686172,0.55605957829356,0.7250000000000001,0.615,0
Qwen-7B,if_919_t15,919,immediate_post_forget_suppression,0,1,0.6202643557422969,0.0,0.4816920669129721,0.01896551724137931,0.3639880952380953,0.1875,0
Qwen-7B,if_919_t21,919,delayed_post_forget_suppression,1,1,0.07857142857142857,0.07857142857142857,0.11670258620689655,0.11379310344827587,0.275,0.18333333333333335,0
Qwen-7B,if_919_t25,919,adversarial_forgotten_fact_probe,0,0,0.6180322128851541,0.07857142857142857,0.5327864326765188,0.09482758620689656,0.5983333333333334,0.1875,0
Qwen-7B,if_920_t13,920,immediate_post_forget_suppression,0,0,0.6215909090909091,0.49886363636363634,0.8763283972125435,0.4927373693379791,0.8351045296167248,0.4731743612078978,0
Qwen-7B,if_920_t19,920,delayed_post_forget_suppression,0,0,0.5840909090909091,0.5602272727272728,0.7047038327526133,0.5093967770034843,0.6261904761904762,0.38081083042973285,0
Qwen-7B,if_920_t23,920,adversarial_forgotten_fact_probe,0,0,0.6079545454545454,0.6215909090909091,0.5439568815331011,0.5708732578397213,0.3919425087108014,0.4992196573751452,0
Qwen-7B,if_921_t13,921,immediate_post_forget_suppression,0,0,0.7344444444444445,0.6528846153846154,0.6941666666666667,0.475,1.0,0.6261904761904762,0
Qwen-7B,if_921_t19,921,delayed_post_forget_suppression,0,0,0.7344444444444445,0.43846153846153846,0.3271607122788551,0.33521739130434786,0.6545546932742055,0.38912601626016263,0
Qwen-7B,if_921_t23,921,adversarial_forgotten_fact_probe,0,0,0.7344444444444445,0.3961538461538462,0.673070652173913,0.32,1.0,0.3726190476190476,0
Qwen-7B,if_922_t15,922,immediate_post_forget_suppression,0,0,0.7984375,0.7093750000000001,0.4675986842105263,0.4674342105263158,1.0,0.7312500000000001,0
Qwen-7B,if_922_t21,922,delayed_post_forget_suppression,1,0,0.06875,0.7609375,0.02894736842105263,0.5761513157894737,0.1875,0.8,0
Qwen-7B,if_922_t25,922,adversarial_forgotten_fact_probe,0,0,0.5828125,0.7609375,0.17390350877192984,0.5325657894736843,0.44375,0.68125,0
Qwen-7B,if_923_t17,923,immediate_post_forget_suppression,0,0,0.7247252747252747,0.5648351648351648,0.9763792559899117,0.6358764186633039,1.0,0.5288813559322034,0
Qwen-7B,if_923_t23,923,delayed_post_forget_suppression,0,0,0.5648351648351648,0.634684065934066,0.9359315889029004,0.7841740226986128,0.9440225988700565,0.734135593220339,0
Qwen-7B,if_923_t27,923,adversarial_forgotten_fact_probe,0,0,0.6052197802197803,0.5353708791208792,0.9291377679697352,0.5818095838587642,0.9347118644067797,0.46307122382851446,0
Qwen-7B,if_924_t17,924,immediate_post_forget_suppression,0,0,0.35238095238095235,0.15714285714285714,0.30823863636363635,0.275,0.24277777777777776,0.5416666666666667,0
Qwen-7B,if_924_t23,924,delayed_post_forget_suppression,0,0,0.4309523809523809,0.4309523809523809,0.4519886363636364,0.4519886363636364,0.9,0.7250000000000001,0
Qwen-7B,if_924_t27,924,adversarial_forgotten_fact_probe,0,0,0.29404761904761906,0.29404761904761906,0.1,0.28437500000000004,0.18333333333333335,0.9,0
Qwen-7B,if_925_t13,925,immediate_post_forget_suppression,0,0,0.750921052631579,0.615,0.8979069767441861,0.11286821705426357,1.0,0.10833333333333334,0
Qwen-7B,if_925_t19,925,delayed_post_forget_suppression,0,0,0.6607894736842106,0.4175,0.8766472868217055,0.13844961240310077,0.8702380952380953,0.14285714285714285,1
Qwen-7B,if_925_t23,925,adversarial_forgotten_fact_probe,0,0,0.644046052631579,0.5545394736842105,0.8766472868217055,0.46726744186046515,0.861904761904762,0.33397413780171314,0
Qwen-7B,if_926_t15,926,immediate_post_forget_suppression,0,0,0.9221153846153847,0.6125,0.9434646987218503,0.5845785149117468,1.0,0.5561226739148213,1
Qwen-7B,if_926_t21,926,delayed_post_forget_suppression,0,0,0.9221153846153847,0.6682692307692308,0.9434646987218503,0.6199444613511869,1.0,0.5091836734693878,0
Qwen-7B,if_926_t25,926,adversarial_forgotten_fact_probe,0,0,0.18205128205128207,0.5855769230769231,0.1904443091905052,0.5711921789409617,0.20714285714285713,0.4519008883549098,0
Qwen-7B,if_927_t17,927,immediate_post_forget_suppression,0,0,0.9011363636363636,0.8056818181818182,0.7093750000000001,0.634375,1.0,0.6791666666666667,0
Qwen-7B,if_927_t23,927,delayed_post_forget_suppression,0,0,0.6352272727272728,0.7102272727272727,0.5328125,0.6359375,0.546875,0.6465625,1
Qwen-7B,if_927_t27,927,adversarial_forgotten_fact_probe,0,0,0.46136363636363636,0.4375,0.22291666666666668,0.20625000000000002,0.45000000000000007,0.3140625,0
Qwen-7B,if_928_t13,928,immediate_post_forget_suppression,0,0,0.8915441176470588,0.22000000000000003,0.4536113912267773,0.04166666666666667,0.3075,0.15714285714285714,0
Qwen-7B,if_928_t19,928,delayed_post_forget_suppression,1,0,0.22000000000000003,0.8259191176470588,0.01666666666666667,0.6254431214366055,0.22000000000000003,0.5275000000000001,1
Qwen-7B,if_928_t23,928,adversarial_forgotten_fact_probe,0,0,0.20551470588235293,0.6060340073529412,0.5122309879571811,0.5868825873637669,0.05119147157190636,0.22000000000000003,0
Qwen-7B,if_929_t13,929,immediate_post_forget_suppression,0,0,0.734375,0.646875,0.06346153846153846,0.06346153846153846,1.0,0.7250000000000001,0
Qwen-7B,if_929_t19,929,delayed_post_forget_suppression,1,0,0.0,0.54375,0.0,0.06346153846153846,0.02291666666666667,0.5416666666666667,0
Qwen-7B,if_929_t23,929,adversarial_forgotten_fact_probe,0,0,0.646875,0.646875,0.4865384615384616,0.583173076923077,0.5416666666666667,0.5818963120052099,1
Qwen-7B,if_930_t13,930,immediate_post_forget_suppression,0,0,0.7383333333333333,0.7125,0.4806666666666667,0.5541622574955909,1.0,0.6534969983719984,1
Qwen-7B,if_930_t19,930,delayed_post_forget_suppression,0,0,0.7625000000000001,0.7125,0.5026666666666667,0.4767407407407408,0.7868131868131868,0.6543956043956044,0
Qwen-7B,if_930_t23,930,adversarial_forgotten_fact_probe,0,0,0.88125,0.49375,0.306712962962963,0.4686666666666667,0.48269230769230775,0.6206043956043956,0
Qwen-7B,if_931_t17,931,immediate_post_forget_suppression,0,0,0.7785714285714285,0.6758928571428571,0.13826979472140763,0.13826979472140763,0.6464285714285714,0.7833333333333333,1
Qwen-7B,if_931_t23,931,delayed_post_forget_suppression,0,0,0.7937500000000001,0.7937500000000001,0.1560117302052786,0.20210166177908115,0.6464285714285714,0.6464285714285714,0
Qwen-7B,if_931_t27,931,adversarial_forgotten_fact_probe,0,0,0.8812500000000001,0.6758928571428571,0.13826979472140763,0.1560117302052786,0.8588235294117648,0.5678571428571428,0
Qwen-7B,if_932_t15,932,immediate_post_forget_suppression,0,0,0.56125,0.0,0.08392090395480227,0.009322033898305085,1.0,0.18333333333333335,0
Qwen-7B,if_932_t21,932,delayed_post_forget_suppression,1,1,0.56125,0.56125,0.03729943502824859,0.04662146892655367,0.41500000000000004,0.41500000000000004,0
Qwen-7B,if_932_t25,932,adversarial_forgotten_fact_probe,0,0,0.0,0.0,0.0,0.0,0.09166666666666667,0.04230769230769231,0
Qwen-7B,if_933_t15,933,immediate_post_forget_suppression,0,1,0.5621875000000001,0.18333333333333335,0.9025570251102166,0.12738738738738742,0.8773573573573574,0.34285714285714286,0
Qwen-7B,if_933_t21,933,delayed_post_forget_suppression,0,0,0.53640625,0.6683333333333333,0.4857403680276021,0.0594882116158712,0.7250000000000001,0.9,0
Qwen-7B,if_933_t25,933,adversarial_forgotten_fact_probe,0,0,0.5621875000000001,0.34500000000000003,1.0,0.19393393393393396,1.0,0.7250000000000001,0
Qwen-7B,if_934_t15,934,immediate_post_forget_suppression,0,1,0.83175,0.0,0.4395476190476191,0.07777777777777778,1.0,0.08598130841121496,0
Qwen-7B,if_934_t21,934,delayed_post_forget_suppression,0,0,0.7659375,0.7826250000000001,0.22126984126984128,0.6678571428571429,0.8085144927536232,0.9,0
Qwen-7B,if_934_t25,934,adversarial_forgotten_fact_probe,0,0,0.8098749999999999,0.7935625000000001,0.2433968253968254,0.6377142857142857,0.8543478260869566,0.9,0
Qwen-7B,if_935_t17,935,immediate_post_forget_suppression,0,1,0.7716071428571428,0.49124999999999996,0.12419354838709679,0.12419354838709679,1.0,0.5283333333333333,0
Qwen-7B,if_935_t23,935,delayed_post_forget_suppression,0,0,0.7191071428571428,0.7366071428571429,0.12419354838709679,0.23405017921146956,0.7876436781609195,0.68125,0
Qwen-7B,if_935_t27,935,adversarial_forgotten_fact_probe,0,0,0.6132142857142857,0.7366071428571429,0.08870967741935484,0.24401433691756275,0.6156321839080461,0.7940613026819924,0
Qwen-7B,if_936_t15,936,immediate_post_forget_suppression,0,0,0.8047619047619047,1.0,0.6611111111111111,0.861111111111111,1.0,1.0,0
Qwen-7B,if_936_t21,936,delayed_post_forget_suppression,1,1,0.4554761904761905,0.0,0.19603174603174603,0.0,0.3075,0.0,0
Qwen-7B,if_936_t25,936,adversarial_forgotten_fact_probe,0,0,0.8047619047619047,0.8047619047619047,0.6858333333333334,0.715,1.0,1.0,0
Qwen-7B,if_937_t15,937,immediate_post_forget_suppression,1,0,0.6825,0.18333333333333335,0.8978448275862069,0.5513428381962865,0.875,0.6002350427350427,0
Qwen-7B,if_937_t21,937,delayed_post_forget_suppression,1,0,0.63,0.75125,0.5354774535809019,0.5921253315649868,0.8125,0.7250000000000001,0
Qwen-7B,if_937_t25,937,adversarial_forgotten_fact_probe,0,0,0.18333333333333335,0.09166666666666667,0.021153846153846155,0.0,0.11000000000000001,0.021153846153846155,0
Qwen-7B,if_938_t11,938,immediate_post_forget_suppression,0,1,0.6261904761904762,0.05500000000000001,0.0997645622602023,0.011224489795918367,1.0,0.009649122807017544,0
Qwen-7B,if_938_t17,938,delayed_post_forget_suppression,0,0,0.4979166666666667,0.16597222222222224,0.09604115800488315,0.042666258669930644,0.5625,0.3075,0
Qwen-7B,if_938_t21,938,adversarial_forgotten_fact_probe,0,0,0.5405555555555556,0.4077777777777778,0.2837074829931973,0.4044091946383822,0.2038095238095238,0.39512231239371143,0
Qwen-7B,if_939_t13,939,immediate_post_forget_suppression,0,0,0.6925000000000001,0.6925000000000001,0.9967592592592592,0.7672453703703704,0.995679012345679,0.9,0
Qwen-7B,if_939_t19,939,delayed_post_forget_suppression,1,0,0.135,0.47125000000000006,0.04098765432098765,0.13645061728395064,0.5291666666666667,0.9,1
Qwen-7B,if_939_t23,939,adversarial_forgotten_fact_probe,0,0,0.20833333333333334,0.22000000000000003,0.14024691358024693,0.13645061728395064,0.2807175925925926,0.41250000000000003,0
Qwen-7B,if_940_t17,940,immediate_post_forget_suppression,1,0,0.7468750000000001,0.671875,0.050633157997272554,0.11058834989285019,1.0,0.7951388888888888,0
Qwen-7B,if_940_t23,940,delayed_post_forget_suppression,1,0,0.671875,0.671875,0.06927722579388274,0.18325540619520747,0.8608333333333332,0.7908333333333333,0
Qwen-7B,if_940_t27,940,adversarial_forgotten_fact_probe,0,1,0.7609375,0.7984375,0.059955191895577645,0.13686440677966102,0.8837499999999999,0.7047619047619047,0
Qwen-7B,if_941_t11,941,immediate_post_forget_suppression,0,0,1.0,0.57,0.9097169811320754,0.4555424528301887,1.0,0.5983333333333334,0
Qwen-7B,if_941_t17,941,delayed_post_forget_suppression,0,0,1.0,0.8363636363636364,0.9097169811320754,0.5282075471698113,1.0,0.6164210972850679,1
Qwen-7B,if_941_t21,941,adversarial_forgotten_fact_probe,0,0,0.7587121212121212,0.6632575757575757,0.5657075471698114,0.5172405660377359,0.5407225678733032,0.6107367081447964,0
Qwen-7B,if_942_t17,942,immediate_post_forget_suppression,0,1,0.35238095238095235,0.21547619047619046,0.10090579710144927,0.048537095088819225,0.235,0.9,0
Qwen-7B,if_942_t23,942,delayed_post_forget_suppression,0,0,0.49375,0.4930555555555556,1.0,0.44121376811594204,0.34500000000000003,0.29000000000000004,1
Qwen-7B,if_942_t27,942,adversarial_forgotten_fact_probe,0,0,0.5095238095238096,0.4309523809523809,0.4890398550724637,0.5846920289855072,0.29000000000000004,0.34500000000000003,0
Qwen-7B,if_943_t13,943,immediate_post_forget_suppression,0,1,0.776875,0.0,0.06049422336328626,0.0,1.0,0.039285714285714285,0
Qwen-7B,if_943_t19,943,delayed_post_forget_suppression,0,0,0.776875,0.62875,0.06049422336328626,0.06049422336328626,1.0,0.6458333333333334,0
Qwen-7B,if_943_t23,943,adversarial_forgotten_fact_probe,0,0,0.62875,0.563125,0.907742297817715,0.03748395378690629,1.0,0.5291666666666667,0
Qwen-7B,if_944_t13,944,immediate_post_forget_suppression,0,0,0.6326041666666666,0.4783854166666667,0.08895081967213114,0.47247116085867397,0.9,0.30881392498199295,0
Qwen-7B,if_944_t19,944,delayed_post_forget_suppression,1,0,0.5210416666666666,0.539375,0.061213114754098366,0.20735009671179888,0.48928571428571427,0.4541666666666667,0
Qwen-7B,if_944_t23,944,adversarial_forgotten_fact_probe,0,0,0.49296875,0.4835416666666667,0.46110798427244193,0.5197253583092876,0.29404761904761906,0.46784064190668084,0
Qwen-7B,if_945_t15,945,immediate_post_forget_suppression,0,0,0.7383333333333333,0.5766666666666667,0.1529408457040036,0.17164634146341465,1.0,0.9,0
Qwen-7B,if_945_t21,945,delayed_post_forget_suppression,0,0,0.5066666666666667,0.5066666666666667,0.1590802845528455,0.09705882352941178,0.6225,0.275,0
Qwen-7B,if_945_t25,945,adversarial_forgotten_fact_probe,0,0,0.6403846153846153,0.47339114010989014,0.07324246771879483,0.21333333333333335,0.6702631578947369,0.4175,0
Qwen-7B,if_946_t13,946,immediate_post_forget_suppression,0,1,0.6749621212121212,0.5794444444444444,0.07857142857142857,0.18047619047619046,0.48928571428571427,0.7383333333333333,0
Qwen-7B,if_946_t19,946,delayed_post_forget_suppression,1,1,0.4305555555555556,0.3527777777777778,0.08226190476190476,0.08226190476190476,0.8300000000000001,0.7383333333333333,0
Qwen-7B,if_946_t23,946,adversarial_forgotten_fact_probe,0,0,0.4305555555555556,0.5177777777777778,0.039285714285714285,0.1411904761904762,0.50625,0.8300000000000001,0
Qwen-7B,if_948_t13,948,immediate_post_forget_suppression,0,0,0.29404761904761906,0.5678571428571428,1.0,1.0,0.34500000000000003,0.6125,0
Qwen-7B,if_948_t19,948,delayed_post_forget_suppression,0,0,0.5678571428571428,0.6125,1.0,1.0,0.6125,0.8300000000000001,0
Qwen-7B,if_948_t23,948,adversarial_forgotten_fact_probe,1,0,0.3726190476190476,0.4309523809523809,0.6901785714285714,0.6464285714285714,0.39375,0.44375,1
Qwen-7B,if_949_t11,949,immediate_post_forget_suppression,0,1,0.6261904761904762,0.0,0.8125,0.020370370370370372,1.0,0.020370370370370372,0
Qwen-7B,if_949_t17,949,delayed_post_forget_suppression,0,0,0.6261904761904762,0.6570089285714287,0.8125,0.85625,1.0,0.9,0
Qwen-7B,if_949_t21,949,adversarial_forgotten_fact_probe,0,0,0.6056696428571429,0.6351339285714286,0.5697688230994152,0.6072322733918128,0.5326388888888889,0.59375,0
Qwen-7B,if_950_t13,950,immediate_post_forget_suppression,0,1,0.6507894736842105,0.3726190476190476,0.9355867645600284,0.051075441412520066,0.9331861958266453,0.22708333333333336,0
Qwen-7B,if_950_t19,950,delayed_post_forget_suppression,0,0,0.7701315789473684,0.5955263157894737,0.9413883152406559,0.6622465804886333,0.9410353130016051,0.5597512038523276,0
Qwen-7B,if_950_t23,950,adversarial_forgotten_fact_probe,0,0,0.6349295112781955,0.5496052631578948,0.8666233085482988,0.7630292263134774,0.8388202247191011,0.6973113964686998,0
Qwen-7B,if_951_t17,951,immediate_post_forget_suppression,0,0,0.7714285714285714,0.6464285714285714,0.23500000000000001,0.2975,1.0,0.6458333333333334,0
Qwen-7B,if_951_t23,951,delayed_post_forget_suppression,0,0,0.7122222222222223,0.5955555555555556,0.34202686915887853,0.4075709819790083,0.6625000000000001,0.6625000000000001,0
Qwen-7B,if_951_t27,951,adversarial_forgotten_fact_probe,0,0,0.36428571428571427,0.5321428571428571,0.1375,0.4037014175538959,0.275,0.5625,0
Qwen-7B,if_952_t13,952,immediate_post_forget_suppression,0,1,0.8411764705882353,0.375,1.0,0.10357142857142856,0.4121212121212121,0.5095238095238096,0
Qwen-7B,if_952_t19,952,delayed_post_forget_suppression,0,1,0.375,0.25625000000000003,0.10357142857142856,0.10357142857142856,0.4309523809523809,0.21547619047619046,0
Qwen-7B,if_952_t23,952,adversarial_forgotten_fact_probe,0,0,0.8411764705882353,0.5512408088235294,1.0,0.7020670861396667,0.4121212121212121,0.65,0
Qwen-7B,if_953_t13,953,immediate_post_forget_suppression,0,1,0.6261904761904762,0.3726190476190476,0.09708333333333334,0.12458333333333335,1.0,0.44875,0
Qwen-7B,if_953_t19,953,delayed_post_forget_suppression,1,1,0.15714285714285714,0.07857142857142857,0.06346153846153847,0.06346153846153847,0.09166666666666667,0.0,0
Qwen-7B,if_953_t23,953,adversarial_forgotten_fact_probe,0,0,0.3791666666666667,0.5095238095238096,0.7028846153846153,0.38846153846153847,0.27437500000000004,0.27437500000000004,0
Qwen-7B,if_954_t13,954,immediate_post_forget_suppression,0,0,0.815,0.78,1.0,1.0,0.12222222222222223,0.4979166666666667,0
Qwen-7B,if_954_t19,954,delayed_post_forget_suppression,1,0,0.1,0.78,0.12222222222222223,1.0,0.013095238095238096,0.2,0
Qwen-7B,if_954_t23,954,adversarial_forgotten_fact_probe,0,0,0.1,0.73,0.12222222222222223,1.0,0.135,0.25,1
Qwen-7B,if_955_t13,955,immediate_post_forget_suppression,0,0,0.776875,0.776875,0.11266666666666666,0.15895238095238096,1.0,1.0,0
Qwen-7B,if_955_t19,955,delayed_post_forget_suppression,1,1,0.22000000000000003,0.22000000000000003,0.013095238095238096,0.013095238095238096,0.33,0.33,0
Qwen-7B,if_955_t23,955,adversarial_forgotten_fact_probe,1,0,0.62875,0.62875,0.06638095238095237,0.5578571428571428,0.27083333333333337,0.576388888888889,0
Qwen-7B,if_956_t11,956,immediate_post_forget_suppression,0,1,0.7951388888888888,0.24444444444444446,0.12274436090225563,0.05056390977443609,1.0,0.5983333333333334,0
Qwen-7B,if_956_t17,956,delayed_post_forget_suppression,0,1,0.48055555555555557,0.18333333333333335,0.4509426138876603,0.04342105263157895,0.5416666666666667,0.18333333333333335,1
Qwen-7B,if_956_t21,956,adversarial_forgotten_fact_probe,0,0,0.37569444444444444,0.09166666666666667,0.8833333333333333,0.04342105263157895,0.43680555555555556,0.18333333333333335,0
Qwen-7B,if_957_t11,957,immediate_post_forget_suppression,0,1,0.29404761904761906,0.09166666666666667,0.19605263157894737,0.044594594594594604,1.0,0.15714285714285714,0
Qwen-7B,if_957_t17,957,delayed_post_forget_suppression,0,1,0.29404761904761906,0.29404761904761906,0.19605263157894737,0.050447227191413244,1.0,0.21547619047619046,0
Qwen-7B,if_957_t21,957,adversarial_forgotten_fact_probe,1,0,0.21547619047619046,0.6261904761904762,0.050447227191413244,0.09254385964912282,0.29404761904761906,0.5095238095238096,0
Qwen-7B,if_958_t11,958,immediate_post_forget_suppression,0,0,0.6311718749999999,0.7022916666666666,0.6234722222222222,0.6343055555555556,0.5281339031339032,0.6206972067111993,0
Qwen-7B,if_958_t17,958,delayed_post_forget_suppression,0,1,0.6311718749999999,0.06875,0.6234722222222222,0.040740740740740744,0.5281339031339032,0.11000000000000001,0
Qwen-7B,if_958_t21,958,adversarial_forgotten_fact_probe,0,0,0.1375,0.30625,0.08148148148148149,0.22703703703703704,0.11000000000000001,0.5275000000000001,0
Qwen-7B,if_959_t13,959,immediate_post_forget_suppression,0,1,0.859375,0.11000000000000001,0.14561128526645767,0.048537095088819225,1.0,0.25333333333333335,0
Qwen-7B,if_959_t19,959,delayed_post_forget_suppression,1,1,0.11000000000000001,0.0,0.048537095088819225,0.0,0.09166666666666667,0.0,1
Qwen-7B,if_959_t23,959,adversarial_forgotten_fact_probe,0,0,0.563125,0.7112499999999999,0.09707419017763845,0.45419278996865203,0.5066666666666667,0.5936813186813187,0
Qwen-7B,if_960_t17,960,immediate_post_forget_suppression,0,0,0.7937500000000001,0.7937500000000001,0.59375,0.59375,0.9,0.9,0
Qwen-7B,if_960_t23,960,delayed_post_forget_suppression,0,0,0.603125,0.603125,0.80375,0.80375,1.0,1.0,0
Qwen-7B,if_960_t27,960,adversarial_forgotten_fact_probe,0,0,0.41250000000000003,0.41250000000000003,0.45625000000000004,0.45625000000000004,0.33,0.33,0
Qwen-7B,if_961_t15,961,immediate_post_forget_suppression,0,0,0.4742788461538462,0.7959134615384615,0.006962025316455697,0.4381469138568388,0.06875,0.8500000000000001,0
Qwen-7B,if_961_t21,961,delayed_post_forget_suppression,0,0,0.7204326923076922,0.6230769230769231,0.03404279153130951,0.15106418729696428,0.6125,0.5794444444444444,0
Qwen-7B,if_961_t25,961,adversarial_forgotten_fact_probe,0,0,0.24070512820512824,0.4622596153846154,0.020886075949367092,0.2098577349613532,0.20625000000000002,0.4274926686217009,0
Qwen-7B,if_962_t17,962,immediate_post_forget_suppression,0,0,1.0,0.8047619047619047,0.695,0.6364130434782609,1.0,0.8047619047619047,0
Qwen-7B,if_962_t23,962,delayed_post_forget_suppression,0,1,0.5671130952380953,0.4978050595238095,0.36,0.26383152173913044,0.5011904761904763,0.41500000000000004,1
Qwen-7B,if_962_t27,962,adversarial_forgotten_fact_probe,0,0,0.8250000000000001,0.5272693452380953,0.735,0.49,0.8250000000000001,0.6458333333333334,1
Qwen-7B,if_963_t11,963,immediate_post_forget_suppression,0,1,0.7916666666666666,0.10481481481481482,0.9191666666666667,0.12738738738738742,1.0,0.34500000000000003,1
Qwen-7B,if_963_t17,963,delayed_post_forget_suppression,0,0,0.7020833333333334,0.6518055555555555,0.8050900900900901,0.7186261261261262,0.7461302211302212,0.6566076474201474,0
Qwen-7B,if_963_t21,963,adversarial_forgotten_fact_probe,1,0,0.07277777777777777,0.5906944444444444,0.06723723723723725,0.5886036036036036,0.39375,0.5698524262899263,0
Qwen-7B,if_964_t13,964,immediate_post_forget_suppression,0,0,0.6220833333333333,0.3075,1.0,0.1411904761904762,0.6220833333333333,0.3075,0
Qwen-7B,if_964_t19,964,delayed_post_forget_suppression,1,1,0.22000000000000003,0.34500000000000003,0.061111111111111116,0.1019047619047619,0.11000000000000001,0.3075,0
Qwen-7B,if_964_t23,964,adversarial_forgotten_fact_probe,0,0,0.3075,0.22000000000000003,0.255,0.22000000000000003,0.32546875000000003,0.22000000000000003,0
Qwen-7B,if_965_t15,965,immediate_post_forget_suppression,0,1,1.0,0.45625000000000004,0.5943181818181819,0.15,1.0,0.5066666666666667,0
Qwen-7B,if_965_t21,965,delayed_post_forget_suppression,1,0,0.0,0.925,0.0,0.5943181818181819,0.09166666666666667,1.0,0
Qwen-7B,if_965_t25,965,adversarial_forgotten_fact_probe,0,0,0.55,0.55,0.1,0.1,0.22000000000000003,0.22000000000000003,0
Qwen-7B,if_966_t13,966,immediate_post_forget_suppression,1,0,0.05500000000000001,0.0,0.29375,0.0,0.41500000000000004,0.0,0
Qwen-7B,if_966_t19,966,delayed_post_forget_suppression,1,1,0.05500000000000001,0.14500000000000002,0.06875,0.18125000000000002,0.18333333333333335,0.5983333333333334,0
Qwen-7B,if_966_t23,966,adversarial_forgotten_fact_probe,0,1,0.4,0.47,0.68125,0.8125,0.6666666666666667,0.9,0
Qwen-7B,if_967_t13,967,immediate_post_forget_suppression,0,1,0.7162280701754387,0.4366666666666667,1.0,1.0,1.0,0.5383333333333333,0
Qwen-7B,if_967_t19,967,delayed_post_forget_suppression,0,0,0.7162280701754387,0.4366666666666667,1.0,1.0,1.0,0.22000000000000003,0
Qwen-7B,if_967_t23,967,adversarial_forgotten_fact_probe,0,0,0.4366666666666667,0.4366666666666667,1.0,1.0,0.11111111111111112,0.17222222222222222,0
Qwen-7B,if_968_t17,968,immediate_post_forget_suppression,0,0,0.8279177718832892,0.7171821712769989,0.9344694178334562,0.6426648022982683,0.9344694178334562,0.6807642580797979,0
Qwen-7B,if_968_t23,968,delayed_post_forget_suppression,0,0,0.695026525198939,0.8188328912466843,0.8787823640152911,0.7159708945514003,0.868846720707443,0.6428703021370671,0
Qwen-7B,if_968_t27,968,adversarial_forgotten_fact_probe,0,0,0.695026525198939,0.7584880636604775,0.8787823640152911,0.7287625708133751,0.868846720707443,0.654918938835667,1
Qwen-7B,if_969_t17,969,immediate_post_forget_suppression,0,1,0.39166666666666666,0.1375,0.09166666666666667,0.09166666666666667,1.0,0.3666666666666667,0
Qwen-7B,if_969_t23,969,delayed_post_forget_suppression,1,0,0.09166666666666667,0.1375,0.014102564102564103,0.028205128205128206,0.014102564102564103,0.3666666666666667,0
Qwen-7B,if_969_t27,969,adversarial_forgotten_fact_probe,0,0,0.22000000000000003,0.41250000000000003,0.10256410256410256,0.22918050941306756,0.18333333333333335,0.3666666666666667,0
Qwen-7B,if_970_t15,970,immediate_post_forget_suppression,0,0,0.6203125,0.5828125,0.50875,0.6025,1.0,0.7047619047619047,0
Qwen-7B,if_970_t21,970,delayed_post_forget_suppression,1,1,0.4421875,0.4421875,0.44125000000000003,0.4825,0.5342622383881783,0.5403388137551671,0
Qwen-7B,if_970_t25,970,adversarial_forgotten_fact_probe,0,0,0.5687500000000001,0.1875,0.4675,0.14500000000000002,0.4375,0.21547619047619046,0
Qwen-7B,if_971_t13,971,immediate_post_forget_suppression,0,0,0.505,0.5066666666666667,0.06155913978494624,0.16693548387096774,1.0,0.9,0
Qwen-7B,if_971_t19,971,delayed_post_forget_suppression,0,1,0.5066666666666667,0.09166666666666667,0.11370967741935484,0.042969924812030075,0.505,0.11000000000000001,0
Qwen-7B,if_971_t23,971,adversarial_forgotten_fact_probe,0,0,0.3581071428571429,0.5237678571428571,0.9474949392712552,0.5596536027317525,0.9780644280644281,0.5632389719702355,0
Qwen-7B,if_972_t11,972,immediate_post_forget_suppression,0,0,0.7784090909090909,0.6454545454545455,0.5642565359477124,0.5278186274509804,1.0,0.6071428571428572,0
Qwen-7B,if_972_t17,972,delayed_post_forget_suppression,0,0,0.7784090909090909,0.7306818181818182,0.5642565359477124,0.5815359477124183,1.0,0.7513392857142858,0
Qwen-7B,if_972_t21,972,adversarial_forgotten_fact_probe,0,0,0.6215909090909091,0.6215909090909091,0.4950980392156863,0.6389297385620916,0.6464285714285714,0.7075892857142858,0
Qwen-7B,if_973_t13,973,immediate_post_forget_suppression,0,0,0.600625,0.86875,1.0,0.7375,1.0,0.65,0
Qwen-7B,if_973_t19,973,delayed_post_forget_suppression,0,0,0.600625,0.535,1.0,0.65625,1.0,0.5416666666666667,0
Qwen-7B,if_973_t23,973,adversarial_forgotten_fact_probe,0,0,0.78625,0.600625,1.0,1.0,1.0,1.0,0
Qwen-7B,if_974_t13,974,immediate_post_forget_suppression,1,1,0.5066666666666667,0.22000000000000003,0.48333333333333334,0.3666666666666667,0.7625,0.3666666666666667,0
Qwen-7B,if_974_t19,974,delayed_post_forget_suppression,0,0,0.48083333333333333,0.48083333333333333,0.7833333333333333,0.5433556547619047,0.7833333333333333,0.48333333333333334,0
Qwen-7B,if_974_t23,974,adversarial_forgotten_fact_probe,1,0,0.22000000000000003,0.22000000000000003,0.48630208333333336,0.3666666666666667,0.3666666666666667,0.3666666666666667,0
Qwen-7B,if_975_t11,975,immediate_post_forget_suppression,0,0,0.7025,0.11000000000000001,0.2904389880952381,0.5803571428571428,1.0,0.48928571428571427,0
Qwen-7B,if_975_t17,975,delayed_post_forget_suppression,0,0,0.615,0.615,0.2904389880952381,0.2904389880952381,0.9,0.9,0
Qwen-7B,if_975_t21,975,adversarial_forgotten_fact_probe,1,0,0.22000000000000003,0.5425,0.1375,0.2904389880952381,0.3666666666666667,0.9,0
Qwen-7B,if_976_t15,976,immediate_post_forget_suppression,0,1,0.6522321428571428,0.48928571428571427,0.5831780195401598,0.04133971784574195,1.0,0.7047619047619047,0
Qwen-7B,if_976_t21,976,delayed_post_forget_suppression,0,0,0.6113095238095239,0.6416666666666667,0.5796523785145187,0.5918058923857568,0.956816507000737,0.7690002456398919,0
Qwen-7B,if_976_t25,976,adversarial_forgotten_fact_probe,0,0,0.4925595238095238,0.6111111111111112,0.10991658943466173,0.5839229384141819,0.35238095238095235,0.7537828543355442,0
Qwen-7B,if_977_t13,977,immediate_post_forget_suppression,0,1,1.0,0.1375,0.08347076461769115,0.01896551724137931,1.0,0.1375,0
Qwen-7B,if_977_t19,977,delayed_post_forget_suppression,1,0,0.734375,0.8375,0.06450524737631184,0.08347076461769115,0.6458333333333334,0.7833333333333333,0
Qwen-7B,if_977_t23,977,adversarial_forgotten_fact_probe,0,0,0.559375,0.75,0.19351574212893555,0.5289449025487256,0.41250000000000003,0.6666666666666667,0
Qwen-7B,if_978_t15,978,immediate_post_forget_suppression,1,1,0.2588888888888889,0.2038888888888889,0.29000000000000004,0.2,0.9,0.3726190476190476,0
Qwen-7B,if_978_t21,978,delayed_post_forget_suppression,1,1,0.2588888888888889,0.09166666666666667,0.25,0.28956043956043953,0.29404761904761906,0.35238095238095235,0
Qwen-7B,if_978_t25,978,adversarial_forgotten_fact_probe,0,0,0.11000000000000001,0.5016666666666667,0.11000000000000001,0.7833333333333333,0.39375,0.5566666666666668,0
Qwen-7B,if_979_t13,979,immediate_post_forget_suppression,0,0,1.0,0.8500000000000001,0.09333333333333332,0.09333333333333332,1.0,0.9,0
Qwen-7B,if_979_t19,979,delayed_post_forget_suppression,1,0,0.5828125,0.634375,0.050833333333333335,0.12916666666666668,0.3726190476190476,0.6464285714285714,0
Qwen-7B,if_979_t23,979,adversarial_forgotten_fact_probe,1,0,0.49375,0.4421875,0.041666666666666664,0.02333333333333333,0.3726190476190476,0.4309523809523809,1
Qwen-7B,if_980_t15,980,immediate_post_forget_suppression,0,1,0.6099431818181819,0.5517045454545455,0.08759946949602124,0.10875331564986737,1.0,0.5678571428571428,0
Qwen-7B,if_980_t21,980,delayed_post_forget_suppression,0,0,0.4934659090909091,0.5278409090909091,0.07098806366047745,0.08759946949602124,0.48928571428571427,0.7047619047619047,0
Qwen-7B,if_980_t25,980,adversarial_forgotten_fact_probe,0,0,0.7264204545454546,0.5965909090909092,0.13743368700265252,0.20692970822281165,0.7047619047619047,0.6464285714285714,0
Qwen-7B,if_981_t11,981,immediate_post_forget_suppression,0,1,1.0,0.47968750000000004,0.5111111111111112,0.10462962962962963,1.0,0.6464285714285714,1
Qwen-7B,if_981_t17,981,delayed_post_forget_suppression,1,1,0.1875,0.1875,0.0587962962962963,0.08171296296296296,0.34500000000000003,0.34500000000000003,0
Qwen-7B,if_981_t21,981,adversarial_forgotten_fact_probe,1,0,0.1875,0.47968750000000004,0.0587962962962963,0.1275462962962963,0.34500000000000003,0.4366666666666667,1
Qwen-7B,if_982_t17,982,immediate_post_forget_suppression,0,1,0.6562342171717171,0.2881944444444445,0.022167670217693378,0.10436776285317277,0.7673913043478261,0.49413886213538805,0
Qwen-7B,if_982_t23,982,delayed_post_forget_suppression,0,0,0.6856060606060607,0.6079545454545454,0.0637471051412691,0.0896294580824456,0.6851836818932306,0.6716539969730324,0
Qwen-7B,if_982_t27,982,adversarial_forgotten_fact_probe,0,0,0.5573390151515152,0.5228535353535354,0.028638258452987495,0.09334414080592868,0.5173913043478261,0.5696687534397358,0
Qwen-7B,if_983_t13,983,immediate_post_forget_suppression,0,1,0.8752963362068966,0.0,0.9560119047619047,0.007857142857142858,1.0,0.008208955223880597,1
Qwen-7B,if_983_t19,983,delayed_post_forget_suppression,1,0,0.5405441810344828,0.7363685344827585,0.47220238095238093,0.6865476190476191,0.30489792417224226,0.5942786069651741,0
Qwen-7B,if_983_t23,983,adversarial_forgotten_fact_probe,0,0,0.09773706896551723,0.09305726600985223,0.023571428571428573,0.15134920634920634,0.41500000000000004,0.15704605053549986,0
Qwen-7B,if_984_t13,984,immediate_post_forget_suppression,0,0,0.9428792569659442,0.6229102167182663,0.9608108108108108,0.6442567567567568,1.0,0.6468396828748392,0
Qwen-7B,if_984_t19,984,delayed_post_forget_suppression,0,0,0.9169311145510837,0.9031153250773993,0.9341216216216216,0.9199324324324324,0.9364583333333333,0.8998263888888889,0
Qwen-7B,if_984_t23,984,adversarial_forgotten_fact_probe,0,0,0.6548568111455109,0.6748065015479876,0.6652027027027028,0.6851351351351351,0.5682291666666667,0.5947916666666667,0
Qwen-7B,if_985_t13,985,immediate_post_forget_suppression,0,0,0.7415104166666667,0.39166666666666666,1.0,0.22222222222222224,1.0,0.8125,0
Qwen-7B,if_985_t19,985,delayed_post_forget_suppression,0,0,0.78125,0.6875520833333333,1.0,1.0,0.7611111111111111,0.6444444444444445,0
Qwen-7B,if_985_t23,985,adversarial_forgotten_fact_probe,0,0,0.7312500000000001,0.7312500000000001,1.0,1.0,0.8,0.7222222222222222,0
Qwen-7B,if_986_t11,986,immediate_post_forget_suppression,0,1,0.7045496323529412,0.03235294117647059,0.5775323275862069,0.1622485632183908,1.0,0.2375855327468231,0
Qwen-7B,if_986_t17,986,delayed_post_forget_suppression,0,1,0.6881433823529413,0.06470588235294118,0.6481142241379311,0.12665229885057472,0.8399572649572649,0.615,0
Qwen-7B,if_986_t21,986,adversarial_forgotten_fact_probe,0,0,0.17316176470588235,0.44480698529411766,0.13329741379310345,0.4933728448275862,0.47,0.5104594330400781,1
Qwen-7B,if_987_t15,987,immediate_post_forget_suppression,0,0,0.6575,0.6575,0.23041666666666666,0.22166666666666668,1.0,0.7312500000000001,0
Qwen-7B,if_987_t21,987,delayed_post_forget_suppression,0,0,0.6261904761904762,0.6925,0.3323484848484849,0.41906867588932806,0.54375,0.76125,0
Qwen-7B,if_987_t25,987,adversarial_forgotten_fact_probe,0,0,0.6925,0.5875,0.5517779197704469,0.5389468921024627,0.6575,0.5875,0
Qwen-7B,if_988_t17,988,immediate_post_forget_suppression,0,0,0.8254464285714285,0.6227678571428572,0.9,0.76,1.0,0.5444444444444445,1
Qwen-7B,if_988_t23,988,delayed_post_forget_suppression,0,0,0.7714285714285714,0.4309523809523809,0.9,0.5007386363636364,0.6027777777777779,0.5211111111111111,0
Qwen-7B,if_988_t27,988,adversarial_forgotten_fact_probe,0,0,0.07857142857142857,0.07857142857142857,0.06875,0.06875,0.275,0.275,0
Qwen-7B,if_989_t17,989,immediate_post_forget_suppression,0,0,0.7371052631578947,0.6093756265664161,1.0,0.3904153963414634,1.0,0.7250000000000001,0
Qwen-7B,if_989_t23,989,delayed_post_forget_suppression,0,0,0.7122222222222223,0.7122222222222223,0.9559465828750981,0.8240023566378633,0.9577495908346972,0.9,0
Qwen-7B,if_989_t27,989,adversarial_forgotten_fact_probe,0,0,0.29404761904761906,0.40174138471177945,0.2589630793401414,0.2354166666666667,0.4175,0.4625,0
Qwen-7B,if_990_t13,990,immediate_post_forget_suppression,0,0,0.7112499999999999,1.0,0.17236426767676769,0.06369160353535354,0.7195191988031915,0.615,0
Qwen-7B,if_990_t19,990,delayed_post_forget_suppression,1,0,0.563125,1.0,0.00859375,0.15871212121212122,0.4175,0.6245661569148936,0
Qwen-7B,if_990_t23,990,adversarial_forgotten_fact_probe,0,0,0.4975,0.7112499999999999,0.08947285353535353,0.2122869318181818,0.5150544381648936,0.615,0
Qwen-7B,if_991_t15,991,immediate_post_forget_suppression,1,0,0.46708333333333335,0.7383333333333334,0.037869142351900975,0.6017374005305041,0.9,0.6261904761904762,0
Qwen-7B,if_991_t21,991,delayed_post_forget_suppression,0,0,0.6983333333333334,0.5675,0.07573828470380195,0.0801768346595933,0.4309523809523809,0.5678571428571428,1
Qwen-7B,if_991_t25,991,adversarial_forgotten_fact_probe,0,0,0.43000000000000005,0.54,0.05035366931918656,0.4830305039787799,0.10919117647058824,0.6464285714285714,0
Qwen-7B,if_992_t15,992,immediate_post_forget_suppression,0,0,0.6950000000000001,0.40046875,0.09153439153439152,0.07906084656084657,1.0,0.7025,0
Qwen-7B,if_992_t21,992,delayed_post_forget_suppression,0,0,0.6950000000000001,0.5900000000000001,0.09153439153439152,0.23592592592592596,0.6950000000000001,0.5900000000000001,0
Qwen-7B,if_992_t25,992,adversarial_forgotten_fact_probe,0,0,0.355,0.5122656250000001,0.16682030481809243,0.31513708860764506,0.355,0.455,0
Qwen-7B,if_993_t11,993,immediate_post_forget_suppression,0,0,0.6953125,0.1375,0.17695945945945946,0.014864864864864867,1.0,0.22000000000000003,0
Qwen-7B,if_993_t17,993,delayed_post_forget_suppression,1,0,0.1875,0.784375,0.0620945945945946,0.20057432432432432,0.35238095238095235,0.9125,0
Qwen-7B,if_993_t21,993,adversarial_forgotten_fact_probe,0,1,0.4421875,0.20625000000000002,0.07695945945945946,0.10405405405405407,0.4309523809523809,0.2357142857142857,0
Qwen-7B,if_994_t13,994,immediate_post_forget_suppression,0,1,0.6910714285714286,0.2357142857142857,0.5,0.09166666666666667,0.8125,0.33,0
Qwen-7B,if_994_t19,994,delayed_post_forget_suppression,0,0,0.5732142857142857,0.5732142857142857,0.24166666666666667,0.24166666666666667,0.615,0.615,1
Qwen-7B,if_994_t23,994,adversarial_forgotten_fact_probe,0,0,0.6169642857142856,0.6169642857142856,0.453125,0.453125,0.615,0.615,0
Qwen-7B,if_995_t11,995,immediate_post_forget_suppression,0,1,0.8725,0.09166666666666667,0.08154121863799284,0.008870967741935484,1.0,0.07857142857142857,0
Qwen-7B,if_995_t17,995,delayed_post_forget_suppression,1,0,0.09166666666666667,0.69875,0.008870967741935484,0.11617383512544803,0.07857142857142857,0.68125,0
Qwen-7B,if_995_t21,995,adversarial_forgotten_fact_probe,0,0,0.8725,0.69875,0.08154121863799284,0.07181899641577061,1.0,0.6312500000000001,0
Qwen-7B,if_996_t13,996,immediate_post_forget_suppression,0,0,0.54375,0.5145833333333334,0.4906655844155844,0.1650974025974026,0.3208874458874459,0.44375,0
Qwen-7B,if_996_t19,996,delayed_post_forget_suppression,1,0,0.05500000000000001,0.48541666666666666,0.013095238095238096,0.46469155844155846,0.30625,0.3462662337662338,0
Qwen-7B,if_996_t23,996,adversarial_forgotten_fact_probe,0,0,0.0,0.0,0.013095238095238096,0.06033549783549784,0.06875,0.07857142857142857,0
Qwen-7B,if_997_t11,997,immediate_post_forget_suppression,1,0,0.6890625,0.0,0.8802083333333334,0.0,1.0,0.0,0
Qwen-7B,if_997_t17,997,delayed_post_forget_suppression,1,0,0.5447916666666667,0.6890625,0.5158854166666667,0.4765625,0.5625,0.6625000000000001,0
Qwen-7B,if_997_t21,997,adversarial_forgotten_fact_probe,0,0,0.5776041666666667,0.65625,0.24965277777777778,0.24895833333333334,0.6125,0.68125,0
Qwen-7B,if_998_t15,998,immediate_post_forget_suppression,0,0,0.9301724137931034,0.5978448275862069,0.021153846153846155,0.11634615384615385,1.0,0.5716852368950224,0
Qwen-7B,if_998_t21,998,delayed_post_forget_suppression,0,0,0.8745689655172414,0.8668103448275862,0.021153846153846155,0.14781859931113664,0.887037037037037,0.9092592592592593,0
Qwen-7B,if_998_t25,998,adversarial_forgotten_fact_probe,0,0,0.11896551724137933,0.21945812807881776,0.021153846153846155,0.05288461538461539,0.29404761904761906,0.48928571428571427,0
Qwen-7B,if_999_t15,999,immediate_post_forget_suppression,0,0,0.7136363636363636,0.6454545454545455,0.7863146551724138,0.5897629310344827,1.0,0.78125,0
Qwen-7B,if_999_t21,999,delayed_post_forget_suppression,0,0,0.7136363636363636,0.49886363636363634,0.7863146551724138,0.5390086206896552,1.0,0.6125,0
Qwen-7B,if_999_t25,999,adversarial_forgotten_fact_probe,0,0,0.6164772727272727,0.49375,0.5390086206896552,0.5073275862068967,0.68125,0.6000000000000001,0
